campaign_id,campaign_name,start_date,end_date,channel,user_id,arm
c_001,digital_to_premium_upsell,2025-05-15,2025-06-15,email+meta,u_02765,control
c_001,digital_to_premium_upsell,2025-05-15,2025-06-15,email+meta,u_04768,treatment
c_001,digital_to_premium_upsell,2025-05-15,2025-06-15,email+meta,u_03815,control
c_001,digital_to_premium_upsell,2025-05-15,2025-06-15,email+meta,u_03500,treatment
c_001,digital_to_premium_upsell,2025-05-15,2025-06-15,email+meta,u_02736,treatment
c_001,digital_to_premium_upsell,2025-05-15,2025-06-15,email+meta,u_03923,control
c_001,digital_to_premium_upsell,2025-05-15,2025-06-15,email+meta,u_02702,treatment
c_001,digital_to_premium_upsell,2025-05-15,2025-06-15,email+meta,u_01180,treatment
c_001,digital_to_premium_upsell,2025-05-15,2025-06-15,email+meta,u_00933,control
c_001,digital_to_premium_upsell,2025-05-15,2025-06-15,email+meta,u_00793,treatment
c_001,digital_to_premium_upsell,2025-05-15,2025-06-15,email+meta,u_01853,treatment
c_001,digital_to_premium_upsell,2025-05-15,2025-06-15,email+meta,u_01186,control
c_001,digital_to_premium_upsell,2025-05-15,2025-06-15,email+meta,u_01725,control
c_001,digital_to_premium_upsell,2025-05-15,2025-06-15,email+meta,u_04081,control
c_001,digital_to_premium_upsell,2025-05-15,2025-06-15,email+meta,u_03824,treatment
c_001,digital_to_premium_upsell,2025-05-15,2025-06-15,email+meta,u_04055,control
c_001,digital_to_premium_upsell,2025-05-15,2025-06-15,email+meta,u_02722,treatment
c_001,digital_to_premium_upsell,2025-05-15,2025-06-15,email+meta,u_03904,control
c_001,digital_to_premium_upsell,2025-05-15,2025-06-15,email+meta,u_01866,treatment
c_001,digital_to_premium_upsell,2025-05-15,2025-06-15,email+meta,u_00760,treatment
c_001,digital_to_premium_upsell,2025-05-15,2025-06-15,email+meta,u_02417,treatment
c_001,digital_to_premium_upsell,2025-05-15,2025-06-15,email+meta,u_03671,treatment
c_001,digital_to_premium_upsell,2025-05-15,2025-06-15,email+meta,u_04839,control
c_001,digital_to_premium_upsell,2025-05-15,2025-06-15,email+meta,u_03091,treatment
c_001,digital_to_premium_upsell,2025-05-15,2025-06-15,email+meta,u_01547,treatment
c_001,digital_to_premium_upsell,2025-05-15,2025-06-15,email+meta,u_01133,treatment
c_001,digital_to_premium_upsell,2025-05-15,2025-06-15,email+meta,u_04704,treatment
c_001,digital_to_premium_upsell,2025-05-15,2025-06-15,email+meta,u_04495,treatment
c_001,digital_to_premium_upsell,2025-05-15,2025-06-15,email+meta,u_02776,treatment
c_001,digital_to_premium_upsell,2025-05-15,2025-06-15,email+meta,u_03186,control
c_001,digital_to_premium_upsell,2025-05-15,2025-06-15,email+meta,u_01214,treatment
c_001,digital_to_premium_upsell,2025-05-15,2025-06-15,email+meta,u_03290,treatment
c_001,digital_to_premium_upsell,2025-05-15,2025-06-15,email+meta,u_00764,treatment
c_001,digital_to_premium_upsell,2025-05-15,2025-06-15,email+meta,u_01217,treatment
c_001,digital_to_premium_upsell,2025-05-15,2025-06-15,email+meta,u_00349,treatment
c_001,digital_to_premium_upsell,2025-05-15,2025-06-15,email+meta,u_02983,treatment
c_001,digital_to_premium_upsell,2025-05-15,2025-06-15,email+meta,u_02917,treatment
c_001,digital_to_premium_upsell,2025-05-15,2025-06-15,email+meta,u_02972,treatment
c_001,digital_to_premium_upsell,2025-05-15,2025-06-15,email+meta,u_01356,treatment
c_001,digital_to_premium_upsell,2025-05-15,2025-06-15,email+meta,u_02331,treatment
c_001,digital_to_premium_upsell,2025-05-15,2025-06-15,email+meta,u_01514,control
c_001,digital_to_premium_upsell,2025-05-15,2025-06-15,email+meta,u_02182,treatment
c_001,digital_to_premium_upsell,2025-05-15,2025-06-15,email+meta,u_03348,control
c_001,digital_to_premium_upsell,2025-05-15,2025-06-15,email+meta,u_01661,treatment
c_001,digital_to_premium_upsell,2025-05-15,2025-06-15,email+meta,u_04378,control
c_001,digital_to_premium_upsell,2025-05-15,2025-06-15,email+meta,u_00805,treatment
c_001,digital_to_premium_upsell,2025-05-15,2025-06-15,email+meta,u_01442,treatment
c_001,digital_to_premium_upsell,2025-05-15,2025-06-15,email+meta,u_01095,treatment
c_001,digital_to_premium_upsell,2025-05-15,2025-06-15,email+meta,u_03989,control
c_001,digital_to_premium_upsell,2025-05-15,2025-06-15,email+meta,u_03706,treatment
c_001,digital_to_premium_upsell,2025-05-15,2025-06-15,email+meta,u_03744,treatment
c_001,digital_to_premium_upsell,2025-05-15,2025-06-15,email+meta,u_03272,treatment
c_001,digital_to_premium_upsell,2025-05-15,2025-06-15,email+meta,u_01454,control
c_001,digital_to_premium_upsell,2025-05-15,2025-06-15,email+meta,u_02514,treatment
c_001,digital_to_premium_upsell,2025-05-15,2025-06-15,email+meta,u_02001,control
c_001,digital_to_premium_upsell,2025-05-15,2025-06-15,email+meta,u_04134,control
c_001,digital_to_premium_upsell,2025-05-15,2025-06-15,email+meta,u_04078,treatment
c_001,digital_to_premium_upsell,2025-05-15,2025-06-15,email+meta,u_00989,treatment
c_001,digital_to_premium_upsell,2025-05-15,2025-06-15,email+meta,u_01622,treatment
c_001,digital_to_premium_upsell,2025-05-15,2025-06-15,email+meta,u_04199,treatment
c_001,digital_to_premium_upsell,2025-05-15,2025-06-15,email+meta,u_01413,control
c_001,digital_to_premium_upsell,2025-05-15,2025-06-15,email+meta,u_00609,control
c_001,digital_to_premium_upsell,2025-05-15,2025-06-15,email+meta,u_01773,treatment
c_001,digital_to_premium_upsell,2025-05-15,2025-06-15,email+meta,u_03284,treatment
c_001,digital_to_premium_upsell,2025-05-15,2025-06-15,email+meta,u_03636,treatment
c_001,digital_to_premium_upsell,2025-05-15,2025-06-15,email+meta,u_04829,control
c_001,digital_to_premium_upsell,2025-05-15,2025-06-15,email+meta,u_03522,treatment
c_001,digital_to_premium_upsell,2025-05-15,2025-06-15,email+meta,u_02718,treatment
c_001,digital_to_premium_upsell,2025-05-15,2025-06-15,email+meta,u_04080,treatment
c_001,digital_to_premium_upsell,2025-05-15,2025-06-15,email+meta,u_02335,treatment
c_001,digital_to_premium_upsell,2025-05-15,2025-06-15,email+meta,u_04438,treatment
c_001,digital_to_premium_upsell,2025-05-15,2025-06-15,email+meta,u_04116,treatment
c_001,digital_to_premium_upsell,2025-05-15,2025-06-15,email+meta,u_02756,treatment
c_001,digital_to_premium_upsell,2025-05-15,2025-06-15,email+meta,u_00637,treatment
c_001,digital_to_premium_upsell,2025-05-15,2025-06-15,email+meta,u_00504,treatment
c_001,digital_to_premium_upsell,2025-05-15,2025-06-15,email+meta,u_03421,treatment
c_001,digital_to_premium_upsell,2025-05-15,2025-06-15,email+meta,u_03945,treatment
c_001,digital_to_premium_upsell,2025-05-15,2025-06-15,email+meta,u_02944,treatment
c_001,digital_to_premium_upsell,2025-05-15,2025-06-15,email+meta,u_03020,control
c_001,digital_to_premium_upsell,2025-05-15,2025-06-15,email+meta,u_04590,treatment
c_001,digital_to_premium_upsell,2025-05-15,2025-06-15,email+meta,u_02672,treatment
c_001,digital_to_premium_upsell,2025-05-15,2025-06-15,email+meta,u_03112,treatment
c_001,digital_to_premium_upsell,2025-05-15,2025-06-15,email+meta,u_03145,treatment
c_001,digital_to_premium_upsell,2025-05-15,2025-06-15,email+meta,u_04103,treatment
c_001,digital_to_premium_upsell,2025-05-15,2025-06-15,email+meta,u_00875,control
c_001,digital_to_premium_upsell,2025-05-15,2025-06-15,email+meta,u_00201,treatment
c_001,digital_to_premium_upsell,2025-05-15,2025-06-15,email+meta,u_04701,treatment
c_001,digital_to_premium_upsell,2025-05-15,2025-06-15,email+meta,u_03042,treatment
c_001,digital_to_premium_upsell,2025-05-15,2025-06-15,email+meta,u_03587,treatment
c_001,digital_to_premium_upsell,2025-05-15,2025-06-15,email+meta,u_02999,treatment
c_001,digital_to_premium_upsell,2025-05-15,2025-06-15,email+meta,u_03535,treatment
c_001,digital_to_premium_upsell,2025-05-15,2025-06-15,email+meta,u_04757,control
c_001,digital_to_premium_upsell,2025-05-15,2025-06-15,email+meta,u_00080,treatment
c_001,digital_to_premium_upsell,2025-05-15,2025-06-15,email+meta,u_04093,control
c_001,digital_to_premium_upsell,2025-05-15,2025-06-15,email+meta,u_00350,treatment
c_001,digital_to_premium_upsell,2025-05-15,2025-06-15,email+meta,u_00326,treatment
c_001,digital_to_premium_upsell,2025-05-15,2025-06-15,email+meta,u_03094,treatment
c_001,digital_to_premium_upsell,2025-05-15,2025-06-15,email+meta,u_00281,treatment
c_001,digital_to_premium_upsell,2025-05-15,2025-06-15,email+meta,u_00695,treatment
c_001,digital_to_premium_upsell,2025-05-15,2025-06-15,email+meta,u_04641,treatment
c_001,digital_to_premium_upsell,2025-05-15,2025-06-15,email+meta,u_03088,treatment
c_001,digital_to_premium_upsell,2025-05-15,2025-06-15,email+meta,u_01643,treatment
c_001,digital_to_premium_upsell,2025-05-15,2025-06-15,email+meta,u_00928,treatment
c_001,digital_to_premium_upsell,2025-05-15,2025-06-15,email+meta,u_02428,treatment
c_001,digital_to_premium_upsell,2025-05-15,2025-06-15,email+meta,u_04864,treatment
c_001,digital_to_premium_upsell,2025-05-15,2025-06-15,email+meta,u_03207,treatment
c_001,digital_to_premium_upsell,2025-05-15,2025-06-15,email+meta,u_02969,treatment
c_001,digital_to_premium_upsell,2025-05-15,2025-06-15,email+meta,u_01525,treatment
c_001,digital_to_premium_upsell,2025-05-15,2025-06-15,email+meta,u_04869,treatment
c_001,digital_to_premium_upsell,2025-05-15,2025-06-15,email+meta,u_01688,treatment
c_001,digital_to_premium_upsell,2025-05-15,2025-06-15,email+meta,u_00872,treatment
c_001,digital_to_premium_upsell,2025-05-15,2025-06-15,email+meta,u_00611,treatment
c_001,digital_to_premium_upsell,2025-05-15,2025-06-15,email+meta,u_04760,treatment
c_001,digital_to_premium_upsell,2025-05-15,2025-06-15,email+meta,u_03883,treatment
c_001,digital_to_premium_upsell,2025-05-15,2025-06-15,email+meta,u_03742,treatment
c_001,digital_to_premium_upsell,2025-05-15,2025-06-15,email+meta,u_00574,treatment
c_001,digital_to_premium_upsell,2025-05-15,2025-06-15,email+meta,u_03502,treatment
c_001,digital_to_premium_upsell,2025-05-15,2025-06-15,email+meta,u_00220,treatment
c_001,digital_to_premium_upsell,2025-05-15,2025-06-15,email+meta,u_01274,control
c_001,digital_to_premium_upsell,2025-05-15,2025-06-15,email+meta,u_00800,control
c_001,digital_to_premium_upsell,2025-05-15,2025-06-15,email+meta,u_04923,treatment
c_001,digital_to_premium_upsell,2025-05-15,2025-06-15,email+meta,u_02576,treatment
c_001,digital_to_premium_upsell,2025-05-15,2025-06-15,email+meta,u_01916,treatment
c_001,digital_to_premium_upsell,2025-05-15,2025-06-15,email+meta,u_01513,treatment
c_001,digital_to_premium_upsell,2025-05-15,2025-06-15,email+meta,u_03584,control
c_001,digital_to_premium_upsell,2025-05-15,2025-06-15,email+meta,u_00575,control
c_001,digital_to_premium_upsell,2025-05-15,2025-06-15,email+meta,u_04013,treatment
c_001,digital_to_premium_upsell,2025-05-15,2025-06-15,email+meta,u_02941,treatment
c_001,digital_to_premium_upsell,2025-05-15,2025-06-15,email+meta,u_02795,control
c_001,digital_to_premium_upsell,2025-05-15,2025-06-15,email+meta,u_03588,control
c_001,digital_to_premium_upsell,2025-05-15,2025-06-15,email+meta,u_02683,treatment
c_001,digital_to_premium_upsell,2025-05-15,2025-06-15,email+meta,u_00502,treatment
c_001,digital_to_premium_upsell,2025-05-15,2025-06-15,email+meta,u_01574,treatment
c_001,digital_to_premium_upsell,2025-05-15,2025-06-15,email+meta,u_03991,control
c_001,digital_to_premium_upsell,2025-05-15,2025-06-15,email+meta,u_02865,treatment
c_001,digital_to_premium_upsell,2025-05-15,2025-06-15,email+meta,u_00882,treatment
c_001,digital_to_premium_upsell,2025-05-15,2025-06-15,email+meta,u_01587,treatment
c_001,digital_to_premium_upsell,2025-05-15,2025-06-15,email+meta,u_01236,treatment
c_001,digital_to_premium_upsell,2025-05-15,2025-06-15,email+meta,u_01627,treatment
c_001,digital_to_premium_upsell,2025-05-15,2025-06-15,email+meta,u_03830,treatment
c_001,digital_to_premium_upsell,2025-05-15,2025-06-15,email+meta,u_03439,treatment
c_001,digital_to_premium_upsell,2025-05-15,2025-06-15,email+meta,u_02696,treatment
c_001,digital_to_premium_upsell,2025-05-15,2025-06-15,email+meta,u_04101,treatment
c_001,digital_to_premium_upsell,2025-05-15,2025-06-15,email+meta,u_03633,treatment
c_001,digital_to_premium_upsell,2025-05-15,2025-06-15,email+meta,u_03598,treatment
c_001,digital_to_premium_upsell,2025-05-15,2025-06-15,email+meta,u_02678,treatment
c_001,digital_to_premium_upsell,2025-05-15,2025-06-15,email+meta,u_00441,treatment
c_001,digital_to_premium_upsell,2025-05-15,2025-06-15,email+meta,u_04285,control
c_001,digital_to_premium_upsell,2025-05-15,2025-06-15,email+meta,u_00746,treatment
c_001,digital_to_premium_upsell,2025-05-15,2025-06-15,email+meta,u_02041,treatment
c_001,digital_to_premium_upsell,2025-05-15,2025-06-15,email+meta,u_04888,treatment
c_001,digital_to_premium_upsell,2025-05-15,2025-06-15,email+meta,u_01601,treatment
c_001,digital_to_premium_upsell,2025-05-15,2025-06-15,email+meta,u_01972,control
c_001,digital_to_premium_upsell,2025-05-15,2025-06-15,email+meta,u_01751,treatment
c_001,digital_to_premium_upsell,2025-05-15,2025-06-15,email+meta,u_02355,treatment
c_001,digital_to_premium_upsell,2025-05-15,2025-06-15,email+meta,u_03351,treatment
c_001,digital_to_premium_upsell,2025-05-15,2025-06-15,email+meta,u_02080,treatment
c_001,digital_to_premium_upsell,2025-05-15,2025-06-15,email+meta,u_00871,treatment
c_001,digital_to_premium_upsell,2025-05-15,2025-06-15,email+meta,u_01061,treatment
c_001,digital_to_premium_upsell,2025-05-15,2025-06-15,email+meta,u_03217,control
c_001,digital_to_premium_upsell,2025-05-15,2025-06-15,email+meta,u_00170,treatment
c_001,digital_to_premium_upsell,2025-05-15,2025-06-15,email+meta,u_02912,treatment
c_001,digital_to_premium_upsell,2025-05-15,2025-06-15,email+meta,u_01900,treatment
c_001,digital_to_premium_upsell,2025-05-15,2025-06-15,email+meta,u_02741,treatment
c_001,digital_to_premium_upsell,2025-05-15,2025-06-15,email+meta,u_01555,treatment
c_001,digital_to_premium_upsell,2025-05-15,2025-06-15,email+meta,u_02193,control
c_001,digital_to_premium_upsell,2025-05-15,2025-06-15,email+meta,u_02328,treatment
c_001,digital_to_premium_upsell,2025-05-15,2025-06-15,email+meta,u_01549,treatment
c_001,digital_to_premium_upsell,2025-05-15,2025-06-15,email+meta,u_02837,control
c_001,digital_to_premium_upsell,2025-05-15,2025-06-15,email+meta,u_02353,treatment
c_001,digital_to_premium_upsell,2025-05-15,2025-06-15,email+meta,u_04452,treatment
c_001,digital_to_premium_upsell,2025-05-15,2025-06-15,email+meta,u_03224,treatment
c_001,digital_to_premium_upsell,2025-05-15,2025-06-15,email+meta,u_02395,treatment
c_001,digital_to_premium_upsell,2025-05-15,2025-06-15,email+meta,u_01039,treatment
c_001,digital_to_premium_upsell,2025-05-15,2025-06-15,email+meta,u_01519,control
c_001,digital_to_premium_upsell,2025-05-15,2025-06-15,email+meta,u_02198,treatment
c_001,digital_to_premium_upsell,2025-05-15,2025-06-15,email+meta,u_02398,treatment
c_001,digital_to_premium_upsell,2025-05-15,2025-06-15,email+meta,u_00719,treatment
c_001,digital_to_premium_upsell,2025-05-15,2025-06-15,email+meta,u_00553,treatment
c_001,digital_to_premium_upsell,2025-05-15,2025-06-15,email+meta,u_02965,treatment
c_001,digital_to_premium_upsell,2025-05-15,2025-06-15,email+meta,u_01940,treatment
c_001,digital_to_premium_upsell,2025-05-15,2025-06-15,email+meta,u_00517,treatment
c_001,digital_to_premium_upsell,2025-05-15,2025-06-15,email+meta,u_01679,treatment
c_001,digital_to_premium_upsell,2025-05-15,2025-06-15,email+meta,u_01744,control
c_001,digital_to_premium_upsell,2025-05-15,2025-06-15,email+meta,u_04578,treatment
c_001,digital_to_premium_upsell,2025-05-15,2025-06-15,email+meta,u_02133,treatment
c_001,digital_to_premium_upsell,2025-05-15,2025-06-15,email+meta,u_03308,control
c_001,digital_to_premium_upsell,2025-05-15,2025-06-15,email+meta,u_02237,treatment
c_001,digital_to_premium_upsell,2025-05-15,2025-06-15,email+meta,u_03505,treatment
c_001,digital_to_premium_upsell,2025-05-15,2025-06-15,email+meta,u_03068,treatment
c_001,digital_to_premium_upsell,2025-05-15,2025-06-15,email+meta,u_03346,control
c_001,digital_to_premium_upsell,2025-05-15,2025-06-15,email+meta,u_04717,control
c_001,digital_to_premium_upsell,2025-05-15,2025-06-15,email+meta,u_00645,treatment
c_001,digital_to_premium_upsell,2025-05-15,2025-06-15,email+meta,u_04132,treatment
c_001,digital_to_premium_upsell,2025-05-15,2025-06-15,email+meta,u_03248,control
c_001,digital_to_premium_upsell,2025-05-15,2025-06-15,email+meta,u_04780,treatment
c_001,digital_to_premium_upsell,2025-05-15,2025-06-15,email+meta,u_01157,treatment
c_001,digital_to_premium_upsell,2025-05-15,2025-06-15,email+meta,u_01099,treatment
c_001,digital_to_premium_upsell,2025-05-15,2025-06-15,email+meta,u_01765,treatment
c_001,digital_to_premium_upsell,2025-05-15,2025-06-15,email+meta,u_04318,treatment
c_001,digital_to_premium_upsell,2025-05-15,2025-06-15,email+meta,u_02637,treatment
c_001,digital_to_premium_upsell,2025-05-15,2025-06-15,email+meta,u_03028,control
c_001,digital_to_premium_upsell,2025-05-15,2025-06-15,email+meta,u_00099,control
c_001,digital_to_premium_upsell,2025-05-15,2025-06-15,email+meta,u_01404,treatment
c_001,digital_to_premium_upsell,2025-05-15,2025-06-15,email+meta,u_01926,treatment
c_001,digital_to_premium_upsell,2025-05-15,2025-06-15,email+meta,u_01011,treatment
c_001,digital_to_premium_upsell,2025-05-15,2025-06-15,email+meta,u_04976,treatment
c_001,digital_to_premium_upsell,2025-05-15,2025-06-15,email+meta,u_04066,treatment
c_001,digital_to_premium_upsell,2025-05-15,2025-06-15,email+meta,u_04884,treatment
c_001,digital_to_premium_upsell,2025-05-15,2025-06-15,email+meta,u_00557,treatment
c_001,digital_to_premium_upsell,2025-05-15,2025-06-15,email+meta,u_03278,treatment
c_001,digital_to_premium_upsell,2025-05-15,2025-06-15,email+meta,u_00429,treatment
c_001,digital_to_premium_upsell,2025-05-15,2025-06-15,email+meta,u_02654,treatment
c_001,digital_to_premium_upsell,2025-05-15,2025-06-15,email+meta,u_00373,control
c_001,digital_to_premium_upsell,2025-05-15,2025-06-15,email+meta,u_04342,treatment
c_001,digital_to_premium_upsell,2025-05-15,2025-06-15,email+meta,u_01553,treatment
c_001,digital_to_premium_upsell,2025-05-15,2025-06-15,email+meta,u_04050,treatment
c_001,digital_to_premium_upsell,2025-05-15,2025-06-15,email+meta,u_04074,treatment
c_001,digital_to_premium_upsell,2025-05-15,2025-06-15,email+meta,u_03754,treatment
c_001,digital_to_premium_upsell,2025-05-15,2025-06-15,email+meta,u_02721,treatment
c_001,digital_to_premium_upsell,2025-05-15,2025-06-15,email+meta,u_04092,treatment
c_001,digital_to_premium_upsell,2025-05-15,2025-06-15,email+meta,u_01414,treatment
c_001,digital_to_premium_upsell,2025-05-15,2025-06-15,email+meta,u_04400,treatment
c_001,digital_to_premium_upsell,2025-05-15,2025-06-15,email+meta,u_02148,treatment
c_001,digital_to_premium_upsell,2025-05-15,2025-06-15,email+meta,u_03717,treatment
c_001,digital_to_premium_upsell,2025-05-15,2025-06-15,email+meta,u_02688,treatment
c_001,digital_to_premium_upsell,2025-05-15,2025-06-15,email+meta,u_02479,treatment
c_001,digital_to_premium_upsell,2025-05-15,2025-06-15,email+meta,u_04740,treatment
c_001,digital_to_premium_upsell,2025-05-15,2025-06-15,email+meta,u_04443,treatment
c_001,digital_to_premium_upsell,2025-05-15,2025-06-15,email+meta,u_00286,treatment
c_001,digital_to_premium_upsell,2025-05-15,2025-06-15,email+meta,u_01711,treatment
c_001,digital_to_premium_upsell,2025-05-15,2025-06-15,email+meta,u_01445,treatment
c_001,digital_to_premium_upsell,2025-05-15,2025-06-15,email+meta,u_04053,treatment
c_001,digital_to_premium_upsell,2025-05-15,2025-06-15,email+meta,u_00249,treatment
c_001,digital_to_premium_upsell,2025-05-15,2025-06-15,email+meta,u_04032,treatment
c_001,digital_to_premium_upsell,2025-05-15,2025-06-15,email+meta,u_00725,treatment
c_001,digital_to_premium_upsell,2025-05-15,2025-06-15,email+meta,u_01045,control
c_001,digital_to_premium_upsell,2025-05-15,2025-06-15,email+meta,u_00730,treatment
c_001,digital_to_premium_upsell,2025-05-15,2025-06-15,email+meta,u_02785,treatment
c_001,digital_to_premium_upsell,2025-05-15,2025-06-15,email+meta,u_03455,control
c_001,digital_to_premium_upsell,2025-05-15,2025-06-15,email+meta,u_01114,control
c_001,digital_to_premium_upsell,2025-05-15,2025-06-15,email+meta,u_04150,treatment
c_001,digital_to_premium_upsell,2025-05-15,2025-06-15,email+meta,u_00207,control
c_001,digital_to_premium_upsell,2025-05-15,2025-06-15,email+meta,u_02189,treatment
c_001,digital_to_premium_upsell,2025-05-15,2025-06-15,email+meta,u_01345,control
c_001,digital_to_premium_upsell,2025-05-15,2025-06-15,email+meta,u_03905,treatment
c_001,digital_to_premium_upsell,2025-05-15,2025-06-15,email+meta,u_04933,control
c_001,digital_to_premium_upsell,2025-05-15,2025-06-15,email+meta,u_01051,treatment
c_001,digital_to_premium_upsell,2025-05-15,2025-06-15,email+meta,u_04341,treatment
c_001,digital_to_premium_upsell,2025-05-15,2025-06-15,email+meta,u_03197,treatment
c_001,digital_to_premium_upsell,2025-05-15,2025-06-15,email+meta,u_01278,treatment
c_001,digital_to_premium_upsell,2025-05-15,2025-06-15,email+meta,u_01399,treatment
c_001,digital_to_premium_upsell,2025-05-15,2025-06-15,email+meta,u_03456,control
c_001,digital_to_premium_upsell,2025-05-15,2025-06-15,email+meta,u_01334,treatment
c_001,digital_to_premium_upsell,2025-05-15,2025-06-15,email+meta,u_03858,treatment
c_001,digital_to_premium_upsell,2025-05-15,2025-06-15,email+meta,u_04200,treatment
c_001,digital_to_premium_upsell,2025-05-15,2025-06-15,email+meta,u_04002,control
c_001,digital_to_premium_upsell,2025-05-15,2025-06-15,email+meta,u_03153,treatment
c_001,digital_to_premium_upsell,2025-05-15,2025-06-15,email+meta,u_01920,control
c_001,digital_to_premium_upsell,2025-05-15,2025-06-15,email+meta,u_03605,treatment
c_001,digital_to_premium_upsell,2025-05-15,2025-06-15,email+meta,u_02119,treatment
c_001,digital_to_premium_upsell,2025-05-15,2025-06-15,email+meta,u_03985,treatment
c_001,digital_to_premium_upsell,2025-05-15,2025-06-15,email+meta,u_00790,treatment
c_001,digital_to_premium_upsell,2025-05-15,2025-06-15,email+meta,u_01407,treatment
c_001,digital_to_premium_upsell,2025-05-15,2025-06-15,email+meta,u_03072,treatment
c_001,digital_to_premium_upsell,2025-05-15,2025-06-15,email+meta,u_04742,treatment
c_001,digital_to_premium_upsell,2025-05-15,2025-06-15,email+meta,u_00300,treatment
c_001,digital_to_premium_upsell,2025-05-15,2025-06-15,email+meta,u_01962,treatment
c_001,digital_to_premium_upsell,2025-05-15,2025-06-15,email+meta,u_00864,control
c_001,digital_to_premium_upsell,2025-05-15,2025-06-15,email+meta,u_01065,treatment
c_001,digital_to_premium_upsell,2025-05-15,2025-06-15,email+meta,u_03245,treatment
c_001,digital_to_premium_upsell,2025-05-15,2025-06-15,email+meta,u_04121,control
c_001,digital_to_premium_upsell,2025-05-15,2025-06-15,email+meta,u_00058,treatment
c_001,digital_to_premium_upsell,2025-05-15,2025-06-15,email+meta,u_02602,treatment
c_001,digital_to_premium_upsell,2025-05-15,2025-06-15,email+meta,u_03631,treatment
c_001,digital_to_premium_upsell,2025-05-15,2025-06-15,email+meta,u_02248,treatment
c_001,digital_to_premium_upsell,2025-05-15,2025-06-15,email+meta,u_03802,control
c_001,digital_to_premium_upsell,2025-05-15,2025-06-15,email+meta,u_02806,control
c_001,digital_to_premium_upsell,2025-05-15,2025-06-15,email+meta,u_00518,control
c_001,digital_to_premium_upsell,2025-05-15,2025-06-15,email+meta,u_03762,treatment
c_001,digital_to_premium_upsell,2025-05-15,2025-06-15,email+meta,u_04293,treatment
c_001,digital_to_premium_upsell,2025-05-15,2025-06-15,email+meta,u_02642,treatment
c_001,digital_to_premium_upsell,2025-05-15,2025-06-15,email+meta,u_04739,treatment
c_001,digital_to_premium_upsell,2025-05-15,2025-06-15,email+meta,u_04404,control
c_001,digital_to_premium_upsell,2025-05-15,2025-06-15,email+meta,u_04303,treatment
c_001,digital_to_premium_upsell,2025-05-15,2025-06-15,email+meta,u_02443,control
c_001,digital_to_premium_upsell,2025-05-15,2025-06-15,email+meta,u_00757,treatment
c_001,digital_to_premium_upsell,2025-05-15,2025-06-15,email+meta,u_00685,treatment
c_001,digital_to_premium_upsell,2025-05-15,2025-06-15,email+meta,u_00988,treatment
c_001,digital_to_premium_upsell,2025-05-15,2025-06-15,email+meta,u_00448,treatment
c_001,digital_to_premium_upsell,2025-05-15,2025-06-15,email+meta,u_04350,treatment
c_001,digital_to_premium_upsell,2025-05-15,2025-06-15,email+meta,u_00204,control
c_001,digital_to_premium_upsell,2025-05-15,2025-06-15,email+meta,u_01988,control
c_001,digital_to_premium_upsell,2025-05-15,2025-06-15,email+meta,u_02810,treatment
c_001,digital_to_premium_upsell,2025-05-15,2025-06-15,email+meta,u_01400,control
c_001,digital_to_premium_upsell,2025-05-15,2025-06-15,email+meta,u_01684,treatment
c_001,digital_to_premium_upsell,2025-05-15,2025-06-15,email+meta,u_02755,treatment
c_001,digital_to_premium_upsell,2025-05-15,2025-06-15,email+meta,u_01520,treatment
c_001,digital_to_premium_upsell,2025-05-15,2025-06-15,email+meta,u_02671,treatment
c_001,digital_to_premium_upsell,2025-05-15,2025-06-15,email+meta,u_03664,treatment
c_001,digital_to_premium_upsell,2025-05-15,2025-06-15,email+meta,u_00932,treatment
c_001,digital_to_premium_upsell,2025-05-15,2025-06-15,email+meta,u_00824,treatment
c_001,digital_to_premium_upsell,2025-05-15,2025-06-15,email+meta,u_01942,treatment
c_001,digital_to_premium_upsell,2025-05-15,2025-06-15,email+meta,u_04616,treatment
c_001,digital_to_premium_upsell,2025-05-15,2025-06-15,email+meta,u_00758,treatment
c_001,digital_to_premium_upsell,2025-05-15,2025-06-15,email+meta,u_00837,treatment
c_001,digital_to_premium_upsell,2025-05-15,2025-06-15,email+meta,u_00182,treatment
c_001,digital_to_premium_upsell,2025-05-15,2025-06-15,email+meta,u_04461,treatment
c_001,digital_to_premium_upsell,2025-05-15,2025-06-15,email+meta,u_00276,treatment
c_001,digital_to_premium_upsell,2025-05-15,2025-06-15,email+meta,u_02676,treatment
c_001,digital_to_premium_upsell,2025-05-15,2025-06-15,email+meta,u_01565,treatment
c_001,digital_to_premium_upsell,2025-05-15,2025-06-15,email+meta,u_04893,treatment
c_001,digital_to_premium_upsell,2025-05-15,2025-06-15,email+meta,u_02763,control
c_001,digital_to_premium_upsell,2025-05-15,2025-06-15,email+meta,u_01658,treatment
c_001,digital_to_premium_upsell,2025-05-15,2025-06-15,email+meta,u_01075,treatment
c_001,digital_to_premium_upsell,2025-05-15,2025-06-15,email+meta,u_00688,treatment
c_001,digital_to_premium_upsell,2025-05-15,2025-06-15,email+meta,u_04848,control
c_001,digital_to_premium_upsell,2025-05-15,2025-06-15,email+meta,u_02077,control
c_001,digital_to_premium_upsell,2025-05-15,2025-06-15,email+meta,u_03485,treatment
c_001,digital_to_premium_upsell,2025-05-15,2025-06-15,email+meta,u_02709,treatment
c_001,digital_to_premium_upsell,2025-05-15,2025-06-15,email+meta,u_04797,treatment
c_001,digital_to_premium_upsell,2025-05-15,2025-06-15,email+meta,u_00556,treatment
c_001,digital_to_premium_upsell,2025-05-15,2025-06-15,email+meta,u_01297,treatment
c_001,digital_to_premium_upsell,2025-05-15,2025-06-15,email+meta,u_03793,treatment
c_001,digital_to_premium_upsell,2025-05-15,2025-06-15,email+meta,u_01604,treatment
c_001,digital_to_premium_upsell,2025-05-15,2025-06-15,email+meta,u_01987,control
c_001,digital_to_premium_upsell,2025-05-15,2025-06-15,email+meta,u_04222,control
c_001,digital_to_premium_upsell,2025-05-15,2025-06-15,email+meta,u_01042,treatment
c_001,digital_to_premium_upsell,2025-05-15,2025-06-15,email+meta,u_03709,treatment
c_001,digital_to_premium_upsell,2025-05-15,2025-06-15,email+meta,u_01024,control
c_001,digital_to_premium_upsell,2025-05-15,2025-06-15,email+meta,u_02180,treatment
c_001,digital_to_premium_upsell,2025-05-15,2025-06-15,email+meta,u_04458,treatment
c_001,digital_to_premium_upsell,2025-05-15,2025-06-15,email+meta,u_01792,treatment
c_001,digital_to_premium_upsell,2025-05-15,2025-06-15,email+meta,u_03243,treatment
c_001,digital_to_premium_upsell,2025-05-15,2025-06-15,email+meta,u_01265,treatment
c_001,digital_to_premium_upsell,2025-05-15,2025-06-15,email+meta,u_01022,treatment
c_001,digital_to_premium_upsell,2025-05-15,2025-06-15,email+meta,u_04748,treatment
c_001,digital_to_premium_upsell,2025-05-15,2025-06-15,email+meta,u_03696,treatment
c_001,digital_to_premium_upsell,2025-05-15,2025-06-15,email+meta,u_01405,treatment
c_001,digital_to_premium_upsell,2025-05-15,2025-06-15,email+meta,u_01535,treatment
c_001,digital_to_premium_upsell,2025-05-15,2025-06-15,email+meta,u_03632,treatment
c_001,digital_to_premium_upsell,2025-05-15,2025-06-15,email+meta,u_01564,treatment
c_001,digital_to_premium_upsell,2025-05-15,2025-06-15,email+meta,u_01990,treatment
c_001,digital_to_premium_upsell,2025-05-15,2025-06-15,email+meta,u_01521,treatment
c_001,digital_to_premium_upsell,2025-05-15,2025-06-15,email+meta,u_02933,treatment
c_001,digital_to_premium_upsell,2025-05-15,2025-06-15,email+meta,u_01376,treatment
c_001,digital_to_premium_upsell,2025-05-15,2025-06-15,email+meta,u_02740,treatment
c_001,digital_to_premium_upsell,2025-05-15,2025-06-15,email+meta,u_04044,treatment
c_001,digital_to_premium_upsell,2025-05-15,2025-06-15,email+meta,u_01767,control
c_001,digital_to_premium_upsell,2025-05-15,2025-06-15,email+meta,u_03566,treatment
c_001,digital_to_premium_upsell,2025-05-15,2025-06-15,email+meta,u_01894,control
c_001,digital_to_premium_upsell,2025-05-15,2025-06-15,email+meta,u_03656,treatment
c_001,digital_to_premium_upsell,2025-05-15,2025-06-15,email+meta,u_00458,treatment
c_001,digital_to_premium_upsell,2025-05-15,2025-06-15,email+meta,u_02757,treatment
c_001,digital_to_premium_upsell,2025-05-15,2025-06-15,email+meta,u_00013,treatment
c_001,digital_to_premium_upsell,2025-05-15,2025-06-15,email+meta,u_02052,treatment
c_001,digital_to_premium_upsell,2025-05-15,2025-06-15,email+meta,u_03936,treatment
c_001,digital_to_premium_upsell,2025-05-15,2025-06-15,email+meta,u_04845,treatment
c_001,digital_to_premium_upsell,2025-05-15,2025-06-15,email+meta,u_04386,treatment
c_001,digital_to_premium_upsell,2025-05-15,2025-06-15,email+meta,u_01352,treatment
c_001,digital_to_premium_upsell,2025-05-15,2025-06-15,email+meta,u_02864,control
c_001,digital_to_premium_upsell,2025-05-15,2025-06-15,email+meta,u_00892,treatment
c_001,digital_to_premium_upsell,2025-05-15,2025-06-15,email+meta,u_04902,treatment
c_001,digital_to_premium_upsell,2025-05-15,2025-06-15,email+meta,u_00545,control
c_001,digital_to_premium_upsell,2025-05-15,2025-06-15,email+meta,u_03977,control
c_001,digital_to_premium_upsell,2025-05-15,2025-06-15,email+meta,u_03424,treatment
c_001,digital_to_premium_upsell,2025-05-15,2025-06-15,email+meta,u_03135,treatment
c_001,digital_to_premium_upsell,2025-05-15,2025-06-15,email+meta,u_01730,control
c_001,digital_to_premium_upsell,2025-05-15,2025-06-15,email+meta,u_02577,treatment
c_001,digital_to_premium_upsell,2025-05-15,2025-06-15,email+meta,u_00193,treatment
c_001,digital_to_premium_upsell,2025-05-15,2025-06-15,email+meta,u_00063,treatment
c_001,digital_to_premium_upsell,2025-05-15,2025-06-15,email+meta,u_01527,control
c_001,digital_to_premium_upsell,2025-05-15,2025-06-15,email+meta,u_02704,treatment
c_001,digital_to_premium_upsell,2025-05-15,2025-06-15,email+meta,u_01123,control
c_001,digital_to_premium_upsell,2025-05-15,2025-06-15,email+meta,u_01012,treatment
c_001,digital_to_premium_upsell,2025-05-15,2025-06-15,email+meta,u_01538,treatment
c_001,digital_to_premium_upsell,2025-05-15,2025-06-15,email+meta,u_01823,control
c_001,digital_to_premium_upsell,2025-05-15,2025-06-15,email+meta,u_00567,treatment
c_001,digital_to_premium_upsell,2025-05-15,2025-06-15,email+meta,u_00593,treatment
c_001,digital_to_premium_upsell,2025-05-15,2025-06-15,email+meta,u_03867,treatment
c_001,digital_to_premium_upsell,2025-05-15,2025-06-15,email+meta,u_00942,control
c_001,digital_to_premium_upsell,2025-05-15,2025-06-15,email+meta,u_04625,control
c_001,digital_to_premium_upsell,2025-05-15,2025-06-15,email+meta,u_00127,treatment
c_001,digital_to_premium_upsell,2025-05-15,2025-06-15,email+meta,u_00245,treatment
c_001,digital_to_premium_upsell,2025-05-15,2025-06-15,email+meta,u_01365,treatment
c_001,digital_to_premium_upsell,2025-05-15,2025-06-15,email+meta,u_04554,treatment
c_001,digital_to_premium_upsell,2025-05-15,2025-06-15,email+meta,u_03853,treatment
c_001,digital_to_premium_upsell,2025-05-15,2025-06-15,email+meta,u_02708,treatment
c_001,digital_to_premium_upsell,2025-05-15,2025-06-15,email+meta,u_02551,control
c_001,digital_to_premium_upsell,2025-05-15,2025-06-15,email+meta,u_00718,control
c_001,digital_to_premium_upsell,2025-05-15,2025-06-15,email+meta,u_01498,treatment
c_001,digital_to_premium_upsell,2025-05-15,2025-06-15,email+meta,u_00006,treatment
c_001,digital_to_premium_upsell,2025-05-15,2025-06-15,email+meta,u_01934,control
c_001,digital_to_premium_upsell,2025-05-15,2025-06-15,email+meta,u_02801,control
c_001,digital_to_premium_upsell,2025-05-15,2025-06-15,email+meta,u_00360,control
c_001,digital_to_premium_upsell,2025-05-15,2025-06-15,email+meta,u_01388,treatment
c_001,digital_to_premium_upsell,2025-05-15,2025-06-15,email+meta,u_01857,treatment
c_001,digital_to_premium_upsell,2025-05-15,2025-06-15,email+meta,u_04481,control
c_001,digital_to_premium_upsell,2025-05-15,2025-06-15,email+meta,u_01427,control
c_001,digital_to_premium_upsell,2025-05-15,2025-06-15,email+meta,u_03468,treatment
c_001,digital_to_premium_upsell,2025-05-15,2025-06-15,email+meta,u_03723,treatment
c_001,digital_to_premium_upsell,2025-05-15,2025-06-15,email+meta,u_01785,treatment
c_001,digital_to_premium_upsell,2025-05-15,2025-06-15,email+meta,u_01580,control
c_001,digital_to_premium_upsell,2025-05-15,2025-06-15,email+meta,u_00644,treatment
c_001,digital_to_premium_upsell,2025-05-15,2025-06-15,email+meta,u_04793,treatment
c_001,digital_to_premium_upsell,2025-05-15,2025-06-15,email+meta,u_01411,treatment
c_001,digital_to_premium_upsell,2025-05-15,2025-06-15,email+meta,u_02379,treatment
c_001,digital_to_premium_upsell,2025-05-15,2025-06-15,email+meta,u_03436,treatment
c_001,digital_to_premium_upsell,2025-05-15,2025-06-15,email+meta,u_00944,treatment
c_001,digital_to_premium_upsell,2025-05-15,2025-06-15,email+meta,u_03660,treatment
c_001,digital_to_premium_upsell,2025-05-15,2025-06-15,email+meta,u_04376,control
c_001,digital_to_premium_upsell,2025-05-15,2025-06-15,email+meta,u_02820,treatment
c_001,digital_to_premium_upsell,2025-05-15,2025-06-15,email+meta,u_00797,treatment
c_001,digital_to_premium_upsell,2025-05-15,2025-06-15,email+meta,u_00601,treatment
c_001,digital_to_premium_upsell,2025-05-15,2025-06-15,email+meta,u_01178,treatment
c_001,digital_to_premium_upsell,2025-05-15,2025-06-15,email+meta,u_04955,treatment
c_001,digital_to_premium_upsell,2025-05-15,2025-06-15,email+meta,u_04778,treatment
c_001,digital_to_premium_upsell,2025-05-15,2025-06-15,email+meta,u_01826,treatment
c_001,digital_to_premium_upsell,2025-05-15,2025-06-15,email+meta,u_04402,treatment
c_001,digital_to_premium_upsell,2025-05-15,2025-06-15,email+meta,u_04017,treatment
c_001,digital_to_premium_upsell,2025-05-15,2025-06-15,email+meta,u_03128,treatment
c_001,digital_to_premium_upsell,2025-05-15,2025-06-15,email+meta,u_00223,treatment
c_001,digital_to_premium_upsell,2025-05-15,2025-06-15,email+meta,u_02000,treatment
c_001,digital_to_premium_upsell,2025-05-15,2025-06-15,email+meta,u_00166,treatment
c_001,digital_to_premium_upsell,2025-05-15,2025-06-15,email+meta,u_04323,treatment
c_001,digital_to_premium_upsell,2025-05-15,2025-06-15,email+meta,u_04076,control
c_001,digital_to_premium_upsell,2025-05-15,2025-06-15,email+meta,u_03736,treatment
c_001,digital_to_premium_upsell,2025-05-15,2025-06-15,email+meta,u_04599,treatment
c_001,digital_to_premium_upsell,2025-05-15,2025-06-15,email+meta,u_03033,treatment
c_001,digital_to_premium_upsell,2025-05-15,2025-06-15,email+meta,u_00395,treatment
c_001,digital_to_premium_upsell,2025-05-15,2025-06-15,email+meta,u_04262,control
c_001,digital_to_premium_upsell,2025-05-15,2025-06-15,email+meta,u_02460,treatment
c_001,digital_to_premium_upsell,2025-05-15,2025-06-15,email+meta,u_03931,treatment
c_001,digital_to_premium_upsell,2025-05-15,2025-06-15,email+meta,u_02821,treatment
c_001,digital_to_premium_upsell,2025-05-15,2025-06-15,email+meta,u_02939,treatment
c_001,digital_to_premium_upsell,2025-05-15,2025-06-15,email+meta,u_02038,control
c_001,digital_to_premium_upsell,2025-05-15,2025-06-15,email+meta,u_04998,treatment
c_001,digital_to_premium_upsell,2025-05-15,2025-06-15,email+meta,u_01898,treatment
c_001,digital_to_premium_upsell,2025-05-15,2025-06-15,email+meta,u_03770,treatment
c_001,digital_to_premium_upsell,2025-05-15,2025-06-15,email+meta,u_00997,treatment
c_001,digital_to_premium_upsell,2025-05-15,2025-06-15,email+meta,u_00796,control
c_001,digital_to_premium_upsell,2025-05-15,2025-06-15,email+meta,u_04528,control
c_001,digital_to_premium_upsell,2025-05-15,2025-06-15,email+meta,u_03740,control
c_001,digital_to_premium_upsell,2025-05-15,2025-06-15,email+meta,u_02276,treatment
c_001,digital_to_premium_upsell,2025-05-15,2025-06-15,email+meta,u_04325,treatment
c_001,digital_to_premium_upsell,2025-05-15,2025-06-15,email+meta,u_02712,control
c_001,digital_to_premium_upsell,2025-05-15,2025-06-15,email+meta,u_03410,treatment
c_001,digital_to_premium_upsell,2025-05-15,2025-06-15,email+meta,u_04832,treatment
c_001,digital_to_premium_upsell,2025-05-15,2025-06-15,email+meta,u_00109,treatment
c_001,digital_to_premium_upsell,2025-05-15,2025-06-15,email+meta,u_01207,treatment
c_001,digital_to_premium_upsell,2025-05-15,2025-06-15,email+meta,u_03282,treatment
c_001,digital_to_premium_upsell,2025-05-15,2025-06-15,email+meta,u_03785,treatment
c_001,digital_to_premium_upsell,2025-05-15,2025-06-15,email+meta,u_03947,treatment
c_001,digital_to_premium_upsell,2025-05-15,2025-06-15,email+meta,u_03600,treatment
c_001,digital_to_premium_upsell,2025-05-15,2025-06-15,email+meta,u_04927,control
c_001,digital_to_premium_upsell,2025-05-15,2025-06-15,email+meta,u_00315,treatment
c_001,digital_to_premium_upsell,2025-05-15,2025-06-15,email+meta,u_04697,control
c_001,digital_to_premium_upsell,2025-05-15,2025-06-15,email+meta,u_00038,treatment
c_001,digital_to_premium_upsell,2025-05-15,2025-06-15,email+meta,u_00277,treatment
c_001,digital_to_premium_upsell,2025-05-15,2025-06-15,email+meta,u_03847,treatment
c_001,digital_to_premium_upsell,2025-05-15,2025-06-15,email+meta,u_00022,treatment
c_001,digital_to_premium_upsell,2025-05-15,2025-06-15,email+meta,u_04969,treatment
c_001,digital_to_premium_upsell,2025-05-15,2025-06-15,email+meta,u_02938,treatment
c_001,digital_to_premium_upsell,2025-05-15,2025-06-15,email+meta,u_01269,control
c_001,digital_to_premium_upsell,2025-05-15,2025-06-15,email+meta,u_04591,treatment
c_001,digital_to_premium_upsell,2025-05-15,2025-06-15,email+meta,u_04984,treatment
c_001,digital_to_premium_upsell,2025-05-15,2025-06-15,email+meta,u_03559,treatment
c_001,digital_to_premium_upsell,2025-05-15,2025-06-15,email+meta,u_00162,treatment
c_001,digital_to_premium_upsell,2025-05-15,2025-06-15,email+meta,u_00323,treatment
c_001,digital_to_premium_upsell,2025-05-15,2025-06-15,email+meta,u_00012,treatment
c_001,digital_to_premium_upsell,2025-05-15,2025-06-15,email+meta,u_01834,treatment
c_001,digital_to_premium_upsell,2025-05-15,2025-06-15,email+meta,u_02515,treatment
c_001,digital_to_premium_upsell,2025-05-15,2025-06-15,email+meta,u_04393,treatment
c_001,digital_to_premium_upsell,2025-05-15,2025-06-15,email+meta,u_01677,treatment
c_001,digital_to_premium_upsell,2025-05-15,2025-06-15,email+meta,u_03879,treatment
c_001,digital_to_premium_upsell,2025-05-15,2025-06-15,email+meta,u_01118,treatment
c_001,digital_to_premium_upsell,2025-05-15,2025-06-15,email+meta,u_02159,treatment
c_001,digital_to_premium_upsell,2025-05-15,2025-06-15,email+meta,u_03692,treatment
c_001,digital_to_premium_upsell,2025-05-15,2025-06-15,email+meta,u_04569,treatment
c_001,digital_to_premium_upsell,2025-05-15,2025-06-15,email+meta,u_04863,control
c_001,digital_to_premium_upsell,2025-05-15,2025-06-15,email+meta,u_04398,control
c_001,digital_to_premium_upsell,2025-05-15,2025-06-15,email+meta,u_03158,control
c_001,digital_to_premium_upsell,2025-05-15,2025-06-15,email+meta,u_03625,treatment
c_001,digital_to_premium_upsell,2025-05-15,2025-06-15,email+meta,u_03339,treatment
c_001,digital_to_premium_upsell,2025-05-15,2025-06-15,email+meta,u_01614,treatment
c_001,digital_to_premium_upsell,2025-05-15,2025-06-15,email+meta,u_03788,treatment
c_001,digital_to_premium_upsell,2025-05-15,2025-06-15,email+meta,u_04573,control
c_001,digital_to_premium_upsell,2025-05-15,2025-06-15,email+meta,u_01343,treatment
c_001,digital_to_premium_upsell,2025-05-15,2025-06-15,email+meta,u_00020,control
c_001,digital_to_premium_upsell,2025-05-15,2025-06-15,email+meta,u_02853,treatment
c_001,digital_to_premium_upsell,2025-05-15,2025-06-15,email+meta,u_01585,control
c_001,digital_to_premium_upsell,2025-05-15,2025-06-15,email+meta,u_02897,treatment
c_001,digital_to_premium_upsell,2025-05-15,2025-06-15,email+meta,u_04137,treatment
c_001,digital_to_premium_upsell,2025-05-15,2025-06-15,email+meta,u_03683,treatment
c_001,digital_to_premium_upsell,2025-05-15,2025-06-15,email+meta,u_04142,treatment
c_001,digital_to_premium_upsell,2025-05-15,2025-06-15,email+meta,u_00624,treatment
c_001,digital_to_premium_upsell,2025-05-15,2025-06-15,email+meta,u_01841,treatment
c_001,digital_to_premium_upsell,2025-05-15,2025-06-15,email+meta,u_01886,treatment
c_001,digital_to_premium_upsell,2025-05-15,2025-06-15,email+meta,u_04581,treatment
c_001,digital_to_premium_upsell,2025-05-15,2025-06-15,email+meta,u_02049,treatment
c_001,digital_to_premium_upsell,2025-05-15,2025-06-15,email+meta,u_03151,treatment
c_001,digital_to_premium_upsell,2025-05-15,2025-06-15,email+meta,u_04634,control
c_001,digital_to_premium_upsell,2025-05-15,2025-06-15,email+meta,u_01784,treatment
c_001,digital_to_premium_upsell,2025-05-15,2025-06-15,email+meta,u_02542,treatment
c_001,digital_to_premium_upsell,2025-05-15,2025-06-15,email+meta,u_02929,treatment
c_001,digital_to_premium_upsell,2025-05-15,2025-06-15,email+meta,u_01769,treatment
c_001,digital_to_premium_upsell,2025-05-15,2025-06-15,email+meta,u_03698,control
c_001,digital_to_premium_upsell,2025-05-15,2025-06-15,email+meta,u_01578,treatment
c_001,digital_to_premium_upsell,2025-05-15,2025-06-15,email+meta,u_01653,control
c_001,digital_to_premium_upsell,2025-05-15,2025-06-15,email+meta,u_02025,treatment
c_001,digital_to_premium_upsell,2025-05-15,2025-06-15,email+meta,u_04301,control
c_001,digital_to_premium_upsell,2025-05-15,2025-06-15,email+meta,u_03582,treatment
c_001,digital_to_premium_upsell,2025-05-15,2025-06-15,email+meta,u_01562,treatment
c_001,digital_to_premium_upsell,2025-05-15,2025-06-15,email+meta,u_03920,treatment
c_001,digital_to_premium_upsell,2025-05-15,2025-06-15,email+meta,u_01500,treatment
c_001,digital_to_premium_upsell,2025-05-15,2025-06-15,email+meta,u_01704,control
c_001,digital_to_premium_upsell,2025-05-15,2025-06-15,email+meta,u_04007,treatment
c_001,digital_to_premium_upsell,2025-05-15,2025-06-15,email+meta,u_04555,treatment
c_001,digital_to_premium_upsell,2025-05-15,2025-06-15,email+meta,u_03721,treatment
c_001,digital_to_premium_upsell,2025-05-15,2025-06-15,email+meta,u_02352,treatment
c_001,digital_to_premium_upsell,2025-05-15,2025-06-15,email+meta,u_00772,treatment
c_001,digital_to_premium_upsell,2025-05-15,2025-06-15,email+meta,u_00325,treatment
c_001,digital_to_premium_upsell,2025-05-15,2025-06-15,email+meta,u_00859,treatment
c_001,digital_to_premium_upsell,2025-05-15,2025-06-15,email+meta,u_04025,treatment
c_001,digital_to_premium_upsell,2025-05-15,2025-06-15,email+meta,u_03267,treatment
c_001,digital_to_premium_upsell,2025-05-15,2025-06-15,email+meta,u_00091,treatment
c_001,digital_to_premium_upsell,2025-05-15,2025-06-15,email+meta,u_01074,treatment
c_001,digital_to_premium_upsell,2025-05-15,2025-06-15,email+meta,u_02244,control
c_001,digital_to_premium_upsell,2025-05-15,2025-06-15,email+meta,u_00095,treatment
c_001,digital_to_premium_upsell,2025-05-15,2025-06-15,email+meta,u_02888,treatment
c_001,digital_to_premium_upsell,2025-05-15,2025-06-15,email+meta,u_00158,treatment
c_001,digital_to_premium_upsell,2025-05-15,2025-06-15,email+meta,u_02107,treatment
c_001,digital_to_premium_upsell,2025-05-15,2025-06-15,email+meta,u_04819,treatment
c_001,digital_to_premium_upsell,2025-05-15,2025-06-15,email+meta,u_00900,control
c_001,digital_to_premium_upsell,2025-05-15,2025-06-15,email+meta,u_00762,treatment
c_001,digital_to_premium_upsell,2025-05-15,2025-06-15,email+meta,u_04883,control
c_001,digital_to_premium_upsell,2025-05-15,2025-06-15,email+meta,u_02686,treatment
c_001,digital_to_premium_upsell,2025-05-15,2025-06-15,email+meta,u_02507,treatment
c_001,digital_to_premium_upsell,2025-05-15,2025-06-15,email+meta,u_02089,treatment
c_001,digital_to_premium_upsell,2025-05-15,2025-06-15,email+meta,u_03665,treatment
c_001,digital_to_premium_upsell,2025-05-15,2025-06-15,email+meta,u_00679,treatment
c_001,digital_to_premium_upsell,2025-05-15,2025-06-15,email+meta,u_00780,treatment
c_001,digital_to_premium_upsell,2025-05-15,2025-06-15,email+meta,u_02832,control
c_001,digital_to_premium_upsell,2025-05-15,2025-06-15,email+meta,u_01974,treatment
c_001,digital_to_premium_upsell,2025-05-15,2025-06-15,email+meta,u_01876,treatment
c_001,digital_to_premium_upsell,2025-05-15,2025-06-15,email+meta,u_01638,control
c_001,digital_to_premium_upsell,2025-05-15,2025-06-15,email+meta,u_00231,control
c_001,digital_to_premium_upsell,2025-05-15,2025-06-15,email+meta,u_03510,treatment
c_001,digital_to_premium_upsell,2025-05-15,2025-06-15,email+meta,u_01170,treatment
c_001,digital_to_premium_upsell,2025-05-15,2025-06-15,email+meta,u_00966,treatment
c_001,digital_to_premium_upsell,2025-05-15,2025-06-15,email+meta,u_01824,treatment
c_001,digital_to_premium_upsell,2025-05-15,2025-06-15,email+meta,u_02601,treatment
c_001,digital_to_premium_upsell,2025-05-15,2025-06-15,email+meta,u_01043,control
c_001,digital_to_premium_upsell,2025-05-15,2025-06-15,email+meta,u_01353,control
c_001,digital_to_premium_upsell,2025-05-15,2025-06-15,email+meta,u_03184,treatment
c_001,digital_to_premium_upsell,2025-05-15,2025-06-15,email+meta,u_01477,treatment
c_001,digital_to_premium_upsell,2025-05-15,2025-06-15,email+meta,u_03574,treatment
c_001,digital_to_premium_upsell,2025-05-15,2025-06-15,email+meta,u_03643,treatment
c_001,digital_to_premium_upsell,2025-05-15,2025-06-15,email+meta,u_03024,treatment
c_001,digital_to_premium_upsell,2025-05-15,2025-06-15,email+meta,u_04144,treatment
c_001,digital_to_premium_upsell,2025-05-15,2025-06-15,email+meta,u_04781,treatment
c_001,digital_to_premium_upsell,2025-05-15,2025-06-15,email+meta,u_02017,control
c_001,digital_to_premium_upsell,2025-05-15,2025-06-15,email+meta,u_00251,treatment
c_001,digital_to_premium_upsell,2025-05-15,2025-06-15,email+meta,u_04406,treatment
c_001,digital_to_premium_upsell,2025-05-15,2025-06-15,email+meta,u_01302,control
c_001,digital_to_premium_upsell,2025-05-15,2025-06-15,email+meta,u_00907,treatment
c_001,digital_to_premium_upsell,2025-05-15,2025-06-15,email+meta,u_03445,control
c_001,digital_to_premium_upsell,2025-05-15,2025-06-15,email+meta,u_03166,control
c_001,digital_to_premium_upsell,2025-05-15,2025-06-15,email+meta,u_00394,control
c_001,digital_to_premium_upsell,2025-05-15,2025-06-15,email+meta,u_02545,treatment
c_001,digital_to_premium_upsell,2025-05-15,2025-06-15,email+meta,u_03951,treatment
c_001,digital_to_premium_upsell,2025-05-15,2025-06-15,email+meta,u_03044,treatment
c_001,digital_to_premium_upsell,2025-05-15,2025-06-15,email+meta,u_02158,treatment
c_001,digital_to_premium_upsell,2025-05-15,2025-06-15,email+meta,u_03275,treatment
c_001,digital_to_premium_upsell,2025-05-15,2025-06-15,email+meta,u_01166,treatment
c_001,digital_to_premium_upsell,2025-05-15,2025-06-15,email+meta,u_03489,treatment
c_001,digital_to_premium_upsell,2025-05-15,2025-06-15,email+meta,u_02669,treatment
c_001,digital_to_premium_upsell,2025-05-15,2025-06-15,email+meta,u_02269,treatment
c_001,digital_to_premium_upsell,2025-05-15,2025-06-15,email+meta,u_00206,control
c_001,digital_to_premium_upsell,2025-05-15,2025-06-15,email+meta,u_00840,control
c_001,digital_to_premium_upsell,2025-05-15,2025-06-15,email+meta,u_02636,treatment
c_001,digital_to_premium_upsell,2025-05-15,2025-06-15,email+meta,u_01978,treatment
c_001,digital_to_premium_upsell,2025-05-15,2025-06-15,email+meta,u_03820,treatment
c_001,digital_to_premium_upsell,2025-05-15,2025-06-15,email+meta,u_00646,treatment
c_001,digital_to_premium_upsell,2025-05-15,2025-06-15,email+meta,u_01910,control
c_001,digital_to_premium_upsell,2025-05-15,2025-06-15,email+meta,u_00784,control
c_001,digital_to_premium_upsell,2025-05-15,2025-06-15,email+meta,u_02373,treatment
c_001,digital_to_premium_upsell,2025-05-15,2025-06-15,email+meta,u_00835,treatment
c_001,digital_to_premium_upsell,2025-05-15,2025-06-15,email+meta,u_02570,treatment
c_001,digital_to_premium_upsell,2025-05-15,2025-06-15,email+meta,u_04709,treatment
c_001,digital_to_premium_upsell,2025-05-15,2025-06-15,email+meta,u_02229,control
c_001,digital_to_premium_upsell,2025-05-15,2025-06-15,email+meta,u_02339,treatment
c_001,digital_to_premium_upsell,2025-05-15,2025-06-15,email+meta,u_04328,treatment
c_001,digital_to_premium_upsell,2025-05-15,2025-06-15,email+meta,u_02071,control
c_001,digital_to_premium_upsell,2025-05-15,2025-06-15,email+meta,u_04526,treatment
c_001,digital_to_premium_upsell,2025-05-15,2025-06-15,email+meta,u_02121,control
c_001,digital_to_premium_upsell,2025-05-15,2025-06-15,email+meta,u_01257,control
c_001,digital_to_premium_upsell,2025-05-15,2025-06-15,email+meta,u_01478,treatment
c_001,digital_to_premium_upsell,2025-05-15,2025-06-15,email+meta,u_03571,treatment
c_001,digital_to_premium_upsell,2025-05-15,2025-06-15,email+meta,u_03470,treatment
c_001,digital_to_premium_upsell,2025-05-15,2025-06-15,email+meta,u_00045,treatment
c_001,digital_to_premium_upsell,2025-05-15,2025-06-15,email+meta,u_02534,treatment
c_001,digital_to_premium_upsell,2025-05-15,2025-06-15,email+meta,u_00197,treatment
c_001,digital_to_premium_upsell,2025-05-15,2025-06-15,email+meta,u_04437,treatment
c_001,digital_to_premium_upsell,2025-05-15,2025-06-15,email+meta,u_02290,treatment
c_001,digital_to_premium_upsell,2025-05-15,2025-06-15,email+meta,u_00103,treatment
c_001,digital_to_premium_upsell,2025-05-15,2025-06-15,email+meta,u_02861,treatment
c_001,digital_to_premium_upsell,2025-05-15,2025-06-15,email+meta,u_00219,treatment
c_001,digital_to_premium_upsell,2025-05-15,2025-06-15,email+meta,u_01929,treatment
c_001,digital_to_premium_upsell,2025-05-15,2025-06-15,email+meta,u_01300,treatment
c_001,digital_to_premium_upsell,2025-05-15,2025-06-15,email+meta,u_01667,treatment
c_001,digital_to_premium_upsell,2025-05-15,2025-06-15,email+meta,u_04657,control
c_001,digital_to_premium_upsell,2025-05-15,2025-06-15,email+meta,u_02263,treatment
c_001,digital_to_premium_upsell,2025-05-15,2025-06-15,email+meta,u_03973,treatment
c_001,digital_to_premium_upsell,2025-05-15,2025-06-15,email+meta,u_00137,treatment
c_001,digital_to_premium_upsell,2025-05-15,2025-06-15,email+meta,u_02942,treatment
c_001,digital_to_premium_upsell,2025-05-15,2025-06-15,email+meta,u_02481,treatment
c_001,digital_to_premium_upsell,2025-05-15,2025-06-15,email+meta,u_00134,treatment
c_001,digital_to_premium_upsell,2025-05-15,2025-06-15,email+meta,u_03822,treatment
c_001,digital_to_premium_upsell,2025-05-15,2025-06-15,email+meta,u_02646,control
c_001,digital_to_premium_upsell,2025-05-15,2025-06-15,email+meta,u_04905,treatment
c_001,digital_to_premium_upsell,2025-05-15,2025-06-15,email+meta,u_01126,treatment
c_001,digital_to_premium_upsell,2025-05-15,2025-06-15,email+meta,u_02079,treatment
c_001,digital_to_premium_upsell,2025-05-15,2025-06-15,email+meta,u_03733,treatment
c_001,digital_to_premium_upsell,2025-05-15,2025-06-15,email+meta,u_04280,treatment
c_001,digital_to_premium_upsell,2025-05-15,2025-06-15,email+meta,u_03807,control
c_001,digital_to_premium_upsell,2025-05-15,2025-06-15,email+meta,u_04533,treatment
c_001,digital_to_premium_upsell,2025-05-15,2025-06-15,email+meta,u_03929,treatment
c_001,digital_to_premium_upsell,2025-05-15,2025-06-15,email+meta,u_02473,treatment
c_001,digital_to_premium_upsell,2025-05-15,2025-06-15,email+meta,u_00083,treatment
c_001,digital_to_premium_upsell,2025-05-15,2025-06-15,email+meta,u_03260,treatment
c_001,digital_to_premium_upsell,2025-05-15,2025-06-15,email+meta,u_04136,treatment
c_001,digital_to_premium_upsell,2025-05-15,2025-06-15,email+meta,u_01415,treatment
c_001,digital_to_premium_upsell,2025-05-15,2025-06-15,email+meta,u_01566,control
c_001,digital_to_premium_upsell,2025-05-15,2025-06-15,email+meta,u_04003,treatment
c_001,digital_to_premium_upsell,2025-05-15,2025-06-15,email+meta,u_02031,treatment
c_001,digital_to_premium_upsell,2025-05-15,2025-06-15,email+meta,u_04764,treatment
c_001,digital_to_premium_upsell,2025-05-15,2025-06-15,email+meta,u_00191,treatment
c_001,digital_to_premium_upsell,2025-05-15,2025-06-15,email+meta,u_04576,treatment
c_001,digital_to_premium_upsell,2025-05-15,2025-06-15,email+meta,u_04113,control
c_001,digital_to_premium_upsell,2025-05-15,2025-06-15,email+meta,u_02770,treatment
c_001,digital_to_premium_upsell,2025-05-15,2025-06-15,email+meta,u_02277,control
c_001,digital_to_premium_upsell,2025-05-15,2025-06-15,email+meta,u_03077,treatment
c_001,digital_to_premium_upsell,2025-05-15,2025-06-15,email+meta,u_00588,treatment
c_001,digital_to_premium_upsell,2025-05-15,2025-06-15,email+meta,u_00101,control
c_001,digital_to_premium_upsell,2025-05-15,2025-06-15,email+meta,u_01959,control
c_001,digital_to_premium_upsell,2025-05-15,2025-06-15,email+meta,u_00367,control
c_001,digital_to_premium_upsell,2025-05-15,2025-06-15,email+meta,u_03943,treatment
c_001,digital_to_premium_upsell,2025-05-15,2025-06-15,email+meta,u_00487,control
c_001,digital_to_premium_upsell,2025-05-15,2025-06-15,email+meta,u_01746,control
c_001,digital_to_premium_upsell,2025-05-15,2025-06-15,email+meta,u_02018,treatment
c_001,digital_to_premium_upsell,2025-05-15,2025-06-15,email+meta,u_01433,control
c_001,digital_to_premium_upsell,2025-05-15,2025-06-15,email+meta,u_00600,treatment
c_001,digital_to_premium_upsell,2025-05-15,2025-06-15,email+meta,u_03756,treatment
c_001,digital_to_premium_upsell,2025-05-15,2025-06-15,email+meta,u_03746,treatment
c_001,digital_to_premium_upsell,2025-05-15,2025-06-15,email+meta,u_02026,treatment
c_001,digital_to_premium_upsell,2025-05-15,2025-06-15,email+meta,u_00359,treatment
c_001,digital_to_premium_upsell,2025-05-15,2025-06-15,email+meta,u_01329,treatment
c_001,digital_to_premium_upsell,2025-05-15,2025-06-15,email+meta,u_02046,treatment
c_001,digital_to_premium_upsell,2025-05-15,2025-06-15,email+meta,u_04500,control
c_001,digital_to_premium_upsell,2025-05-15,2025-06-15,email+meta,u_04835,treatment
c_001,digital_to_premium_upsell,2025-05-15,2025-06-15,email+meta,u_04230,treatment
c_001,digital_to_premium_upsell,2025-05-15,2025-06-15,email+meta,u_01161,treatment
c_001,digital_to_premium_upsell,2025-05-15,2025-06-15,email+meta,u_00809,treatment
c_001,digital_to_premium_upsell,2025-05-15,2025-06-15,email+meta,u_02210,treatment
c_001,digital_to_premium_upsell,2025-05-15,2025-06-15,email+meta,u_01449,treatment
c_001,digital_to_premium_upsell,2025-05-15,2025-06-15,email+meta,u_04243,treatment
c_001,digital_to_premium_upsell,2025-05-15,2025-06-15,email+meta,u_01005,treatment
c_001,digital_to_premium_upsell,2025-05-15,2025-06-15,email+meta,u_03466,treatment
c_001,digital_to_premium_upsell,2025-05-15,2025-06-15,email+meta,u_03036,treatment
c_001,digital_to_premium_upsell,2025-05-15,2025-06-15,email+meta,u_00192,control
c_001,digital_to_premium_upsell,2025-05-15,2025-06-15,email+meta,u_01103,treatment
c_001,digital_to_premium_upsell,2025-05-15,2025-06-15,email+meta,u_02734,treatment
c_001,digital_to_premium_upsell,2025-05-15,2025-06-15,email+meta,u_04899,treatment
c_001,digital_to_premium_upsell,2025-05-15,2025-06-15,email+meta,u_02609,treatment
c_001,digital_to_premium_upsell,2025-05-15,2025-06-15,email+meta,u_04572,treatment
c_001,digital_to_premium_upsell,2025-05-15,2025-06-15,email+meta,u_03695,treatment
c_001,digital_to_premium_upsell,2025-05-15,2025-06-15,email+meta,u_02705,treatment
c_001,digital_to_premium_upsell,2025-05-15,2025-06-15,email+meta,u_02008,treatment
c_001,digital_to_premium_upsell,2025-05-15,2025-06-15,email+meta,u_00257,treatment
c_001,digital_to_premium_upsell,2025-05-15,2025-06-15,email+meta,u_01272,treatment
c_001,digital_to_premium_upsell,2025-05-15,2025-06-15,email+meta,u_02047,treatment
c_001,digital_to_premium_upsell,2025-05-15,2025-06-15,email+meta,u_01560,treatment
c_001,digital_to_premium_upsell,2025-05-15,2025-06-15,email+meta,u_02099,treatment
c_001,digital_to_premium_upsell,2025-05-15,2025-06-15,email+meta,u_00120,treatment
c_001,digital_to_premium_upsell,2025-05-15,2025-06-15,email+meta,u_02449,treatment
c_001,digital_to_premium_upsell,2025-05-15,2025-06-15,email+meta,u_00247,treatment
c_001,digital_to_premium_upsell,2025-05-15,2025-06-15,email+meta,u_02457,treatment
c_001,digital_to_premium_upsell,2025-05-15,2025-06-15,email+meta,u_03792,treatment
c_001,digital_to_premium_upsell,2025-05-15,2025-06-15,email+meta,u_03918,control
c_001,digital_to_premium_upsell,2025-05-15,2025-06-15,email+meta,u_00014,treatment
c_001,digital_to_premium_upsell,2025-05-15,2025-06-15,email+meta,u_03621,treatment
c_001,digital_to_premium_upsell,2025-05-15,2025-06-15,email+meta,u_03447,treatment
c_001,digital_to_premium_upsell,2025-05-15,2025-06-15,email+meta,u_03086,treatment
c_001,digital_to_premium_upsell,2025-05-15,2025-06-15,email+meta,u_00344,treatment
c_001,digital_to_premium_upsell,2025-05-15,2025-06-15,email+meta,u_00647,treatment
c_001,digital_to_premium_upsell,2025-05-15,2025-06-15,email+meta,u_01237,treatment
c_001,digital_to_premium_upsell,2025-05-15,2025-06-15,email+meta,u_04674,treatment
c_001,digital_to_premium_upsell,2025-05-15,2025-06-15,email+meta,u_03994,control
c_001,digital_to_premium_upsell,2025-05-15,2025-06-15,email+meta,u_01529,treatment
c_001,digital_to_premium_upsell,2025-05-15,2025-06-15,email+meta,u_03859,treatment
c_001,digital_to_premium_upsell,2025-05-15,2025-06-15,email+meta,u_00274,treatment
c_001,digital_to_premium_upsell,2025-05-15,2025-06-15,email+meta,u_00046,control
c_001,digital_to_premium_upsell,2025-05-15,2025-06-15,email+meta,u_02568,treatment
c_001,digital_to_premium_upsell,2025-05-15,2025-06-15,email+meta,u_04595,treatment
c_001,digital_to_premium_upsell,2025-05-15,2025-06-15,email+meta,u_01052,treatment
c_001,digital_to_premium_upsell,2025-05-15,2025-06-15,email+meta,u_03790,treatment
c_001,digital_to_premium_upsell,2025-05-15,2025-06-15,email+meta,u_04127,control
c_001,digital_to_premium_upsell,2025-05-15,2025-06-15,email+meta,u_01703,treatment
c_001,digital_to_premium_upsell,2025-05-15,2025-06-15,email+meta,u_00100,treatment
c_001,digital_to_premium_upsell,2025-05-15,2025-06-15,email+meta,u_04967,treatment
c_001,digital_to_premium_upsell,2025-05-15,2025-06-15,email+meta,u_01495,treatment
c_001,digital_to_premium_upsell,2025-05-15,2025-06-15,email+meta,u_00336,treatment
c_001,digital_to_premium_upsell,2025-05-15,2025-06-15,email+meta,u_00855,control
c_001,digital_to_premium_upsell,2025-05-15,2025-06-15,email+meta,u_03021,treatment
c_001,digital_to_premium_upsell,2025-05-15,2025-06-15,email+meta,u_01524,treatment
c_001,digital_to_premium_upsell,2025-05-15,2025-06-15,email+meta,u_00041,treatment
c_001,digital_to_premium_upsell,2025-05-15,2025-06-15,email+meta,u_02186,treatment
c_001,digital_to_premium_upsell,2025-05-15,2025-06-15,email+meta,u_00902,control
c_001,digital_to_premium_upsell,2025-05-15,2025-06-15,email+meta,u_02855,control
c_001,digital_to_premium_upsell,2025-05-15,2025-06-15,email+meta,u_01148,treatment
c_001,digital_to_premium_upsell,2025-05-15,2025-06-15,email+meta,u_03731,control
c_001,digital_to_premium_upsell,2025-05-15,2025-06-15,email+meta,u_02578,treatment
c_001,digital_to_premium_upsell,2025-05-15,2025-06-15,email+meta,u_00759,treatment
c_001,digital_to_premium_upsell,2025-05-15,2025-06-15,email+meta,u_03773,treatment
c_001,digital_to_premium_upsell,2025-05-15,2025-06-15,email+meta,u_03438,treatment
c_001,digital_to_premium_upsell,2025-05-15,2025-06-15,email+meta,u_01914,treatment
c_001,digital_to_premium_upsell,2025-05-15,2025-06-15,email+meta,u_00307,treatment
c_001,digital_to_premium_upsell,2025-05-15,2025-06-15,email+meta,u_04005,treatment
c_001,digital_to_premium_upsell,2025-05-15,2025-06-15,email+meta,u_04425,treatment
c_001,digital_to_premium_upsell,2025-05-15,2025-06-15,email+meta,u_03930,treatment
c_001,digital_to_premium_upsell,2025-05-15,2025-06-15,email+meta,u_01046,control
c_001,digital_to_premium_upsell,2025-05-15,2025-06-15,email+meta,u_02727,treatment
c_001,digital_to_premium_upsell,2025-05-15,2025-06-15,email+meta,u_01743,treatment
c_001,digital_to_premium_upsell,2025-05-15,2025-06-15,email+meta,u_03420,treatment
c_001,digital_to_premium_upsell,2025-05-15,2025-06-15,email+meta,u_02264,treatment
c_001,digital_to_premium_upsell,2025-05-15,2025-06-15,email+meta,u_00554,treatment
c_001,digital_to_premium_upsell,2025-05-15,2025-06-15,email+meta,u_02528,treatment
c_001,digital_to_premium_upsell,2025-05-15,2025-06-15,email+meta,u_04184,control
c_001,digital_to_premium_upsell,2025-05-15,2025-06-15,email+meta,u_02707,treatment
c_001,digital_to_premium_upsell,2025-05-15,2025-06-15,email+meta,u_00018,treatment
c_001,digital_to_premium_upsell,2025-05-15,2025-06-15,email+meta,u_01127,control
c_001,digital_to_premium_upsell,2025-05-15,2025-06-15,email+meta,u_00189,treatment
c_001,digital_to_premium_upsell,2025-05-15,2025-06-15,email+meta,u_03032,treatment
c_001,digital_to_premium_upsell,2025-05-15,2025-06-15,email+meta,u_02033,treatment
c_001,digital_to_premium_upsell,2025-05-15,2025-06-15,email+meta,u_00314,treatment
c_001,digital_to_premium_upsell,2025-05-15,2025-06-15,email+meta,u_00495,treatment
c_001,digital_to_premium_upsell,2025-05-15,2025-06-15,email+meta,u_02934,treatment
c_001,digital_to_premium_upsell,2025-05-15,2025-06-15,email+meta,u_00686,treatment
c_001,digital_to_premium_upsell,2025-05-15,2025-06-15,email+meta,u_04235,treatment
c_001,digital_to_premium_upsell,2025-05-15,2025-06-15,email+meta,u_03819,treatment
c_001,digital_to_premium_upsell,2025-05-15,2025-06-15,email+meta,u_01930,treatment
c_001,digital_to_premium_upsell,2025-05-15,2025-06-15,email+meta,u_02862,control
c_001,digital_to_premium_upsell,2025-05-15,2025-06-15,email+meta,u_04520,treatment
c_001,digital_to_premium_upsell,2025-05-15,2025-06-15,email+meta,u_04885,treatment
c_001,digital_to_premium_upsell,2025-05-15,2025-06-15,email+meta,u_04240,treatment
c_001,digital_to_premium_upsell,2025-05-15,2025-06-15,email+meta,u_01991,treatment
c_001,digital_to_premium_upsell,2025-05-15,2025-06-15,email+meta,u_02011,treatment
c_001,digital_to_premium_upsell,2025-05-15,2025-06-15,email+meta,u_04435,treatment
c_001,digital_to_premium_upsell,2025-05-15,2025-06-15,email+meta,u_00421,treatment
c_001,digital_to_premium_upsell,2025-05-15,2025-06-15,email+meta,u_01797,treatment
c_001,digital_to_premium_upsell,2025-05-15,2025-06-15,email+meta,u_03650,treatment
c_001,digital_to_premium_upsell,2025-05-15,2025-06-15,email+meta,u_04656,treatment
c_001,digital_to_premium_upsell,2025-05-15,2025-06-15,email+meta,u_00590,control
c_001,digital_to_premium_upsell,2025-05-15,2025-06-15,email+meta,u_04277,treatment
c_001,digital_to_premium_upsell,2025-05-15,2025-06-15,email+meta,u_01357,treatment
c_001,digital_to_premium_upsell,2025-05-15,2025-06-15,email+meta,u_04169,treatment
c_001,digital_to_premium_upsell,2025-05-15,2025-06-15,email+meta,u_01035,treatment
c_001,digital_to_premium_upsell,2025-05-15,2025-06-15,email+meta,u_00317,treatment
c_001,digital_to_premium_upsell,2025-05-15,2025-06-15,email+meta,u_00332,treatment
c_001,digital_to_premium_upsell,2025-05-15,2025-06-15,email+meta,u_03075,treatment
c_001,digital_to_premium_upsell,2025-05-15,2025-06-15,email+meta,u_01698,treatment
c_001,digital_to_premium_upsell,2025-05-15,2025-06-15,email+meta,u_04324,treatment
c_001,digital_to_premium_upsell,2025-05-15,2025-06-15,email+meta,u_03417,treatment
c_001,digital_to_premium_upsell,2025-05-15,2025-06-15,email+meta,u_03220,control
c_001,digital_to_premium_upsell,2025-05-15,2025-06-15,email+meta,u_02540,treatment
c_001,digital_to_premium_upsell,2025-05-15,2025-06-15,email+meta,u_00331,control
c_001,digital_to_premium_upsell,2025-05-15,2025-06-15,email+meta,u_03640,treatment
c_001,digital_to_premium_upsell,2025-05-15,2025-06-15,email+meta,u_04432,control
c_001,digital_to_premium_upsell,2025-05-15,2025-06-15,email+meta,u_03686,treatment
c_001,digital_to_premium_upsell,2025-05-15,2025-06-15,email+meta,u_00033,treatment
c_001,digital_to_premium_upsell,2025-05-15,2025-06-15,email+meta,u_04367,treatment
c_001,digital_to_premium_upsell,2025-05-15,2025-06-15,email+meta,u_01908,treatment
c_001,digital_to_premium_upsell,2025-05-15,2025-06-15,email+meta,u_03232,treatment
c_001,digital_to_premium_upsell,2025-05-15,2025-06-15,email+meta,u_01322,treatment
c_001,digital_to_premium_upsell,2025-05-15,2025-06-15,email+meta,u_02935,treatment
c_001,digital_to_premium_upsell,2025-05-15,2025-06-15,email+meta,u_02257,treatment
c_001,digital_to_premium_upsell,2025-05-15,2025-06-15,email+meta,u_03760,control
c_001,digital_to_premium_upsell,2025-05-15,2025-06-15,email+meta,u_02819,treatment
c_001,digital_to_premium_upsell,2025-05-15,2025-06-15,email+meta,u_01621,treatment
c_001,digital_to_premium_upsell,2025-05-15,2025-06-15,email+meta,u_03646,treatment
c_001,digital_to_premium_upsell,2025-05-15,2025-06-15,email+meta,u_03459,treatment
c_001,digital_to_premium_upsell,2025-05-15,2025-06-15,email+meta,u_01156,treatment
c_001,digital_to_premium_upsell,2025-05-15,2025-06-15,email+meta,u_02873,control
c_001,digital_to_premium_upsell,2025-05-15,2025-06-15,email+meta,u_01031,control
c_001,digital_to_premium_upsell,2025-05-15,2025-06-15,email+meta,u_00886,treatment
c_001,digital_to_premium_upsell,2025-05-15,2025-06-15,email+meta,u_00222,treatment
c_001,digital_to_premium_upsell,2025-05-15,2025-06-15,email+meta,u_03645,treatment
c_001,digital_to_premium_upsell,2025-05-15,2025-06-15,email+meta,u_04662,treatment
c_001,digital_to_premium_upsell,2025-05-15,2025-06-15,email+meta,u_02296,treatment
c_001,digital_to_premium_upsell,2025-05-15,2025-06-15,email+meta,u_03370,treatment
c_001,digital_to_premium_upsell,2025-05-15,2025-06-15,email+meta,u_03694,treatment
c_001,digital_to_premium_upsell,2025-05-15,2025-06-15,email+meta,u_00934,treatment
c_001,digital_to_premium_upsell,2025-05-15,2025-06-15,email+meta,u_01636,control
c_001,digital_to_premium_upsell,2025-05-15,2025-06-15,email+meta,u_04716,control
c_001,digital_to_premium_upsell,2025-05-15,2025-06-15,email+meta,u_02857,treatment
c_001,digital_to_premium_upsell,2025-05-15,2025-06-15,email+meta,u_01381,treatment
c_001,digital_to_premium_upsell,2025-05-15,2025-06-15,email+meta,u_03538,treatment
c_001,digital_to_premium_upsell,2025-05-15,2025-06-15,email+meta,u_02816,treatment
c_001,digital_to_premium_upsell,2025-05-15,2025-06-15,email+meta,u_03231,control
c_001,digital_to_premium_upsell,2025-05-15,2025-06-15,email+meta,u_04693,control
c_001,digital_to_premium_upsell,2025-05-15,2025-06-15,email+meta,u_02322,treatment
c_001,digital_to_premium_upsell,2025-05-15,2025-06-15,email+meta,u_04052,treatment
c_001,digital_to_premium_upsell,2025-05-15,2025-06-15,email+meta,u_02960,treatment
c_001,digital_to_premium_upsell,2025-05-15,2025-06-15,email+meta,u_01082,control
c_001,digital_to_premium_upsell,2025-05-15,2025-06-15,email+meta,u_03586,treatment
c_001,digital_to_premium_upsell,2025-05-15,2025-06-15,email+meta,u_04820,treatment
c_001,digital_to_premium_upsell,2025-05-15,2025-06-15,email+meta,u_03403,treatment
c_001,digital_to_premium_upsell,2025-05-15,2025-06-15,email+meta,u_04295,treatment
c_001,digital_to_premium_upsell,2025-05-15,2025-06-15,email+meta,u_04464,control
c_001,digital_to_premium_upsell,2025-05-15,2025-06-15,email+meta,u_04816,treatment
c_001,digital_to_premium_upsell,2025-05-15,2025-06-15,email+meta,u_01418,treatment
c_001,digital_to_premium_upsell,2025-05-15,2025-06-15,email+meta,u_02361,treatment
c_001,digital_to_premium_upsell,2025-05-15,2025-06-15,email+meta,u_01722,treatment
c_001,digital_to_premium_upsell,2025-05-15,2025-06-15,email+meta,u_01954,treatment
c_001,digital_to_premium_upsell,2025-05-15,2025-06-15,email+meta,u_01141,treatment
c_001,digital_to_premium_upsell,2025-05-15,2025-06-15,email+meta,u_04993,treatment
c_001,digital_to_premium_upsell,2025-05-15,2025-06-15,email+meta,u_00663,treatment
c_001,digital_to_premium_upsell,2025-05-15,2025-06-15,email+meta,u_00773,treatment
c_001,digital_to_premium_upsell,2025-05-15,2025-06-15,email+meta,u_00583,treatment
c_001,digital_to_premium_upsell,2025-05-15,2025-06-15,email+meta,u_04747,treatment
c_001,digital_to_premium_upsell,2025-05-15,2025-06-15,email+meta,u_01849,treatment
c_001,digital_to_premium_upsell,2025-05-15,2025-06-15,email+meta,u_04422,treatment
c_001,digital_to_premium_upsell,2025-05-15,2025-06-15,email+meta,u_01218,control
c_001,digital_to_premium_upsell,2025-05-15,2025-06-15,email+meta,u_01233,treatment
c_001,digital_to_premium_upsell,2025-05-15,2025-06-15,email+meta,u_03058,control
c_001,digital_to_premium_upsell,2025-05-15,2025-06-15,email+meta,u_03759,treatment
c_001,digital_to_premium_upsell,2025-05-15,2025-06-15,email+meta,u_04968,treatment
c_001,digital_to_premium_upsell,2025-05-15,2025-06-15,email+meta,u_00958,control
c_001,digital_to_premium_upsell,2025-05-15,2025-06-15,email+meta,u_01163,treatment
c_001,digital_to_premium_upsell,2025-05-15,2025-06-15,email+meta,u_02584,treatment
c_001,digital_to_premium_upsell,2025-05-15,2025-06-15,email+meta,u_00580,treatment
c_001,digital_to_premium_upsell,2025-05-15,2025-06-15,email+meta,u_02347,control
c_001,digital_to_premium_upsell,2025-05-15,2025-06-15,email+meta,u_00750,treatment
c_001,digital_to_premium_upsell,2025-05-15,2025-06-15,email+meta,u_03711,treatment
c_001,digital_to_premium_upsell,2025-05-15,2025-06-15,email+meta,u_02391,treatment
c_001,digital_to_premium_upsell,2025-05-15,2025-06-15,email+meta,u_04782,treatment
c_001,digital_to_premium_upsell,2025-05-15,2025-06-15,email+meta,u_01848,treatment
c_001,digital_to_premium_upsell,2025-05-15,2025-06-15,email+meta,u_04928,treatment
c_001,digital_to_premium_upsell,2025-05-15,2025-06-15,email+meta,u_04170,treatment
c_001,digital_to_premium_upsell,2025-05-15,2025-06-15,email+meta,u_01017,control
c_001,digital_to_premium_upsell,2025-05-15,2025-06-15,email+meta,u_02383,treatment
c_001,digital_to_premium_upsell,2025-05-15,2025-06-15,email+meta,u_02695,treatment
c_001,digital_to_premium_upsell,2025-05-15,2025-06-15,email+meta,u_00408,control
c_001,digital_to_premium_upsell,2025-05-15,2025-06-15,email+meta,u_00135,control
c_001,digital_to_premium_upsell,2025-05-15,2025-06-15,email+meta,u_04042,treatment
c_001,digital_to_premium_upsell,2025-05-15,2025-06-15,email+meta,u_04688,control
c_001,digital_to_premium_upsell,2025-05-15,2025-06-15,email+meta,u_04054,control
c_001,digital_to_premium_upsell,2025-05-15,2025-06-15,email+meta,u_03407,treatment
c_001,digital_to_premium_upsell,2025-05-15,2025-06-15,email+meta,u_02108,control
c_001,digital_to_premium_upsell,2025-05-15,2025-06-15,email+meta,u_03515,treatment
c_001,digital_to_premium_upsell,2025-05-15,2025-06-15,email+meta,u_01249,treatment
c_001,digital_to_premium_upsell,2025-05-15,2025-06-15,email+meta,u_02566,control
c_001,digital_to_premium_upsell,2025-05-15,2025-06-15,email+meta,u_04906,treatment
c_001,digital_to_premium_upsell,2025-05-15,2025-06-15,email+meta,u_04062,treatment
c_001,digital_to_premium_upsell,2025-05-15,2025-06-15,email+meta,u_02283,treatment
c_001,digital_to_premium_upsell,2025-05-15,2025-06-15,email+meta,u_02582,treatment
c_001,digital_to_premium_upsell,2025-05-15,2025-06-15,email+meta,u_04035,treatment
c_001,digital_to_premium_upsell,2025-05-15,2025-06-15,email+meta,u_00911,control
c_001,digital_to_premium_upsell,2025-05-15,2025-06-15,email+meta,u_01561,treatment
c_001,digital_to_premium_upsell,2025-05-15,2025-06-15,email+meta,u_03576,control
c_001,digital_to_premium_upsell,2025-05-15,2025-06-15,email+meta,u_00112,control
c_001,digital_to_premium_upsell,2025-05-15,2025-06-15,email+meta,u_03043,treatment
c_001,digital_to_premium_upsell,2025-05-15,2025-06-15,email+meta,u_01247,treatment
c_001,digital_to_premium_upsell,2025-05-15,2025-06-15,email+meta,u_02241,treatment
c_001,digital_to_premium_upsell,2025-05-15,2025-06-15,email+meta,u_04624,treatment
c_001,digital_to_premium_upsell,2025-05-15,2025-06-15,email+meta,u_01136,treatment
c_001,digital_to_premium_upsell,2025-05-15,2025-06-15,email+meta,u_00029,treatment
c_001,digital_to_premium_upsell,2025-05-15,2025-06-15,email+meta,u_02574,treatment
c_001,digital_to_premium_upsell,2025-05-15,2025-06-15,email+meta,u_01833,control
c_001,digital_to_premium_upsell,2025-05-15,2025-06-15,email+meta,u_03911,treatment
c_001,digital_to_premium_upsell,2025-05-15,2025-06-15,email+meta,u_01716,treatment
c_001,digital_to_premium_upsell,2025-05-15,2025-06-15,email+meta,u_03922,treatment
c_001,digital_to_premium_upsell,2025-05-15,2025-06-15,email+meta,u_02175,treatment
c_001,digital_to_premium_upsell,2025-05-15,2025-06-15,email+meta,u_04176,treatment
c_001,digital_to_premium_upsell,2025-05-15,2025-06-15,email+meta,u_04390,treatment
c_001,digital_to_premium_upsell,2025-05-15,2025-06-15,email+meta,u_03554,treatment
c_001,digital_to_premium_upsell,2025-05-15,2025-06-15,email+meta,u_01759,treatment
c_001,digital_to_premium_upsell,2025-05-15,2025-06-15,email+meta,u_04971,control
c_001,digital_to_premium_upsell,2025-05-15,2025-06-15,email+meta,u_02970,treatment
c_001,digital_to_premium_upsell,2025-05-15,2025-06-15,email+meta,u_01686,control
c_001,digital_to_premium_upsell,2025-05-15,2025-06-15,email+meta,u_02978,treatment
c_001,digital_to_premium_upsell,2025-05-15,2025-06-15,email+meta,u_04492,treatment
c_001,digital_to_premium_upsell,2025-05-15,2025-06-15,email+meta,u_03295,treatment
c_001,digital_to_premium_upsell,2025-05-15,2025-06-15,email+meta,u_02851,treatment
c_001,digital_to_premium_upsell,2025-05-15,2025-06-15,email+meta,u_01829,treatment
c_001,digital_to_premium_upsell,2025-05-15,2025-06-15,email+meta,u_03105,treatment
c_001,digital_to_premium_upsell,2025-05-15,2025-06-15,email+meta,u_00124,treatment
c_001,digital_to_premium_upsell,2025-05-15,2025-06-15,email+meta,u_01522,control
c_001,digital_to_premium_upsell,2025-05-15,2025-06-15,email+meta,u_00749,treatment
c_001,digital_to_premium_upsell,2025-05-15,2025-06-15,email+meta,u_00999,treatment
c_001,digital_to_premium_upsell,2025-05-15,2025-06-15,email+meta,u_03569,treatment
c_001,digital_to_premium_upsell,2025-05-15,2025-06-15,email+meta,u_00305,treatment
c_001,digital_to_premium_upsell,2025-05-15,2025-06-15,email+meta,u_00059,treatment
c_001,digital_to_premium_upsell,2025-05-15,2025-06-15,email+meta,u_01860,treatment
c_001,digital_to_premium_upsell,2025-05-15,2025-06-15,email+meta,u_01893,treatment
c_001,digital_to_premium_upsell,2025-05-15,2025-06-15,email+meta,u_00330,control
c_001,digital_to_premium_upsell,2025-05-15,2025-06-15,email+meta,u_04268,treatment
c_001,digital_to_premium_upsell,2025-05-15,2025-06-15,email+meta,u_00896,treatment
c_001,digital_to_premium_upsell,2025-05-15,2025-06-15,email+meta,u_02258,treatment
c_001,digital_to_premium_upsell,2025-05-15,2025-06-15,email+meta,u_03730,control
c_001,digital_to_premium_upsell,2025-05-15,2025-06-15,email+meta,u_04252,treatment
c_001,digital_to_premium_upsell,2025-05-15,2025-06-15,email+meta,u_02491,treatment
c_001,digital_to_premium_upsell,2025-05-15,2025-06-15,email+meta,u_02386,treatment
c_001,digital_to_premium_upsell,2025-05-15,2025-06-15,email+meta,u_00108,treatment
c_001,digital_to_premium_upsell,2025-05-15,2025-06-15,email+meta,u_02362,control
c_001,digital_to_premium_upsell,2025-05-15,2025-06-15,email+meta,u_02628,control
c_001,digital_to_premium_upsell,2025-05-15,2025-06-15,email+meta,u_04321,treatment
c_001,digital_to_premium_upsell,2025-05-15,2025-06-15,email+meta,u_04598,treatment
c_001,digital_to_premium_upsell,2025-05-15,2025-06-15,email+meta,u_00121,treatment
c_001,digital_to_premium_upsell,2025-05-15,2025-06-15,email+meta,u_02415,treatment
c_001,digital_to_premium_upsell,2025-05-15,2025-06-15,email+meta,u_03008,control
c_001,digital_to_premium_upsell,2025-05-15,2025-06-15,email+meta,u_02856,control
c_001,digital_to_premium_upsell,2025-05-15,2025-06-15,email+meta,u_00365,treatment
c_001,digital_to_premium_upsell,2025-05-15,2025-06-15,email+meta,u_02091,treatment
c_001,digital_to_premium_upsell,2025-05-15,2025-06-15,email+meta,u_04389,treatment
c_001,digital_to_premium_upsell,2025-05-15,2025-06-15,email+meta,u_01674,treatment
c_001,digital_to_premium_upsell,2025-05-15,2025-06-15,email+meta,u_01396,treatment
c_001,digital_to_premium_upsell,2025-05-15,2025-06-15,email+meta,u_00959,control
c_001,digital_to_premium_upsell,2025-05-15,2025-06-15,email+meta,u_01726,treatment
c_001,digital_to_premium_upsell,2025-05-15,2025-06-15,email+meta,u_04460,treatment
c_001,digital_to_premium_upsell,2025-05-15,2025-06-15,email+meta,u_01938,treatment
c_001,digital_to_premium_upsell,2025-05-15,2025-06-15,email+meta,u_00899,treatment
c_001,digital_to_premium_upsell,2025-05-15,2025-06-15,email+meta,u_01122,treatment
c_001,digital_to_premium_upsell,2025-05-15,2025-06-15,email+meta,u_04193,treatment
c_001,digital_to_premium_upsell,2025-05-15,2025-06-15,email+meta,u_03964,treatment
c_001,digital_to_premium_upsell,2025-05-15,2025-06-15,email+meta,u_04833,treatment
c_001,digital_to_premium_upsell,2025-05-15,2025-06-15,email+meta,u_04589,treatment
c_001,digital_to_premium_upsell,2025-05-15,2025-06-15,email+meta,u_03079,control
c_001,digital_to_premium_upsell,2025-05-15,2025-06-15,email+meta,u_02350,treatment
c_001,digital_to_premium_upsell,2025-05-15,2025-06-15,email+meta,u_01948,treatment
c_001,digital_to_premium_upsell,2025-05-15,2025-06-15,email+meta,u_04248,control
c_001,digital_to_premium_upsell,2025-05-15,2025-06-15,email+meta,u_01298,treatment
c_001,digital_to_premium_upsell,2025-05-15,2025-06-15,email+meta,u_00142,treatment
c_001,digital_to_premium_upsell,2025-05-15,2025-06-15,email+meta,u_03129,treatment
c_001,digital_to_premium_upsell,2025-05-15,2025-06-15,email+meta,u_01915,treatment
c_001,digital_to_premium_upsell,2025-05-15,2025-06-15,email+meta,u_03722,treatment
c_001,digital_to_premium_upsell,2025-05-15,2025-06-15,email+meta,u_00792,treatment
c_001,digital_to_premium_upsell,2025-05-15,2025-06-15,email+meta,u_03400,treatment
c_001,digital_to_premium_upsell,2025-05-15,2025-06-15,email+meta,u_01609,control
c_001,digital_to_premium_upsell,2025-05-15,2025-06-15,email+meta,u_03602,treatment
c_001,digital_to_premium_upsell,2025-05-15,2025-06-15,email+meta,u_00701,treatment
c_001,digital_to_premium_upsell,2025-05-15,2025-06-15,email+meta,u_03836,treatment
c_001,digital_to_premium_upsell,2025-05-15,2025-06-15,email+meta,u_03469,treatment
c_001,digital_to_premium_upsell,2025-05-15,2025-06-15,email+meta,u_04586,control
c_001,digital_to_premium_upsell,2025-05-15,2025-06-15,email+meta,u_00558,control
c_001,digital_to_premium_upsell,2025-05-15,2025-06-15,email+meta,u_02901,treatment
c_001,digital_to_premium_upsell,2025-05-15,2025-06-15,email+meta,u_04220,treatment
c_001,digital_to_premium_upsell,2025-05-15,2025-06-15,email+meta,u_02151,treatment
c_001,digital_to_premium_upsell,2025-05-15,2025-06-15,email+meta,u_04912,treatment
c_001,digital_to_premium_upsell,2025-05-15,2025-06-15,email+meta,u_01724,treatment
c_001,digital_to_premium_upsell,2025-05-15,2025-06-15,email+meta,u_04957,treatment
c_001,digital_to_premium_upsell,2025-05-15,2025-06-15,email+meta,u_04347,treatment
c_001,digital_to_premium_upsell,2025-05-15,2025-06-15,email+meta,u_02389,treatment
c_001,digital_to_premium_upsell,2025-05-15,2025-06-15,email+meta,u_02156,treatment
c_001,digital_to_premium_upsell,2025-05-15,2025-06-15,email+meta,u_01027,treatment
c_001,digital_to_premium_upsell,2025-05-15,2025-06-15,email+meta,u_00771,treatment
c_001,digital_to_premium_upsell,2025-05-15,2025-06-15,email+meta,u_03533,control
c_001,digital_to_premium_upsell,2025-05-15,2025-06-15,email+meta,u_02359,treatment
c_001,digital_to_premium_upsell,2025-05-15,2025-06-15,email+meta,u_01509,control
c_001,digital_to_premium_upsell,2025-05-15,2025-06-15,email+meta,u_00056,treatment
c_001,digital_to_premium_upsell,2025-05-15,2025-06-15,email+meta,u_00116,treatment
c_001,digital_to_premium_upsell,2025-05-15,2025-06-15,email+meta,u_03397,treatment
c_001,digital_to_premium_upsell,2025-05-15,2025-06-15,email+meta,u_01292,treatment
c_001,digital_to_premium_upsell,2025-05-15,2025-06-15,email+meta,u_03452,treatment
c_001,digital_to_premium_upsell,2025-05-15,2025-06-15,email+meta,u_02949,treatment
c_001,digital_to_premium_upsell,2025-05-15,2025-06-15,email+meta,u_04354,treatment
c_001,digital_to_premium_upsell,2025-05-15,2025-06-15,email+meta,u_04763,treatment
c_001,digital_to_premium_upsell,2025-05-15,2025-06-15,email+meta,u_01721,control
c_001,digital_to_premium_upsell,2025-05-15,2025-06-15,email+meta,u_02069,control
c_001,digital_to_premium_upsell,2025-05-15,2025-06-15,email+meta,u_00704,treatment
c_001,digital_to_premium_upsell,2025-05-15,2025-06-15,email+meta,u_02028,control
c_001,digital_to_premium_upsell,2025-05-15,2025-06-15,email+meta,u_00302,control
c_001,digital_to_premium_upsell,2025-05-15,2025-06-15,email+meta,u_04735,treatment
c_001,digital_to_premium_upsell,2025-05-15,2025-06-15,email+meta,u_03937,treatment
c_001,digital_to_premium_upsell,2025-05-15,2025-06-15,email+meta,u_00561,treatment
c_001,digital_to_premium_upsell,2025-05-15,2025-06-15,email+meta,u_01387,treatment
c_001,digital_to_premium_upsell,2025-05-15,2025-06-15,email+meta,u_03548,treatment
c_001,digital_to_premium_upsell,2025-05-15,2025-06-15,email+meta,u_01897,treatment
c_001,digital_to_premium_upsell,2025-05-15,2025-06-15,email+meta,u_01536,treatment
c_001,digital_to_premium_upsell,2025-05-15,2025-06-15,email+meta,u_04824,treatment
c_001,digital_to_premium_upsell,2025-05-15,2025-06-15,email+meta,u_00995,treatment
c_001,digital_to_premium_upsell,2025-05-15,2025-06-15,email+meta,u_02084,treatment
c_001,digital_to_premium_upsell,2025-05-15,2025-06-15,email+meta,u_03313,control
c_001,digital_to_premium_upsell,2025-05-15,2025-06-15,email+meta,u_00087,treatment
c_001,digital_to_premium_upsell,2025-05-15,2025-06-15,email+meta,u_00449,treatment
c_001,digital_to_premium_upsell,2025-05-15,2025-06-15,email+meta,u_00922,control
c_001,digital_to_premium_upsell,2025-05-15,2025-06-15,email+meta,u_04088,control
c_001,digital_to_premium_upsell,2025-05-15,2025-06-15,email+meta,u_01243,treatment
c_001,digital_to_premium_upsell,2025-05-15,2025-06-15,email+meta,u_02243,treatment
c_001,digital_to_premium_upsell,2025-05-15,2025-06-15,email+meta,u_01234,treatment
c_001,digital_to_premium_upsell,2025-05-15,2025-06-15,email+meta,u_01057,treatment
c_001,digital_to_premium_upsell,2025-05-15,2025-06-15,email+meta,u_01687,treatment
c_001,digital_to_premium_upsell,2025-05-15,2025-06-15,email+meta,u_00188,control
c_001,digital_to_premium_upsell,2025-05-15,2025-06-15,email+meta,u_03841,treatment
c_001,digital_to_premium_upsell,2025-05-15,2025-06-15,email+meta,u_01526,control
c_001,digital_to_premium_upsell,2025-05-15,2025-06-15,email+meta,u_01273,control
c_001,digital_to_premium_upsell,2025-05-15,2025-06-15,email+meta,u_00454,treatment
c_001,digital_to_premium_upsell,2025-05-15,2025-06-15,email+meta,u_01248,treatment
c_001,digital_to_premium_upsell,2025-05-15,2025-06-15,email+meta,u_03040,treatment
c_001,digital_to_premium_upsell,2025-05-15,2025-06-15,email+meta,u_03354,treatment
c_001,digital_to_premium_upsell,2025-05-15,2025-06-15,email+meta,u_04635,treatment
c_001,digital_to_premium_upsell,2025-05-15,2025-06-15,email+meta,u_02606,control
c_001,digital_to_premium_upsell,2025-05-15,2025-06-15,email+meta,u_00841,control
c_001,digital_to_premium_upsell,2025-05-15,2025-06-15,email+meta,u_00779,treatment
c_001,digital_to_premium_upsell,2025-05-15,2025-06-15,email+meta,u_03198,treatment
c_001,digital_to_premium_upsell,2025-05-15,2025-06-15,email+meta,u_00129,treatment
c_001,digital_to_premium_upsell,2025-05-15,2025-06-15,email+meta,u_04750,treatment
c_001,digital_to_premium_upsell,2025-05-15,2025-06-15,email+meta,u_01124,treatment
c_001,digital_to_premium_upsell,2025-05-15,2025-06-15,email+meta,u_02452,treatment
c_001,digital_to_premium_upsell,2025-05-15,2025-06-15,email+meta,u_01331,control
c_001,digital_to_premium_upsell,2025-05-15,2025-06-15,email+meta,u_00345,treatment
c_001,digital_to_premium_upsell,2025-05-15,2025-06-15,email+meta,u_04550,treatment
c_001,digital_to_premium_upsell,2025-05-15,2025-06-15,email+meta,u_02218,treatment
c_001,digital_to_premium_upsell,2025-05-15,2025-06-15,email+meta,u_01160,control
c_001,digital_to_premium_upsell,2025-05-15,2025-06-15,email+meta,u_04128,treatment
c_001,digital_to_premium_upsell,2025-05-15,2025-06-15,email+meta,u_00237,treatment
c_001,digital_to_premium_upsell,2025-05-15,2025-06-15,email+meta,u_01380,treatment
c_001,digital_to_premium_upsell,2025-05-15,2025-06-15,email+meta,u_02744,treatment
c_001,digital_to_premium_upsell,2025-05-15,2025-06-15,email+meta,u_04018,treatment
c_001,digital_to_premium_upsell,2025-05-15,2025-06-15,email+meta,u_01740,treatment
c_001,digital_to_premium_upsell,2025-05-15,2025-06-15,email+meta,u_02589,treatment
c_001,digital_to_premium_upsell,2025-05-15,2025-06-15,email+meta,u_01852,treatment
c_001,digital_to_premium_upsell,2025-05-15,2025-06-15,email+meta,u_00608,treatment
c_001,digital_to_premium_upsell,2025-05-15,2025-06-15,email+meta,u_00847,control
c_001,digital_to_premium_upsell,2025-05-15,2025-06-15,email+meta,u_04953,treatment
c_001,digital_to_premium_upsell,2025-05-15,2025-06-15,email+meta,u_01753,treatment
c_001,digital_to_premium_upsell,2025-05-15,2025-06-15,email+meta,u_04196,treatment
c_001,digital_to_premium_upsell,2025-05-15,2025-06-15,email+meta,u_04257,treatment
c_001,digital_to_premium_upsell,2025-05-15,2025-06-15,email+meta,u_00564,treatment
c_001,digital_to_premium_upsell,2025-05-15,2025-06-15,email+meta,u_00419,control
c_001,digital_to_premium_upsell,2025-05-15,2025-06-15,email+meta,u_04671,treatment
c_001,digital_to_premium_upsell,2025-05-15,2025-06-15,email+meta,u_01436,treatment
c_001,digital_to_premium_upsell,2025-05-15,2025-06-15,email+meta,u_02631,treatment
c_001,digital_to_premium_upsell,2025-05-15,2025-06-15,email+meta,u_04333,treatment
c_001,digital_to_premium_upsell,2025-05-15,2025-06-15,email+meta,u_01079,treatment
c_001,digital_to_premium_upsell,2025-05-15,2025-06-15,email+meta,u_03680,treatment
c_001,digital_to_premium_upsell,2025-05-15,2025-06-15,email+meta,u_00519,treatment
c_001,digital_to_premium_upsell,2025-05-15,2025-06-15,email+meta,u_03464,treatment
c_001,digital_to_premium_upsell,2025-05-15,2025-06-15,email+meta,u_01021,control
c_001,digital_to_premium_upsell,2025-05-15,2025-06-15,email+meta,u_00994,control
c_001,digital_to_premium_upsell,2025-05-15,2025-06-15,email+meta,u_04306,treatment
c_001,digital_to_premium_upsell,2025-05-15,2025-06-15,email+meta,u_03872,treatment
c_001,digital_to_premium_upsell,2025-05-15,2025-06-15,email+meta,u_04655,treatment
c_001,digital_to_premium_upsell,2025-05-15,2025-06-15,email+meta,u_04305,treatment
c_001,digital_to_premium_upsell,2025-05-15,2025-06-15,email+meta,u_02055,treatment
c_001,digital_to_premium_upsell,2025-05-15,2025-06-15,email+meta,u_02681,treatment
c_001,digital_to_premium_upsell,2025-05-15,2025-06-15,email+meta,u_00535,treatment
c_001,digital_to_premium_upsell,2025-05-15,2025-06-15,email+meta,u_03270,treatment
c_001,digital_to_premium_upsell,2025-05-15,2025-06-15,email+meta,u_04186,treatment
c_001,digital_to_premium_upsell,2025-05-15,2025-06-15,email+meta,u_01226,treatment
c_001,digital_to_premium_upsell,2025-05-15,2025-06-15,email+meta,u_03840,treatment
c_001,digital_to_premium_upsell,2025-05-15,2025-06-15,email+meta,u_04302,control
c_001,digital_to_premium_upsell,2025-05-15,2025-06-15,email+meta,u_02538,treatment
c_001,digital_to_premium_upsell,2025-05-15,2025-06-15,email+meta,u_03940,treatment
c_001,digital_to_premium_upsell,2025-05-15,2025-06-15,email+meta,u_02607,treatment
c_001,digital_to_premium_upsell,2025-05-15,2025-06-15,email+meta,u_04016,treatment
c_001,digital_to_premium_upsell,2025-05-15,2025-06-15,email+meta,u_04100,treatment
c_001,digital_to_premium_upsell,2025-05-15,2025-06-15,email+meta,u_04508,treatment
c_001,digital_to_premium_upsell,2025-05-15,2025-06-15,email+meta,u_00947,treatment
c_001,digital_to_premium_upsell,2025-05-15,2025-06-15,email+meta,u_01708,treatment
c_001,digital_to_premium_upsell,2025-05-15,2025-06-15,email+meta,u_01421,treatment
c_001,digital_to_premium_upsell,2025-05-15,2025-06-15,email+meta,u_04529,treatment
c_001,digital_to_premium_upsell,2025-05-15,2025-06-15,email+meta,u_04606,control
c_001,digital_to_premium_upsell,2025-05-15,2025-06-15,email+meta,u_00617,treatment
c_001,digital_to_premium_upsell,2025-05-15,2025-06-15,email+meta,u_01719,control
c_001,digital_to_premium_upsell,2025-05-15,2025-06-15,email+meta,u_00956,treatment
c_001,digital_to_premium_upsell,2025-05-15,2025-06-15,email+meta,u_00195,treatment
c_001,digital_to_premium_upsell,2025-05-15,2025-06-15,email+meta,u_00910,treatment
c_001,digital_to_premium_upsell,2025-05-15,2025-06-15,email+meta,u_03827,treatment
c_001,digital_to_premium_upsell,2025-05-15,2025-06-15,email+meta,u_02666,treatment
c_001,digital_to_premium_upsell,2025-05-15,2025-06-15,email+meta,u_04568,treatment
c_001,digital_to_premium_upsell,2025-05-15,2025-06-15,email+meta,u_01550,treatment
c_001,digital_to_premium_upsell,2025-05-15,2025-06-15,email+meta,u_03462,treatment
c_001,digital_to_premium_upsell,2025-05-15,2025-06-15,email+meta,u_00369,treatment
c_001,digital_to_premium_upsell,2025-05-15,2025-06-15,email+meta,u_01626,treatment
c_001,digital_to_premium_upsell,2025-05-15,2025-06-15,email+meta,u_04215,treatment
c_001,digital_to_premium_upsell,2025-05-15,2025-06-15,email+meta,u_02749,treatment
c_001,digital_to_premium_upsell,2025-05-15,2025-06-15,email+meta,u_01546,treatment
c_001,digital_to_premium_upsell,2025-05-15,2025-06-15,email+meta,u_01616,treatment
c_001,digital_to_premium_upsell,2025-05-15,2025-06-15,email+meta,u_02116,treatment
c_001,digital_to_premium_upsell,2025-05-15,2025-06-15,email+meta,u_03473,treatment
c_001,digital_to_premium_upsell,2025-05-15,2025-06-15,email+meta,u_01670,treatment
c_001,digital_to_premium_upsell,2025-05-15,2025-06-15,email+meta,u_00217,treatment
c_001,digital_to_premium_upsell,2025-05-15,2025-06-15,email+meta,u_04724,control
c_001,digital_to_premium_upsell,2025-05-15,2025-06-15,email+meta,u_04297,treatment
c_001,digital_to_premium_upsell,2025-05-15,2025-06-15,email+meta,u_01499,treatment
c_001,digital_to_premium_upsell,2025-05-15,2025-06-15,email+meta,u_03360,treatment
c_001,digital_to_premium_upsell,2025-05-15,2025-06-15,email+meta,u_01056,treatment
c_001,digital_to_premium_upsell,2025-05-15,2025-06-15,email+meta,u_02235,treatment
c_001,digital_to_premium_upsell,2025-05-15,2025-06-15,email+meta,u_04532,treatment
c_001,digital_to_premium_upsell,2025-05-15,2025-06-15,email+meta,u_04366,treatment
c_001,digital_to_premium_upsell,2025-05-15,2025-06-15,email+meta,u_03517,treatment
c_001,digital_to_premium_upsell,2025-05-15,2025-06-15,email+meta,u_02904,treatment
c_001,digital_to_premium_upsell,2025-05-15,2025-06-15,email+meta,u_00461,treatment
c_001,digital_to_premium_upsell,2025-05-15,2025-06-15,email+meta,u_02431,treatment
c_001,digital_to_premium_upsell,2025-05-15,2025-06-15,email+meta,u_03651,treatment
c_001,digital_to_premium_upsell,2025-05-15,2025-06-15,email+meta,u_03340,treatment
c_001,digital_to_premium_upsell,2025-05-15,2025-06-15,email+meta,u_02875,treatment
c_001,digital_to_premium_upsell,2025-05-15,2025-06-15,email+meta,u_04673,control
c_001,digital_to_premium_upsell,2025-05-15,2025-06-15,email+meta,u_02184,treatment
c_001,digital_to_premium_upsell,2025-05-15,2025-06-15,email+meta,u_02594,treatment
c_001,digital_to_premium_upsell,2025-05-15,2025-06-15,email+meta,u_04114,treatment
c_001,digital_to_premium_upsell,2025-05-15,2025-06-15,email+meta,u_03097,control
c_001,digital_to_premium_upsell,2025-05-15,2025-06-15,email+meta,u_00770,treatment
c_001,digital_to_premium_upsell,2025-05-15,2025-06-15,email+meta,u_02874,treatment
c_001,digital_to_premium_upsell,2025-05-15,2025-06-15,email+meta,u_04148,control
c_001,digital_to_premium_upsell,2025-05-15,2025-06-15,email+meta,u_03065,treatment
c_001,digital_to_premium_upsell,2025-05-15,2025-06-15,email+meta,u_01458,treatment
c_001,digital_to_premium_upsell,2025-05-15,2025-06-15,email+meta,u_00235,treatment
c_001,digital_to_premium_upsell,2025-05-15,2025-06-15,email+meta,u_02693,treatment
c_001,digital_to_premium_upsell,2025-05-15,2025-06-15,email+meta,u_00002,treatment
c_001,digital_to_premium_upsell,2025-05-15,2025-06-15,email+meta,u_01964,treatment
c_001,digital_to_premium_upsell,2025-05-15,2025-06-15,email+meta,u_04540,treatment
c_001,digital_to_premium_upsell,2025-05-15,2025-06-15,email+meta,u_02530,treatment
c_001,digital_to_premium_upsell,2025-05-15,2025-06-15,email+meta,u_04990,treatment
c_001,digital_to_premium_upsell,2025-05-15,2025-06-15,email+meta,u_04120,treatment
c_001,digital_to_premium_upsell,2025-05-15,2025-06-15,email+meta,u_00211,control
c_001,digital_to_premium_upsell,2025-05-15,2025-06-15,email+meta,u_00672,treatment
c_001,digital_to_premium_upsell,2025-05-15,2025-06-15,email+meta,u_04872,treatment
c_001,digital_to_premium_upsell,2025-05-15,2025-06-15,email+meta,u_03661,control
c_001,digital_to_premium_upsell,2025-05-15,2025-06-15,email+meta,u_00439,treatment
c_001,digital_to_premium_upsell,2025-05-15,2025-06-15,email+meta,u_02906,treatment
c_001,digital_to_premium_upsell,2025-05-15,2025-06-15,email+meta,u_01425,control
c_001,digital_to_premium_upsell,2025-05-15,2025-06-15,email+meta,u_04157,treatment
c_001,digital_to_premium_upsell,2025-05-15,2025-06-15,email+meta,u_00881,treatment
c_001,digital_to_premium_upsell,2025-05-15,2025-06-15,email+meta,u_04135,treatment
c_001,digital_to_premium_upsell,2025-05-15,2025-06-15,email+meta,u_01715,treatment
c_001,digital_to_premium_upsell,2025-05-15,2025-06-15,email+meta,u_01142,treatment
c_001,digital_to_premium_upsell,2025-05-15,2025-06-15,email+meta,u_01009,treatment
c_001,digital_to_premium_upsell,2025-05-15,2025-06-15,email+meta,u_02882,treatment
c_001,digital_to_premium_upsell,2025-05-15,2025-06-15,email+meta,u_04754,treatment
c_001,digital_to_premium_upsell,2025-05-15,2025-06-15,email+meta,u_04669,treatment
c_001,digital_to_premium_upsell,2025-05-15,2025-06-15,email+meta,u_01822,treatment
c_001,digital_to_premium_upsell,2025-05-15,2025-06-15,email+meta,u_03080,treatment
c_001,digital_to_premium_upsell,2025-05-15,2025-06-15,email+meta,u_00386,treatment
c_001,digital_to_premium_upsell,2025-05-15,2025-06-15,email+meta,u_02039,control
c_001,digital_to_premium_upsell,2025-05-15,2025-06-15,email+meta,u_01851,control
c_001,digital_to_premium_upsell,2025-05-15,2025-06-15,email+meta,u_03979,treatment
c_001,digital_to_premium_upsell,2025-05-15,2025-06-15,email+meta,u_02524,treatment
c_001,digital_to_premium_upsell,2025-05-15,2025-06-15,email+meta,u_03603,treatment
c_001,digital_to_premium_upsell,2025-05-15,2025-06-15,email+meta,u_03060,treatment
c_001,digital_to_premium_upsell,2025-05-15,2025-06-15,email+meta,u_03889,treatment
c_001,digital_to_premium_upsell,2025-05-15,2025-06-15,email+meta,u_03309,treatment
c_001,digital_to_premium_upsell,2025-05-15,2025-06-15,email+meta,u_03700,treatment
c_001,digital_to_premium_upsell,2025-05-15,2025-06-15,email+meta,u_03133,treatment
c_001,digital_to_premium_upsell,2025-05-15,2025-06-15,email+meta,u_01728,treatment
c_001,digital_to_premium_upsell,2025-05-15,2025-06-15,email+meta,u_03004,treatment
c_001,digital_to_premium_upsell,2025-05-15,2025-06-15,email+meta,u_01993,control
c_001,digital_to_premium_upsell,2025-05-15,2025-06-15,email+meta,u_01597,treatment
c_001,digital_to_premium_upsell,2025-05-15,2025-06-15,email+meta,u_00397,treatment
c_001,digital_to_premium_upsell,2025-05-15,2025-06-15,email+meta,u_03328,treatment
c_001,digital_to_premium_upsell,2025-05-15,2025-06-15,email+meta,u_01496,treatment
c_001,digital_to_premium_upsell,2025-05-15,2025-06-15,email+meta,u_01572,treatment
c_001,digital_to_premium_upsell,2025-05-15,2025-06-15,email+meta,u_04926,control
c_001,digital_to_premium_upsell,2025-05-15,2025-06-15,email+meta,u_03418,treatment
c_001,digital_to_premium_upsell,2025-05-15,2025-06-15,email+meta,u_01718,control
c_001,digital_to_premium_upsell,2025-05-15,2025-06-15,email+meta,u_02166,treatment
c_001,digital_to_premium_upsell,2025-05-15,2025-06-15,email+meta,u_01231,treatment
c_001,digital_to_premium_upsell,2025-05-15,2025-06-15,email+meta,u_02653,treatment
c_001,digital_to_premium_upsell,2025-05-15,2025-06-15,email+meta,u_02948,treatment
c_001,digital_to_premium_upsell,2025-05-15,2025-06-15,email+meta,u_00614,treatment
c_001,digital_to_premium_upsell,2025-05-15,2025-06-15,email+meta,u_00291,treatment
c_001,digital_to_premium_upsell,2025-05-15,2025-06-15,email+meta,u_01922,control
c_001,digital_to_premium_upsell,2025-05-15,2025-06-15,email+meta,u_01439,control
c_001,digital_to_premium_upsell,2025-05-15,2025-06-15,email+meta,u_00991,treatment
c_001,digital_to_premium_upsell,2025-05-15,2025-06-15,email+meta,u_04703,control
c_001,digital_to_premium_upsell,2025-05-15,2025-06-15,email+meta,u_03178,treatment
c_001,digital_to_premium_upsell,2025-05-15,2025-06-15,email+meta,u_03107,control
c_001,digital_to_premium_upsell,2025-05-15,2025-06-15,email+meta,u_03344,treatment
c_001,digital_to_premium_upsell,2025-05-15,2025-06-15,email+meta,u_04685,treatment
c_001,digital_to_premium_upsell,2025-05-15,2025-06-15,email+meta,u_04388,treatment
c_001,digital_to_premium_upsell,2025-05-15,2025-06-15,email+meta,u_03319,treatment
c_001,digital_to_premium_upsell,2025-05-15,2025-06-15,email+meta,u_00651,treatment
c_001,digital_to_premium_upsell,2025-05-15,2025-06-15,email+meta,u_04151,treatment
c_001,digital_to_premium_upsell,2025-05-15,2025-06-15,email+meta,u_02134,control
c_001,digital_to_premium_upsell,2025-05-15,2025-06-15,email+meta,u_04236,treatment
c_001,digital_to_premium_upsell,2025-05-15,2025-06-15,email+meta,u_01420,treatment
c_001,digital_to_premium_upsell,2025-05-15,2025-06-15,email+meta,u_00731,treatment
c_001,digital_to_premium_upsell,2025-05-15,2025-06-15,email+meta,u_02404,treatment
c_001,digital_to_premium_upsell,2025-05-15,2025-06-15,email+meta,u_00346,control
c_001,digital_to_premium_upsell,2025-05-15,2025-06-15,email+meta,u_04106,control
c_001,digital_to_premium_upsell,2025-05-15,2025-06-15,email+meta,u_03306,control
c_001,digital_to_premium_upsell,2025-05-15,2025-06-15,email+meta,u_04229,treatment
c_001,digital_to_premium_upsell,2025-05-15,2025-06-15,email+meta,u_03266,treatment
c_001,digital_to_premium_upsell,2025-05-15,2025-06-15,email+meta,u_02124,treatment
c_001,digital_to_premium_upsell,2025-05-15,2025-06-15,email+meta,u_02474,control
c_001,digital_to_premium_upsell,2025-05-15,2025-06-15,email+meta,u_04846,control
c_001,digital_to_premium_upsell,2025-05-15,2025-06-15,email+meta,u_01393,treatment
c_001,digital_to_premium_upsell,2025-05-15,2025-06-15,email+meta,u_02780,treatment
c_001,digital_to_premium_upsell,2025-05-15,2025-06-15,email+meta,u_00914,treatment
c_001,digital_to_premium_upsell,2025-05-15,2025-06-15,email+meta,u_03955,treatment
c_001,digital_to_premium_upsell,2025-05-15,2025-06-15,email+meta,u_00795,control
c_001,digital_to_premium_upsell,2025-05-15,2025-06-15,email+meta,u_00961,treatment
c_001,digital_to_premium_upsell,2025-05-15,2025-06-15,email+meta,u_00393,control
c_001,digital_to_premium_upsell,2025-05-15,2025-06-15,email+meta,u_04734,treatment
c_001,digital_to_premium_upsell,2025-05-15,2025-06-15,email+meta,u_00269,treatment
c_001,digital_to_premium_upsell,2025-05-15,2025-06-15,email+meta,u_00343,treatment
c_001,digital_to_premium_upsell,2025-05-15,2025-06-15,email+meta,u_01795,treatment
c_001,digital_to_premium_upsell,2025-05-15,2025-06-15,email+meta,u_01654,control
c_001,digital_to_premium_upsell,2025-05-15,2025-06-15,email+meta,u_01963,control
c_001,digital_to_premium_upsell,2025-05-15,2025-06-15,email+meta,u_01960,treatment
c_001,digital_to_premium_upsell,2025-05-15,2025-06-15,email+meta,u_01752,treatment
c_001,digital_to_premium_upsell,2025-05-15,2025-06-15,email+meta,u_03408,treatment
c_001,digital_to_premium_upsell,2025-05-15,2025-06-15,email+meta,u_03617,treatment
c_001,digital_to_premium_upsell,2025-05-15,2025-06-15,email+meta,u_04615,treatment
c_001,digital_to_premium_upsell,2025-05-15,2025-06-15,email+meta,u_01882,treatment
c_001,digital_to_premium_upsell,2025-05-15,2025-06-15,email+meta,u_00894,treatment
c_001,digital_to_premium_upsell,2025-05-15,2025-06-15,email+meta,u_00696,treatment
c_001,digital_to_premium_upsell,2025-05-15,2025-06-15,email+meta,u_01828,treatment
c_001,digital_to_premium_upsell,2025-05-15,2025-06-15,email+meta,u_02499,treatment
c_001,digital_to_premium_upsell,2025-05-15,2025-06-15,email+meta,u_02294,treatment
c_001,digital_to_premium_upsell,2025-05-15,2025-06-15,email+meta,u_02535,treatment
c_001,digital_to_premium_upsell,2025-05-15,2025-06-15,email+meta,u_01943,treatment
c_001,digital_to_premium_upsell,2025-05-15,2025-06-15,email+meta,u_04501,treatment
c_001,digital_to_premium_upsell,2025-05-15,2025-06-15,email+meta,u_01927,treatment
c_001,digital_to_premium_upsell,2025-05-15,2025-06-15,email+meta,u_00444,treatment
c_001,digital_to_premium_upsell,2025-05-15,2025-06-15,email+meta,u_04353,treatment
c_001,digital_to_premium_upsell,2025-05-15,2025-06-15,email+meta,u_01378,treatment
c_001,digital_to_premium_upsell,2025-05-15,2025-06-15,email+meta,u_02890,treatment
c_001,digital_to_premium_upsell,2025-05-15,2025-06-15,email+meta,u_04817,control
c_001,digital_to_premium_upsell,2025-05-15,2025-06-15,email+meta,u_04849,treatment
c_001,digital_to_premium_upsell,2025-05-15,2025-06-15,email+meta,u_01196,treatment
c_001,digital_to_premium_upsell,2025-05-15,2025-06-15,email+meta,u_02668,control
c_001,digital_to_premium_upsell,2025-05-15,2025-06-15,email+meta,u_00496,treatment
c_001,digital_to_premium_upsell,2025-05-15,2025-06-15,email+meta,u_04991,treatment
c_001,digital_to_premium_upsell,2025-05-15,2025-06-15,email+meta,u_02228,control
c_001,digital_to_premium_upsell,2025-05-15,2025-06-15,email+meta,u_01374,treatment
c_001,digital_to_premium_upsell,2025-05-15,2025-06-15,email+meta,u_04825,treatment
c_001,digital_to_premium_upsell,2025-05-15,2025-06-15,email+meta,u_02731,treatment
c_001,digital_to_premium_upsell,2025-05-15,2025-06-15,email+meta,u_04149,treatment
c_001,digital_to_premium_upsell,2025-05-15,2025-06-15,email+meta,u_04752,control
c_001,digital_to_premium_upsell,2025-05-15,2025-06-15,email+meta,u_04604,treatment
c_001,digital_to_premium_upsell,2025-05-15,2025-06-15,email+meta,u_00055,treatment
c_001,digital_to_premium_upsell,2025-05-15,2025-06-15,email+meta,u_02498,control
c_001,digital_to_premium_upsell,2025-05-15,2025-06-15,email+meta,u_03016,treatment
c_001,digital_to_premium_upsell,2025-05-15,2025-06-15,email+meta,u_01892,treatment
c_001,digital_to_premium_upsell,2025-05-15,2025-06-15,email+meta,u_02774,treatment
c_001,digital_to_premium_upsell,2025-05-15,2025-06-15,email+meta,u_03804,control
c_001,digital_to_premium_upsell,2025-05-15,2025-06-15,email+meta,u_03302,treatment
c_001,digital_to_premium_upsell,2025-05-15,2025-06-15,email+meta,u_03187,treatment
c_001,digital_to_premium_upsell,2025-05-15,2025-06-15,email+meta,u_00633,treatment
c_001,digital_to_premium_upsell,2025-05-15,2025-06-15,email+meta,u_00578,treatment
c_001,digital_to_premium_upsell,2025-05-15,2025-06-15,email+meta,u_02407,treatment
c_001,digital_to_premium_upsell,2025-05-15,2025-06-15,email+meta,u_04687,treatment
c_001,digital_to_premium_upsell,2025-05-15,2025-06-15,email+meta,u_00788,control
c_001,digital_to_premium_upsell,2025-05-15,2025-06-15,email+meta,u_01081,treatment
c_001,digital_to_premium_upsell,2025-05-15,2025-06-15,email+meta,u_04255,control
c_001,digital_to_premium_upsell,2025-05-15,2025-06-15,email+meta,u_00234,treatment
c_001,digital_to_premium_upsell,2025-05-15,2025-06-15,email+meta,u_04110,treatment
c_001,digital_to_premium_upsell,2025-05-15,2025-06-15,email+meta,u_01939,treatment
c_001,digital_to_premium_upsell,2025-05-15,2025-06-15,email+meta,u_02918,treatment
c_001,digital_to_premium_upsell,2025-05-15,2025-06-15,email+meta,u_02234,treatment
c_001,digital_to_premium_upsell,2025-05-15,2025-06-15,email+meta,u_04611,control
c_001,digital_to_premium_upsell,2025-05-15,2025-06-15,email+meta,u_04866,control
c_001,digital_to_premium_upsell,2025-05-15,2025-06-15,email+meta,u_00785,control
c_001,digital_to_premium_upsell,2025-05-15,2025-06-15,email+meta,u_04428,treatment
c_001,digital_to_premium_upsell,2025-05-15,2025-06-15,email+meta,u_03228,treatment
c_001,digital_to_premium_upsell,2025-05-15,2025-06-15,email+meta,u_01386,treatment
c_001,digital_to_premium_upsell,2025-05-15,2025-06-15,email+meta,u_00786,control
c_001,digital_to_premium_upsell,2025-05-15,2025-06-15,email+meta,u_00525,treatment
c_001,digital_to_premium_upsell,2025-05-15,2025-06-15,email+meta,u_00715,control
c_001,digital_to_premium_upsell,2025-05-15,2025-06-15,email+meta,u_04525,control
c_001,digital_to_premium_upsell,2025-05-15,2025-06-15,email+meta,u_02739,treatment
c_001,digital_to_premium_upsell,2025-05-15,2025-06-15,email+meta,u_04237,control
c_001,digital_to_premium_upsell,2025-05-15,2025-06-15,email+meta,u_01741,treatment
c_001,digital_to_premium_upsell,2025-05-15,2025-06-15,email+meta,u_03999,control
c_001,digital_to_premium_upsell,2025-05-15,2025-06-15,email+meta,u_04068,treatment
c_001,digital_to_premium_upsell,2025-05-15,2025-06-15,email+meta,u_04414,treatment
c_001,digital_to_premium_upsell,2025-05-15,2025-06-15,email+meta,u_00858,control
c_001,digital_to_premium_upsell,2025-05-15,2025-06-15,email+meta,u_04462,control
c_001,digital_to_premium_upsell,2025-05-15,2025-06-15,email+meta,u_00293,treatment
c_001,digital_to_premium_upsell,2025-05-15,2025-06-15,email+meta,u_02160,treatment
c_001,digital_to_premium_upsell,2025-05-15,2025-06-15,email+meta,u_00562,treatment
c_001,digital_to_premium_upsell,2025-05-15,2025-06-15,email+meta,u_04419,control
c_001,digital_to_premium_upsell,2025-05-15,2025-06-15,email+meta,u_00094,treatment
c_001,digital_to_premium_upsell,2025-05-15,2025-06-15,email+meta,u_00662,treatment
c_001,digital_to_premium_upsell,2025-05-15,2025-06-15,email+meta,u_03415,treatment
c_001,digital_to_premium_upsell,2025-05-15,2025-06-15,email+meta,u_01062,treatment
c_001,digital_to_premium_upsell,2025-05-15,2025-06-15,email+meta,u_02375,treatment
c_001,digital_to_premium_upsell,2025-05-15,2025-06-15,email+meta,u_04934,treatment
c_001,digital_to_premium_upsell,2025-05-15,2025-06-15,email+meta,u_03909,control
c_001,digital_to_premium_upsell,2025-05-15,2025-06-15,email+meta,u_02690,treatment
c_001,digital_to_premium_upsell,2025-05-15,2025-06-15,email+meta,u_00658,treatment
c_001,digital_to_premium_upsell,2025-05-15,2025-06-15,email+meta,u_03528,control
c_001,digital_to_premium_upsell,2025-05-15,2025-06-15,email+meta,u_03783,treatment
c_001,digital_to_premium_upsell,2025-05-15,2025-06-15,email+meta,u_04758,treatment
c_001,digital_to_premium_upsell,2025-05-15,2025-06-15,email+meta,u_03666,treatment
c_001,digital_to_premium_upsell,2025-05-15,2025-06-15,email+meta,u_04394,treatment
c_001,digital_to_premium_upsell,2025-05-15,2025-06-15,email+meta,u_00390,control
c_001,digital_to_premium_upsell,2025-05-15,2025-06-15,email+meta,u_00102,treatment
c_001,digital_to_premium_upsell,2025-05-15,2025-06-15,email+meta,u_03653,treatment
c_001,digital_to_premium_upsell,2025-05-15,2025-06-15,email+meta,u_02595,treatment
c_001,digital_to_premium_upsell,2025-05-15,2025-06-15,email+meta,u_00939,treatment
c_001,digital_to_premium_upsell,2025-05-15,2025-06-15,email+meta,u_02458,treatment
c_001,digital_to_premium_upsell,2025-05-15,2025-06-15,email+meta,u_04056,treatment
c_001,digital_to_premium_upsell,2025-05-15,2025-06-15,email+meta,u_03181,treatment
c_001,digital_to_premium_upsell,2025-05-15,2025-06-15,email+meta,u_00007,treatment
c_001,digital_to_premium_upsell,2025-05-15,2025-06-15,email+meta,u_01064,treatment
c_001,digital_to_premium_upsell,2025-05-15,2025-06-15,email+meta,u_03526,treatment
c_001,digital_to_premium_upsell,2025-05-15,2025-06-15,email+meta,u_01811,treatment
c_001,digital_to_premium_upsell,2025-05-15,2025-06-15,email+meta,u_01104,control
c_001,digital_to_premium_upsell,2025-05-15,2025-06-15,email+meta,u_00225,treatment
c_001,digital_to_premium_upsell,2025-05-15,2025-06-15,email+meta,u_00960,treatment
c_001,digital_to_premium_upsell,2025-05-15,2025-06-15,email+meta,u_02157,control
c_001,digital_to_premium_upsell,2025-05-15,2025-06-15,email+meta,u_01228,treatment
c_001,digital_to_premium_upsell,2025-05-15,2025-06-15,email+meta,u_00437,treatment
c_001,digital_to_premium_upsell,2025-05-15,2025-06-15,email+meta,u_03684,treatment
c_001,digital_to_premium_upsell,2025-05-15,2025-06-15,email+meta,u_02403,treatment
c_001,digital_to_premium_upsell,2025-05-15,2025-06-15,email+meta,u_01044,treatment
c_001,digital_to_premium_upsell,2025-05-15,2025-06-15,email+meta,u_03416,treatment
c_001,digital_to_premium_upsell,2025-05-15,2025-06-15,email+meta,u_02471,treatment
c_001,digital_to_premium_upsell,2025-05-15,2025-06-15,email+meta,u_01961,treatment
c_001,digital_to_premium_upsell,2025-05-15,2025-06-15,email+meta,u_02227,treatment
c_001,digital_to_premium_upsell,2025-05-15,2025-06-15,email+meta,u_04702,treatment
c_001,digital_to_premium_upsell,2025-05-15,2025-06-15,email+meta,u_01772,treatment
c_001,digital_to_premium_upsell,2025-05-15,2025-06-15,email+meta,u_04463,treatment
c_001,digital_to_premium_upsell,2025-05-15,2025-06-15,email+meta,u_01855,treatment
c_001,digital_to_premium_upsell,2025-05-15,2025-06-15,email+meta,u_04417,control
c_001,digital_to_premium_upsell,2025-05-15,2025-06-15,email+meta,u_03916,treatment
c_001,digital_to_premium_upsell,2025-05-15,2025-06-15,email+meta,u_04815,treatment
c_001,digital_to_premium_upsell,2025-05-15,2025-06-15,email+meta,u_00549,treatment
c_001,digital_to_premium_upsell,2025-05-15,2025-06-15,email+meta,u_02564,treatment
c_001,digital_to_premium_upsell,2025-05-15,2025-06-15,email+meta,u_03160,treatment
c_001,digital_to_premium_upsell,2025-05-15,2025-06-15,email+meta,u_04185,treatment
c_001,digital_to_premium_upsell,2025-05-15,2025-06-15,email+meta,u_01382,treatment
c_001,digital_to_premium_upsell,2025-05-15,2025-06-15,email+meta,u_01464,treatment
c_001,digital_to_premium_upsell,2025-05-15,2025-06-15,email+meta,u_02137,treatment
c_001,digital_to_premium_upsell,2025-05-15,2025-06-15,email+meta,u_03474,treatment
c_001,digital_to_premium_upsell,2025-05-15,2025-06-15,email+meta,u_01803,treatment
c_001,digital_to_premium_upsell,2025-05-15,2025-06-15,email+meta,u_02464,treatment
c_001,digital_to_premium_upsell,2025-05-15,2025-06-15,email+meta,u_04067,treatment
c_001,digital_to_premium_upsell,2025-05-15,2025-06-15,email+meta,u_02537,treatment
c_001,digital_to_premium_upsell,2025-05-15,2025-06-15,email+meta,u_00465,control
c_001,digital_to_premium_upsell,2025-05-15,2025-06-15,email+meta,u_02143,treatment
c_001,digital_to_premium_upsell,2025-05-15,2025-06-15,email+meta,u_04553,treatment
c_001,digital_to_premium_upsell,2025-05-15,2025-06-15,email+meta,u_00726,treatment
c_001,digital_to_premium_upsell,2025-05-15,2025-06-15,email+meta,u_03817,treatment
c_001,digital_to_premium_upsell,2025-05-15,2025-06-15,email+meta,u_00941,control
c_001,digital_to_premium_upsell,2025-05-15,2025-06-15,email+meta,u_04083,treatment
c_001,digital_to_premium_upsell,2025-05-15,2025-06-15,email+meta,u_00232,treatment
c_001,digital_to_premium_upsell,2025-05-15,2025-06-15,email+meta,u_03324,treatment
c_001,digital_to_premium_upsell,2025-05-15,2025-06-15,email+meta,u_03331,treatment
c_001,digital_to_premium_upsell,2025-05-15,2025-06-15,email+meta,u_01428,treatment
c_001,digital_to_premium_upsell,2025-05-15,2025-06-15,email+meta,u_03976,control
c_001,digital_to_premium_upsell,2025-05-15,2025-06-15,email+meta,u_01144,treatment
c_001,digital_to_premium_upsell,2025-05-15,2025-06-15,email+meta,u_01036,control
c_001,digital_to_premium_upsell,2025-05-15,2025-06-15,email+meta,u_01534,treatment
c_001,digital_to_premium_upsell,2025-05-15,2025-06-15,email+meta,u_01838,treatment
c_001,digital_to_premium_upsell,2025-05-15,2025-06-15,email+meta,u_01457,treatment
c_001,digital_to_premium_upsell,2025-05-15,2025-06-15,email+meta,u_03022,treatment
c_001,digital_to_premium_upsell,2025-05-15,2025-06-15,email+meta,u_04940,treatment
c_001,digital_to_premium_upsell,2025-05-15,2025-06-15,email+meta,u_03336,control
c_001,digital_to_premium_upsell,2025-05-15,2025-06-15,email+meta,u_04426,treatment
c_001,digital_to_premium_upsell,2025-05-15,2025-06-15,email+meta,u_01651,treatment
c_001,digital_to_premium_upsell,2025-05-15,2025-06-15,email+meta,u_03780,treatment
c_001,digital_to_premium_upsell,2025-05-15,2025-06-15,email+meta,u_04182,treatment
c_001,digital_to_premium_upsell,2025-05-15,2025-06-15,email+meta,u_00774,treatment
c_001,digital_to_premium_upsell,2025-05-15,2025-06-15,email+meta,u_01992,treatment
c_001,digital_to_premium_upsell,2025-05-15,2025-06-15,email+meta,u_02962,treatment
c_001,digital_to_premium_upsell,2025-05-15,2025-06-15,email+meta,u_01925,treatment
c_001,digital_to_premium_upsell,2025-05-15,2025-06-15,email+meta,u_02622,treatment
c_001,digital_to_premium_upsell,2025-05-15,2025-06-15,email+meta,u_03983,treatment
c_001,digital_to_premium_upsell,2025-05-15,2025-06-15,email+meta,u_00202,control
c_001,digital_to_premium_upsell,2025-05-15,2025-06-15,email+meta,u_03795,control
c_001,digital_to_premium_upsell,2025-05-15,2025-06-15,email+meta,u_02409,control
c_001,digital_to_premium_upsell,2025-05-15,2025-06-15,email+meta,u_03214,treatment
c_001,digital_to_premium_upsell,2025-05-15,2025-06-15,email+meta,u_03524,control
c_001,digital_to_premium_upsell,2025-05-15,2025-06-15,email+meta,u_00417,control
c_001,digital_to_premium_upsell,2025-05-15,2025-06-15,email+meta,u_03619,treatment
c_001,digital_to_premium_upsell,2025-05-15,2025-06-15,email+meta,u_04865,treatment
c_001,digital_to_premium_upsell,2025-05-15,2025-06-15,email+meta,u_01737,treatment
c_001,digital_to_premium_upsell,2025-05-15,2025-06-15,email+meta,u_03627,treatment
c_001,digital_to_premium_upsell,2025-05-15,2025-06-15,email+meta,u_03676,control
c_001,digital_to_premium_upsell,2025-05-15,2025-06-15,email+meta,u_00339,treatment
c_001,digital_to_premium_upsell,2025-05-15,2025-06-15,email+meta,u_00261,treatment
c_001,digital_to_premium_upsell,2025-05-15,2025-06-15,email+meta,u_03054,treatment
c_001,digital_to_premium_upsell,2025-05-15,2025-06-15,email+meta,u_00720,treatment
c_001,digital_to_premium_upsell,2025-05-15,2025-06-15,email+meta,u_02817,treatment
c_001,digital_to_premium_upsell,2025-05-15,2025-06-15,email+meta,u_00569,treatment
c_001,digital_to_premium_upsell,2025-05-15,2025-06-15,email+meta,u_01794,treatment
c_001,digital_to_premium_upsell,2025-05-15,2025-06-15,email+meta,u_01885,treatment
c_001,digital_to_premium_upsell,2025-05-15,2025-06-15,email+meta,u_00377,treatment
c_001,digital_to_premium_upsell,2025-05-15,2025-06-15,email+meta,u_03241,treatment
c_001,digital_to_premium_upsell,2025-05-15,2025-06-15,email+meta,u_04286,control
c_001,digital_to_premium_upsell,2025-05-15,2025-06-15,email+meta,u_02635,control
c_001,digital_to_premium_upsell,2025-05-15,2025-06-15,email+meta,u_00606,treatment
c_001,digital_to_premium_upsell,2025-05-15,2025-06-15,email+meta,u_01808,control
c_001,digital_to_premium_upsell,2025-05-15,2025-06-15,email+meta,u_03362,treatment
c_001,digital_to_premium_upsell,2025-05-15,2025-06-15,email+meta,u_04221,treatment
c_001,digital_to_premium_upsell,2025-05-15,2025-06-15,email+meta,u_03257,treatment
c_001,digital_to_premium_upsell,2025-05-15,2025-06-15,email+meta,u_00303,treatment
c_001,digital_to_premium_upsell,2025-05-15,2025-06-15,email+meta,u_03738,treatment
c_001,digital_to_premium_upsell,2025-05-15,2025-06-15,email+meta,u_04282,treatment
c_001,digital_to_premium_upsell,2025-05-15,2025-06-15,email+meta,u_00233,treatment
c_001,digital_to_premium_upsell,2025-05-15,2025-06-15,email+meta,u_02626,treatment
c_001,digital_to_premium_upsell,2025-05-15,2025-06-15,email+meta,u_01423,control
c_001,digital_to_premium_upsell,2025-05-15,2025-06-15,email+meta,u_00363,treatment
c_001,digital_to_premium_upsell,2025-05-15,2025-06-15,email+meta,u_02713,control
c_001,digital_to_premium_upsell,2025-05-15,2025-06-15,email+meta,u_01749,treatment
c_001,digital_to_premium_upsell,2025-05-15,2025-06-15,email+meta,u_00126,treatment
c_001,digital_to_premium_upsell,2025-05-15,2025-06-15,email+meta,u_04395,treatment
c_001,digital_to_premium_upsell,2025-05-15,2025-06-15,email+meta,u_00954,treatment
c_001,digital_to_premium_upsell,2025-05-15,2025-06-15,email+meta,u_00482,control
c_001,digital_to_premium_upsell,2025-05-15,2025-06-15,email+meta,u_03126,control
c_001,digital_to_premium_upsell,2025-05-15,2025-06-15,email+meta,u_04172,treatment
c_001,digital_to_premium_upsell,2025-05-15,2025-06-15,email+meta,u_04047,control
c_001,digital_to_premium_upsell,2025-05-15,2025-06-15,email+meta,u_00711,treatment
c_001,digital_to_premium_upsell,2025-05-15,2025-06-15,email+meta,u_04919,treatment
c_001,digital_to_premium_upsell,2025-05-15,2025-06-15,email+meta,u_04732,treatment
c_001,digital_to_premium_upsell,2025-05-15,2025-06-15,email+meta,u_02012,treatment
c_001,digital_to_premium_upsell,2025-05-15,2025-06-15,email+meta,u_03537,treatment
c_001,digital_to_premium_upsell,2025-05-15,2025-06-15,email+meta,u_00710,control
c_001,digital_to_premium_upsell,2025-05-15,2025-06-15,email+meta,u_03720,treatment
c_001,digital_to_premium_upsell,2025-05-15,2025-06-15,email+meta,u_02859,control
c_001,digital_to_premium_upsell,2025-05-15,2025-06-15,email+meta,u_03545,control
c_001,digital_to_premium_upsell,2025-05-15,2025-06-15,email+meta,u_03467,treatment
c_001,digital_to_premium_upsell,2025-05-15,2025-06-15,email+meta,u_00814,control
c_001,digital_to_premium_upsell,2025-05-15,2025-06-15,email+meta,u_00131,treatment
c_001,digital_to_premium_upsell,2025-05-15,2025-06-15,email+meta,u_03536,treatment
c_001,digital_to_premium_upsell,2025-05-15,2025-06-15,email+meta,u_01543,control
c_001,digital_to_premium_upsell,2025-05-15,2025-06-15,email+meta,u_02488,treatment
c_001,digital_to_premium_upsell,2025-05-15,2025-06-15,email+meta,u_04810,treatment
c_001,digital_to_premium_upsell,2025-05-15,2025-06-15,email+meta,u_00491,treatment
c_001,digital_to_premium_upsell,2025-05-15,2025-06-15,email+meta,u_03767,treatment
c_001,digital_to_premium_upsell,2025-05-15,2025-06-15,email+meta,u_02994,treatment
c_001,digital_to_premium_upsell,2025-05-15,2025-06-15,email+meta,u_04564,treatment
c_001,digital_to_premium_upsell,2025-05-15,2025-06-15,email+meta,u_00352,treatment
c_001,digital_to_premium_upsell,2025-05-15,2025-06-15,email+meta,u_00187,treatment
c_001,digital_to_premium_upsell,2025-05-15,2025-06-15,email+meta,u_03117,treatment
c_001,digital_to_premium_upsell,2025-05-15,2025-06-15,email+meta,u_02847,treatment
c_001,digital_to_premium_upsell,2025-05-15,2025-06-15,email+meta,u_04544,treatment
c_001,digital_to_premium_upsell,2025-05-15,2025-06-15,email+meta,u_04291,treatment
c_001,digital_to_premium_upsell,2025-05-15,2025-06-15,email+meta,u_00400,treatment
c_001,digital_to_premium_upsell,2025-05-15,2025-06-15,email+meta,u_02271,treatment
c_001,digital_to_premium_upsell,2025-05-15,2025-06-15,email+meta,u_02032,treatment
c_001,digital_to_premium_upsell,2025-05-15,2025-06-15,email+meta,u_04292,treatment
c_001,digital_to_premium_upsell,2025-05-15,2025-06-15,email+meta,u_01050,treatment
c_001,digital_to_premium_upsell,2025-05-15,2025-06-15,email+meta,u_01101,treatment
c_001,digital_to_premium_upsell,2025-05-15,2025-06-15,email+meta,u_02344,treatment
c_001,digital_to_premium_upsell,2025-05-15,2025-06-15,email+meta,u_02506,treatment
c_001,digital_to_premium_upsell,2025-05-15,2025-06-15,email+meta,u_04666,treatment
c_001,digital_to_premium_upsell,2025-05-15,2025-06-15,email+meta,u_03168,treatment
c_001,digital_to_premium_upsell,2025-05-15,2025-06-15,email+meta,u_03204,treatment
c_001,digital_to_premium_upsell,2025-05-15,2025-06-15,email+meta,u_00422,treatment
c_001,digital_to_premium_upsell,2025-05-15,2025-06-15,email+meta,u_01541,treatment
c_001,digital_to_premium_upsell,2025-05-15,2025-06-15,email+meta,u_01402,control
c_001,digital_to_premium_upsell,2025-05-15,2025-06-15,email+meta,u_02280,treatment
c_001,digital_to_premium_upsell,2025-05-15,2025-06-15,email+meta,u_00964,treatment
c_001,digital_to_premium_upsell,2025-05-15,2025-06-15,email+meta,u_01778,treatment
c_001,digital_to_premium_upsell,2025-05-15,2025-06-15,email+meta,u_01164,control
c_001,digital_to_premium_upsell,2025-05-15,2025-06-15,email+meta,u_02275,control
c_001,digital_to_premium_upsell,2025-05-15,2025-06-15,email+meta,u_02230,treatment
c_001,digital_to_premium_upsell,2025-05-15,2025-06-15,email+meta,u_03460,control
c_001,digital_to_premium_upsell,2025-05-15,2025-06-15,email+meta,u_00488,treatment
c_001,digital_to_premium_upsell,2025-05-15,2025-06-15,email+meta,u_03098,treatment
c_001,digital_to_premium_upsell,2025-05-15,2025-06-15,email+meta,u_01250,treatment
c_001,digital_to_premium_upsell,2025-05-15,2025-06-15,email+meta,u_00436,treatment
c_001,digital_to_premium_upsell,2025-05-15,2025-06-15,email+meta,u_04738,treatment
c_001,digital_to_premium_upsell,2025-05-15,2025-06-15,email+meta,u_00256,treatment
c_001,digital_to_premium_upsell,2025-05-15,2025-06-15,email+meta,u_03642,treatment
c_001,digital_to_premium_upsell,2025-05-15,2025-06-15,email+meta,u_00830,control
c_001,digital_to_premium_upsell,2025-05-15,2025-06-15,email+meta,u_00789,treatment
c_001,digital_to_premium_upsell,2025-05-15,2025-06-15,email+meta,u_01551,control
c_001,digital_to_premium_upsell,2025-05-15,2025-06-15,email+meta,u_03363,treatment
c_001,digital_to_premium_upsell,2025-05-15,2025-06-15,email+meta,u_03635,treatment
c_001,digital_to_premium_upsell,2025-05-15,2025-06-15,email+meta,u_02009,treatment
c_001,digital_to_premium_upsell,2025-05-15,2025-06-15,email+meta,u_02891,control
c_001,digital_to_premium_upsell,2025-05-15,2025-06-15,email+meta,u_00457,treatment
c_001,digital_to_premium_upsell,2025-05-15,2025-06-15,email+meta,u_04009,treatment
c_001,digital_to_premium_upsell,2025-05-15,2025-06-15,email+meta,u_01434,treatment
c_001,digital_to_premium_upsell,2025-05-15,2025-06-15,email+meta,u_03652,treatment
c_001,digital_to_premium_upsell,2025-05-15,2025-06-15,email+meta,u_01013,treatment
c_001,digital_to_premium_upsell,2025-05-15,2025-06-15,email+meta,u_03506,treatment
c_001,digital_to_premium_upsell,2025-05-15,2025-06-15,email+meta,u_01129,control
c_001,digital_to_premium_upsell,2025-05-15,2025-06-15,email+meta,u_04683,treatment
c_001,digital_to_premium_upsell,2025-05-15,2025-06-15,email+meta,u_01106,treatment
c_001,digital_to_premium_upsell,2025-05-15,2025-06-15,email+meta,u_04749,treatment
c_001,digital_to_premium_upsell,2025-05-15,2025-06-15,email+meta,u_00399,control
c_001,digital_to_premium_upsell,2025-05-15,2025-06-15,email+meta,u_04535,control
c_001,digital_to_premium_upsell,2025-05-15,2025-06-15,email+meta,u_00798,treatment
c_001,digital_to_premium_upsell,2025-05-15,2025-06-15,email+meta,u_04496,treatment
c_001,digital_to_premium_upsell,2025-05-15,2025-06-15,email+meta,u_04973,treatment
c_001,digital_to_premium_upsell,2025-05-15,2025-06-15,email+meta,u_02926,treatment
c_001,digital_to_premium_upsell,2025-05-15,2025-06-15,email+meta,u_03837,treatment
c_001,digital_to_premium_upsell,2025-05-15,2025-06-15,email+meta,u_04141,treatment
c_001,digital_to_premium_upsell,2025-05-15,2025-06-15,email+meta,u_03970,treatment
c_001,digital_to_premium_upsell,2025-05-15,2025-06-15,email+meta,u_02536,treatment
c_001,digital_to_premium_upsell,2025-05-15,2025-06-15,email+meta,u_01362,treatment
c_001,digital_to_premium_upsell,2025-05-15,2025-06-15,email+meta,u_01459,treatment
c_002,free_to_digital_conversion,2025-11-01,2025-12-01,email+google,u_03567,treatment
c_002,free_to_digital_conversion,2025-11-01,2025-12-01,email+google,u_04253,treatment
c_002,free_to_digital_conversion,2025-11-01,2025-12-01,email+google,u_01919,control
c_002,free_to_digital_conversion,2025-11-01,2025-12-01,email+google,u_04112,treatment
c_002,free_to_digital_conversion,2025-11-01,2025-12-01,email+google,u_01472,treatment
c_002,free_to_digital_conversion,2025-11-01,2025-12-01,email+google,u_00930,treatment
c_002,free_to_digital_conversion,2025-11-01,2025-12-01,email+google,u_01917,control
c_002,free_to_digital_conversion,2025-11-01,2025-12-01,email+google,u_03996,treatment
c_002,free_to_digital_conversion,2025-11-01,2025-12-01,email+google,u_01131,treatment
c_002,free_to_digital_conversion,2025-11-01,2025-12-01,email+google,u_01724,treatment
c_002,free_to_digital_conversion,2025-11-01,2025-12-01,email+google,u_02385,treatment
c_002,free_to_digital_conversion,2025-11-01,2025-12-01,email+google,u_04201,treatment
c_002,free_to_digital_conversion,2025-11-01,2025-12-01,email+google,u_00089,treatment
c_002,free_to_digital_conversion,2025-11-01,2025-12-01,email+google,u_01779,treatment
c_002,free_to_digital_conversion,2025-11-01,2025-12-01,email+google,u_01429,treatment
c_002,free_to_digital_conversion,2025-11-01,2025-12-01,email+google,u_00318,treatment
c_002,free_to_digital_conversion,2025-11-01,2025-12-01,email+google,u_02783,control
c_002,free_to_digital_conversion,2025-11-01,2025-12-01,email+google,u_02657,control
c_002,free_to_digital_conversion,2025-11-01,2025-12-01,email+google,u_00967,treatment
c_002,free_to_digital_conversion,2025-11-01,2025-12-01,email+google,u_02080,control
c_002,free_to_digital_conversion,2025-11-01,2025-12-01,email+google,u_00036,control
c_002,free_to_digital_conversion,2025-11-01,2025-12-01,email+google,u_00672,treatment
c_002,free_to_digital_conversion,2025-11-01,2025-12-01,email+google,u_02392,treatment
c_002,free_to_digital_conversion,2025-11-01,2025-12-01,email+google,u_01636,treatment
c_002,free_to_digital_conversion,2025-11-01,2025-12-01,email+google,u_03775,control
c_002,free_to_digital_conversion,2025-11-01,2025-12-01,email+google,u_01576,treatment
c_002,free_to_digital_conversion,2025-11-01,2025-12-01,email+google,u_02225,treatment
c_002,free_to_digital_conversion,2025-11-01,2025-12-01,email+google,u_00564,treatment
c_002,free_to_digital_conversion,2025-11-01,2025-12-01,email+google,u_00939,treatment
c_002,free_to_digital_conversion,2025-11-01,2025-12-01,email+google,u_01421,treatment
c_002,free_to_digital_conversion,2025-11-01,2025-12-01,email+google,u_02521,treatment
c_002,free_to_digital_conversion,2025-11-01,2025-12-01,email+google,u_01072,treatment
c_002,free_to_digital_conversion,2025-11-01,2025-12-01,email+google,u_02811,treatment
c_002,free_to_digital_conversion,2025-11-01,2025-12-01,email+google,u_03551,treatment
c_002,free_to_digital_conversion,2025-11-01,2025-12-01,email+google,u_00739,treatment
c_002,free_to_digital_conversion,2025-11-01,2025-12-01,email+google,u_02248,treatment
c_002,free_to_digital_conversion,2025-11-01,2025-12-01,email+google,u_00550,treatment
c_002,free_to_digital_conversion,2025-11-01,2025-12-01,email+google,u_04294,treatment
c_002,free_to_digital_conversion,2025-11-01,2025-12-01,email+google,u_02644,control
c_002,free_to_digital_conversion,2025-11-01,2025-12-01,email+google,u_01026,treatment
c_002,free_to_digital_conversion,2025-11-01,2025-12-01,email+google,u_03677,treatment
c_002,free_to_digital_conversion,2025-11-01,2025-12-01,email+google,u_01203,treatment
c_002,free_to_digital_conversion,2025-11-01,2025-12-01,email+google,u_04810,treatment
c_002,free_to_digital_conversion,2025-11-01,2025-12-01,email+google,u_04244,treatment
c_002,free_to_digital_conversion,2025-11-01,2025-12-01,email+google,u_00800,treatment
c_002,free_to_digital_conversion,2025-11-01,2025-12-01,email+google,u_04547,treatment
c_002,free_to_digital_conversion,2025-11-01,2025-12-01,email+google,u_03808,treatment
c_002,free_to_digital_conversion,2025-11-01,2025-12-01,email+google,u_04535,control
c_002,free_to_digital_conversion,2025-11-01,2025-12-01,email+google,u_04842,treatment
c_002,free_to_digital_conversion,2025-11-01,2025-12-01,email+google,u_00187,treatment
c_002,free_to_digital_conversion,2025-11-01,2025-12-01,email+google,u_00122,treatment
c_002,free_to_digital_conversion,2025-11-01,2025-12-01,email+google,u_03282,treatment
c_002,free_to_digital_conversion,2025-11-01,2025-12-01,email+google,u_04468,treatment
c_002,free_to_digital_conversion,2025-11-01,2025-12-01,email+google,u_04807,treatment
c_002,free_to_digital_conversion,2025-11-01,2025-12-01,email+google,u_00825,treatment
c_002,free_to_digital_conversion,2025-11-01,2025-12-01,email+google,u_02835,control
c_002,free_to_digital_conversion,2025-11-01,2025-12-01,email+google,u_03733,control
c_002,free_to_digital_conversion,2025-11-01,2025-12-01,email+google,u_02381,treatment
c_002,free_to_digital_conversion,2025-11-01,2025-12-01,email+google,u_02660,control
c_002,free_to_digital_conversion,2025-11-01,2025-12-01,email+google,u_02578,treatment
c_002,free_to_digital_conversion,2025-11-01,2025-12-01,email+google,u_04074,treatment
c_002,free_to_digital_conversion,2025-11-01,2025-12-01,email+google,u_01584,treatment
c_002,free_to_digital_conversion,2025-11-01,2025-12-01,email+google,u_01753,control
c_002,free_to_digital_conversion,2025-11-01,2025-12-01,email+google,u_01035,control
c_002,free_to_digital_conversion,2025-11-01,2025-12-01,email+google,u_01081,treatment
c_002,free_to_digital_conversion,2025-11-01,2025-12-01,email+google,u_02711,treatment
c_002,free_to_digital_conversion,2025-11-01,2025-12-01,email+google,u_01555,treatment
c_002,free_to_digital_conversion,2025-11-01,2025-12-01,email+google,u_03056,treatment
c_002,free_to_digital_conversion,2025-11-01,2025-12-01,email+google,u_00219,treatment
c_002,free_to_digital_conversion,2025-11-01,2025-12-01,email+google,u_02782,treatment
c_002,free_to_digital_conversion,2025-11-01,2025-12-01,email+google,u_01441,treatment
c_002,free_to_digital_conversion,2025-11-01,2025-12-01,email+google,u_02279,treatment
c_002,free_to_digital_conversion,2025-11-01,2025-12-01,email+google,u_01665,treatment
c_002,free_to_digital_conversion,2025-11-01,2025-12-01,email+google,u_03534,treatment
c_002,free_to_digital_conversion,2025-11-01,2025-12-01,email+google,u_04840,treatment
c_002,free_to_digital_conversion,2025-11-01,2025-12-01,email+google,u_02842,treatment
c_002,free_to_digital_conversion,2025-11-01,2025-12-01,email+google,u_03439,treatment
c_002,free_to_digital_conversion,2025-11-01,2025-12-01,email+google,u_04783,treatment
c_002,free_to_digital_conversion,2025-11-01,2025-12-01,email+google,u_00259,treatment
c_002,free_to_digital_conversion,2025-11-01,2025-12-01,email+google,u_00577,treatment
c_002,free_to_digital_conversion,2025-11-01,2025-12-01,email+google,u_03920,control
c_002,free_to_digital_conversion,2025-11-01,2025-12-01,email+google,u_03082,control
c_002,free_to_digital_conversion,2025-11-01,2025-12-01,email+google,u_04822,treatment
c_002,free_to_digital_conversion,2025-11-01,2025-12-01,email+google,u_00745,control
c_002,free_to_digital_conversion,2025-11-01,2025-12-01,email+google,u_04224,control
c_002,free_to_digital_conversion,2025-11-01,2025-12-01,email+google,u_03976,treatment
c_002,free_to_digital_conversion,2025-11-01,2025-12-01,email+google,u_01549,treatment
c_002,free_to_digital_conversion,2025-11-01,2025-12-01,email+google,u_01940,control
c_002,free_to_digital_conversion,2025-11-01,2025-12-01,email+google,u_01710,treatment
c_002,free_to_digital_conversion,2025-11-01,2025-12-01,email+google,u_00936,treatment
c_002,free_to_digital_conversion,2025-11-01,2025-12-01,email+google,u_00522,treatment
c_002,free_to_digital_conversion,2025-11-01,2025-12-01,email+google,u_04921,treatment
c_002,free_to_digital_conversion,2025-11-01,2025-12-01,email+google,u_02129,control
c_002,free_to_digital_conversion,2025-11-01,2025-12-01,email+google,u_03410,treatment
c_002,free_to_digital_conversion,2025-11-01,2025-12-01,email+google,u_03134,treatment
c_002,free_to_digital_conversion,2025-11-01,2025-12-01,email+google,u_04537,treatment
c_002,free_to_digital_conversion,2025-11-01,2025-12-01,email+google,u_00329,treatment
c_002,free_to_digital_conversion,2025-11-01,2025-12-01,email+google,u_01928,control
c_002,free_to_digital_conversion,2025-11-01,2025-12-01,email+google,u_04330,control
c_002,free_to_digital_conversion,2025-11-01,2025-12-01,email+google,u_02230,treatment
c_002,free_to_digital_conversion,2025-11-01,2025-12-01,email+google,u_01987,treatment
c_002,free_to_digital_conversion,2025-11-01,2025-12-01,email+google,u_03423,control
c_002,free_to_digital_conversion,2025-11-01,2025-12-01,email+google,u_00281,treatment
c_002,free_to_digital_conversion,2025-11-01,2025-12-01,email+google,u_00375,treatment
c_002,free_to_digital_conversion,2025-11-01,2025-12-01,email+google,u_00323,control
c_002,free_to_digital_conversion,2025-11-01,2025-12-01,email+google,u_00130,treatment
c_002,free_to_digital_conversion,2025-11-01,2025-12-01,email+google,u_03737,control
c_002,free_to_digital_conversion,2025-11-01,2025-12-01,email+google,u_02608,treatment
c_002,free_to_digital_conversion,2025-11-01,2025-12-01,email+google,u_01909,treatment
c_002,free_to_digital_conversion,2025-11-01,2025-12-01,email+google,u_03211,treatment
c_002,free_to_digital_conversion,2025-11-01,2025-12-01,email+google,u_00120,treatment
c_002,free_to_digital_conversion,2025-11-01,2025-12-01,email+google,u_04924,treatment
c_002,free_to_digital_conversion,2025-11-01,2025-12-01,email+google,u_00199,treatment
c_002,free_to_digital_conversion,2025-11-01,2025-12-01,email+google,u_00706,treatment
c_002,free_to_digital_conversion,2025-11-01,2025-12-01,email+google,u_04756,treatment
c_002,free_to_digital_conversion,2025-11-01,2025-12-01,email+google,u_02162,treatment
c_002,free_to_digital_conversion,2025-11-01,2025-12-01,email+google,u_03970,treatment
c_002,free_to_digital_conversion,2025-11-01,2025-12-01,email+google,u_00863,treatment
c_002,free_to_digital_conversion,2025-11-01,2025-12-01,email+google,u_00886,control
c_002,free_to_digital_conversion,2025-11-01,2025-12-01,email+google,u_02067,treatment
c_002,free_to_digital_conversion,2025-11-01,2025-12-01,email+google,u_02409,treatment
c_002,free_to_digital_conversion,2025-11-01,2025-12-01,email+google,u_00823,treatment
c_002,free_to_digital_conversion,2025-11-01,2025-12-01,email+google,u_04181,treatment
c_002,free_to_digital_conversion,2025-11-01,2025-12-01,email+google,u_03601,treatment
c_002,free_to_digital_conversion,2025-11-01,2025-12-01,email+google,u_04994,treatment
c_002,free_to_digital_conversion,2025-11-01,2025-12-01,email+google,u_02390,treatment
c_002,free_to_digital_conversion,2025-11-01,2025-12-01,email+google,u_02977,treatment
c_002,free_to_digital_conversion,2025-11-01,2025-12-01,email+google,u_02269,treatment
c_002,free_to_digital_conversion,2025-11-01,2025-12-01,email+google,u_03237,control
c_002,free_to_digital_conversion,2025-11-01,2025-12-01,email+google,u_01368,treatment
c_002,free_to_digital_conversion,2025-11-01,2025-12-01,email+google,u_00684,treatment
c_002,free_to_digital_conversion,2025-11-01,2025-12-01,email+google,u_03422,treatment
c_002,free_to_digital_conversion,2025-11-01,2025-12-01,email+google,u_02072,control
c_002,free_to_digital_conversion,2025-11-01,2025-12-01,email+google,u_02415,treatment
c_002,free_to_digital_conversion,2025-11-01,2025-12-01,email+google,u_04685,control
c_002,free_to_digital_conversion,2025-11-01,2025-12-01,email+google,u_02611,treatment
c_002,free_to_digital_conversion,2025-11-01,2025-12-01,email+google,u_01577,treatment
c_002,free_to_digital_conversion,2025-11-01,2025-12-01,email+google,u_00840,control
c_002,free_to_digital_conversion,2025-11-01,2025-12-01,email+google,u_01005,treatment
c_002,free_to_digital_conversion,2025-11-01,2025-12-01,email+google,u_02193,treatment
c_002,free_to_digital_conversion,2025-11-01,2025-12-01,email+google,u_02313,treatment
c_002,free_to_digital_conversion,2025-11-01,2025-12-01,email+google,u_02268,control
c_002,free_to_digital_conversion,2025-11-01,2025-12-01,email+google,u_02178,treatment
c_002,free_to_digital_conversion,2025-11-01,2025-12-01,email+google,u_01334,treatment
c_002,free_to_digital_conversion,2025-11-01,2025-12-01,email+google,u_04141,treatment
c_002,free_to_digital_conversion,2025-11-01,2025-12-01,email+google,u_01140,treatment
c_002,free_to_digital_conversion,2025-11-01,2025-12-01,email+google,u_01921,treatment
c_002,free_to_digital_conversion,2025-11-01,2025-12-01,email+google,u_03989,control
c_002,free_to_digital_conversion,2025-11-01,2025-12-01,email+google,u_00623,treatment
c_002,free_to_digital_conversion,2025-11-01,2025-12-01,email+google,u_00799,treatment
c_002,free_to_digital_conversion,2025-11-01,2025-12-01,email+google,u_00339,treatment
c_002,free_to_digital_conversion,2025-11-01,2025-12-01,email+google,u_00965,treatment
c_002,free_to_digital_conversion,2025-11-01,2025-12-01,email+google,u_01284,treatment
c_002,free_to_digital_conversion,2025-11-01,2025-12-01,email+google,u_02511,treatment
c_002,free_to_digital_conversion,2025-11-01,2025-12-01,email+google,u_04901,treatment
c_002,free_to_digital_conversion,2025-11-01,2025-12-01,email+google,u_02240,treatment
c_002,free_to_digital_conversion,2025-11-01,2025-12-01,email+google,u_03626,treatment
c_002,free_to_digital_conversion,2025-11-01,2025-12-01,email+google,u_04186,control
c_002,free_to_digital_conversion,2025-11-01,2025-12-01,email+google,u_04140,treatment
c_002,free_to_digital_conversion,2025-11-01,2025-12-01,email+google,u_01129,treatment
c_002,free_to_digital_conversion,2025-11-01,2025-12-01,email+google,u_03746,control
c_002,free_to_digital_conversion,2025-11-01,2025-12-01,email+google,u_01712,treatment
c_002,free_to_digital_conversion,2025-11-01,2025-12-01,email+google,u_01124,treatment
c_002,free_to_digital_conversion,2025-11-01,2025-12-01,email+google,u_00747,treatment
c_002,free_to_digital_conversion,2025-11-01,2025-12-01,email+google,u_04049,treatment
c_002,free_to_digital_conversion,2025-11-01,2025-12-01,email+google,u_02726,treatment
c_002,free_to_digital_conversion,2025-11-01,2025-12-01,email+google,u_00073,treatment
c_002,free_to_digital_conversion,2025-11-01,2025-12-01,email+google,u_02496,treatment
c_002,free_to_digital_conversion,2025-11-01,2025-12-01,email+google,u_04380,treatment
c_002,free_to_digital_conversion,2025-11-01,2025-12-01,email+google,u_02101,treatment
c_002,free_to_digital_conversion,2025-11-01,2025-12-01,email+google,u_02629,treatment
c_002,free_to_digital_conversion,2025-11-01,2025-12-01,email+google,u_00342,treatment
c_002,free_to_digital_conversion,2025-11-01,2025-12-01,email+google,u_01814,treatment
c_002,free_to_digital_conversion,2025-11-01,2025-12-01,email+google,u_01903,treatment
c_002,free_to_digital_conversion,2025-11-01,2025-12-01,email+google,u_02312,treatment
c_002,free_to_digital_conversion,2025-11-01,2025-12-01,email+google,u_01055,treatment
c_002,free_to_digital_conversion,2025-11-01,2025-12-01,email+google,u_04034,treatment
c_002,free_to_digital_conversion,2025-11-01,2025-12-01,email+google,u_04914,treatment
c_002,free_to_digital_conversion,2025-11-01,2025-12-01,email+google,u_01369,treatment
c_002,free_to_digital_conversion,2025-11-01,2025-12-01,email+google,u_02226,treatment
c_002,free_to_digital_conversion,2025-11-01,2025-12-01,email+google,u_00131,treatment
c_002,free_to_digital_conversion,2025-11-01,2025-12-01,email+google,u_00046,treatment
c_002,free_to_digital_conversion,2025-11-01,2025-12-01,email+google,u_00386,treatment
c_002,free_to_digital_conversion,2025-11-01,2025-12-01,email+google,u_03525,treatment
c_002,free_to_digital_conversion,2025-11-01,2025-12-01,email+google,u_04960,treatment
c_002,free_to_digital_conversion,2025-11-01,2025-12-01,email+google,u_03858,treatment
c_002,free_to_digital_conversion,2025-11-01,2025-12-01,email+google,u_00498,treatment
c_002,free_to_digital_conversion,2025-11-01,2025-12-01,email+google,u_02987,treatment
c_002,free_to_digital_conversion,2025-11-01,2025-12-01,email+google,u_02734,control
c_002,free_to_digital_conversion,2025-11-01,2025-12-01,email+google,u_04155,control
c_002,free_to_digital_conversion,2025-11-01,2025-12-01,email+google,u_01227,treatment
c_002,free_to_digital_conversion,2025-11-01,2025-12-01,email+google,u_00193,control
c_002,free_to_digital_conversion,2025-11-01,2025-12-01,email+google,u_02673,treatment
c_002,free_to_digital_conversion,2025-11-01,2025-12-01,email+google,u_00525,treatment
c_002,free_to_digital_conversion,2025-11-01,2025-12-01,email+google,u_04673,control
c_002,free_to_digital_conversion,2025-11-01,2025-12-01,email+google,u_02661,treatment
c_002,free_to_digital_conversion,2025-11-01,2025-12-01,email+google,u_04572,treatment
c_002,free_to_digital_conversion,2025-11-01,2025-12-01,email+google,u_02465,control
c_002,free_to_digital_conversion,2025-11-01,2025-12-01,email+google,u_00604,treatment
c_002,free_to_digital_conversion,2025-11-01,2025-12-01,email+google,u_04440,treatment
c_002,free_to_digital_conversion,2025-11-01,2025-12-01,email+google,u_03823,treatment
c_002,free_to_digital_conversion,2025-11-01,2025-12-01,email+google,u_01212,treatment
c_002,free_to_digital_conversion,2025-11-01,2025-12-01,email+google,u_00465,treatment
c_002,free_to_digital_conversion,2025-11-01,2025-12-01,email+google,u_04806,control
c_002,free_to_digital_conversion,2025-11-01,2025-12-01,email+google,u_01827,treatment
c_002,free_to_digital_conversion,2025-11-01,2025-12-01,email+google,u_01704,control
c_002,free_to_digital_conversion,2025-11-01,2025-12-01,email+google,u_01397,treatment
c_002,free_to_digital_conversion,2025-11-01,2025-12-01,email+google,u_00597,treatment
c_002,free_to_digital_conversion,2025-11-01,2025-12-01,email+google,u_00538,treatment
c_002,free_to_digital_conversion,2025-11-01,2025-12-01,email+google,u_03093,treatment
c_002,free_to_digital_conversion,2025-11-01,2025-12-01,email+google,u_03230,treatment
c_002,free_to_digital_conversion,2025-11-01,2025-12-01,email+google,u_03520,treatment
c_002,free_to_digital_conversion,2025-11-01,2025-12-01,email+google,u_02284,control
c_002,free_to_digital_conversion,2025-11-01,2025-12-01,email+google,u_01464,control
c_002,free_to_digital_conversion,2025-11-01,2025-12-01,email+google,u_02482,treatment
c_002,free_to_digital_conversion,2025-11-01,2025-12-01,email+google,u_04387,treatment
c_002,free_to_digital_conversion,2025-11-01,2025-12-01,email+google,u_01545,control
c_002,free_to_digital_conversion,2025-11-01,2025-12-01,email+google,u_02404,control
c_002,free_to_digital_conversion,2025-11-01,2025-12-01,email+google,u_02609,treatment
c_002,free_to_digital_conversion,2025-11-01,2025-12-01,email+google,u_00596,treatment
c_002,free_to_digital_conversion,2025-11-01,2025-12-01,email+google,u_04946,treatment
c_002,free_to_digital_conversion,2025-11-01,2025-12-01,email+google,u_04954,treatment
c_002,free_to_digital_conversion,2025-11-01,2025-12-01,email+google,u_04179,control
c_002,free_to_digital_conversion,2025-11-01,2025-12-01,email+google,u_02052,treatment
c_002,free_to_digital_conversion,2025-11-01,2025-12-01,email+google,u_00239,treatment
c_002,free_to_digital_conversion,2025-11-01,2025-12-01,email+google,u_04760,treatment
c_002,free_to_digital_conversion,2025-11-01,2025-12-01,email+google,u_00092,treatment
c_002,free_to_digital_conversion,2025-11-01,2025-12-01,email+google,u_00627,control
c_002,free_to_digital_conversion,2025-11-01,2025-12-01,email+google,u_03168,control
c_002,free_to_digital_conversion,2025-11-01,2025-12-01,email+google,u_01624,treatment
c_002,free_to_digital_conversion,2025-11-01,2025-12-01,email+google,u_04352,treatment
c_002,free_to_digital_conversion,2025-11-01,2025-12-01,email+google,u_02753,control
c_002,free_to_digital_conversion,2025-11-01,2025-12-01,email+google,u_03153,treatment
c_002,free_to_digital_conversion,2025-11-01,2025-12-01,email+google,u_04595,treatment
c_002,free_to_digital_conversion,2025-11-01,2025-12-01,email+google,u_03535,treatment
c_002,free_to_digital_conversion,2025-11-01,2025-12-01,email+google,u_00069,treatment
c_002,free_to_digital_conversion,2025-11-01,2025-12-01,email+google,u_02906,treatment
c_002,free_to_digital_conversion,2025-11-01,2025-12-01,email+google,u_03360,treatment
c_002,free_to_digital_conversion,2025-11-01,2025-12-01,email+google,u_00271,treatment
c_002,free_to_digital_conversion,2025-11-01,2025-12-01,email+google,u_03314,control
c_002,free_to_digital_conversion,2025-11-01,2025-12-01,email+google,u_03940,treatment
c_002,free_to_digital_conversion,2025-11-01,2025-12-01,email+google,u_04655,control
c_002,free_to_digital_conversion,2025-11-01,2025-12-01,email+google,u_03509,treatment
c_002,free_to_digital_conversion,2025-11-01,2025-12-01,email+google,u_02602,treatment
c_002,free_to_digital_conversion,2025-11-01,2025-12-01,email+google,u_03339,treatment
c_002,free_to_digital_conversion,2025-11-01,2025-12-01,email+google,u_01395,treatment
c_002,free_to_digital_conversion,2025-11-01,2025-12-01,email+google,u_02156,treatment
c_002,free_to_digital_conversion,2025-11-01,2025-12-01,email+google,u_01582,treatment
c_002,free_to_digital_conversion,2025-11-01,2025-12-01,email+google,u_00138,treatment
c_002,free_to_digital_conversion,2025-11-01,2025-12-01,email+google,u_02714,treatment
c_002,free_to_digital_conversion,2025-11-01,2025-12-01,email+google,u_00419,control
c_002,free_to_digital_conversion,2025-11-01,2025-12-01,email+google,u_02111,treatment
c_002,free_to_digital_conversion,2025-11-01,2025-12-01,email+google,u_01471,treatment
c_002,free_to_digital_conversion,2025-11-01,2025-12-01,email+google,u_02427,treatment
c_002,free_to_digital_conversion,2025-11-01,2025-12-01,email+google,u_04173,treatment
c_002,free_to_digital_conversion,2025-11-01,2025-12-01,email+google,u_03578,treatment
c_002,free_to_digital_conversion,2025-11-01,2025-12-01,email+google,u_02781,treatment
c_002,free_to_digital_conversion,2025-11-01,2025-12-01,email+google,u_02176,treatment
c_002,free_to_digital_conversion,2025-11-01,2025-12-01,email+google,u_00429,treatment
c_002,free_to_digital_conversion,2025-11-01,2025-12-01,email+google,u_03834,treatment
c_002,free_to_digital_conversion,2025-11-01,2025-12-01,email+google,u_03716,treatment
c_002,free_to_digital_conversion,2025-11-01,2025-12-01,email+google,u_02477,control
c_002,free_to_digital_conversion,2025-11-01,2025-12-01,email+google,u_00381,treatment
c_002,free_to_digital_conversion,2025-11-01,2025-12-01,email+google,u_01904,treatment
c_002,free_to_digital_conversion,2025-11-01,2025-12-01,email+google,u_01508,treatment
c_002,free_to_digital_conversion,2025-11-01,2025-12-01,email+google,u_01523,treatment
c_002,free_to_digital_conversion,2025-11-01,2025-12-01,email+google,u_02177,treatment
c_002,free_to_digital_conversion,2025-11-01,2025-12-01,email+google,u_01737,treatment
c_002,free_to_digital_conversion,2025-11-01,2025-12-01,email+google,u_00376,treatment
c_002,free_to_digital_conversion,2025-11-01,2025-12-01,email+google,u_04138,treatment
c_002,free_to_digital_conversion,2025-11-01,2025-12-01,email+google,u_01946,treatment
c_002,free_to_digital_conversion,2025-11-01,2025-12-01,email+google,u_04893,treatment
c_002,free_to_digital_conversion,2025-11-01,2025-12-01,email+google,u_02081,treatment
c_002,free_to_digital_conversion,2025-11-01,2025-12-01,email+google,u_04698,treatment
c_002,free_to_digital_conversion,2025-11-01,2025-12-01,email+google,u_02431,treatment
c_002,free_to_digital_conversion,2025-11-01,2025-12-01,email+google,u_02775,control
c_002,free_to_digital_conversion,2025-11-01,2025-12-01,email+google,u_03273,control
c_002,free_to_digital_conversion,2025-11-01,2025-12-01,email+google,u_04050,treatment
c_002,free_to_digital_conversion,2025-11-01,2025-12-01,email+google,u_02932,control
c_002,free_to_digital_conversion,2025-11-01,2025-12-01,email+google,u_01291,treatment
c_002,free_to_digital_conversion,2025-11-01,2025-12-01,email+google,u_00279,treatment
c_002,free_to_digital_conversion,2025-11-01,2025-12-01,email+google,u_00214,control
c_002,free_to_digital_conversion,2025-11-01,2025-12-01,email+google,u_01143,treatment
c_002,free_to_digital_conversion,2025-11-01,2025-12-01,email+google,u_03660,treatment
c_002,free_to_digital_conversion,2025-11-01,2025-12-01,email+google,u_03241,treatment
c_002,free_to_digital_conversion,2025-11-01,2025-12-01,email+google,u_03840,treatment
c_002,free_to_digital_conversion,2025-11-01,2025-12-01,email+google,u_04626,treatment
c_002,free_to_digital_conversion,2025-11-01,2025-12-01,email+google,u_01101,treatment
c_002,free_to_digital_conversion,2025-11-01,2025-12-01,email+google,u_00186,treatment
c_002,free_to_digital_conversion,2025-11-01,2025-12-01,email+google,u_03849,treatment
c_002,free_to_digital_conversion,2025-11-01,2025-12-01,email+google,u_04989,treatment
c_002,free_to_digital_conversion,2025-11-01,2025-12-01,email+google,u_01407,treatment
c_002,free_to_digital_conversion,2025-11-01,2025-12-01,email+google,u_03715,treatment
c_002,free_to_digital_conversion,2025-11-01,2025-12-01,email+google,u_01553,control
c_002,free_to_digital_conversion,2025-11-01,2025-12-01,email+google,u_01064,control
c_002,free_to_digital_conversion,2025-11-01,2025-12-01,email+google,u_02598,treatment
c_002,free_to_digital_conversion,2025-11-01,2025-12-01,email+google,u_03219,control
c_002,free_to_digital_conversion,2025-11-01,2025-12-01,email+google,u_02434,treatment
c_002,free_to_digital_conversion,2025-11-01,2025-12-01,email+google,u_03950,control
c_002,free_to_digital_conversion,2025-11-01,2025-12-01,email+google,u_00501,control
c_002,free_to_digital_conversion,2025-11-01,2025-12-01,email+google,u_04471,control
c_002,free_to_digital_conversion,2025-11-01,2025-12-01,email+google,u_00119,treatment
c_002,free_to_digital_conversion,2025-11-01,2025-12-01,email+google,u_03771,treatment
c_002,free_to_digital_conversion,2025-11-01,2025-12-01,email+google,u_03133,treatment
c_002,free_to_digital_conversion,2025-11-01,2025-12-01,email+google,u_00490,treatment
c_002,free_to_digital_conversion,2025-11-01,2025-12-01,email+google,u_02285,treatment
c_002,free_to_digital_conversion,2025-11-01,2025-12-01,email+google,u_03694,treatment
c_002,free_to_digital_conversion,2025-11-01,2025-12-01,email+google,u_00278,control
c_002,free_to_digital_conversion,2025-11-01,2025-12-01,email+google,u_01083,treatment
c_002,free_to_digital_conversion,2025-11-01,2025-12-01,email+google,u_00295,treatment
c_002,free_to_digital_conversion,2025-11-01,2025-12-01,email+google,u_03458,treatment
c_002,free_to_digital_conversion,2025-11-01,2025-12-01,email+google,u_04652,treatment
c_002,free_to_digital_conversion,2025-11-01,2025-12-01,email+google,u_04391,treatment
c_002,free_to_digital_conversion,2025-11-01,2025-12-01,email+google,u_03204,control
c_002,free_to_digital_conversion,2025-11-01,2025-12-01,email+google,u_04099,treatment
c_002,free_to_digital_conversion,2025-11-01,2025-12-01,email+google,u_04866,treatment
c_002,free_to_digital_conversion,2025-11-01,2025-12-01,email+google,u_03470,control
c_002,free_to_digital_conversion,2025-11-01,2025-12-01,email+google,u_00650,treatment
c_002,free_to_digital_conversion,2025-11-01,2025-12-01,email+google,u_02347,treatment
c_002,free_to_digital_conversion,2025-11-01,2025-12-01,email+google,u_00995,treatment
c_002,free_to_digital_conversion,2025-11-01,2025-12-01,email+google,u_03174,treatment
c_002,free_to_digital_conversion,2025-11-01,2025-12-01,email+google,u_01092,treatment
c_002,free_to_digital_conversion,2025-11-01,2025-12-01,email+google,u_04318,treatment
c_002,free_to_digital_conversion,2025-11-01,2025-12-01,email+google,u_00620,treatment
c_002,free_to_digital_conversion,2025-11-01,2025-12-01,email+google,u_04288,treatment
c_002,free_to_digital_conversion,2025-11-01,2025-12-01,email+google,u_00552,control
c_002,free_to_digital_conversion,2025-11-01,2025-12-01,email+google,u_00280,treatment
c_002,free_to_digital_conversion,2025-11-01,2025-12-01,email+google,u_00123,treatment
c_002,free_to_digital_conversion,2025-11-01,2025-12-01,email+google,u_03349,treatment
c_002,free_to_digital_conversion,2025-11-01,2025-12-01,email+google,u_03965,treatment
c_002,free_to_digital_conversion,2025-11-01,2025-12-01,email+google,u_04101,treatment
c_002,free_to_digital_conversion,2025-11-01,2025-12-01,email+google,u_03546,treatment
c_002,free_to_digital_conversion,2025-11-01,2025-12-01,email+google,u_04252,control
c_002,free_to_digital_conversion,2025-11-01,2025-12-01,email+google,u_00251,treatment
c_002,free_to_digital_conversion,2025-11-01,2025-12-01,email+google,u_03789,control
c_002,free_to_digital_conversion,2025-11-01,2025-12-01,email+google,u_04661,treatment
c_002,free_to_digital_conversion,2025-11-01,2025-12-01,email+google,u_01934,control
c_002,free_to_digital_conversion,2025-11-01,2025-12-01,email+google,u_01305,treatment
c_002,free_to_digital_conversion,2025-11-01,2025-12-01,email+google,u_01955,treatment
c_002,free_to_digital_conversion,2025-11-01,2025-12-01,email+google,u_02361,treatment
c_002,free_to_digital_conversion,2025-11-01,2025-12-01,email+google,u_00398,control
c_002,free_to_digital_conversion,2025-11-01,2025-12-01,email+google,u_03098,treatment
c_002,free_to_digital_conversion,2025-11-01,2025-12-01,email+google,u_01347,treatment
c_002,free_to_digital_conversion,2025-11-01,2025-12-01,email+google,u_02517,treatment
c_002,free_to_digital_conversion,2025-11-01,2025-12-01,email+google,u_00744,control
c_002,free_to_digital_conversion,2025-11-01,2025-12-01,email+google,u_04995,treatment
c_002,free_to_digital_conversion,2025-11-01,2025-12-01,email+google,u_01216,control
c_002,free_to_digital_conversion,2025-11-01,2025-12-01,email+google,u_04478,treatment
c_002,free_to_digital_conversion,2025-11-01,2025-12-01,email+google,u_01460,treatment
c_002,free_to_digital_conversion,2025-11-01,2025-12-01,email+google,u_00492,treatment
c_002,free_to_digital_conversion,2025-11-01,2025-12-01,email+google,u_02693,treatment
c_002,free_to_digital_conversion,2025-11-01,2025-12-01,email+google,u_00320,treatment
c_002,free_to_digital_conversion,2025-11-01,2025-12-01,email+google,u_01383,treatment
c_002,free_to_digital_conversion,2025-11-01,2025-12-01,email+google,u_00028,treatment
c_002,free_to_digital_conversion,2025-11-01,2025-12-01,email+google,u_04107,treatment
c_002,free_to_digital_conversion,2025-11-01,2025-12-01,email+google,u_01163,treatment
c_002,free_to_digital_conversion,2025-11-01,2025-12-01,email+google,u_00185,treatment
c_002,free_to_digital_conversion,2025-11-01,2025-12-01,email+google,u_01037,control
c_002,free_to_digital_conversion,2025-11-01,2025-12-01,email+google,u_02253,control
c_002,free_to_digital_conversion,2025-11-01,2025-12-01,email+google,u_02039,treatment
c_002,free_to_digital_conversion,2025-11-01,2025-12-01,email+google,u_01559,treatment
c_002,free_to_digital_conversion,2025-11-01,2025-12-01,email+google,u_00804,treatment
c_002,free_to_digital_conversion,2025-11-01,2025-12-01,email+google,u_00885,treatment
c_002,free_to_digital_conversion,2025-11-01,2025-12-01,email+google,u_01113,treatment
c_002,free_to_digital_conversion,2025-11-01,2025-12-01,email+google,u_04272,treatment
c_002,free_to_digital_conversion,2025-11-01,2025-12-01,email+google,u_02727,treatment
c_002,free_to_digital_conversion,2025-11-01,2025-12-01,email+google,u_00900,treatment
c_002,free_to_digital_conversion,2025-11-01,2025-12-01,email+google,u_02340,treatment
c_002,free_to_digital_conversion,2025-11-01,2025-12-01,email+google,u_03552,treatment
c_002,free_to_digital_conversion,2025-11-01,2025-12-01,email+google,u_03490,treatment
c_002,free_to_digital_conversion,2025-11-01,2025-12-01,email+google,u_00378,treatment
c_002,free_to_digital_conversion,2025-11-01,2025-12-01,email+google,u_03002,treatment
c_002,free_to_digital_conversion,2025-11-01,2025-12-01,email+google,u_03779,treatment
c_002,free_to_digital_conversion,2025-11-01,2025-12-01,email+google,u_00104,treatment
c_002,free_to_digital_conversion,2025-11-01,2025-12-01,email+google,u_01610,treatment
c_002,free_to_digital_conversion,2025-11-01,2025-12-01,email+google,u_02859,treatment
c_002,free_to_digital_conversion,2025-11-01,2025-12-01,email+google,u_04551,treatment
c_002,free_to_digital_conversion,2025-11-01,2025-12-01,email+google,u_03184,control
c_002,free_to_digital_conversion,2025-11-01,2025-12-01,email+google,u_03803,treatment
c_002,free_to_digital_conversion,2025-11-01,2025-12-01,email+google,u_03307,treatment
c_002,free_to_digital_conversion,2025-11-01,2025-12-01,email+google,u_04392,treatment
c_002,free_to_digital_conversion,2025-11-01,2025-12-01,email+google,u_04597,treatment
c_002,free_to_digital_conversion,2025-11-01,2025-12-01,email+google,u_04398,treatment
c_002,free_to_digital_conversion,2025-11-01,2025-12-01,email+google,u_02796,treatment
c_002,free_to_digital_conversion,2025-11-01,2025-12-01,email+google,u_02579,treatment
c_002,free_to_digital_conversion,2025-11-01,2025-12-01,email+google,u_04666,treatment
c_002,free_to_digital_conversion,2025-11-01,2025-12-01,email+google,u_04553,control
c_002,free_to_digital_conversion,2025-11-01,2025-12-01,email+google,u_03189,control
c_002,free_to_digital_conversion,2025-11-01,2025-12-01,email+google,u_04980,control
c_002,free_to_digital_conversion,2025-11-01,2025-12-01,email+google,u_00722,treatment
c_002,free_to_digital_conversion,2025-11-01,2025-12-01,email+google,u_04587,treatment
c_002,free_to_digital_conversion,2025-11-01,2025-12-01,email+google,u_01889,treatment
c_002,free_to_digital_conversion,2025-11-01,2025-12-01,email+google,u_03451,control
c_002,free_to_digital_conversion,2025-11-01,2025-12-01,email+google,u_03366,control
c_002,free_to_digital_conversion,2025-11-01,2025-12-01,email+google,u_00890,treatment
c_002,free_to_digital_conversion,2025-11-01,2025-12-01,email+google,u_04614,treatment
c_002,free_to_digital_conversion,2025-11-01,2025-12-01,email+google,u_01720,treatment
c_002,free_to_digital_conversion,2025-11-01,2025-12-01,email+google,u_00306,treatment
c_002,free_to_digital_conversion,2025-11-01,2025-12-01,email+google,u_01741,control
c_002,free_to_digital_conversion,2025-11-01,2025-12-01,email+google,u_02591,treatment
c_002,free_to_digital_conversion,2025-11-01,2025-12-01,email+google,u_01701,treatment
c_002,free_to_digital_conversion,2025-11-01,2025-12-01,email+google,u_01108,treatment
c_002,free_to_digital_conversion,2025-11-01,2025-12-01,email+google,u_02630,treatment
c_002,free_to_digital_conversion,2025-11-01,2025-12-01,email+google,u_00678,control
c_002,free_to_digital_conversion,2025-11-01,2025-12-01,email+google,u_00977,treatment
c_002,free_to_digital_conversion,2025-11-01,2025-12-01,email+google,u_02041,treatment
c_002,free_to_digital_conversion,2025-11-01,2025-12-01,email+google,u_00583,treatment
c_002,free_to_digital_conversion,2025-11-01,2025-12-01,email+google,u_03009,treatment
c_002,free_to_digital_conversion,2025-11-01,2025-12-01,email+google,u_01428,treatment
c_002,free_to_digital_conversion,2025-11-01,2025-12-01,email+google,u_04479,treatment
c_002,free_to_digital_conversion,2025-11-01,2025-12-01,email+google,u_00209,treatment
c_002,free_to_digital_conversion,2025-11-01,2025-12-01,email+google,u_04763,treatment
c_002,free_to_digital_conversion,2025-11-01,2025-12-01,email+google,u_00506,treatment
c_002,free_to_digital_conversion,2025-11-01,2025-12-01,email+google,u_01517,treatment
c_002,free_to_digital_conversion,2025-11-01,2025-12-01,email+google,u_00369,treatment
c_002,free_to_digital_conversion,2025-11-01,2025-12-01,email+google,u_02949,control
c_002,free_to_digital_conversion,2025-11-01,2025-12-01,email+google,u_03033,treatment
c_002,free_to_digital_conversion,2025-11-01,2025-12-01,email+google,u_02885,treatment
c_002,free_to_digital_conversion,2025-11-01,2025-12-01,email+google,u_04183,control
c_002,free_to_digital_conversion,2025-11-01,2025-12-01,email+google,u_04285,control
c_002,free_to_digital_conversion,2025-11-01,2025-12-01,email+google,u_04169,treatment
c_002,free_to_digital_conversion,2025-11-01,2025-12-01,email+google,u_04651,treatment
c_002,free_to_digital_conversion,2025-11-01,2025-12-01,email+google,u_02927,treatment
c_002,free_to_digital_conversion,2025-11-01,2025-12-01,email+google,u_02053,treatment
c_002,free_to_digital_conversion,2025-11-01,2025-12-01,email+google,u_00031,treatment
c_002,free_to_digital_conversion,2025-11-01,2025-12-01,email+google,u_04256,treatment
c_002,free_to_digital_conversion,2025-11-01,2025-12-01,email+google,u_02056,treatment
c_002,free_to_digital_conversion,2025-11-01,2025-12-01,email+google,u_04873,control
c_002,free_to_digital_conversion,2025-11-01,2025-12-01,email+google,u_00922,treatment
c_002,free_to_digital_conversion,2025-11-01,2025-12-01,email+google,u_04750,treatment
c_002,free_to_digital_conversion,2025-11-01,2025-12-01,email+google,u_01581,control
c_002,free_to_digital_conversion,2025-11-01,2025-12-01,email+google,u_04450,treatment
c_002,free_to_digital_conversion,2025-11-01,2025-12-01,email+google,u_04308,treatment
c_002,free_to_digital_conversion,2025-11-01,2025-12-01,email+google,u_01912,treatment
c_002,free_to_digital_conversion,2025-11-01,2025-12-01,email+google,u_04473,treatment
c_002,free_to_digital_conversion,2025-11-01,2025-12-01,email+google,u_02876,control
c_002,free_to_digital_conversion,2025-11-01,2025-12-01,email+google,u_03430,control
c_002,free_to_digital_conversion,2025-11-01,2025-12-01,email+google,u_03880,control
c_002,free_to_digital_conversion,2025-11-01,2025-12-01,email+google,u_03236,treatment
c_002,free_to_digital_conversion,2025-11-01,2025-12-01,email+google,u_04215,control
c_002,free_to_digital_conversion,2025-11-01,2025-12-01,email+google,u_02525,treatment
c_002,free_to_digital_conversion,2025-11-01,2025-12-01,email+google,u_00810,treatment
c_002,free_to_digital_conversion,2025-11-01,2025-12-01,email+google,u_01948,treatment
c_002,free_to_digital_conversion,2025-11-01,2025-12-01,email+google,u_01957,control
c_002,free_to_digital_conversion,2025-11-01,2025-12-01,email+google,u_04578,treatment
c_002,free_to_digital_conversion,2025-11-01,2025-12-01,email+google,u_01193,treatment
c_002,free_to_digital_conversion,2025-11-01,2025-12-01,email+google,u_04052,treatment
c_002,free_to_digital_conversion,2025-11-01,2025-12-01,email+google,u_02480,control
c_002,free_to_digital_conversion,2025-11-01,2025-12-01,email+google,u_03877,treatment
c_002,free_to_digital_conversion,2025-11-01,2025-12-01,email+google,u_02206,treatment
c_002,free_to_digital_conversion,2025-11-01,2025-12-01,email+google,u_04051,treatment
c_002,free_to_digital_conversion,2025-11-01,2025-12-01,email+google,u_00200,control
c_002,free_to_digital_conversion,2025-11-01,2025-12-01,email+google,u_04574,control
c_002,free_to_digital_conversion,2025-11-01,2025-12-01,email+google,u_02185,treatment
c_002,free_to_digital_conversion,2025-11-01,2025-12-01,email+google,u_03820,control
c_002,free_to_digital_conversion,2025-11-01,2025-12-01,email+google,u_02251,control
c_002,free_to_digital_conversion,2025-11-01,2025-12-01,email+google,u_02002,treatment
c_002,free_to_digital_conversion,2025-11-01,2025-12-01,email+google,u_01353,treatment
c_002,free_to_digital_conversion,2025-11-01,2025-12-01,email+google,u_00958,treatment
c_002,free_to_digital_conversion,2025-11-01,2025-12-01,email+google,u_01365,treatment
c_002,free_to_digital_conversion,2025-11-01,2025-12-01,email+google,u_00314,treatment
c_002,free_to_digital_conversion,2025-11-01,2025-12-01,email+google,u_04833,treatment
c_002,free_to_digital_conversion,2025-11-01,2025-12-01,email+google,u_02651,treatment
c_002,free_to_digital_conversion,2025-11-01,2025-12-01,email+google,u_02746,treatment
c_002,free_to_digital_conversion,2025-11-01,2025-12-01,email+google,u_00392,control
c_002,free_to_digital_conversion,2025-11-01,2025-12-01,email+google,u_03209,treatment
c_002,free_to_digital_conversion,2025-11-01,2025-12-01,email+google,u_00843,treatment
c_002,free_to_digital_conversion,2025-11-01,2025-12-01,email+google,u_02005,treatment
c_002,free_to_digital_conversion,2025-11-01,2025-12-01,email+google,u_00242,treatment
c_002,free_to_digital_conversion,2025-11-01,2025-12-01,email+google,u_01831,treatment
c_002,free_to_digital_conversion,2025-11-01,2025-12-01,email+google,u_01774,control
c_002,free_to_digital_conversion,2025-11-01,2025-12-01,email+google,u_00929,treatment
c_002,free_to_digital_conversion,2025-11-01,2025-12-01,email+google,u_02152,treatment
c_002,free_to_digital_conversion,2025-11-01,2025-12-01,email+google,u_05000,treatment
c_002,free_to_digital_conversion,2025-11-01,2025-12-01,email+google,u_03095,treatment
c_002,free_to_digital_conversion,2025-11-01,2025-12-01,email+google,u_00659,treatment
c_002,free_to_digital_conversion,2025-11-01,2025-12-01,email+google,u_00496,treatment
c_002,free_to_digital_conversion,2025-11-01,2025-12-01,email+google,u_02881,control
c_002,free_to_digital_conversion,2025-11-01,2025-12-01,email+google,u_03902,treatment
c_002,free_to_digital_conversion,2025-11-01,2025-12-01,email+google,u_02456,treatment
c_002,free_to_digital_conversion,2025-11-01,2025-12-01,email+google,u_02439,control
c_002,free_to_digital_conversion,2025-11-01,2025-12-01,email+google,u_01797,treatment
c_002,free_to_digital_conversion,2025-11-01,2025-12-01,email+google,u_01864,treatment
c_002,free_to_digital_conversion,2025-11-01,2025-12-01,email+google,u_04415,treatment
c_002,free_to_digital_conversion,2025-11-01,2025-12-01,email+google,u_03165,treatment
c_002,free_to_digital_conversion,2025-11-01,2025-12-01,email+google,u_03216,treatment
c_002,free_to_digital_conversion,2025-11-01,2025-12-01,email+google,u_01765,treatment
c_002,free_to_digital_conversion,2025-11-01,2025-12-01,email+google,u_03259,control
c_002,free_to_digital_conversion,2025-11-01,2025-12-01,email+google,u_03039,treatment
c_002,free_to_digital_conversion,2025-11-01,2025-12-01,email+google,u_03099,treatment
c_002,free_to_digital_conversion,2025-11-01,2025-12-01,email+google,u_03225,control
c_002,free_to_digital_conversion,2025-11-01,2025-12-01,email+google,u_03868,treatment
c_002,free_to_digital_conversion,2025-11-01,2025-12-01,email+google,u_00867,treatment
c_002,free_to_digital_conversion,2025-11-01,2025-12-01,email+google,u_01802,treatment
c_002,free_to_digital_conversion,2025-11-01,2025-12-01,email+google,u_01973,treatment
c_002,free_to_digital_conversion,2025-11-01,2025-12-01,email+google,u_03953,treatment
c_002,free_to_digital_conversion,2025-11-01,2025-12-01,email+google,u_02234,control
c_002,free_to_digital_conversion,2025-11-01,2025-12-01,email+google,u_00587,treatment
c_002,free_to_digital_conversion,2025-11-01,2025-12-01,email+google,u_01400,treatment
c_002,free_to_digital_conversion,2025-11-01,2025-12-01,email+google,u_01709,treatment
c_002,free_to_digital_conversion,2025-11-01,2025-12-01,email+google,u_00231,treatment
c_002,free_to_digital_conversion,2025-11-01,2025-12-01,email+google,u_02124,treatment
c_002,free_to_digital_conversion,2025-11-01,2025-12-01,email+google,u_01206,treatment
c_002,free_to_digital_conversion,2025-11-01,2025-12-01,email+google,u_01264,control
c_002,free_to_digital_conversion,2025-11-01,2025-12-01,email+google,u_02487,treatment
c_002,free_to_digital_conversion,2025-11-01,2025-12-01,email+google,u_00701,treatment
c_002,free_to_digital_conversion,2025-11-01,2025-12-01,email+google,u_01717,treatment
c_002,free_to_digital_conversion,2025-11-01,2025-12-01,email+google,u_02543,treatment
c_002,free_to_digital_conversion,2025-11-01,2025-12-01,email+google,u_00126,control
c_002,free_to_digital_conversion,2025-11-01,2025-12-01,email+google,u_04136,treatment
c_002,free_to_digital_conversion,2025-11-01,2025-12-01,email+google,u_01991,treatment
c_002,free_to_digital_conversion,2025-11-01,2025-12-01,email+google,u_02186,treatment
c_002,free_to_digital_conversion,2025-11-01,2025-12-01,email+google,u_02616,treatment
c_002,free_to_digital_conversion,2025-11-01,2025-12-01,email+google,u_00021,treatment
c_002,free_to_digital_conversion,2025-11-01,2025-12-01,email+google,u_04315,treatment
c_002,free_to_digital_conversion,2025-11-01,2025-12-01,email+google,u_04298,treatment
c_002,free_to_digital_conversion,2025-11-01,2025-12-01,email+google,u_03702,control
c_002,free_to_digital_conversion,2025-11-01,2025-12-01,email+google,u_04849,treatment
c_002,free_to_digital_conversion,2025-11-01,2025-12-01,email+google,u_04269,control
c_002,free_to_digital_conversion,2025-11-01,2025-12-01,email+google,u_03476,control
c_002,free_to_digital_conversion,2025-11-01,2025-12-01,email+google,u_01329,treatment
c_002,free_to_digital_conversion,2025-11-01,2025-12-01,email+google,u_03985,treatment
c_002,free_to_digital_conversion,2025-11-01,2025-12-01,email+google,u_04667,treatment
c_002,free_to_digital_conversion,2025-11-01,2025-12-01,email+google,u_00817,treatment
c_002,free_to_digital_conversion,2025-11-01,2025-12-01,email+google,u_01282,treatment
c_002,free_to_digital_conversion,2025-11-01,2025-12-01,email+google,u_01279,treatment
c_002,free_to_digital_conversion,2025-11-01,2025-12-01,email+google,u_01975,treatment
c_002,free_to_digital_conversion,2025-11-01,2025-12-01,email+google,u_03831,treatment
c_002,free_to_digital_conversion,2025-11-01,2025-12-01,email+google,u_01694,treatment
c_002,free_to_digital_conversion,2025-11-01,2025-12-01,email+google,u_03785,treatment
c_002,free_to_digital_conversion,2025-11-01,2025-12-01,email+google,u_02047,treatment
c_002,free_to_digital_conversion,2025-11-01,2025-12-01,email+google,u_00276,control
c_002,free_to_digital_conversion,2025-11-01,2025-12-01,email+google,u_00065,treatment
c_002,free_to_digital_conversion,2025-11-01,2025-12-01,email+google,u_01063,control
c_002,free_to_digital_conversion,2025-11-01,2025-12-01,email+google,u_02396,treatment
c_002,free_to_digital_conversion,2025-11-01,2025-12-01,email+google,u_00370,treatment
c_002,free_to_digital_conversion,2025-11-01,2025-12-01,email+google,u_04333,treatment
c_002,free_to_digital_conversion,2025-11-01,2025-12-01,email+google,u_04777,control
c_002,free_to_digital_conversion,2025-11-01,2025-12-01,email+google,u_01452,treatment
c_002,free_to_digital_conversion,2025-11-01,2025-12-01,email+google,u_01287,control
c_002,free_to_digital_conversion,2025-11-01,2025-12-01,email+google,u_04738,treatment
c_002,free_to_digital_conversion,2025-11-01,2025-12-01,email+google,u_04024,control
c_002,free_to_digital_conversion,2025-11-01,2025-12-01,email+google,u_02879,treatment
c_002,free_to_digital_conversion,2025-11-01,2025-12-01,email+google,u_04005,control
c_002,free_to_digital_conversion,2025-11-01,2025-12-01,email+google,u_03563,treatment
c_002,free_to_digital_conversion,2025-11-01,2025-12-01,email+google,u_02333,control
c_002,free_to_digital_conversion,2025-11-01,2025-12-01,email+google,u_04289,treatment
c_002,free_to_digital_conversion,2025-11-01,2025-12-01,email+google,u_04423,treatment
c_002,free_to_digital_conversion,2025-11-01,2025-12-01,email+google,u_03613,treatment
c_002,free_to_digital_conversion,2025-11-01,2025-12-01,email+google,u_00266,control
c_002,free_to_digital_conversion,2025-11-01,2025-12-01,email+google,u_03813,treatment
c_002,free_to_digital_conversion,2025-11-01,2025-12-01,email+google,u_03461,control
c_002,free_to_digital_conversion,2025-11-01,2025-12-01,email+google,u_01258,treatment
c_002,free_to_digital_conversion,2025-11-01,2025-12-01,email+google,u_02628,treatment
c_002,free_to_digital_conversion,2025-11-01,2025-12-01,email+google,u_04452,control
c_002,free_to_digital_conversion,2025-11-01,2025-12-01,email+google,u_03188,treatment
c_002,free_to_digital_conversion,2025-11-01,2025-12-01,email+google,u_01023,treatment
c_002,free_to_digital_conversion,2025-11-01,2025-12-01,email+google,u_03003,treatment
c_002,free_to_digital_conversion,2025-11-01,2025-12-01,email+google,u_03266,treatment
c_002,free_to_digital_conversion,2025-11-01,2025-12-01,email+google,u_01080,treatment
c_002,free_to_digital_conversion,2025-11-01,2025-12-01,email+google,u_02551,treatment
c_002,free_to_digital_conversion,2025-11-01,2025-12-01,email+google,u_03149,treatment
c_002,free_to_digital_conversion,2025-11-01,2025-12-01,email+google,u_00216,treatment
c_002,free_to_digital_conversion,2025-11-01,2025-12-01,email+google,u_02353,treatment
c_002,free_to_digital_conversion,2025-11-01,2025-12-01,email+google,u_00935,treatment
c_002,free_to_digital_conversion,2025-11-01,2025-12-01,email+google,u_04884,treatment
c_002,free_to_digital_conversion,2025-11-01,2025-12-01,email+google,u_01379,treatment
c_002,free_to_digital_conversion,2025-11-01,2025-12-01,email+google,u_04745,treatment
c_002,free_to_digital_conversion,2025-11-01,2025-12-01,email+google,u_03790,treatment
c_002,free_to_digital_conversion,2025-11-01,2025-12-01,email+google,u_01759,treatment
c_002,free_to_digital_conversion,2025-11-01,2025-12-01,email+google,u_01180,treatment
c_002,free_to_digital_conversion,2025-11-01,2025-12-01,email+google,u_00794,treatment
c_002,free_to_digital_conversion,2025-11-01,2025-12-01,email+google,u_04689,treatment
c_002,free_to_digital_conversion,2025-11-01,2025-12-01,email+google,u_02699,treatment
c_002,free_to_digital_conversion,2025-11-01,2025-12-01,email+google,u_04119,treatment
c_002,free_to_digital_conversion,2025-11-01,2025-12-01,email+google,u_00361,treatment
c_002,free_to_digital_conversion,2025-11-01,2025-12-01,email+google,u_03332,treatment
c_002,free_to_digital_conversion,2025-11-01,2025-12-01,email+google,u_01381,treatment
c_002,free_to_digital_conversion,2025-11-01,2025-12-01,email+google,u_00396,treatment
c_002,free_to_digital_conversion,2025-11-01,2025-12-01,email+google,u_01306,treatment
c_002,free_to_digital_conversion,2025-11-01,2025-12-01,email+google,u_03397,treatment
c_002,free_to_digital_conversion,2025-11-01,2025-12-01,email+google,u_00232,treatment
c_002,free_to_digital_conversion,2025-11-01,2025-12-01,email+google,u_00435,treatment
c_002,free_to_digital_conversion,2025-11-01,2025-12-01,email+google,u_01511,treatment
c_002,free_to_digital_conversion,2025-11-01,2025-12-01,email+google,u_02012,control
c_002,free_to_digital_conversion,2025-11-01,2025-12-01,email+google,u_03794,treatment
c_002,free_to_digital_conversion,2025-11-01,2025-12-01,email+google,u_01151,treatment
c_002,free_to_digital_conversion,2025-11-01,2025-12-01,email+google,u_04909,control
c_002,free_to_digital_conversion,2025-11-01,2025-12-01,email+google,u_04419,treatment
c_002,free_to_digital_conversion,2025-11-01,2025-12-01,email+google,u_01673,treatment
c_002,free_to_digital_conversion,2025-11-01,2025-12-01,email+google,u_01388,treatment
c_002,free_to_digital_conversion,2025-11-01,2025-12-01,email+google,u_02846,treatment
c_002,free_to_digital_conversion,2025-11-01,2025-12-01,email+google,u_00990,treatment
c_002,free_to_digital_conversion,2025-11-01,2025-12-01,email+google,u_03867,treatment
c_002,free_to_digital_conversion,2025-11-01,2025-12-01,email+google,u_04642,treatment
c_002,free_to_digital_conversion,2025-11-01,2025-12-01,email+google,u_03416,control
c_002,free_to_digital_conversion,2025-11-01,2025-12-01,email+google,u_02064,treatment
c_002,free_to_digital_conversion,2025-11-01,2025-12-01,email+google,u_02246,treatment
c_002,free_to_digital_conversion,2025-11-01,2025-12-01,email+google,u_00194,treatment
c_002,free_to_digital_conversion,2025-11-01,2025-12-01,email+google,u_03147,treatment
c_002,free_to_digital_conversion,2025-11-01,2025-12-01,email+google,u_01807,control
c_002,free_to_digital_conversion,2025-11-01,2025-12-01,email+google,u_03517,treatment
c_002,free_to_digital_conversion,2025-11-01,2025-12-01,email+google,u_01098,treatment
c_002,free_to_digital_conversion,2025-11-01,2025-12-01,email+google,u_04304,treatment
c_002,free_to_digital_conversion,2025-11-01,2025-12-01,email+google,u_04375,treatment
c_002,free_to_digital_conversion,2025-11-01,2025-12-01,email+google,u_00812,control
c_002,free_to_digital_conversion,2025-11-01,2025-12-01,email+google,u_03070,treatment
c_002,free_to_digital_conversion,2025-11-01,2025-12-01,email+google,u_04774,treatment
c_002,free_to_digital_conversion,2025-11-01,2025-12-01,email+google,u_01447,treatment
c_002,free_to_digital_conversion,2025-11-01,2025-12-01,email+google,u_03260,treatment
c_002,free_to_digital_conversion,2025-11-01,2025-12-01,email+google,u_02003,treatment
c_002,free_to_digital_conversion,2025-11-01,2025-12-01,email+google,u_00832,treatment
c_002,free_to_digital_conversion,2025-11-01,2025-12-01,email+google,u_03289,treatment
c_002,free_to_digital_conversion,2025-11-01,2025-12-01,email+google,u_02126,treatment
c_002,free_to_digital_conversion,2025-11-01,2025-12-01,email+google,u_01070,treatment
c_002,free_to_digital_conversion,2025-11-01,2025-12-01,email+google,u_02561,treatment
c_002,free_to_digital_conversion,2025-11-01,2025-12-01,email+google,u_02854,treatment
c_002,free_to_digital_conversion,2025-11-01,2025-12-01,email+google,u_00004,treatment
c_002,free_to_digital_conversion,2025-11-01,2025-12-01,email+google,u_04433,treatment
c_002,free_to_digital_conversion,2025-11-01,2025-12-01,email+google,u_00777,treatment
c_002,free_to_digital_conversion,2025-11-01,2025-12-01,email+google,u_01590,treatment
c_002,free_to_digital_conversion,2025-11-01,2025-12-01,email+google,u_02122,treatment
c_002,free_to_digital_conversion,2025-11-01,2025-12-01,email+google,u_04004,treatment
c_002,free_to_digital_conversion,2025-11-01,2025-12-01,email+google,u_00172,control
c_002,free_to_digital_conversion,2025-11-01,2025-12-01,email+google,u_03030,treatment
c_002,free_to_digital_conversion,2025-11-01,2025-12-01,email+google,u_04003,control
c_002,free_to_digital_conversion,2025-11-01,2025-12-01,email+google,u_03158,treatment
c_002,free_to_digital_conversion,2025-11-01,2025-12-01,email+google,u_04292,treatment
c_002,free_to_digital_conversion,2025-11-01,2025-12-01,email+google,u_04111,control
c_002,free_to_digital_conversion,2025-11-01,2025-12-01,email+google,u_01554,treatment
c_002,free_to_digital_conversion,2025-11-01,2025-12-01,email+google,u_04451,control
c_002,free_to_digital_conversion,2025-11-01,2025-12-01,email+google,u_00222,treatment
c_002,free_to_digital_conversion,2025-11-01,2025-12-01,email+google,u_04586,treatment
c_002,free_to_digital_conversion,2025-11-01,2025-12-01,email+google,u_04568,treatment
c_002,free_to_digital_conversion,2025-11-01,2025-12-01,email+google,u_01817,treatment
c_002,free_to_digital_conversion,2025-11-01,2025-12-01,email+google,u_03752,treatment
c_002,free_to_digital_conversion,2025-11-01,2025-12-01,email+google,u_00559,treatment
c_002,free_to_digital_conversion,2025-11-01,2025-12-01,email+google,u_03897,treatment
c_002,free_to_digital_conversion,2025-11-01,2025-12-01,email+google,u_04228,treatment
c_002,free_to_digital_conversion,2025-11-01,2025-12-01,email+google,u_00664,treatment
c_002,free_to_digital_conversion,2025-11-01,2025-12-01,email+google,u_01331,control
c_002,free_to_digital_conversion,2025-11-01,2025-12-01,email+google,u_03144,treatment
c_002,free_to_digital_conversion,2025-11-01,2025-12-01,email+google,u_01880,treatment
c_002,free_to_digital_conversion,2025-11-01,2025-12-01,email+google,u_04634,treatment
c_002,free_to_digital_conversion,2025-11-01,2025-12-01,email+google,u_04671,treatment
c_002,free_to_digital_conversion,2025-11-01,2025-12-01,email+google,u_01740,treatment
c_002,free_to_digital_conversion,2025-11-01,2025-12-01,email+google,u_01191,treatment
c_002,free_to_digital_conversion,2025-11-01,2025-12-01,email+google,u_01323,control
c_002,free_to_digital_conversion,2025-11-01,2025-12-01,email+google,u_03545,treatment
c_002,free_to_digital_conversion,2025-11-01,2025-12-01,email+google,u_04725,treatment
c_002,free_to_digital_conversion,2025-11-01,2025-12-01,email+google,u_04957,treatment
c_002,free_to_digital_conversion,2025-11-01,2025-12-01,email+google,u_02011,treatment
c_002,free_to_digital_conversion,2025-11-01,2025-12-01,email+google,u_02938,treatment
c_002,free_to_digital_conversion,2025-11-01,2025-12-01,email+google,u_01177,treatment
c_002,free_to_digital_conversion,2025-11-01,2025-12-01,email+google,u_00982,treatment
c_002,free_to_digital_conversion,2025-11-01,2025-12-01,email+google,u_01147,treatment
c_002,free_to_digital_conversion,2025-11-01,2025-12-01,email+google,u_00111,treatment
c_002,free_to_digital_conversion,2025-11-01,2025-12-01,email+google,u_01403,treatment
c_002,free_to_digital_conversion,2025-11-01,2025-12-01,email+google,u_04109,control
c_002,free_to_digital_conversion,2025-11-01,2025-12-01,email+google,u_00896,treatment
c_002,free_to_digital_conversion,2025-11-01,2025-12-01,email+google,u_03688,control
c_002,free_to_digital_conversion,2025-11-01,2025-12-01,email+google,u_03974,treatment
c_002,free_to_digital_conversion,2025-11-01,2025-12-01,email+google,u_03202,treatment
c_002,free_to_digital_conversion,2025-11-01,2025-12-01,email+google,u_04113,treatment
c_002,free_to_digital_conversion,2025-11-01,2025-12-01,email+google,u_04942,treatment
c_002,free_to_digital_conversion,2025-11-01,2025-12-01,email+google,u_02593,treatment
c_002,free_to_digital_conversion,2025-11-01,2025-12-01,email+google,u_02450,treatment
c_002,free_to_digital_conversion,2025-11-01,2025-12-01,email+google,u_02958,treatment
c_002,free_to_digital_conversion,2025-11-01,2025-12-01,email+google,u_03468,treatment
c_002,free_to_digital_conversion,2025-11-01,2025-12-01,email+google,u_03197,treatment
c_002,free_to_digital_conversion,2025-11-01,2025-12-01,email+google,u_04022,treatment
c_002,free_to_digital_conversion,2025-11-01,2025-12-01,email+google,u_02824,treatment
c_002,free_to_digital_conversion,2025-11-01,2025-12-01,email+google,u_03409,control
c_002,free_to_digital_conversion,2025-11-01,2025-12-01,email+google,u_02620,treatment
c_002,free_to_digital_conversion,2025-11-01,2025-12-01,email+google,u_03480,treatment
c_002,free_to_digital_conversion,2025-11-01,2025-12-01,email+google,u_02831,treatment
c_002,free_to_digital_conversion,2025-11-01,2025-12-01,email+google,u_00082,treatment
c_002,free_to_digital_conversion,2025-11-01,2025-12-01,email+google,u_01687,treatment
c_002,free_to_digital_conversion,2025-11-01,2025-12-01,email+google,u_01796,treatment
c_002,free_to_digital_conversion,2025-11-01,2025-12-01,email+google,u_02603,treatment
c_002,free_to_digital_conversion,2025-11-01,2025-12-01,email+google,u_02725,control
c_002,free_to_digital_conversion,2025-11-01,2025-12-01,email+google,u_04538,treatment
c_002,free_to_digital_conversion,2025-11-01,2025-12-01,email+google,u_03527,treatment
c_002,free_to_digital_conversion,2025-11-01,2025-12-01,email+google,u_03500,treatment
c_002,free_to_digital_conversion,2025-11-01,2025-12-01,email+google,u_03059,treatment
c_002,free_to_digital_conversion,2025-11-01,2025-12-01,email+google,u_01440,control
c_002,free_to_digital_conversion,2025-11-01,2025-12-01,email+google,u_00883,treatment
c_002,free_to_digital_conversion,2025-11-01,2025-12-01,email+google,u_03497,treatment
c_002,free_to_digital_conversion,2025-11-01,2025-12-01,email+google,u_01476,control
c_002,free_to_digital_conversion,2025-11-01,2025-12-01,email+google,u_01631,treatment
c_002,free_to_digital_conversion,2025-11-01,2025-12-01,email+google,u_01065,control
c_002,free_to_digital_conversion,2025-11-01,2025-12-01,email+google,u_02492,treatment
c_002,free_to_digital_conversion,2025-11-01,2025-12-01,email+google,u_01972,treatment
c_002,free_to_digital_conversion,2025-11-01,2025-12-01,email+google,u_00956,treatment
c_002,free_to_digital_conversion,2025-11-01,2025-12-01,email+google,u_00802,treatment
c_002,free_to_digital_conversion,2025-11-01,2025-12-01,email+google,u_03253,control
c_002,free_to_digital_conversion,2025-11-01,2025-12-01,email+google,u_02147,treatment
c_002,free_to_digital_conversion,2025-11-01,2025-12-01,email+google,u_00029,treatment
c_002,free_to_digital_conversion,2025-11-01,2025-12-01,email+google,u_03245,treatment
c_002,free_to_digital_conversion,2025-11-01,2025-12-01,email+google,u_02311,treatment
c_002,free_to_digital_conversion,2025-11-01,2025-12-01,email+google,u_01661,treatment
c_002,free_to_digital_conversion,2025-11-01,2025-12-01,email+google,u_01745,treatment
c_002,free_to_digital_conversion,2025-11-01,2025-12-01,email+google,u_04191,treatment
c_002,free_to_digital_conversion,2025-11-01,2025-12-01,email+google,u_01501,treatment
c_002,free_to_digital_conversion,2025-11-01,2025-12-01,email+google,u_03027,treatment
c_002,free_to_digital_conversion,2025-11-01,2025-12-01,email+google,u_01879,treatment
c_002,free_to_digital_conversion,2025-11-01,2025-12-01,email+google,u_03438,treatment
c_002,free_to_digital_conversion,2025-11-01,2025-12-01,email+google,u_02107,treatment
c_002,free_to_digital_conversion,2025-11-01,2025-12-01,email+google,u_00750,treatment
c_002,free_to_digital_conversion,2025-11-01,2025-12-01,email+google,u_01299,treatment
c_002,free_to_digital_conversion,2025-11-01,2025-12-01,email+google,u_00539,control
c_002,free_to_digital_conversion,2025-11-01,2025-12-01,email+google,u_00254,control
c_002,free_to_digital_conversion,2025-11-01,2025-12-01,email+google,u_00400,treatment
c_002,free_to_digital_conversion,2025-11-01,2025-12-01,email+google,u_04704,control
c_002,free_to_digital_conversion,2025-11-01,2025-12-01,email+google,u_03437,control
c_002,free_to_digital_conversion,2025-11-01,2025-12-01,email+google,u_03388,treatment
c_002,free_to_digital_conversion,2025-11-01,2025-12-01,email+google,u_01480,treatment
c_002,free_to_digital_conversion,2025-11-01,2025-12-01,email+google,u_02656,treatment
c_002,free_to_digital_conversion,2025-11-01,2025-12-01,email+google,u_03472,treatment
c_002,free_to_digital_conversion,2025-11-01,2025-12-01,email+google,u_02270,treatment
c_002,free_to_digital_conversion,2025-11-01,2025-12-01,email+google,u_01620,treatment
c_002,free_to_digital_conversion,2025-11-01,2025-12-01,email+google,u_04422,treatment
c_002,free_to_digital_conversion,2025-11-01,2025-12-01,email+google,u_02144,treatment
c_002,free_to_digital_conversion,2025-11-01,2025-12-01,email+google,u_04279,treatment
c_002,free_to_digital_conversion,2025-11-01,2025-12-01,email+google,u_03734,treatment
c_002,free_to_digital_conversion,2025-11-01,2025-12-01,email+google,u_03938,control
c_002,free_to_digital_conversion,2025-11-01,2025-12-01,email+google,u_03956,treatment
c_002,free_to_digital_conversion,2025-11-01,2025-12-01,email+google,u_04809,control
c_002,free_to_digital_conversion,2025-11-01,2025-12-01,email+google,u_03612,treatment
c_002,free_to_digital_conversion,2025-11-01,2025-12-01,email+google,u_04089,treatment
c_002,free_to_digital_conversion,2025-11-01,2025-12-01,email+google,u_03382,treatment
c_002,free_to_digital_conversion,2025-11-01,2025-12-01,email+google,u_00477,treatment
c_002,free_to_digital_conversion,2025-11-01,2025-12-01,email+google,u_04246,treatment
c_002,free_to_digital_conversion,2025-11-01,2025-12-01,email+google,u_00600,treatment
c_002,free_to_digital_conversion,2025-11-01,2025-12-01,email+google,u_02040,treatment
c_002,free_to_digital_conversion,2025-11-01,2025-12-01,email+google,u_04965,treatment
c_002,free_to_digital_conversion,2025-11-01,2025-12-01,email+google,u_01978,treatment
c_002,free_to_digital_conversion,2025-11-01,2025-12-01,email+google,u_01380,control
c_002,free_to_digital_conversion,2025-11-01,2025-12-01,email+google,u_03151,treatment
c_002,free_to_digital_conversion,2025-11-01,2025-12-01,email+google,u_02033,treatment
c_002,free_to_digital_conversion,2025-11-01,2025-12-01,email+google,u_04575,treatment
c_002,free_to_digital_conversion,2025-11-01,2025-12-01,email+google,u_04194,treatment
c_002,free_to_digital_conversion,2025-11-01,2025-12-01,email+google,u_01183,treatment
c_002,free_to_digital_conversion,2025-11-01,2025-12-01,email+google,u_00274,treatment
c_002,free_to_digital_conversion,2025-11-01,2025-12-01,email+google,u_03841,treatment
c_002,free_to_digital_conversion,2025-11-01,2025-12-01,email+google,u_04190,treatment
c_002,free_to_digital_conversion,2025-11-01,2025-12-01,email+google,u_04601,treatment
c_002,free_to_digital_conversion,2025-11-01,2025-12-01,email+google,u_04340,treatment
c_002,free_to_digital_conversion,2025-11-01,2025-12-01,email+google,u_04249,treatment
c_002,free_to_digital_conversion,2025-11-01,2025-12-01,email+google,u_02633,treatment
c_002,free_to_digital_conversion,2025-11-01,2025-12-01,email+google,u_01832,treatment
c_002,free_to_digital_conversion,2025-11-01,2025-12-01,email+google,u_02545,treatment
c_002,free_to_digital_conversion,2025-11-01,2025-12-01,email+google,u_02213,treatment
c_002,free_to_digital_conversion,2025-11-01,2025-12-01,email+google,u_04838,control
c_002,free_to_digital_conversion,2025-11-01,2025-12-01,email+google,u_03948,treatment
c_002,free_to_digital_conversion,2025-11-01,2025-12-01,email+google,u_03670,treatment
c_002,free_to_digital_conversion,2025-11-01,2025-12-01,email+google,u_04481,treatment
c_002,free_to_digital_conversion,2025-11-01,2025-12-01,email+google,u_01078,control
c_002,free_to_digital_conversion,2025-11-01,2025-12-01,email+google,u_03650,treatment
c_002,free_to_digital_conversion,2025-11-01,2025-12-01,email+google,u_02645,treatment
c_002,free_to_digital_conversion,2025-11-01,2025-12-01,email+google,u_02399,treatment
c_002,free_to_digital_conversion,2025-11-01,2025-12-01,email+google,u_02220,treatment
c_002,free_to_digital_conversion,2025-11-01,2025-12-01,email+google,u_03673,treatment
c_002,free_to_digital_conversion,2025-11-01,2025-12-01,email+google,u_00751,treatment
c_002,free_to_digital_conversion,2025-11-01,2025-12-01,email+google,u_00740,treatment
c_002,free_to_digital_conversion,2025-11-01,2025-12-01,email+google,u_03127,treatment
c_002,free_to_digital_conversion,2025-11-01,2025-12-01,email+google,u_04779,treatment
c_002,free_to_digital_conversion,2025-11-01,2025-12-01,email+google,u_01112,control
c_002,free_to_digital_conversion,2025-11-01,2025-12-01,email+google,u_03163,treatment
c_002,free_to_digital_conversion,2025-11-01,2025-12-01,email+google,u_00308,treatment
c_002,free_to_digital_conversion,2025-11-01,2025-12-01,email+google,u_01989,treatment
c_002,free_to_digital_conversion,2025-11-01,2025-12-01,email+google,u_04735,treatment
c_002,free_to_digital_conversion,2025-11-01,2025-12-01,email+google,u_01849,treatment
c_002,free_to_digital_conversion,2025-11-01,2025-12-01,email+google,u_04507,treatment
c_002,free_to_digital_conversion,2025-11-01,2025-12-01,email+google,u_00827,control
c_002,free_to_digital_conversion,2025-11-01,2025-12-01,email+google,u_02983,treatment
c_002,free_to_digital_conversion,2025-11-01,2025-12-01,email+google,u_00096,treatment
c_002,free_to_digital_conversion,2025-11-01,2025-12-01,email+google,u_01318,treatment
c_002,free_to_digital_conversion,2025-11-01,2025-12-01,email+google,u_02671,treatment
c_002,free_to_digital_conversion,2025-11-01,2025-12-01,email+google,u_04918,treatment
c_002,free_to_digital_conversion,2025-11-01,2025-12-01,email+google,u_04993,control
c_002,free_to_digital_conversion,2025-11-01,2025-12-01,email+google,u_00380,treatment
c_002,free_to_digital_conversion,2025-11-01,2025-12-01,email+google,u_04001,treatment
c_002,free_to_digital_conversion,2025-11-01,2025-12-01,email+google,u_04776,treatment
c_002,free_to_digital_conversion,2025-11-01,2025-12-01,email+google,u_02221,treatment
c_002,free_to_digital_conversion,2025-11-01,2025-12-01,email+google,u_00698,treatment
c_002,free_to_digital_conversion,2025-11-01,2025-12-01,email+google,u_04354,control
c_002,free_to_digital_conversion,2025-11-01,2025-12-01,email+google,u_00433,treatment
c_002,free_to_digital_conversion,2025-11-01,2025-12-01,email+google,u_02556,treatment
c_002,free_to_digital_conversion,2025-11-01,2025-12-01,email+google,u_03622,treatment
c_002,free_to_digital_conversion,2025-11-01,2025-12-01,email+google,u_02771,treatment
c_002,free_to_digital_conversion,2025-11-01,2025-12-01,email+google,u_02191,treatment
c_002,free_to_digital_conversion,2025-11-01,2025-12-01,email+google,u_04978,treatment
c_002,free_to_digital_conversion,2025-11-01,2025-12-01,email+google,u_04706,treatment
c_002,free_to_digital_conversion,2025-11-01,2025-12-01,email+google,u_04926,control
c_002,free_to_digital_conversion,2025-11-01,2025-12-01,email+google,u_00061,treatment
c_002,free_to_digital_conversion,2025-11-01,2025-12-01,email+google,u_00132,control
c_002,free_to_digital_conversion,2025-11-01,2025-12-01,email+google,u_04324,control
c_002,free_to_digital_conversion,2025-11-01,2025-12-01,email+google,u_04334,treatment
c_002,free_to_digital_conversion,2025-11-01,2025-12-01,email+google,u_03821,control
c_002,free_to_digital_conversion,2025-11-01,2025-12-01,email+google,u_01707,treatment
c_002,free_to_digital_conversion,2025-11-01,2025-12-01,email+google,u_04338,treatment
c_002,free_to_digital_conversion,2025-11-01,2025-12-01,email+google,u_00647,treatment
c_002,free_to_digital_conversion,2025-11-01,2025-12-01,email+google,u_03560,control
c_002,free_to_digital_conversion,2025-11-01,2025-12-01,email+google,u_04184,treatment
c_002,free_to_digital_conversion,2025-11-01,2025-12-01,email+google,u_03471,treatment
c_002,free_to_digital_conversion,2025-11-01,2025-12-01,email+google,u_03608,treatment
c_002,free_to_digital_conversion,2025-11-01,2025-12-01,email+google,u_01561,treatment
c_002,free_to_digital_conversion,2025-11-01,2025-12-01,email+google,u_04936,treatment
c_002,free_to_digital_conversion,2025-11-01,2025-12-01,email+google,u_04438,control
c_002,free_to_digital_conversion,2025-11-01,2025-12-01,email+google,u_03105,treatment
c_002,free_to_digital_conversion,2025-11-01,2025-12-01,email+google,u_02117,treatment
c_002,free_to_digital_conversion,2025-11-01,2025-12-01,email+google,u_01994,treatment
c_002,free_to_digital_conversion,2025-11-01,2025-12-01,email+google,u_00893,control
c_002,free_to_digital_conversion,2025-11-01,2025-12-01,email+google,u_04372,treatment
c_002,free_to_digital_conversion,2025-11-01,2025-12-01,email+google,u_03888,treatment
c_002,free_to_digital_conversion,2025-11-01,2025-12-01,email+google,u_04523,treatment
c_002,free_to_digital_conversion,2025-11-01,2025-12-01,email+google,u_04130,treatment
c_002,free_to_digital_conversion,2025-11-01,2025-12-01,email+google,u_03191,treatment
c_002,free_to_digital_conversion,2025-11-01,2025-12-01,email+google,u_02918,treatment
c_002,free_to_digital_conversion,2025-11-01,2025-12-01,email+google,u_01088,treatment
c_002,free_to_digital_conversion,2025-11-01,2025-12-01,email+google,u_01835,treatment
c_002,free_to_digital_conversion,2025-11-01,2025-12-01,email+google,u_02016,treatment
c_002,free_to_digital_conversion,2025-11-01,2025-12-01,email+google,u_02121,treatment
c_002,free_to_digital_conversion,2025-11-01,2025-12-01,email+google,u_01947,treatment
c_002,free_to_digital_conversion,2025-11-01,2025-12-01,email+google,u_00689,treatment
c_002,free_to_digital_conversion,2025-11-01,2025-12-01,email+google,u_02405,treatment
c_002,free_to_digital_conversion,2025-11-01,2025-12-01,email+google,u_03317,treatment
c_002,free_to_digital_conversion,2025-11-01,2025-12-01,email+google,u_03584,treatment
c_002,free_to_digital_conversion,2025-11-01,2025-12-01,email+google,u_01152,treatment
c_002,free_to_digital_conversion,2025-11-01,2025-12-01,email+google,u_00483,treatment
c_002,free_to_digital_conversion,2025-11-01,2025-12-01,email+google,u_01865,treatment
c_002,free_to_digital_conversion,2025-11-01,2025-12-01,email+google,u_01307,treatment
c_002,free_to_digital_conversion,2025-11-01,2025-12-01,email+google,u_00118,treatment
c_002,free_to_digital_conversion,2025-11-01,2025-12-01,email+google,u_01003,control
c_002,free_to_digital_conversion,2025-11-01,2025-12-01,email+google,u_04494,treatment
c_002,free_to_digital_conversion,2025-11-01,2025-12-01,email+google,u_00335,treatment
c_002,free_to_digital_conversion,2025-11-01,2025-12-01,email+google,u_04482,treatment
c_002,free_to_digital_conversion,2025-11-01,2025-12-01,email+google,u_03979,control
c_002,free_to_digital_conversion,2025-11-01,2025-12-01,email+google,u_02498,treatment
c_002,free_to_digital_conversion,2025-11-01,2025-12-01,email+google,u_00364,treatment
c_002,free_to_digital_conversion,2025-11-01,2025-12-01,email+google,u_00495,treatment
c_002,free_to_digital_conversion,2025-11-01,2025-12-01,email+google,u_03686,control
c_002,free_to_digital_conversion,2025-11-01,2025-12-01,email+google,u_01520,treatment
c_002,free_to_digital_conversion,2025-11-01,2025-12-01,email+google,u_01126,treatment
c_002,free_to_digital_conversion,2025-11-01,2025-12-01,email+google,u_04349,treatment
c_002,free_to_digital_conversion,2025-11-01,2025-12-01,email+google,u_00910,treatment
c_002,free_to_digital_conversion,2025-11-01,2025-12-01,email+google,u_01240,treatment
c_002,free_to_digital_conversion,2025-11-01,2025-12-01,email+google,u_04326,treatment
c_002,free_to_digital_conversion,2025-11-01,2025-12-01,email+google,u_01173,treatment
c_002,free_to_digital_conversion,2025-11-01,2025-12-01,email+google,u_01611,treatment
c_002,free_to_digital_conversion,2025-11-01,2025-12-01,email+google,u_00005,treatment
c_002,free_to_digital_conversion,2025-11-01,2025-12-01,email+google,u_04431,treatment
c_002,free_to_digital_conversion,2025-11-01,2025-12-01,email+google,u_02804,treatment
c_002,free_to_digital_conversion,2025-11-01,2025-12-01,email+google,u_01714,control
c_002,free_to_digital_conversion,2025-11-01,2025-12-01,email+google,u_04416,treatment
c_002,free_to_digital_conversion,2025-11-01,2025-12-01,email+google,u_03046,treatment
c_002,free_to_digital_conversion,2025-11-01,2025-12-01,email+google,u_03816,treatment
c_002,free_to_digital_conversion,2025-11-01,2025-12-01,email+google,u_03954,treatment
c_002,free_to_digital_conversion,2025-11-01,2025-12-01,email+google,u_02164,treatment
c_002,free_to_digital_conversion,2025-11-01,2025-12-01,email+google,u_00241,control
c_002,free_to_digital_conversion,2025-11-01,2025-12-01,email+google,u_01219,control
c_002,free_to_digital_conversion,2025-11-01,2025-12-01,email+google,u_00055,treatment
c_002,free_to_digital_conversion,2025-11-01,2025-12-01,email+google,u_03994,treatment
c_002,free_to_digital_conversion,2025-11-01,2025-12-01,email+google,u_01626,treatment
c_002,free_to_digital_conversion,2025-11-01,2025-12-01,email+google,u_00736,treatment
c_002,free_to_digital_conversion,2025-11-01,2025-12-01,email+google,u_00563,treatment
c_002,free_to_digital_conversion,2025-11-01,2025-12-01,email+google,u_03687,treatment
c_002,free_to_digital_conversion,2025-11-01,2025-12-01,email+google,u_01606,treatment
c_002,free_to_digital_conversion,2025-11-01,2025-12-01,email+google,u_00003,treatment
c_002,free_to_digital_conversion,2025-11-01,2025-12-01,email+google,u_03023,treatment
c_002,free_to_digital_conversion,2025-11-01,2025-12-01,email+google,u_04762,treatment
c_002,free_to_digital_conversion,2025-11-01,2025-12-01,email+google,u_01618,treatment
c_002,free_to_digital_conversion,2025-11-01,2025-12-01,email+google,u_01168,treatment
c_002,free_to_digital_conversion,2025-11-01,2025-12-01,email+google,u_03135,treatment
c_002,free_to_digital_conversion,2025-11-01,2025-12-01,email+google,u_01593,control
c_002,free_to_digital_conversion,2025-11-01,2025-12-01,email+google,u_01804,treatment
c_002,free_to_digital_conversion,2025-11-01,2025-12-01,email+google,u_00955,control
c_002,free_to_digital_conversion,2025-11-01,2025-12-01,email+google,u_01951,treatment
c_002,free_to_digital_conversion,2025-11-01,2025-12-01,email+google,u_01784,control
c_002,free_to_digital_conversion,2025-11-01,2025-12-01,email+google,u_01178,treatment
c_002,free_to_digital_conversion,2025-11-01,2025-12-01,email+google,u_04029,treatment
c_002,free_to_digital_conversion,2025-11-01,2025-12-01,email+google,u_02168,control
c_002,free_to_digital_conversion,2025-11-01,2025-12-01,email+google,u_02113,control
c_002,free_to_digital_conversion,2025-11-01,2025-12-01,email+google,u_00605,treatment
c_002,free_to_digital_conversion,2025-11-01,2025-12-01,email+google,u_00622,treatment
c_002,free_to_digital_conversion,2025-11-01,2025-12-01,email+google,u_00964,treatment
c_002,free_to_digital_conversion,2025-11-01,2025-12-01,email+google,u_01681,treatment
c_002,free_to_digital_conversion,2025-11-01,2025-12-01,email+google,u_03793,treatment
c_002,free_to_digital_conversion,2025-11-01,2025-12-01,email+google,u_03394,treatment
c_002,free_to_digital_conversion,2025-11-01,2025-12-01,email+google,u_03916,treatment
c_002,free_to_digital_conversion,2025-11-01,2025-12-01,email+google,u_00515,treatment
c_002,free_to_digital_conversion,2025-11-01,2025-12-01,email+google,u_02669,control
c_002,free_to_digital_conversion,2025-11-01,2025-12-01,email+google,u_00365,treatment
c_002,free_to_digital_conversion,2025-11-01,2025-12-01,email+google,u_02014,control
c_002,free_to_digital_conversion,2025-11-01,2025-12-01,email+google,u_04124,control
c_002,free_to_digital_conversion,2025-11-01,2025-12-01,email+google,u_00016,treatment
c_002,free_to_digital_conversion,2025-11-01,2025-12-01,email+google,u_04400,treatment
c_002,free_to_digital_conversion,2025-11-01,2025-12-01,email+google,u_04359,treatment
c_002,free_to_digital_conversion,2025-11-01,2025-12-01,email+google,u_02523,treatment
c_002,free_to_digital_conversion,2025-11-01,2025-12-01,email+google,u_01644,treatment
c_002,free_to_digital_conversion,2025-11-01,2025-12-01,email+google,u_02137,treatment
c_002,free_to_digital_conversion,2025-11-01,2025-12-01,email+google,u_01522,treatment
c_002,free_to_digital_conversion,2025-11-01,2025-12-01,email+google,u_02688,treatment
c_002,free_to_digital_conversion,2025-11-01,2025-12-01,email+google,u_01963,treatment
c_002,free_to_digital_conversion,2025-11-01,2025-12-01,email+google,u_00858,treatment
c_002,free_to_digital_conversion,2025-11-01,2025-12-01,email+google,u_00614,treatment
c_002,free_to_digital_conversion,2025-11-01,2025-12-01,email+google,u_04240,treatment
c_002,free_to_digital_conversion,2025-11-01,2025-12-01,email+google,u_03215,control
c_002,free_to_digital_conversion,2025-11-01,2025-12-01,email+google,u_04366,treatment
c_002,free_to_digital_conversion,2025-11-01,2025-12-01,email+google,u_00905,control
c_002,free_to_digital_conversion,2025-11-01,2025-12-01,email+google,u_00460,treatment
c_002,free_to_digital_conversion,2025-11-01,2025-12-01,email+google,u_04039,treatment
c_002,free_to_digital_conversion,2025-11-01,2025-12-01,email+google,u_04515,treatment
c_002,free_to_digital_conversion,2025-11-01,2025-12-01,email+google,u_00811,treatment
c_002,free_to_digital_conversion,2025-11-01,2025-12-01,email+google,u_03637,treatment
c_002,free_to_digital_conversion,2025-11-01,2025-12-01,email+google,u_00523,treatment
c_002,free_to_digital_conversion,2025-11-01,2025-12-01,email+google,u_02329,treatment
c_002,free_to_digital_conversion,2025-11-01,2025-12-01,email+google,u_03767,treatment
c_002,free_to_digital_conversion,2025-11-01,2025-12-01,email+google,u_04579,treatment
c_002,free_to_digital_conversion,2025-11-01,2025-12-01,email+google,u_03860,treatment
c_002,free_to_digital_conversion,2025-11-01,2025-12-01,email+google,u_02659,control
c_002,free_to_digital_conversion,2025-11-01,2025-12-01,email+google,u_04467,treatment
c_002,free_to_digital_conversion,2025-11-01,2025-12-01,email+google,u_00302,treatment
c_002,free_to_digital_conversion,2025-11-01,2025-12-01,email+google,u_00503,treatment
c_002,free_to_digital_conversion,2025-11-01,2025-12-01,email+google,u_02650,control
c_002,free_to_digital_conversion,2025-11-01,2025-12-01,email+google,u_01059,treatment
c_002,free_to_digital_conversion,2025-11-01,2025-12-01,email+google,u_02787,control
c_002,free_to_digital_conversion,2025-11-01,2025-12-01,email+google,u_03376,treatment
c_002,free_to_digital_conversion,2025-11-01,2025-12-01,email+google,u_04886,control
c_002,free_to_digital_conversion,2025-11-01,2025-12-01,email+google,u_00202,treatment
c_002,free_to_digital_conversion,2025-11-01,2025-12-01,email+google,u_01479,treatment
c_002,free_to_digital_conversion,2025-11-01,2025-12-01,email+google,u_00983,treatment
c_002,free_to_digital_conversion,2025-11-01,2025-12-01,email+google,u_01608,treatment
c_002,free_to_digital_conversion,2025-11-01,2025-12-01,email+google,u_04435,treatment
c_002,free_to_digital_conversion,2025-11-01,2025-12-01,email+google,u_04080,treatment
c_002,free_to_digital_conversion,2025-11-01,2025-12-01,email+google,u_00455,treatment
c_002,free_to_digital_conversion,2025-11-01,2025-12-01,email+google,u_00019,treatment
c_002,free_to_digital_conversion,2025-11-01,2025-12-01,email+google,u_00205,treatment
c_002,free_to_digital_conversion,2025-11-01,2025-12-01,email+google,u_04755,treatment
c_002,free_to_digital_conversion,2025-11-01,2025-12-01,email+google,u_02447,treatment
c_002,free_to_digital_conversion,2025-11-01,2025-12-01,email+google,u_02522,treatment
c_002,free_to_digital_conversion,2025-11-01,2025-12-01,email+google,u_02058,treatment
c_002,free_to_digital_conversion,2025-11-01,2025-12-01,email+google,u_02961,control
c_002,free_to_digital_conversion,2025-11-01,2025-12-01,email+google,u_00500,treatment
c_002,free_to_digital_conversion,2025-11-01,2025-12-01,email+google,u_00772,treatment
c_002,free_to_digital_conversion,2025-11-01,2025-12-01,email+google,u_00080,treatment
c_002,free_to_digital_conversion,2025-11-01,2025-12-01,email+google,u_02393,control
c_002,free_to_digital_conversion,2025-11-01,2025-12-01,email+google,u_04769,treatment
c_002,free_to_digital_conversion,2025-11-01,2025-12-01,email+google,u_04336,treatment
c_002,free_to_digital_conversion,2025-11-01,2025-12-01,email+google,u_00476,treatment
c_002,free_to_digital_conversion,2025-11-01,2025-12-01,email+google,u_04528,control
c_002,free_to_digital_conversion,2025-11-01,2025-12-01,email+google,u_01261,treatment
c_002,free_to_digital_conversion,2025-11-01,2025-12-01,email+google,u_01638,control
c_002,free_to_digital_conversion,2025-11-01,2025-12-01,email+google,u_02019,treatment
c_002,free_to_digital_conversion,2025-11-01,2025-12-01,email+google,u_03057,treatment
c_002,free_to_digital_conversion,2025-11-01,2025-12-01,email+google,u_04889,control
c_002,free_to_digital_conversion,2025-11-01,2025-12-01,email+google,u_04278,treatment
c_002,free_to_digital_conversion,2025-11-01,2025-12-01,email+google,u_00264,treatment
c_002,free_to_digital_conversion,2025-11-01,2025-12-01,email+google,u_03955,treatment
c_002,free_to_digital_conversion,2025-11-01,2025-12-01,email+google,u_03356,treatment
c_002,free_to_digital_conversion,2025-11-01,2025-12-01,email+google,u_03879,treatment
c_002,free_to_digital_conversion,2025-11-01,2025-12-01,email+google,u_00640,treatment
c_002,free_to_digital_conversion,2025-11-01,2025-12-01,email+google,u_03040,treatment
c_002,free_to_digital_conversion,2025-11-01,2025-12-01,email+google,u_03908,treatment
c_002,free_to_digital_conversion,2025-11-01,2025-12-01,email+google,u_00875,treatment
c_002,free_to_digital_conversion,2025-11-01,2025-12-01,email+google,u_02150,treatment
c_002,free_to_digital_conversion,2025-11-01,2025-12-01,email+google,u_00949,treatment
c_002,free_to_digital_conversion,2025-11-01,2025-12-01,email+google,u_01461,treatment
c_002,free_to_digital_conversion,2025-11-01,2025-12-01,email+google,u_03075,control
c_002,free_to_digital_conversion,2025-11-01,2025-12-01,email+google,u_01777,control
c_002,free_to_digital_conversion,2025-11-01,2025-12-01,email+google,u_04389,treatment
c_002,free_to_digital_conversion,2025-11-01,2025-12-01,email+google,u_02207,control
c_002,free_to_digital_conversion,2025-11-01,2025-12-01,email+google,u_04048,treatment
c_002,free_to_digital_conversion,2025-11-01,2025-12-01,email+google,u_01292,control
c_002,free_to_digital_conversion,2025-11-01,2025-12-01,email+google,u_04353,treatment
c_002,free_to_digital_conversion,2025-11-01,2025-12-01,email+google,u_02489,treatment
c_002,free_to_digital_conversion,2025-11-01,2025-12-01,email+google,u_00287,treatment
c_002,free_to_digital_conversion,2025-11-01,2025-12-01,email+google,u_03187,treatment
c_002,free_to_digital_conversion,2025-11-01,2025-12-01,email+google,u_03580,treatment
c_002,free_to_digital_conversion,2025-11-01,2025-12-01,email+google,u_04862,treatment
c_002,free_to_digital_conversion,2025-11-01,2025-12-01,email+google,u_02247,treatment
c_002,free_to_digital_conversion,2025-11-01,2025-12-01,email+google,u_01838,treatment
c_002,free_to_digital_conversion,2025-11-01,2025-12-01,email+google,u_01573,control
c_002,free_to_digital_conversion,2025-11-01,2025-12-01,email+google,u_02537,treatment
c_002,free_to_digital_conversion,2025-11-01,2025-12-01,email+google,u_03291,treatment
c_002,free_to_digital_conversion,2025-11-01,2025-12-01,email+google,u_01735,treatment
c_002,free_to_digital_conversion,2025-11-01,2025-12-01,email+google,u_04619,treatment
c_002,free_to_digital_conversion,2025-11-01,2025-12-01,email+google,u_02646,treatment
c_002,free_to_digital_conversion,2025-11-01,2025-12-01,email+google,u_02262,treatment
c_002,free_to_digital_conversion,2025-11-01,2025-12-01,email+google,u_03724,control
c_002,free_to_digital_conversion,2025-11-01,2025-12-01,email+google,u_00749,treatment
c_002,free_to_digital_conversion,2025-11-01,2025-12-01,email+google,u_02754,treatment
c_002,free_to_digital_conversion,2025-11-01,2025-12-01,email+google,u_00888,treatment
c_002,free_to_digital_conversion,2025-11-01,2025-12-01,email+google,u_00260,treatment
c_002,free_to_digital_conversion,2025-11-01,2025-12-01,email+google,u_02988,treatment
c_002,free_to_digital_conversion,2025-11-01,2025-12-01,email+google,u_03565,treatment
c_002,free_to_digital_conversion,2025-11-01,2025-12-01,email+google,u_01448,treatment
c_002,free_to_digital_conversion,2025-11-01,2025-12-01,email+google,u_00743,treatment
c_002,free_to_digital_conversion,2025-11-01,2025-12-01,email+google,u_04122,treatment
c_002,free_to_digital_conversion,2025-11-01,2025-12-01,email+google,u_00869,treatment
c_002,free_to_digital_conversion,2025-11-01,2025-12-01,email+google,u_00937,treatment
c_002,free_to_digital_conversion,2025-11-01,2025-12-01,email+google,u_04035,treatment
c_002,free_to_digital_conversion,2025-11-01,2025-12-01,email+google,u_01924,control
c_002,free_to_digital_conversion,2025-11-01,2025-12-01,email+google,u_03331,treatment
c_002,free_to_digital_conversion,2025-11-01,2025-12-01,email+google,u_00677,treatment
c_002,free_to_digital_conversion,2025-11-01,2025-12-01,email+google,u_01146,treatment
c_002,free_to_digital_conversion,2025-11-01,2025-12-01,email+google,u_01302,treatment
c_002,free_to_digital_conversion,2025-11-01,2025-12-01,email+google,u_02459,treatment
c_002,free_to_digital_conversion,2025-11-01,2025-12-01,email+google,u_01243,treatment
c_002,free_to_digital_conversion,2025-11-01,2025-12-01,email+google,u_04196,treatment
c_002,free_to_digital_conversion,2025-11-01,2025-12-01,email+google,u_03671,control
c_002,free_to_digital_conversion,2025-11-01,2025-12-01,email+google,u_03161,treatment
c_002,free_to_digital_conversion,2025-11-01,2025-12-01,email+google,u_03971,treatment
c_002,free_to_digital_conversion,2025-11-01,2025-12-01,email+google,u_04316,treatment
c_002,free_to_digital_conversion,2025-11-01,2025-12-01,email+google,u_02966,treatment
c_002,free_to_digital_conversion,2025-11-01,2025-12-01,email+google,u_03594,treatment
c_002,free_to_digital_conversion,2025-11-01,2025-12-01,email+google,u_00626,treatment
c_002,free_to_digital_conversion,2025-11-01,2025-12-01,email+google,u_04816,treatment
c_002,free_to_digital_conversion,2025-11-01,2025-12-01,email+google,u_02612,treatment
c_002,free_to_digital_conversion,2025-11-01,2025-12-01,email+google,u_02888,treatment
c_002,free_to_digital_conversion,2025-11-01,2025-12-01,email+google,u_02733,treatment
c_002,free_to_digital_conversion,2025-11-01,2025-12-01,email+google,u_03436,treatment
c_002,free_to_digital_conversion,2025-11-01,2025-12-01,email+google,u_01596,treatment
c_002,free_to_digital_conversion,2025-11-01,2025-12-01,email+google,u_01716,treatment
c_002,free_to_digital_conversion,2025-11-01,2025-12-01,email+google,u_04397,treatment
c_002,free_to_digital_conversion,2025-11-01,2025-12-01,email+google,u_04242,control
c_002,free_to_digital_conversion,2025-11-01,2025-12-01,email+google,u_04065,treatment
c_002,free_to_digital_conversion,2025-11-01,2025-12-01,email+google,u_00820,treatment
c_002,free_to_digital_conversion,2025-11-01,2025-12-01,email+google,u_00849,control
c_002,free_to_digital_conversion,2025-11-01,2025-12-01,email+google,u_01960,treatment
c_002,free_to_digital_conversion,2025-11-01,2025-12-01,email+google,u_04390,control
c_002,free_to_digital_conversion,2025-11-01,2025-12-01,email+google,u_03390,treatment
c_002,free_to_digital_conversion,2025-11-01,2025-12-01,email+google,u_02953,treatment
c_002,free_to_digital_conversion,2025-11-01,2025-12-01,email+google,u_02689,control
c_002,free_to_digital_conversion,2025-11-01,2025-12-01,email+google,u_04103,treatment
c_002,free_to_digital_conversion,2025-11-01,2025-12-01,email+google,u_02768,treatment
c_002,free_to_digital_conversion,2025-11-01,2025-12-01,email+google,u_00637,treatment
c_002,free_to_digital_conversion,2025-11-01,2025-12-01,email+google,u_01303,treatment
c_002,free_to_digital_conversion,2025-11-01,2025-12-01,email+google,u_03029,treatment
c_002,free_to_digital_conversion,2025-11-01,2025-12-01,email+google,u_00249,treatment
c_002,free_to_digital_conversion,2025-11-01,2025-12-01,email+google,u_04037,control
c_002,free_to_digital_conversion,2025-11-01,2025-12-01,email+google,u_01830,treatment
c_002,free_to_digital_conversion,2025-11-01,2025-12-01,email+google,u_03526,treatment
c_002,free_to_digital_conversion,2025-11-01,2025-12-01,email+google,u_02184,treatment
c_002,free_to_digital_conversion,2025-11-01,2025-12-01,email+google,u_01497,control
c_002,free_to_digital_conversion,2025-11-01,2025-12-01,email+google,u_04446,treatment
c_002,free_to_digital_conversion,2025-11-01,2025-12-01,email+google,u_00298,treatment
c_002,free_to_digital_conversion,2025-11-01,2025-12-01,email+google,u_01734,control
c_002,free_to_digital_conversion,2025-11-01,2025-12-01,email+google,u_04234,treatment
c_002,free_to_digital_conversion,2025-11-01,2025-12-01,email+google,u_02098,treatment
c_002,free_to_digital_conversion,2025-11-01,2025-12-01,email+google,u_03571,treatment
c_002,free_to_digital_conversion,2025-11-01,2025-12-01,email+google,u_03058,control
c_002,free_to_digital_conversion,2025-11-01,2025-12-01,email+google,u_04325,treatment
c_002,free_to_digital_conversion,2025-11-01,2025-12-01,email+google,u_02289,treatment
c_002,free_to_digital_conversion,2025-11-01,2025-12-01,email+google,u_02684,treatment
c_002,free_to_digital_conversion,2025-11-01,2025-12-01,email+google,u_00957,treatment
c_002,free_to_digital_conversion,2025-11-01,2025-12-01,email+google,u_04742,treatment
c_002,free_to_digital_conversion,2025-11-01,2025-12-01,email+google,u_01528,treatment
c_002,free_to_digital_conversion,2025-11-01,2025-12-01,email+google,u_00994,treatment
c_002,free_to_digital_conversion,2025-11-01,2025-12-01,email+google,u_00452,treatment
c_002,free_to_digital_conversion,2025-11-01,2025-12-01,email+google,u_02174,control
c_002,free_to_digital_conversion,2025-11-01,2025-12-01,email+google,u_03473,control
c_002,free_to_digital_conversion,2025-11-01,2025-12-01,email+google,u_01390,control
c_002,free_to_digital_conversion,2025-11-01,2025-12-01,email+google,u_00481,treatment
c_002,free_to_digital_conversion,2025-11-01,2025-12-01,email+google,u_03321,treatment
c_002,free_to_digital_conversion,2025-11-01,2025-12-01,email+google,u_04075,treatment
c_002,free_to_digital_conversion,2025-11-01,2025-12-01,email+google,u_04749,treatment
c_002,free_to_digital_conversion,2025-11-01,2025-12-01,email+google,u_00526,treatment
c_002,free_to_digital_conversion,2025-11-01,2025-12-01,email+google,u_04640,treatment
c_002,free_to_digital_conversion,2025-11-01,2025-12-01,email+google,u_01446,treatment
c_002,free_to_digital_conversion,2025-11-01,2025-12-01,email+google,u_00474,treatment
c_002,free_to_digital_conversion,2025-11-01,2025-12-01,email+google,u_02317,control
c_002,free_to_digital_conversion,2025-11-01,2025-12-01,email+google,u_03627,treatment
c_002,free_to_digital_conversion,2025-11-01,2025-12-01,email+google,u_02364,treatment
c_002,free_to_digital_conversion,2025-11-01,2025-12-01,email+google,u_04679,treatment
c_002,free_to_digital_conversion,2025-11-01,2025-12-01,email+google,u_03832,control
c_002,free_to_digital_conversion,2025-11-01,2025-12-01,email+google,u_01901,treatment
c_002,free_to_digital_conversion,2025-11-01,2025-12-01,email+google,u_00725,treatment
c_002,free_to_digital_conversion,2025-11-01,2025-12-01,email+google,u_00351,control
c_002,free_to_digital_conversion,2025-11-01,2025-12-01,email+google,u_00766,treatment
c_002,free_to_digital_conversion,2025-11-01,2025-12-01,email+google,u_00189,treatment
c_002,free_to_digital_conversion,2025-11-01,2025-12-01,email+google,u_03544,treatment
c_002,free_to_digital_conversion,2025-11-01,2025-12-01,email+google,u_02038,treatment
c_002,free_to_digital_conversion,2025-11-01,2025-12-01,email+google,u_02249,treatment
c_002,free_to_digital_conversion,2025-11-01,2025-12-01,email+google,u_02891,treatment
c_002,free_to_digital_conversion,2025-11-01,2025-12-01,email+google,u_03966,treatment
c_002,free_to_digital_conversion,2025-11-01,2025-12-01,email+google,u_03505,treatment
c_002,free_to_digital_conversion,2025-11-01,2025-12-01,email+google,u_02214,treatment
c_002,free_to_digital_conversion,2025-11-01,2025-12-01,email+google,u_00418,treatment
c_002,free_to_digital_conversion,2025-11-01,2025-12-01,email+google,u_01194,treatment
c_002,free_to_digital_conversion,2025-11-01,2025-12-01,email+google,u_02464,treatment
c_002,free_to_digital_conversion,2025-11-01,2025-12-01,email+google,u_02165,treatment
c_002,free_to_digital_conversion,2025-11-01,2025-12-01,email+google,u_02451,treatment
c_002,free_to_digital_conversion,2025-11-01,2025-12-01,email+google,u_01494,control
c_002,free_to_digital_conversion,2025-11-01,2025-12-01,email+google,u_02622,control
c_002,free_to_digital_conversion,2025-11-01,2025-12-01,email+google,u_03729,control
c_002,free_to_digital_conversion,2025-11-01,2025-12-01,email+google,u_04182,treatment
c_002,free_to_digital_conversion,2025-11-01,2025-12-01,email+google,u_04296,treatment
c_002,free_to_digital_conversion,2025-11-01,2025-12-01,email+google,u_03395,treatment
c_002,free_to_digital_conversion,2025-11-01,2025-12-01,email+google,u_04795,control
c_002,free_to_digital_conversion,2025-11-01,2025-12-01,email+google,u_03926,treatment
c_002,free_to_digital_conversion,2025-11-01,2025-12-01,email+google,u_02118,treatment
c_002,free_to_digital_conversion,2025-11-01,2025-12-01,email+google,u_04364,treatment
c_002,free_to_digital_conversion,2025-11-01,2025-12-01,email+google,u_02555,control
c_002,free_to_digital_conversion,2025-11-01,2025-12-01,email+google,u_03961,treatment
c_002,free_to_digital_conversion,2025-11-01,2025-12-01,email+google,u_04861,control
c_002,free_to_digital_conversion,2025-11-01,2025-12-01,email+google,u_04100,treatment
c_002,free_to_digital_conversion,2025-11-01,2025-12-01,email+google,u_02751,treatment
c_002,free_to_digital_conversion,2025-11-01,2025-12-01,email+google,u_03419,treatment
c_002,free_to_digital_conversion,2025-11-01,2025-12-01,email+google,u_01586,treatment
c_002,free_to_digital_conversion,2025-11-01,2025-12-01,email+google,u_04290,treatment
c_002,free_to_digital_conversion,2025-11-01,2025-12-01,email+google,u_04714,treatment
c_002,free_to_digital_conversion,2025-11-01,2025-12-01,email+google,u_01285,treatment
c_002,free_to_digital_conversion,2025-11-01,2025-12-01,email+google,u_03726,control
c_002,free_to_digital_conversion,2025-11-01,2025-12-01,email+google,u_01916,control
c_002,free_to_digital_conversion,2025-11-01,2025-12-01,email+google,u_00086,treatment
c_002,free_to_digital_conversion,2025-11-01,2025-12-01,email+google,u_01913,treatment
c_002,free_to_digital_conversion,2025-11-01,2025-12-01,email+google,u_03008,control
c_002,free_to_digital_conversion,2025-11-01,2025-12-01,email+google,u_03456,treatment
c_002,free_to_digital_conversion,2025-11-01,2025-12-01,email+google,u_03521,treatment
c_002,free_to_digital_conversion,2025-11-01,2025-12-01,email+google,u_02161,treatment
c_002,free_to_digital_conversion,2025-11-01,2025-12-01,email+google,u_01354,treatment
c_002,free_to_digital_conversion,2025-11-01,2025-12-01,email+google,u_02445,treatment
c_002,free_to_digital_conversion,2025-11-01,2025-12-01,email+google,u_03773,control
c_002,free_to_digital_conversion,2025-11-01,2025-12-01,email+google,u_02290,treatment
c_002,free_to_digital_conversion,2025-11-01,2025-12-01,email+google,u_03096,treatment
c_002,free_to_digital_conversion,2025-11-01,2025-12-01,email+google,u_02314,treatment
c_002,free_to_digital_conversion,2025-11-01,2025-12-01,email+google,u_00141,control
c_002,free_to_digital_conversion,2025-11-01,2025-12-01,email+google,u_02538,treatment
c_002,free_to_digital_conversion,2025-11-01,2025-12-01,email+google,u_03705,treatment
c_002,free_to_digital_conversion,2025-11-01,2025-12-01,email+google,u_00083,treatment
c_002,free_to_digital_conversion,2025-11-01,2025-12-01,email+google,u_04927,treatment
c_002,free_to_digital_conversion,2025-11-01,2025-12-01,email+google,u_04118,treatment
c_002,free_to_digital_conversion,2025-11-01,2025-12-01,email+google,u_03524,control
c_002,free_to_digital_conversion,2025-11-01,2025-12-01,email+google,u_00085,treatment
c_002,free_to_digital_conversion,2025-11-01,2025-12-01,email+google,u_04944,treatment
c_002,free_to_digital_conversion,2025-11-01,2025-12-01,email+google,u_00062,treatment
c_002,free_to_digital_conversion,2025-11-01,2025-12-01,email+google,u_00908,control
c_002,free_to_digital_conversion,2025-11-01,2025-12-01,email+google,u_02976,treatment
c_002,free_to_digital_conversion,2025-11-01,2025-12-01,email+google,u_00458,treatment
c_002,free_to_digital_conversion,2025-11-01,2025-12-01,email+google,u_01778,treatment
c_002,free_to_digital_conversion,2025-11-01,2025-12-01,email+google,u_02596,treatment
c_002,free_to_digital_conversion,2025-11-01,2025-12-01,email+google,u_02778,treatment
c_002,free_to_digital_conversion,2025-11-01,2025-12-01,email+google,u_04270,treatment
c_002,free_to_digital_conversion,2025-11-01,2025-12-01,email+google,u_01498,control
c_002,free_to_digital_conversion,2025-11-01,2025-12-01,email+google,u_04841,control
c_002,free_to_digital_conversion,2025-11-01,2025-12-01,email+google,u_03843,treatment
c_002,free_to_digital_conversion,2025-11-01,2025-12-01,email+google,u_02747,treatment
c_002,free_to_digital_conversion,2025-11-01,2025-12-01,email+google,u_02837,treatment
c_002,free_to_digital_conversion,2025-11-01,2025-12-01,email+google,u_02844,treatment
c_002,free_to_digital_conversion,2025-11-01,2025-12-01,email+google,u_04237,control
c_002,free_to_digital_conversion,2025-11-01,2025-12-01,email+google,u_04654,treatment
c_002,free_to_digital_conversion,2025-11-01,2025-12-01,email+google,u_02196,control
c_002,free_to_digital_conversion,2025-11-01,2025-12-01,email+google,u_00660,treatment
c_002,free_to_digital_conversion,2025-11-01,2025-12-01,email+google,u_01578,treatment
c_002,free_to_digital_conversion,2025-11-01,2025-12-01,email+google,u_01747,control
c_002,free_to_digital_conversion,2025-11-01,2025-12-01,email+google,u_02864,treatment
c_002,free_to_digital_conversion,2025-11-01,2025-12-01,email+google,u_01248,treatment
c_002,free_to_digital_conversion,2025-11-01,2025-12-01,email+google,u_01657,treatment
c_002,free_to_digital_conversion,2025-11-01,2025-12-01,email+google,u_00528,treatment
c_002,free_to_digital_conversion,2025-11-01,2025-12-01,email+google,u_01062,treatment
c_002,free_to_digital_conversion,2025-11-01,2025-12-01,email+google,u_04328,treatment
c_002,free_to_digital_conversion,2025-11-01,2025-12-01,email+google,u_03407,control
c_002,free_to_digital_conversion,2025-11-01,2025-12-01,email+google,u_04616,treatment
c_002,free_to_digital_conversion,2025-11-01,2025-12-01,email+google,u_01304,control
c_002,free_to_digital_conversion,2025-11-01,2025-12-01,email+google,u_04362,treatment
c_002,free_to_digital_conversion,2025-11-01,2025-12-01,email+google,u_00582,treatment
c_002,free_to_digital_conversion,2025-11-01,2025-12-01,email+google,u_04638,treatment
c_002,free_to_digital_conversion,2025-11-01,2025-12-01,email+google,u_03454,treatment
c_002,free_to_digital_conversion,2025-11-01,2025-12-01,email+google,u_01344,control
c_002,free_to_digital_conversion,2025-11-01,2025-12-01,email+google,u_00656,treatment
c_002,free_to_digital_conversion,2025-11-01,2025-12-01,email+google,u_01723,control
c_002,free_to_digital_conversion,2025-11-01,2025-12-01,email+google,u_03338,treatment
c_002,free_to_digital_conversion,2025-11-01,2025-12-01,email+google,u_03689,treatment
c_002,free_to_digital_conversion,2025-11-01,2025-12-01,email+google,u_03912,control
c_002,free_to_digital_conversion,2025-11-01,2025-12-01,email+google,u_02541,treatment
c_002,free_to_digital_conversion,2025-11-01,2025-12-01,email+google,u_02437,control
c_002,free_to_digital_conversion,2025-11-01,2025-12-01,email+google,u_01958,treatment
c_002,free_to_digital_conversion,2025-11-01,2025-12-01,email+google,u_00675,treatment
c_002,free_to_digital_conversion,2025-11-01,2025-12-01,email+google,u_04885,treatment
c_002,free_to_digital_conversion,2025-11-01,2025-12-01,email+google,u_04526,treatment
c_002,free_to_digital_conversion,2025-11-01,2025-12-01,email+google,u_01500,control
c_002,free_to_digital_conversion,2025-11-01,2025-12-01,email+google,u_01252,treatment
c_002,free_to_digital_conversion,2025-11-01,2025-12-01,email+google,u_02856,treatment
c_002,free_to_digital_conversion,2025-11-01,2025-12-01,email+google,u_04329,treatment
c_002,free_to_digital_conversion,2025-11-01,2025-12-01,email+google,u_01427,treatment
c_002,free_to_digital_conversion,2025-11-01,2025-12-01,email+google,u_03728,control
c_002,free_to_digital_conversion,2025-11-01,2025-12-01,email+google,u_01145,control
c_002,free_to_digital_conversion,2025-11-01,2025-12-01,email+google,u_04791,treatment
c_002,free_to_digital_conversion,2025-11-01,2025-12-01,email+google,u_03903,treatment
c_002,free_to_digital_conversion,2025-11-01,2025-12-01,email+google,u_01135,control
c_002,free_to_digital_conversion,2025-11-01,2025-12-01,email+google,u_00782,treatment
c_002,free_to_digital_conversion,2025-11-01,2025-12-01,email+google,u_04949,control
c_002,free_to_digital_conversion,2025-11-01,2025-12-01,email+google,u_00328,control
c_002,free_to_digital_conversion,2025-11-01,2025-12-01,email+google,u_00953,treatment
c_002,free_to_digital_conversion,2025-11-01,2025-12-01,email+google,u_04674,treatment
c_002,free_to_digital_conversion,2025-11-01,2025-12-01,email+google,u_00912,treatment
c_002,free_to_digital_conversion,2025-11-01,2025-12-01,email+google,u_00128,treatment
c_002,free_to_digital_conversion,2025-11-01,2025-12-01,email+google,u_00044,treatment
c_002,free_to_digital_conversion,2025-11-01,2025-12-01,email+google,u_04331,treatment
c_002,free_to_digital_conversion,2025-11-01,2025-12-01,email+google,u_02357,treatment
c_002,free_to_digital_conversion,2025-11-01,2025-12-01,email+google,u_03142,control
c_002,free_to_digital_conversion,2025-11-01,2025-12-01,email+google,u_03550,treatment
c_002,free_to_digital_conversion,2025-11-01,2025-12-01,email+google,u_02131,treatment
c_002,free_to_digital_conversion,2025-11-01,2025-12-01,email+google,u_02195,control
c_002,free_to_digital_conversion,2025-11-01,2025-12-01,email+google,u_02955,control
c_002,free_to_digital_conversion,2025-11-01,2025-12-01,email+google,u_04618,treatment
c_002,free_to_digital_conversion,2025-11-01,2025-12-01,email+google,u_02691,treatment
c_002,free_to_digital_conversion,2025-11-01,2025-12-01,email+google,u_00471,treatment
c_002,free_to_digital_conversion,2025-11-01,2025-12-01,email+google,u_04539,treatment
c_002,free_to_digital_conversion,2025-11-01,2025-12-01,email+google,u_03899,treatment
c_002,free_to_digital_conversion,2025-11-01,2025-12-01,email+google,u_00453,treatment
c_002,free_to_digital_conversion,2025-11-01,2025-12-01,email+google,u_02383,treatment
c_002,free_to_digital_conversion,2025-11-01,2025-12-01,email+google,u_00854,treatment
c_002,free_to_digital_conversion,2025-11-01,2025-12-01,email+google,u_02153,treatment
c_002,free_to_digital_conversion,2025-11-01,2025-12-01,email+google,u_03320,treatment
c_002,free_to_digital_conversion,2025-11-01,2025-12-01,email+google,u_04736,control
c_002,free_to_digital_conversion,2025-11-01,2025-12-01,email+google,u_00063,treatment
c_002,free_to_digital_conversion,2025-11-01,2025-12-01,email+google,u_00058,treatment
c_002,free_to_digital_conversion,2025-11-01,2025-12-01,email+google,u_01795,treatment
c_002,free_to_digital_conversion,2025-11-01,2025-12-01,email+google,u_03549,treatment
c_002,free_to_digital_conversion,2025-11-01,2025-12-01,email+google,u_00595,control
c_002,free_to_digital_conversion,2025-11-01,2025-12-01,email+google,u_00598,treatment
c_002,free_to_digital_conversion,2025-11-01,2025-12-01,email+google,u_00959,treatment
c_002,free_to_digital_conversion,2025-11-01,2025-12-01,email+google,u_00850,treatment
c_002,free_to_digital_conversion,2025-11-01,2025-12-01,email+google,u_03340,control
c_002,free_to_digital_conversion,2025-11-01,2025-12-01,email+google,u_00876,treatment
c_002,free_to_digital_conversion,2025-11-01,2025-12-01,email+google,u_04347,treatment
c_002,free_to_digital_conversion,2025-11-01,2025-12-01,email+google,u_02890,treatment
c_002,free_to_digital_conversion,2025-11-01,2025-12-01,email+google,u_02533,treatment
c_002,free_to_digital_conversion,2025-11-01,2025-12-01,email+google,u_02874,control
c_002,free_to_digital_conversion,2025-11-01,2025-12-01,email+google,u_02183,control
c_002,free_to_digital_conversion,2025-11-01,2025-12-01,email+google,u_02585,treatment
c_002,free_to_digital_conversion,2025-11-01,2025-12-01,email+google,u_03815,treatment
c_002,free_to_digital_conversion,2025-11-01,2025-12-01,email+google,u_03750,control
c_002,free_to_digital_conversion,2025-11-01,2025-12-01,email+google,u_01850,treatment
c_002,free_to_digital_conversion,2025-11-01,2025-12-01,email+google,u_02050,treatment
c_002,free_to_digital_conversion,2025-11-01,2025-12-01,email+google,u_00478,treatment
c_002,free_to_digital_conversion,2025-11-01,2025-12-01,email+google,u_04629,treatment
c_002,free_to_digital_conversion,2025-11-01,2025-12-01,email+google,u_02028,treatment
c_002,free_to_digital_conversion,2025-11-01,2025-12-01,email+google,u_03157,treatment
c_002,free_to_digital_conversion,2025-11-01,2025-12-01,email+google,u_02406,treatment
c_002,free_to_digital_conversion,2025-11-01,2025-12-01,email+google,u_04268,control
c_002,free_to_digital_conversion,2025-11-01,2025-12-01,email+google,u_04317,treatment
c_002,free_to_digital_conversion,2025-11-01,2025-12-01,email+google,u_03445,treatment
c_002,free_to_digital_conversion,2025-11-01,2025-12-01,email+google,u_02625,treatment
c_002,free_to_digital_conversion,2025-11-01,2025-12-01,email+google,u_01692,control
c_002,free_to_digital_conversion,2025-11-01,2025-12-01,email+google,u_03707,treatment
c_002,free_to_digital_conversion,2025-11-01,2025-12-01,email+google,u_04576,control
c_002,free_to_digital_conversion,2025-11-01,2025-12-01,email+google,u_04716,treatment
c_002,free_to_digital_conversion,2025-11-01,2025-12-01,email+google,u_03577,treatment
c_002,free_to_digital_conversion,2025-11-01,2025-12-01,email+google,u_04997,treatment
c_002,free_to_digital_conversion,2025-11-01,2025-12-01,email+google,u_02557,treatment
c_002,free_to_digital_conversion,2025-11-01,2025-12-01,email+google,u_00612,control
c_002,free_to_digital_conversion,2025-11-01,2025-12-01,email+google,u_04589,control
c_002,free_to_digital_conversion,2025-11-01,2025-12-01,email+google,u_00927,treatment
c_002,free_to_digital_conversion,2025-11-01,2025-12-01,email+google,u_03523,treatment
c_002,free_to_digital_conversion,2025-11-01,2025-12-01,email+google,u_03847,control
c_002,free_to_digital_conversion,2025-11-01,2025-12-01,email+google,u_01882,control
c_002,free_to_digital_conversion,2025-11-01,2025-12-01,email+google,u_00708,treatment
c_002,free_to_digital_conversion,2025-11-01,2025-12-01,email+google,u_03078,treatment
c_002,free_to_digital_conversion,2025-11-01,2025-12-01,email+google,u_01886,treatment
c_002,free_to_digital_conversion,2025-11-01,2025-12-01,email+google,u_03644,treatment
c_002,free_to_digital_conversion,2025-11-01,2025-12-01,email+google,u_00765,treatment
c_002,free_to_digital_conversion,2025-11-01,2025-12-01,email+google,u_01268,treatment
c_002,free_to_digital_conversion,2025-11-01,2025-12-01,email+google,u_04580,control
c_002,free_to_digital_conversion,2025-11-01,2025-12-01,email+google,u_01591,treatment
c_002,free_to_digital_conversion,2025-11-01,2025-12-01,email+google,u_02700,control
c_002,free_to_digital_conversion,2025-11-01,2025-12-01,email+google,u_04831,treatment
c_002,free_to_digital_conversion,2025-11-01,2025-12-01,email+google,u_01255,treatment
c_002,free_to_digital_conversion,2025-11-01,2025-12-01,email+google,u_01495,treatment
c_002,free_to_digital_conversion,2025-11-01,2025-12-01,email+google,u_01641,treatment
c_002,free_to_digital_conversion,2025-11-01,2025-12-01,email+google,u_00756,treatment
c_002,free_to_digital_conversion,2025-11-01,2025-12-01,email+google,u_04970,treatment
c_002,free_to_digital_conversion,2025-11-01,2025-12-01,email+google,u_00521,treatment
c_002,free_to_digital_conversion,2025-11-01,2025-12-01,email+google,u_04628,treatment
c_002,free_to_digital_conversion,2025-11-01,2025-12-01,email+google,u_03198,treatment
c_002,free_to_digital_conversion,2025-11-01,2025-12-01,email+google,u_00143,treatment
c_002,free_to_digital_conversion,2025-11-01,2025-12-01,email+google,u_00156,treatment
c_002,free_to_digital_conversion,2025-11-01,2025-12-01,email+google,u_00644,treatment
c_002,free_to_digital_conversion,2025-11-01,2025-12-01,email+google,u_03251,treatment
c_002,free_to_digital_conversion,2025-11-01,2025-12-01,email+google,u_00489,treatment
c_002,free_to_digital_conversion,2025-11-01,2025-12-01,email+google,u_01976,treatment
c_002,free_to_digital_conversion,2025-11-01,2025-12-01,email+google,u_02400,treatment
c_002,free_to_digital_conversion,2025-11-01,2025-12-01,email+google,u_01544,control
c_002,free_to_digital_conversion,2025-11-01,2025-12-01,email+google,u_01322,treatment
c_002,free_to_digital_conversion,2025-11-01,2025-12-01,email+google,u_03616,treatment
c_002,free_to_digital_conversion,2025-11-01,2025-12-01,email+google,u_00657,treatment
c_002,free_to_digital_conversion,2025-11-01,2025-12-01,email+google,u_02855,treatment
c_002,free_to_digital_conversion,2025-11-01,2025-12-01,email+google,u_01602,treatment
c_002,free_to_digital_conversion,2025-11-01,2025-12-01,email+google,u_01424,treatment
c_002,free_to_digital_conversion,2025-11-01,2025-12-01,email+google,u_01843,treatment
c_002,free_to_digital_conversion,2025-11-01,2025-12-01,email+google,u_00809,treatment
c_002,free_to_digital_conversion,2025-11-01,2025-12-01,email+google,u_00385,treatment
c_002,free_to_digital_conversion,2025-11-01,2025-12-01,email+google,u_00372,treatment
c_002,free_to_digital_conversion,2025-11-01,2025-12-01,email+google,u_00530,control
c_002,free_to_digital_conversion,2025-11-01,2025-12-01,email+google,u_04660,control
c_002,free_to_digital_conversion,2025-11-01,2025-12-01,email+google,u_02972,control
c_002,free_to_digital_conversion,2025-11-01,2025-12-01,email+google,u_02500,treatment
c_002,free_to_digital_conversion,2025-11-01,2025-12-01,email+google,u_04988,treatment
c_002,free_to_digital_conversion,2025-11-01,2025-12-01,email+google,u_01401,treatment
c_002,free_to_digital_conversion,2025-11-01,2025-12-01,email+google,u_00393,treatment
c_002,free_to_digital_conversion,2025-11-01,2025-12-01,email+google,u_01519,treatment
c_002,free_to_digital_conversion,2025-11-01,2025-12-01,email+google,u_03945,treatment
c_002,free_to_digital_conversion,2025-11-01,2025-12-01,email+google,u_04955,treatment
c_002,free_to_digital_conversion,2025-11-01,2025-12-01,email+google,u_00006,control
c_002,free_to_digital_conversion,2025-11-01,2025-12-01,email+google,u_04739,treatment
c_002,free_to_digital_conversion,2025-11-01,2025-12-01,email+google,u_02151,treatment
c_002,free_to_digital_conversion,2025-11-01,2025-12-01,email+google,u_02875,control
c_002,free_to_digital_conversion,2025-11-01,2025-12-01,email+google,u_01862,control
c_002,free_to_digital_conversion,2025-11-01,2025-12-01,email+google,u_02139,treatment
c_002,free_to_digital_conversion,2025-11-01,2025-12-01,email+google,u_03102,treatment
c_002,free_to_digital_conversion,2025-11-01,2025-12-01,email+google,u_04871,control
c_002,free_to_digital_conversion,2025-11-01,2025-12-01,email+google,u_04305,control
c_002,free_to_digital_conversion,2025-11-01,2025-12-01,email+google,u_00467,treatment
c_002,free_to_digital_conversion,2025-11-01,2025-12-01,email+google,u_01294,treatment
c_002,free_to_digital_conversion,2025-11-01,2025-12-01,email+google,u_04192,control
c_002,free_to_digital_conversion,2025-11-01,2025-12-01,email+google,u_03532,treatment
c_002,free_to_digital_conversion,2025-11-01,2025-12-01,email+google,u_00996,treatment
c_002,free_to_digital_conversion,2025-11-01,2025-12-01,email+google,u_04056,treatment
c_002,free_to_digital_conversion,2025-11-01,2025-12-01,email+google,u_03443,treatment
c_002,free_to_digital_conversion,2025-11-01,2025-12-01,email+google,u_01929,treatment
c_002,free_to_digital_conversion,2025-11-01,2025-12-01,email+google,u_03287,treatment
c_002,free_to_digital_conversion,2025-11-01,2025-12-01,email+google,u_03179,control
c_002,free_to_digital_conversion,2025-11-01,2025-12-01,email+google,u_01615,treatment
c_002,free_to_digital_conversion,2025-11-01,2025-12-01,email+google,u_02255,control
c_002,free_to_digital_conversion,2025-11-01,2025-12-01,email+google,u_03063,control
c_002,free_to_digital_conversion,2025-11-01,2025-12-01,email+google,u_02296,treatment
c_002,free_to_digital_conversion,2025-11-01,2025-12-01,email+google,u_00371,treatment
c_002,free_to_digital_conversion,2025-11-01,2025-12-01,email+google,u_01128,treatment
c_002,free_to_digital_conversion,2025-11-01,2025-12-01,email+google,u_03678,treatment
c_002,free_to_digital_conversion,2025-11-01,2025-12-01,email+google,u_00283,treatment
c_002,free_to_digital_conversion,2025-11-01,2025-12-01,email+google,u_02336,treatment
c_002,free_to_digital_conversion,2025-11-01,2025-12-01,email+google,u_00338,treatment
c_002,free_to_digital_conversion,2025-11-01,2025-12-01,email+google,u_04401,control
c_002,free_to_digital_conversion,2025-11-01,2025-12-01,email+google,u_03384,treatment
c_002,free_to_digital_conversion,2025-11-01,2025-12-01,email+google,u_01394,treatment
c_002,free_to_digital_conversion,2025-11-01,2025-12-01,email+google,u_04072,control
c_002,free_to_digital_conversion,2025-11-01,2025-12-01,email+google,u_02873,control
c_002,free_to_digital_conversion,2025-11-01,2025-12-01,email+google,u_02613,treatment
c_002,free_to_digital_conversion,2025-11-01,2025-12-01,email+google,u_01029,treatment
c_002,free_to_digital_conversion,2025-11-01,2025-12-01,email+google,u_00134,treatment
c_002,free_to_digital_conversion,2025-11-01,2025-12-01,email+google,u_01134,treatment
c_002,free_to_digital_conversion,2025-11-01,2025-12-01,email+google,u_00586,treatment
c_002,free_to_digital_conversion,2025-11-01,2025-12-01,email+google,u_01629,treatment
c_002,free_to_digital_conversion,2025-11-01,2025-12-01,email+google,u_03440,treatment
c_002,free_to_digital_conversion,2025-11-01,2025-12-01,email+google,u_01855,treatment
c_002,free_to_digital_conversion,2025-11-01,2025-12-01,email+google,u_02706,control
c_002,free_to_digital_conversion,2025-11-01,2025-12-01,email+google,u_04047,treatment
c_002,free_to_digital_conversion,2025-11-01,2025-12-01,email+google,u_00112,treatment
c_002,free_to_digital_conversion,2025-11-01,2025-12-01,email+google,u_01670,control
c_002,free_to_digital_conversion,2025-11-01,2025-12-01,email+google,u_00161,treatment
c_002,free_to_digital_conversion,2025-11-01,2025-12-01,email+google,u_03368,treatment
c_002,free_to_digital_conversion,2025-11-01,2025-12-01,email+google,u_00237,treatment
c_002,free_to_digital_conversion,2025-11-01,2025-12-01,email+google,u_00821,treatment
c_002,free_to_digital_conversion,2025-11-01,2025-12-01,email+google,u_02605,treatment
c_002,free_to_digital_conversion,2025-11-01,2025-12-01,email+google,u_04314,treatment
c_002,free_to_digital_conversion,2025-11-01,2025-12-01,email+google,u_01829,treatment
c_002,free_to_digital_conversion,2025-11-01,2025-12-01,email+google,u_04880,treatment
c_002,free_to_digital_conversion,2025-11-01,2025-12-01,email+google,u_01396,treatment
c_002,free_to_digital_conversion,2025-11-01,2025-12-01,email+google,u_01278,control
c_002,free_to_digital_conversion,2025-11-01,2025-12-01,email+google,u_03337,treatment
c_002,free_to_digital_conversion,2025-11-01,2025-12-01,email+google,u_02378,treatment
c_002,free_to_digital_conversion,2025-11-01,2025-12-01,email+google,u_01013,treatment
c_002,free_to_digital_conversion,2025-11-01,2025-12-01,email+google,u_04975,treatment
c_002,free_to_digital_conversion,2025-11-01,2025-12-01,email+google,u_02872,treatment
c_002,free_to_digital_conversion,2025-11-01,2025-12-01,email+google,u_04985,treatment
c_002,free_to_digital_conversion,2025-11-01,2025-12-01,email+google,u_02744,treatment
c_002,free_to_digital_conversion,2025-11-01,2025-12-01,email+google,u_00273,treatment
c_002,free_to_digital_conversion,2025-11-01,2025-12-01,email+google,u_03482,treatment
c_002,free_to_digital_conversion,2025-11-01,2025-12-01,email+google,u_03274,treatment
c_002,free_to_digital_conversion,2025-11-01,2025-12-01,email+google,u_01156,control
c_002,free_to_digital_conversion,2025-11-01,2025-12-01,email+google,u_00697,treatment
c_002,free_to_digital_conversion,2025-11-01,2025-12-01,email+google,u_03508,treatment
c_002,free_to_digital_conversion,2025-11-01,2025-12-01,email+google,u_00072,control
c_002,free_to_digital_conversion,2025-11-01,2025-12-01,email+google,u_04284,treatment
c_002,free_to_digital_conversion,2025-11-01,2025-12-01,email+google,u_04002,treatment
c_002,free_to_digital_conversion,2025-11-01,2025-12-01,email+google,u_03466,treatment
c_002,free_to_digital_conversion,2025-11-01,2025-12-01,email+google,u_02125,treatment
c_002,free_to_digital_conversion,2025-11-01,2025-12-01,email+google,u_00045,treatment
c_002,free_to_digital_conversion,2025-11-01,2025-12-01,email+google,u_01348,treatment
c_002,free_to_digital_conversion,2025-11-01,2025-12-01,email+google,u_00103,treatment
c_002,free_to_digital_conversion,2025-11-01,2025-12-01,email+google,u_00102,treatment
c_002,free_to_digital_conversion,2025-11-01,2025-12-01,email+google,u_02478,control
c_002,free_to_digital_conversion,2025-11-01,2025-12-01,email+google,u_03610,treatment
c_002,free_to_digital_conversion,2025-11-01,2025-12-01,email+google,u_00461,treatment
c_002,free_to_digital_conversion,2025-11-01,2025-12-01,email+google,u_00091,treatment
c_002,free_to_digital_conversion,2025-11-01,2025-12-01,email+google,u_02319,treatment
c_002,free_to_digital_conversion,2025-11-01,2025-12-01,email+google,u_01598,treatment
c_002,free_to_digital_conversion,2025-11-01,2025-12-01,email+google,u_03800,treatment
c_002,free_to_digital_conversion,2025-11-01,2025-12-01,email+google,u_04636,control
c_002,free_to_digital_conversion,2025-11-01,2025-12-01,email+google,u_00557,treatment
c_002,free_to_digital_conversion,2025-11-01,2025-12-01,email+google,u_03933,treatment
c_002,free_to_digital_conversion,2025-11-01,2025-12-01,email+google,u_00643,treatment
c_002,free_to_digital_conversion,2025-11-01,2025-12-01,email+google,u_02275,treatment
c_002,free_to_digital_conversion,2025-11-01,2025-12-01,email+google,u_00113,treatment
c_002,free_to_digital_conversion,2025-11-01,2025-12-01,email+google,u_02710,treatment
c_002,free_to_digital_conversion,2025-11-01,2025-12-01,email+google,u_00459,treatment
c_002,free_to_digital_conversion,2025-11-01,2025-12-01,email+google,u_04404,treatment
c_002,free_to_digital_conversion,2025-11-01,2025-12-01,email+google,u_02807,treatment
c_002,free_to_digital_conversion,2025-11-01,2025-12-01,email+google,u_03292,treatment
c_002,free_to_digital_conversion,2025-11-01,2025-12-01,email+google,u_01190,treatment
c_002,free_to_digital_conversion,2025-11-01,2025-12-01,email+google,u_04895,treatment
c_002,free_to_digital_conversion,2025-11-01,2025-12-01,email+google,u_00585,treatment
c_002,free_to_digital_conversion,2025-11-01,2025-12-01,email+google,u_01686,treatment
c_002,free_to_digital_conversion,2025-11-01,2025-12-01,email+google,u_03324,treatment
c_002,free_to_digital_conversion,2025-11-01,2025-12-01,email+google,u_01032,treatment
c_002,free_to_digital_conversion,2025-11-01,2025-12-01,email+google,u_03243,treatment
c_002,free_to_digital_conversion,2025-11-01,2025-12-01,email+google,u_03674,treatment
c_002,free_to_digital_conversion,2025-11-01,2025-12-01,email+google,u_00243,control
c_002,free_to_digital_conversion,2025-11-01,2025-12-01,email+google,u_02777,control
c_002,free_to_digital_conversion,2025-11-01,2025-12-01,email+google,u_00313,treatment
c_002,free_to_digital_conversion,2025-11-01,2025-12-01,email+google,u_04920,treatment
c_002,free_to_digital_conversion,2025-11-01,2025-12-01,email+google,u_04388,treatment
c_002,free_to_digital_conversion,2025-11-01,2025-12-01,email+google,u_00738,treatment
c_002,free_to_digital_conversion,2025-11-01,2025-12-01,email+google,u_03995,treatment
c_002,free_to_digital_conversion,2025-11-01,2025-12-01,email+google,u_01872,treatment
c_002,free_to_digital_conversion,2025-11-01,2025-12-01,email+google,u_01816,treatment
c_002,free_to_digital_conversion,2025-11-01,2025-12-01,email+google,u_03762,treatment
c_002,free_to_digital_conversion,2025-11-01,2025-12-01,email+google,u_01431,control
c_002,free_to_digital_conversion,2025-11-01,2025-12-01,email+google,u_01605,treatment
c_002,free_to_digital_conversion,2025-11-01,2025-12-01,email+google,u_01607,treatment
c_002,free_to_digital_conversion,2025-11-01,2025-12-01,email+google,u_03863,treatment
c_002,free_to_digital_conversion,2025-11-01,2025-12-01,email+google,u_00733,treatment
c_002,free_to_digital_conversion,2025-11-01,2025-12-01,email+google,u_03559,control
c_002,free_to_digital_conversion,2025-11-01,2025-12-01,email+google,u_03827,treatment
c_002,free_to_digital_conversion,2025-11-01,2025-12-01,email+google,u_01773,control
c_002,free_to_digital_conversion,2025-11-01,2025-12-01,email+google,u_02229,treatment
c_002,free_to_digital_conversion,2025-11-01,2025-12-01,email+google,u_04226,control
c_002,free_to_digital_conversion,2025-11-01,2025-12-01,email+google,u_01325,treatment
c_002,free_to_digital_conversion,2025-11-01,2025-12-01,email+google,u_03067,treatment
c_002,free_to_digital_conversion,2025-11-01,2025-12-01,email+google,u_03809,control
c_002,free_to_digital_conversion,2025-11-01,2025-12-01,email+google,u_03714,treatment
c_002,free_to_digital_conversion,2025-11-01,2025-12-01,email+google,u_00921,treatment
c_002,free_to_digital_conversion,2025-11-01,2025-12-01,email+google,u_02271,treatment
c_002,free_to_digital_conversion,2025-11-01,2025-12-01,email+google,u_03736,treatment
c_002,free_to_digital_conversion,2025-11-01,2025-12-01,email+google,u_03359,treatment
c_002,free_to_digital_conversion,2025-11-01,2025-12-01,email+google,u_01848,treatment
c_002,free_to_digital_conversion,2025-11-01,2025-12-01,email+google,u_00324,treatment
c_002,free_to_digital_conversion,2025-11-01,2025-12-01,email+google,u_01874,treatment
c_002,free_to_digital_conversion,2025-11-01,2025-12-01,email+google,u_04943,treatment
c_002,free_to_digital_conversion,2025-11-01,2025-12-01,email+google,u_03250,treatment
c_002,free_to_digital_conversion,2025-11-01,2025-12-01,email+google,u_01616,treatment
c_002,free_to_digital_conversion,2025-11-01,2025-12-01,email+google,u_01609,control
c_002,free_to_digital_conversion,2025-11-01,2025-12-01,email+google,u_04490,treatment
c_002,free_to_digital_conversion,2025-11-01,2025-12-01,email+google,u_00954,treatment
c_002,free_to_digital_conversion,2025-11-01,2025-12-01,email+google,u_00852,treatment
c_002,free_to_digital_conversion,2025-11-01,2025-12-01,email+google,u_02784,treatment
c_002,free_to_digital_conversion,2025-11-01,2025-12-01,email+google,u_02823,treatment
c_002,free_to_digital_conversion,2025-11-01,2025-12-01,email+google,u_01161,treatment
c_002,free_to_digital_conversion,2025-11-01,2025-12-01,email+google,u_01979,treatment
c_002,free_to_digital_conversion,2025-11-01,2025-12-01,email+google,u_04063,treatment
c_002,free_to_digital_conversion,2025-11-01,2025-12-01,email+google,u_04584,treatment
c_002,free_to_digital_conversion,2025-11-01,2025-12-01,email+google,u_04664,treatment
c_002,free_to_digital_conversion,2025-11-01,2025-12-01,email+google,u_02863,treatment
c_002,free_to_digital_conversion,2025-11-01,2025-12-01,email+google,u_02914,control
c_002,free_to_digital_conversion,2025-11-01,2025-12-01,email+google,u_00505,treatment
c_002,free_to_digital_conversion,2025-11-01,2025-12-01,email+google,u_00210,treatment
c_002,free_to_digital_conversion,2025-11-01,2025-12-01,email+google,u_01455,treatment
c_002,free_to_digital_conversion,2025-11-01,2025-12-01,email+google,u_03400,control
c_002,free_to_digital_conversion,2025-11-01,2025-12-01,email+google,u_00714,treatment
c_002,free_to_digital_conversion,2025-11-01,2025-12-01,email+google,u_02910,treatment
c_002,free_to_digital_conversion,2025-11-01,2025-12-01,email+google,u_04693,control
c_002,free_to_digital_conversion,2025-11-01,2025-12-01,email+google,u_02926,treatment
c_002,free_to_digital_conversion,2025-11-01,2025-12-01,email+google,u_04541,treatment
c_002,free_to_digital_conversion,2025-11-01,2025-12-01,email+google,u_04635,treatment
c_002,free_to_digital_conversion,2025-11-01,2025-12-01,email+google,u_04017,treatment
c_002,free_to_digital_conversion,2025-11-01,2025-12-01,email+google,u_03344,treatment
c_002,free_to_digital_conversion,2025-11-01,2025-12-01,email+google,u_00970,treatment
c_002,free_to_digital_conversion,2025-11-01,2025-12-01,email+google,u_01355,treatment
c_002,free_to_digital_conversion,2025-11-01,2025-12-01,email+google,u_03389,treatment
c_002,free_to_digital_conversion,2025-11-01,2025-12-01,email+google,u_02692,control
c_002,free_to_digital_conversion,2025-11-01,2025-12-01,email+google,u_03484,treatment
c_002,free_to_digital_conversion,2025-11-01,2025-12-01,email+google,u_01042,treatment
c_002,free_to_digital_conversion,2025-11-01,2025-12-01,email+google,u_04858,treatment
c_002,free_to_digital_conversion,2025-11-01,2025-12-01,email+google,u_01188,control
c_002,free_to_digital_conversion,2025-11-01,2025-12-01,email+google,u_01967,control
c_002,free_to_digital_conversion,2025-11-01,2025-12-01,email+google,u_04967,treatment
c_002,free_to_digital_conversion,2025-11-01,2025-12-01,email+google,u_01639,treatment
c_002,free_to_digital_conversion,2025-11-01,2025-12-01,email+google,u_00262,treatment
c_002,free_to_digital_conversion,2025-11-01,2025-12-01,email+google,u_02359,treatment
c_002,free_to_digital_conversion,2025-11-01,2025-12-01,email+google,u_00651,treatment
c_002,free_to_digital_conversion,2025-11-01,2025-12-01,email+google,u_00618,treatment
c_002,free_to_digital_conversion,2025-11-01,2025-12-01,email+google,u_02570,treatment
c_002,free_to_digital_conversion,2025-11-01,2025-12-01,email+google,u_01137,treatment
c_002,free_to_digital_conversion,2025-11-01,2025-12-01,email+google,u_01897,treatment
c_002,free_to_digital_conversion,2025-11-01,2025-12-01,email+google,u_03666,treatment
c_002,free_to_digital_conversion,2025-11-01,2025-12-01,email+google,u_02715,treatment
c_002,free_to_digital_conversion,2025-11-01,2025-12-01,email+google,u_00730,control
c_002,free_to_digital_conversion,2025-11-01,2025-12-01,email+google,u_00999,treatment
c_002,free_to_digital_conversion,2025-11-01,2025-12-01,email+google,u_03210,treatment
c_002,free_to_digital_conversion,2025-11-01,2025-12-01,email+google,u_02704,treatment
c_002,free_to_digital_conversion,2025-11-01,2025-12-01,email+google,u_03576,treatment
c_002,free_to_digital_conversion,2025-11-01,2025-12-01,email+google,u_01776,treatment
c_002,free_to_digital_conversion,2025-11-01,2025-12-01,email+google,u_00571,treatment
c_002,free_to_digital_conversion,2025-11-01,2025-12-01,email+google,u_04854,treatment
c_002,free_to_digital_conversion,2025-11-01,2025-12-01,email+google,u_00769,treatment
c_002,free_to_digital_conversion,2025-11-01,2025-12-01,email+google,u_02086,control
c_002,free_to_digital_conversion,2025-11-01,2025-12-01,email+google,u_04837,treatment
c_003,winback_lapsed_digital,2026-03-10,2026-04-10,email+meta,u_02585,treatment
c_003,winback_lapsed_digital,2026-03-10,2026-04-10,email+meta,u_04339,treatment
c_003,winback_lapsed_digital,2026-03-10,2026-04-10,email+meta,u_04557,treatment
c_003,winback_lapsed_digital,2026-03-10,2026-04-10,email+meta,u_03439,treatment
c_003,winback_lapsed_digital,2026-03-10,2026-04-10,email+meta,u_00738,treatment
c_003,winback_lapsed_digital,2026-03-10,2026-04-10,email+meta,u_02677,treatment
c_003,winback_lapsed_digital,2026-03-10,2026-04-10,email+meta,u_00286,treatment
c_003,winback_lapsed_digital,2026-03-10,2026-04-10,email+meta,u_02973,treatment
c_003,winback_lapsed_digital,2026-03-10,2026-04-10,email+meta,u_00242,treatment
c_003,winback_lapsed_digital,2026-03-10,2026-04-10,email+meta,u_00520,treatment
c_003,winback_lapsed_digital,2026-03-10,2026-04-10,email+meta,u_04075,control
c_003,winback_lapsed_digital,2026-03-10,2026-04-10,email+meta,u_03655,treatment
c_003,winback_lapsed_digital,2026-03-10,2026-04-10,email+meta,u_02318,treatment
c_003,winback_lapsed_digital,2026-03-10,2026-04-10,email+meta,u_04595,treatment
c_003,winback_lapsed_digital,2026-03-10,2026-04-10,email+meta,u_04669,treatment
c_003,winback_lapsed_digital,2026-03-10,2026-04-10,email+meta,u_02321,treatment
c_003,winback_lapsed_digital,2026-03-10,2026-04-10,email+meta,u_04813,treatment
c_003,winback_lapsed_digital,2026-03-10,2026-04-10,email+meta,u_03686,treatment
c_003,winback_lapsed_digital,2026-03-10,2026-04-10,email+meta,u_02800,control
c_003,winback_lapsed_digital,2026-03-10,2026-04-10,email+meta,u_02339,treatment
c_003,winback_lapsed_digital,2026-03-10,2026-04-10,email+meta,u_01570,treatment
c_003,winback_lapsed_digital,2026-03-10,2026-04-10,email+meta,u_02097,treatment
c_003,winback_lapsed_digital,2026-03-10,2026-04-10,email+meta,u_04836,treatment
c_003,winback_lapsed_digital,2026-03-10,2026-04-10,email+meta,u_04436,control
c_003,winback_lapsed_digital,2026-03-10,2026-04-10,email+meta,u_00980,treatment
c_003,winback_lapsed_digital,2026-03-10,2026-04-10,email+meta,u_01932,treatment
c_003,winback_lapsed_digital,2026-03-10,2026-04-10,email+meta,u_02121,control
c_003,winback_lapsed_digital,2026-03-10,2026-04-10,email+meta,u_01234,treatment
c_003,winback_lapsed_digital,2026-03-10,2026-04-10,email+meta,u_02965,treatment
c_003,winback_lapsed_digital,2026-03-10,2026-04-10,email+meta,u_04189,treatment
c_003,winback_lapsed_digital,2026-03-10,2026-04-10,email+meta,u_01457,treatment
c_003,winback_lapsed_digital,2026-03-10,2026-04-10,email+meta,u_00850,treatment
c_003,winback_lapsed_digital,2026-03-10,2026-04-10,email+meta,u_00351,treatment
c_003,winback_lapsed_digital,2026-03-10,2026-04-10,email+meta,u_03698,control
c_003,winback_lapsed_digital,2026-03-10,2026-04-10,email+meta,u_00021,treatment
c_003,winback_lapsed_digital,2026-03-10,2026-04-10,email+meta,u_01523,control
c_003,winback_lapsed_digital,2026-03-10,2026-04-10,email+meta,u_00262,treatment
c_003,winback_lapsed_digital,2026-03-10,2026-04-10,email+meta,u_02878,treatment
c_003,winback_lapsed_digital,2026-03-10,2026-04-10,email+meta,u_04702,treatment
c_003,winback_lapsed_digital,2026-03-10,2026-04-10,email+meta,u_02912,treatment
c_003,winback_lapsed_digital,2026-03-10,2026-04-10,email+meta,u_00895,control
c_003,winback_lapsed_digital,2026-03-10,2026-04-10,email+meta,u_04195,treatment
c_003,winback_lapsed_digital,2026-03-10,2026-04-10,email+meta,u_02564,control
c_003,winback_lapsed_digital,2026-03-10,2026-04-10,email+meta,u_01377,treatment
c_003,winback_lapsed_digital,2026-03-10,2026-04-10,email+meta,u_02836,treatment
c_003,winback_lapsed_digital,2026-03-10,2026-04-10,email+meta,u_04621,treatment
c_003,winback_lapsed_digital,2026-03-10,2026-04-10,email+meta,u_04419,treatment
c_003,winback_lapsed_digital,2026-03-10,2026-04-10,email+meta,u_03648,treatment
c_003,winback_lapsed_digital,2026-03-10,2026-04-10,email+meta,u_02327,treatment
c_003,winback_lapsed_digital,2026-03-10,2026-04-10,email+meta,u_00472,treatment
c_003,winback_lapsed_digital,2026-03-10,2026-04-10,email+meta,u_04773,control
c_003,winback_lapsed_digital,2026-03-10,2026-04-10,email+meta,u_01042,treatment
c_003,winback_lapsed_digital,2026-03-10,2026-04-10,email+meta,u_02505,treatment
c_003,winback_lapsed_digital,2026-03-10,2026-04-10,email+meta,u_04467,treatment
c_003,winback_lapsed_digital,2026-03-10,2026-04-10,email+meta,u_00024,treatment
c_003,winback_lapsed_digital,2026-03-10,2026-04-10,email+meta,u_02371,treatment
c_003,winback_lapsed_digital,2026-03-10,2026-04-10,email+meta,u_00034,treatment
c_003,winback_lapsed_digital,2026-03-10,2026-04-10,email+meta,u_04584,treatment
c_003,winback_lapsed_digital,2026-03-10,2026-04-10,email+meta,u_01576,treatment
c_003,winback_lapsed_digital,2026-03-10,2026-04-10,email+meta,u_02422,treatment
c_003,winback_lapsed_digital,2026-03-10,2026-04-10,email+meta,u_03250,treatment
c_003,winback_lapsed_digital,2026-03-10,2026-04-10,email+meta,u_03828,treatment
c_003,winback_lapsed_digital,2026-03-10,2026-04-10,email+meta,u_00210,treatment
c_003,winback_lapsed_digital,2026-03-10,2026-04-10,email+meta,u_04913,treatment
c_003,winback_lapsed_digital,2026-03-10,2026-04-10,email+meta,u_02126,treatment
c_003,winback_lapsed_digital,2026-03-10,2026-04-10,email+meta,u_04281,control
c_003,winback_lapsed_digital,2026-03-10,2026-04-10,email+meta,u_02539,treatment
c_003,winback_lapsed_digital,2026-03-10,2026-04-10,email+meta,u_03646,treatment
c_003,winback_lapsed_digital,2026-03-10,2026-04-10,email+meta,u_00545,treatment
c_003,winback_lapsed_digital,2026-03-10,2026-04-10,email+meta,u_00934,treatment
c_003,winback_lapsed_digital,2026-03-10,2026-04-10,email+meta,u_00112,treatment
c_003,winback_lapsed_digital,2026-03-10,2026-04-10,email+meta,u_02522,treatment
c_003,winback_lapsed_digital,2026-03-10,2026-04-10,email+meta,u_02366,treatment
c_003,winback_lapsed_digital,2026-03-10,2026-04-10,email+meta,u_04808,treatment
c_003,winback_lapsed_digital,2026-03-10,2026-04-10,email+meta,u_02175,treatment
c_003,winback_lapsed_digital,2026-03-10,2026-04-10,email+meta,u_03528,treatment
c_003,winback_lapsed_digital,2026-03-10,2026-04-10,email+meta,u_02140,treatment
c_003,winback_lapsed_digital,2026-03-10,2026-04-10,email+meta,u_01365,treatment
c_003,winback_lapsed_digital,2026-03-10,2026-04-10,email+meta,u_01126,treatment
c_003,winback_lapsed_digital,2026-03-10,2026-04-10,email+meta,u_03501,treatment
c_003,winback_lapsed_digital,2026-03-10,2026-04-10,email+meta,u_02176,treatment
c_003,winback_lapsed_digital,2026-03-10,2026-04-10,email+meta,u_00916,treatment
c_003,winback_lapsed_digital,2026-03-10,2026-04-10,email+meta,u_04912,treatment
c_003,winback_lapsed_digital,2026-03-10,2026-04-10,email+meta,u_00419,treatment
c_003,winback_lapsed_digital,2026-03-10,2026-04-10,email+meta,u_01471,treatment
c_003,winback_lapsed_digital,2026-03-10,2026-04-10,email+meta,u_00332,control
c_003,winback_lapsed_digital,2026-03-10,2026-04-10,email+meta,u_04560,treatment
c_003,winback_lapsed_digital,2026-03-10,2026-04-10,email+meta,u_02808,treatment
c_003,winback_lapsed_digital,2026-03-10,2026-04-10,email+meta,u_02059,treatment
c_003,winback_lapsed_digital,2026-03-10,2026-04-10,email+meta,u_03908,treatment
c_003,winback_lapsed_digital,2026-03-10,2026-04-10,email+meta,u_02636,treatment
c_003,winback_lapsed_digital,2026-03-10,2026-04-10,email+meta,u_02239,control
c_003,winback_lapsed_digital,2026-03-10,2026-04-10,email+meta,u_03893,control
c_003,winback_lapsed_digital,2026-03-10,2026-04-10,email+meta,u_03214,treatment
c_003,winback_lapsed_digital,2026-03-10,2026-04-10,email+meta,u_01681,treatment
c_003,winback_lapsed_digital,2026-03-10,2026-04-10,email+meta,u_02813,treatment
c_003,winback_lapsed_digital,2026-03-10,2026-04-10,email+meta,u_00425,treatment
c_003,winback_lapsed_digital,2026-03-10,2026-04-10,email+meta,u_00570,treatment
c_003,winback_lapsed_digital,2026-03-10,2026-04-10,email+meta,u_00438,treatment
c_003,winback_lapsed_digital,2026-03-10,2026-04-10,email+meta,u_00010,treatment
c_003,winback_lapsed_digital,2026-03-10,2026-04-10,email+meta,u_03630,treatment
c_003,winback_lapsed_digital,2026-03-10,2026-04-10,email+meta,u_04130,treatment
c_003,winback_lapsed_digital,2026-03-10,2026-04-10,email+meta,u_01940,control
c_003,winback_lapsed_digital,2026-03-10,2026-04-10,email+meta,u_01750,treatment
c_003,winback_lapsed_digital,2026-03-10,2026-04-10,email+meta,u_03918,treatment
c_003,winback_lapsed_digital,2026-03-10,2026-04-10,email+meta,u_04136,treatment
c_003,winback_lapsed_digital,2026-03-10,2026-04-10,email+meta,u_01949,treatment
c_003,winback_lapsed_digital,2026-03-10,2026-04-10,email+meta,u_03108,treatment
c_003,winback_lapsed_digital,2026-03-10,2026-04-10,email+meta,u_00967,treatment
c_003,winback_lapsed_digital,2026-03-10,2026-04-10,email+meta,u_00522,control
c_003,winback_lapsed_digital,2026-03-10,2026-04-10,email+meta,u_04087,treatment
c_003,winback_lapsed_digital,2026-03-10,2026-04-10,email+meta,u_00687,treatment
c_003,winback_lapsed_digital,2026-03-10,2026-04-10,email+meta,u_01060,treatment
c_003,winback_lapsed_digital,2026-03-10,2026-04-10,email+meta,u_00667,treatment
c_003,winback_lapsed_digital,2026-03-10,2026-04-10,email+meta,u_00853,treatment
c_003,winback_lapsed_digital,2026-03-10,2026-04-10,email+meta,u_01270,treatment
c_003,winback_lapsed_digital,2026-03-10,2026-04-10,email+meta,u_00671,treatment
c_003,winback_lapsed_digital,2026-03-10,2026-04-10,email+meta,u_02874,control
c_003,winback_lapsed_digital,2026-03-10,2026-04-10,email+meta,u_01037,control
c_003,winback_lapsed_digital,2026-03-10,2026-04-10,email+meta,u_01033,control
c_003,winback_lapsed_digital,2026-03-10,2026-04-10,email+meta,u_03467,treatment
c_003,winback_lapsed_digital,2026-03-10,2026-04-10,email+meta,u_02833,control
c_003,winback_lapsed_digital,2026-03-10,2026-04-10,email+meta,u_03333,treatment
c_003,winback_lapsed_digital,2026-03-10,2026-04-10,email+meta,u_04884,treatment
c_003,winback_lapsed_digital,2026-03-10,2026-04-10,email+meta,u_03283,treatment
c_003,winback_lapsed_digital,2026-03-10,2026-04-10,email+meta,u_03797,treatment
c_003,winback_lapsed_digital,2026-03-10,2026-04-10,email+meta,u_02805,treatment
c_003,winback_lapsed_digital,2026-03-10,2026-04-10,email+meta,u_01174,treatment
c_003,winback_lapsed_digital,2026-03-10,2026-04-10,email+meta,u_01378,treatment
c_003,winback_lapsed_digital,2026-03-10,2026-04-10,email+meta,u_01441,treatment
c_003,winback_lapsed_digital,2026-03-10,2026-04-10,email+meta,u_01853,control
c_003,winback_lapsed_digital,2026-03-10,2026-04-10,email+meta,u_01462,treatment
c_003,winback_lapsed_digital,2026-03-10,2026-04-10,email+meta,u_03634,treatment
c_003,winback_lapsed_digital,2026-03-10,2026-04-10,email+meta,u_02295,control
c_003,winback_lapsed_digital,2026-03-10,2026-04-10,email+meta,u_00739,control
c_003,winback_lapsed_digital,2026-03-10,2026-04-10,email+meta,u_03243,treatment
c_003,winback_lapsed_digital,2026-03-10,2026-04-10,email+meta,u_04603,treatment
c_003,winback_lapsed_digital,2026-03-10,2026-04-10,email+meta,u_00347,treatment
c_003,winback_lapsed_digital,2026-03-10,2026-04-10,email+meta,u_04683,treatment
c_003,winback_lapsed_digital,2026-03-10,2026-04-10,email+meta,u_00532,treatment
c_003,winback_lapsed_digital,2026-03-10,2026-04-10,email+meta,u_01767,treatment
c_003,winback_lapsed_digital,2026-03-10,2026-04-10,email+meta,u_02885,treatment
c_003,winback_lapsed_digital,2026-03-10,2026-04-10,email+meta,u_00842,control
c_003,winback_lapsed_digital,2026-03-10,2026-04-10,email+meta,u_01138,treatment
c_003,winback_lapsed_digital,2026-03-10,2026-04-10,email+meta,u_04265,treatment
c_003,winback_lapsed_digital,2026-03-10,2026-04-10,email+meta,u_00116,treatment
c_003,winback_lapsed_digital,2026-03-10,2026-04-10,email+meta,u_01052,treatment
c_003,winback_lapsed_digital,2026-03-10,2026-04-10,email+meta,u_01261,treatment
c_003,winback_lapsed_digital,2026-03-10,2026-04-10,email+meta,u_04412,control
c_003,winback_lapsed_digital,2026-03-10,2026-04-10,email+meta,u_03311,treatment
c_003,winback_lapsed_digital,2026-03-10,2026-04-10,email+meta,u_03762,treatment
c_003,winback_lapsed_digital,2026-03-10,2026-04-10,email+meta,u_00018,control
c_003,winback_lapsed_digital,2026-03-10,2026-04-10,email+meta,u_02216,treatment
c_003,winback_lapsed_digital,2026-03-10,2026-04-10,email+meta,u_04486,treatment
c_003,winback_lapsed_digital,2026-03-10,2026-04-10,email+meta,u_04413,control
c_003,winback_lapsed_digital,2026-03-10,2026-04-10,email+meta,u_02382,control
c_003,winback_lapsed_digital,2026-03-10,2026-04-10,email+meta,u_02538,treatment
c_003,winback_lapsed_digital,2026-03-10,2026-04-10,email+meta,u_03502,treatment
c_003,winback_lapsed_digital,2026-03-10,2026-04-10,email+meta,u_03166,treatment
c_003,winback_lapsed_digital,2026-03-10,2026-04-10,email+meta,u_01657,treatment
c_003,winback_lapsed_digital,2026-03-10,2026-04-10,email+meta,u_02494,treatment
c_003,winback_lapsed_digital,2026-03-10,2026-04-10,email+meta,u_03124,control
c_003,winback_lapsed_digital,2026-03-10,2026-04-10,email+meta,u_03290,treatment
c_003,winback_lapsed_digital,2026-03-10,2026-04-10,email+meta,u_04800,treatment
c_003,winback_lapsed_digital,2026-03-10,2026-04-10,email+meta,u_04840,treatment
c_003,winback_lapsed_digital,2026-03-10,2026-04-10,email+meta,u_03980,treatment
c_003,winback_lapsed_digital,2026-03-10,2026-04-10,email+meta,u_03888,treatment
c_003,winback_lapsed_digital,2026-03-10,2026-04-10,email+meta,u_01088,treatment
c_003,winback_lapsed_digital,2026-03-10,2026-04-10,email+meta,u_04721,treatment
c_003,winback_lapsed_digital,2026-03-10,2026-04-10,email+meta,u_01401,control
c_003,winback_lapsed_digital,2026-03-10,2026-04-10,email+meta,u_02544,treatment
c_003,winback_lapsed_digital,2026-03-10,2026-04-10,email+meta,u_03032,treatment
c_003,winback_lapsed_digital,2026-03-10,2026-04-10,email+meta,u_01104,control
c_003,winback_lapsed_digital,2026-03-10,2026-04-10,email+meta,u_02601,treatment
c_003,winback_lapsed_digital,2026-03-10,2026-04-10,email+meta,u_03787,treatment
c_003,winback_lapsed_digital,2026-03-10,2026-04-10,email+meta,u_03357,treatment
c_003,winback_lapsed_digital,2026-03-10,2026-04-10,email+meta,u_01680,treatment
c_003,winback_lapsed_digital,2026-03-10,2026-04-10,email+meta,u_03488,treatment
c_003,winback_lapsed_digital,2026-03-10,2026-04-10,email+meta,u_01968,treatment
c_003,winback_lapsed_digital,2026-03-10,2026-04-10,email+meta,u_02217,control
c_003,winback_lapsed_digital,2026-03-10,2026-04-10,email+meta,u_00933,treatment
c_003,winback_lapsed_digital,2026-03-10,2026-04-10,email+meta,u_00797,control
c_003,winback_lapsed_digital,2026-03-10,2026-04-10,email+meta,u_01922,treatment
c_003,winback_lapsed_digital,2026-03-10,2026-04-10,email+meta,u_00849,treatment
c_003,winback_lapsed_digital,2026-03-10,2026-04-10,email+meta,u_01562,control
c_003,winback_lapsed_digital,2026-03-10,2026-04-10,email+meta,u_01652,treatment
c_003,winback_lapsed_digital,2026-03-10,2026-04-10,email+meta,u_00452,treatment
c_003,winback_lapsed_digital,2026-03-10,2026-04-10,email+meta,u_02083,treatment
c_003,winback_lapsed_digital,2026-03-10,2026-04-10,email+meta,u_01823,treatment
c_003,winback_lapsed_digital,2026-03-10,2026-04-10,email+meta,u_01705,control
c_003,winback_lapsed_digital,2026-03-10,2026-04-10,email+meta,u_02361,treatment
c_003,winback_lapsed_digital,2026-03-10,2026-04-10,email+meta,u_01208,treatment
c_003,winback_lapsed_digital,2026-03-10,2026-04-10,email+meta,u_01411,control
c_003,winback_lapsed_digital,2026-03-10,2026-04-10,email+meta,u_01421,treatment
c_003,winback_lapsed_digital,2026-03-10,2026-04-10,email+meta,u_04843,control
c_003,winback_lapsed_digital,2026-03-10,2026-04-10,email+meta,u_04969,treatment
c_003,winback_lapsed_digital,2026-03-10,2026-04-10,email+meta,u_04030,treatment
c_003,winback_lapsed_digital,2026-03-10,2026-04-10,email+meta,u_00627,treatment
c_003,winback_lapsed_digital,2026-03-10,2026-04-10,email+meta,u_00978,treatment
c_003,winback_lapsed_digital,2026-03-10,2026-04-10,email+meta,u_02718,treatment
c_003,winback_lapsed_digital,2026-03-10,2026-04-10,email+meta,u_04659,treatment
c_003,winback_lapsed_digital,2026-03-10,2026-04-10,email+meta,u_03627,treatment
c_003,winback_lapsed_digital,2026-03-10,2026-04-10,email+meta,u_02338,treatment
c_003,winback_lapsed_digital,2026-03-10,2026-04-10,email+meta,u_03830,treatment
c_003,winback_lapsed_digital,2026-03-10,2026-04-10,email+meta,u_03005,treatment
c_003,winback_lapsed_digital,2026-03-10,2026-04-10,email+meta,u_00058,control
c_003,winback_lapsed_digital,2026-03-10,2026-04-10,email+meta,u_03862,treatment
c_003,winback_lapsed_digital,2026-03-10,2026-04-10,email+meta,u_00813,control
c_003,winback_lapsed_digital,2026-03-10,2026-04-10,email+meta,u_03953,treatment
c_003,winback_lapsed_digital,2026-03-10,2026-04-10,email+meta,u_02459,treatment
c_003,winback_lapsed_digital,2026-03-10,2026-04-10,email+meta,u_02635,treatment
c_003,winback_lapsed_digital,2026-03-10,2026-04-10,email+meta,u_04421,control
c_003,winback_lapsed_digital,2026-03-10,2026-04-10,email+meta,u_01264,treatment
c_003,winback_lapsed_digital,2026-03-10,2026-04-10,email+meta,u_03521,treatment
c_003,winback_lapsed_digital,2026-03-10,2026-04-10,email+meta,u_02506,treatment
c_003,winback_lapsed_digital,2026-03-10,2026-04-10,email+meta,u_00839,treatment
c_003,winback_lapsed_digital,2026-03-10,2026-04-10,email+meta,u_04058,treatment
c_003,winback_lapsed_digital,2026-03-10,2026-04-10,email+meta,u_00699,control
c_003,winback_lapsed_digital,2026-03-10,2026-04-10,email+meta,u_02264,treatment
c_003,winback_lapsed_digital,2026-03-10,2026-04-10,email+meta,u_01774,treatment
c_003,winback_lapsed_digital,2026-03-10,2026-04-10,email+meta,u_00007,control
c_003,winback_lapsed_digital,2026-03-10,2026-04-10,email+meta,u_00558,treatment
c_003,winback_lapsed_digital,2026-03-10,2026-04-10,email+meta,u_04922,treatment
c_003,winback_lapsed_digital,2026-03-10,2026-04-10,email+meta,u_02464,treatment
c_003,winback_lapsed_digital,2026-03-10,2026-04-10,email+meta,u_04322,treatment
c_003,winback_lapsed_digital,2026-03-10,2026-04-10,email+meta,u_00204,control
c_003,winback_lapsed_digital,2026-03-10,2026-04-10,email+meta,u_02517,treatment
c_003,winback_lapsed_digital,2026-03-10,2026-04-10,email+meta,u_00568,treatment
c_003,winback_lapsed_digital,2026-03-10,2026-04-10,email+meta,u_00984,control
c_003,winback_lapsed_digital,2026-03-10,2026-04-10,email+meta,u_03610,control
c_003,winback_lapsed_digital,2026-03-10,2026-04-10,email+meta,u_01121,treatment
c_003,winback_lapsed_digital,2026-03-10,2026-04-10,email+meta,u_00025,treatment
c_003,winback_lapsed_digital,2026-03-10,2026-04-10,email+meta,u_02742,treatment
c_003,winback_lapsed_digital,2026-03-10,2026-04-10,email+meta,u_02972,treatment
c_003,winback_lapsed_digital,2026-03-10,2026-04-10,email+meta,u_02891,treatment
c_003,winback_lapsed_digital,2026-03-10,2026-04-10,email+meta,u_04225,treatment
c_003,winback_lapsed_digital,2026-03-10,2026-04-10,email+meta,u_00280,treatment
c_003,winback_lapsed_digital,2026-03-10,2026-04-10,email+meta,u_04899,treatment
c_003,winback_lapsed_digital,2026-03-10,2026-04-10,email+meta,u_04679,treatment
c_003,winback_lapsed_digital,2026-03-10,2026-04-10,email+meta,u_01794,treatment
c_003,winback_lapsed_digital,2026-03-10,2026-04-10,email+meta,u_04212,control
c_003,winback_lapsed_digital,2026-03-10,2026-04-10,email+meta,u_00744,treatment
c_003,winback_lapsed_digital,2026-03-10,2026-04-10,email+meta,u_00200,treatment
c_003,winback_lapsed_digital,2026-03-10,2026-04-10,email+meta,u_02952,treatment
c_003,winback_lapsed_digital,2026-03-10,2026-04-10,email+meta,u_00874,treatment
c_003,winback_lapsed_digital,2026-03-10,2026-04-10,email+meta,u_00650,treatment
c_003,winback_lapsed_digital,2026-03-10,2026-04-10,email+meta,u_03196,treatment
c_003,winback_lapsed_digital,2026-03-10,2026-04-10,email+meta,u_04073,treatment
c_003,winback_lapsed_digital,2026-03-10,2026-04-10,email+meta,u_01547,treatment
c_003,winback_lapsed_digital,2026-03-10,2026-04-10,email+meta,u_04155,treatment
c_003,winback_lapsed_digital,2026-03-10,2026-04-10,email+meta,u_02344,treatment
c_003,winback_lapsed_digital,2026-03-10,2026-04-10,email+meta,u_03158,treatment
c_003,winback_lapsed_digital,2026-03-10,2026-04-10,email+meta,u_02009,treatment
c_003,winback_lapsed_digital,2026-03-10,2026-04-10,email+meta,u_00448,treatment
c_003,winback_lapsed_digital,2026-03-10,2026-04-10,email+meta,u_03010,treatment
c_003,winback_lapsed_digital,2026-03-10,2026-04-10,email+meta,u_00323,treatment
c_003,winback_lapsed_digital,2026-03-10,2026-04-10,email+meta,u_03829,treatment
c_003,winback_lapsed_digital,2026-03-10,2026-04-10,email+meta,u_04736,treatment
c_003,winback_lapsed_digital,2026-03-10,2026-04-10,email+meta,u_04410,treatment
c_003,winback_lapsed_digital,2026-03-10,2026-04-10,email+meta,u_00539,treatment
c_003,winback_lapsed_digital,2026-03-10,2026-04-10,email+meta,u_03421,treatment
c_003,winback_lapsed_digital,2026-03-10,2026-04-10,email+meta,u_04344,treatment
c_003,winback_lapsed_digital,2026-03-10,2026-04-10,email+meta,u_03230,treatment
c_003,winback_lapsed_digital,2026-03-10,2026-04-10,email+meta,u_00940,treatment
c_003,winback_lapsed_digital,2026-03-10,2026-04-10,email+meta,u_04994,treatment
c_003,winback_lapsed_digital,2026-03-10,2026-04-10,email+meta,u_02854,treatment
c_003,winback_lapsed_digital,2026-03-10,2026-04-10,email+meta,u_03983,treatment
c_003,winback_lapsed_digital,2026-03-10,2026-04-10,email+meta,u_00457,treatment
c_003,winback_lapsed_digital,2026-03-10,2026-04-10,email+meta,u_00578,treatment
c_003,winback_lapsed_digital,2026-03-10,2026-04-10,email+meta,u_03520,treatment
c_003,winback_lapsed_digital,2026-03-10,2026-04-10,email+meta,u_03194,treatment
c_003,winback_lapsed_digital,2026-03-10,2026-04-10,email+meta,u_00446,treatment
c_003,winback_lapsed_digital,2026-03-10,2026-04-10,email+meta,u_00535,control
c_003,winback_lapsed_digital,2026-03-10,2026-04-10,email+meta,u_00206,treatment
c_003,winback_lapsed_digital,2026-03-10,2026-04-10,email+meta,u_04861,treatment
c_003,winback_lapsed_digital,2026-03-10,2026-04-10,email+meta,u_01350,control
c_003,winback_lapsed_digital,2026-03-10,2026-04-10,email+meta,u_02503,control
c_003,winback_lapsed_digital,2026-03-10,2026-04-10,email+meta,u_03817,treatment
c_003,winback_lapsed_digital,2026-03-10,2026-04-10,email+meta,u_03806,treatment
c_003,winback_lapsed_digital,2026-03-10,2026-04-10,email+meta,u_03430,control
c_003,winback_lapsed_digital,2026-03-10,2026-04-10,email+meta,u_02665,treatment
c_003,winback_lapsed_digital,2026-03-10,2026-04-10,email+meta,u_01504,control
c_003,winback_lapsed_digital,2026-03-10,2026-04-10,email+meta,u_04259,treatment
c_003,winback_lapsed_digital,2026-03-10,2026-04-10,email+meta,u_03042,treatment
c_003,winback_lapsed_digital,2026-03-10,2026-04-10,email+meta,u_02306,treatment
c_003,winback_lapsed_digital,2026-03-10,2026-04-10,email+meta,u_04383,treatment
c_003,winback_lapsed_digital,2026-03-10,2026-04-10,email+meta,u_00380,treatment
c_003,winback_lapsed_digital,2026-03-10,2026-04-10,email+meta,u_03915,treatment
c_003,winback_lapsed_digital,2026-03-10,2026-04-10,email+meta,u_03738,control
c_003,winback_lapsed_digital,2026-03-10,2026-04-10,email+meta,u_04798,treatment
c_003,winback_lapsed_digital,2026-03-10,2026-04-10,email+meta,u_01013,treatment
c_003,winback_lapsed_digital,2026-03-10,2026-04-10,email+meta,u_00368,control
c_003,winback_lapsed_digital,2026-03-10,2026-04-10,email+meta,u_00822,treatment
c_003,winback_lapsed_digital,2026-03-10,2026-04-10,email+meta,u_04309,control
c_003,winback_lapsed_digital,2026-03-10,2026-04-10,email+meta,u_04955,treatment
c_003,winback_lapsed_digital,2026-03-10,2026-04-10,email+meta,u_01169,treatment
c_003,winback_lapsed_digital,2026-03-10,2026-04-10,email+meta,u_04216,control
c_003,winback_lapsed_digital,2026-03-10,2026-04-10,email+meta,u_00501,control
c_003,winback_lapsed_digital,2026-03-10,2026-04-10,email+meta,u_01275,treatment
c_003,winback_lapsed_digital,2026-03-10,2026-04-10,email+meta,u_00230,treatment
c_003,winback_lapsed_digital,2026-03-10,2026-04-10,email+meta,u_01531,treatment
c_003,winback_lapsed_digital,2026-03-10,2026-04-10,email+meta,u_02795,treatment
c_003,winback_lapsed_digital,2026-03-10,2026-04-10,email+meta,u_03942,treatment
c_003,winback_lapsed_digital,2026-03-10,2026-04-10,email+meta,u_03848,treatment
c_003,winback_lapsed_digital,2026-03-10,2026-04-10,email+meta,u_04292,control
c_003,winback_lapsed_digital,2026-03-10,2026-04-10,email+meta,u_04953,treatment
c_003,winback_lapsed_digital,2026-03-10,2026-04-10,email+meta,u_04312,treatment
c_003,winback_lapsed_digital,2026-03-10,2026-04-10,email+meta,u_01939,treatment
c_003,winback_lapsed_digital,2026-03-10,2026-04-10,email+meta,u_00193,control
c_003,winback_lapsed_digital,2026-03-10,2026-04-10,email+meta,u_02823,treatment
c_003,winback_lapsed_digital,2026-03-10,2026-04-10,email+meta,u_02190,treatment
c_003,winback_lapsed_digital,2026-03-10,2026-04-10,email+meta,u_04901,treatment
c_003,winback_lapsed_digital,2026-03-10,2026-04-10,email+meta,u_02335,treatment
c_003,winback_lapsed_digital,2026-03-10,2026-04-10,email+meta,u_00602,treatment
c_003,winback_lapsed_digital,2026-03-10,2026-04-10,email+meta,u_01971,treatment
c_003,winback_lapsed_digital,2026-03-10,2026-04-10,email+meta,u_04230,treatment
c_003,winback_lapsed_digital,2026-03-10,2026-04-10,email+meta,u_02716,treatment
c_003,winback_lapsed_digital,2026-03-10,2026-04-10,email+meta,u_01241,treatment
c_003,winback_lapsed_digital,2026-03-10,2026-04-10,email+meta,u_01395,control
c_003,winback_lapsed_digital,2026-03-10,2026-04-10,email+meta,u_00023,control
c_003,winback_lapsed_digital,2026-03-10,2026-04-10,email+meta,u_03733,treatment
c_003,winback_lapsed_digital,2026-03-10,2026-04-10,email+meta,u_03305,treatment
c_003,winback_lapsed_digital,2026-03-10,2026-04-10,email+meta,u_04270,treatment
c_003,winback_lapsed_digital,2026-03-10,2026-04-10,email+meta,u_02996,treatment
c_003,winback_lapsed_digital,2026-03-10,2026-04-10,email+meta,u_04911,treatment
c_003,winback_lapsed_digital,2026-03-10,2026-04-10,email+meta,u_04148,treatment
c_003,winback_lapsed_digital,2026-03-10,2026-04-10,email+meta,u_00592,treatment
c_003,winback_lapsed_digital,2026-03-10,2026-04-10,email+meta,u_00550,control
c_003,winback_lapsed_digital,2026-03-10,2026-04-10,email+meta,u_01724,control
c_003,winback_lapsed_digital,2026-03-10,2026-04-10,email+meta,u_01074,treatment
c_003,winback_lapsed_digital,2026-03-10,2026-04-10,email+meta,u_01797,control
c_003,winback_lapsed_digital,2026-03-10,2026-04-10,email+meta,u_01682,treatment
c_003,winback_lapsed_digital,2026-03-10,2026-04-10,email+meta,u_00880,treatment
c_003,winback_lapsed_digital,2026-03-10,2026-04-10,email+meta,u_02311,control
c_003,winback_lapsed_digital,2026-03-10,2026-04-10,email+meta,u_02698,treatment
c_003,winback_lapsed_digital,2026-03-10,2026-04-10,email+meta,u_04731,treatment
c_003,winback_lapsed_digital,2026-03-10,2026-04-10,email+meta,u_04754,treatment
c_003,winback_lapsed_digital,2026-03-10,2026-04-10,email+meta,u_04067,control
c_003,winback_lapsed_digital,2026-03-10,2026-04-10,email+meta,u_01887,control
c_003,winback_lapsed_digital,2026-03-10,2026-04-10,email+meta,u_02778,treatment
c_003,winback_lapsed_digital,2026-03-10,2026-04-10,email+meta,u_04278,treatment
c_003,winback_lapsed_digital,2026-03-10,2026-04-10,email+meta,u_02514,treatment
c_003,winback_lapsed_digital,2026-03-10,2026-04-10,email+meta,u_02471,control
c_003,winback_lapsed_digital,2026-03-10,2026-04-10,email+meta,u_04287,treatment
c_003,winback_lapsed_digital,2026-03-10,2026-04-10,email+meta,u_04752,treatment
c_003,winback_lapsed_digital,2026-03-10,2026-04-10,email+meta,u_02064,treatment
c_003,winback_lapsed_digital,2026-03-10,2026-04-10,email+meta,u_03336,control
c_003,winback_lapsed_digital,2026-03-10,2026-04-10,email+meta,u_03075,treatment
c_003,winback_lapsed_digital,2026-03-10,2026-04-10,email+meta,u_00854,treatment
c_003,winback_lapsed_digital,2026-03-10,2026-04-10,email+meta,u_04624,treatment
c_003,winback_lapsed_digital,2026-03-10,2026-04-10,email+meta,u_01544,treatment
c_003,winback_lapsed_digital,2026-03-10,2026-04-10,email+meta,u_02583,treatment
c_003,winback_lapsed_digital,2026-03-10,2026-04-10,email+meta,u_02731,treatment
c_003,winback_lapsed_digital,2026-03-10,2026-04-10,email+meta,u_03621,control
c_003,winback_lapsed_digital,2026-03-10,2026-04-10,email+meta,u_01891,control
c_003,winback_lapsed_digital,2026-03-10,2026-04-10,email+meta,u_00350,treatment
c_003,winback_lapsed_digital,2026-03-10,2026-04-10,email+meta,u_03849,treatment
c_003,winback_lapsed_digital,2026-03-10,2026-04-10,email+meta,u_00778,control
c_003,winback_lapsed_digital,2026-03-10,2026-04-10,email+meta,u_03710,control
c_003,winback_lapsed_digital,2026-03-10,2026-04-10,email+meta,u_04018,treatment
c_003,winback_lapsed_digital,2026-03-10,2026-04-10,email+meta,u_03683,treatment
c_003,winback_lapsed_digital,2026-03-10,2026-04-10,email+meta,u_02814,treatment
c_003,winback_lapsed_digital,2026-03-10,2026-04-10,email+meta,u_04479,treatment
c_003,winback_lapsed_digital,2026-03-10,2026-04-10,email+meta,u_04380,treatment
c_003,winback_lapsed_digital,2026-03-10,2026-04-10,email+meta,u_01071,treatment
c_003,winback_lapsed_digital,2026-03-10,2026-04-10,email+meta,u_01903,treatment
c_003,winback_lapsed_digital,2026-03-10,2026-04-10,email+meta,u_04289,treatment
c_003,winback_lapsed_digital,2026-03-10,2026-04-10,email+meta,u_01066,treatment
c_003,winback_lapsed_digital,2026-03-10,2026-04-10,email+meta,u_03156,treatment
c_003,winback_lapsed_digital,2026-03-10,2026-04-10,email+meta,u_02923,treatment
c_003,winback_lapsed_digital,2026-03-10,2026-04-10,email+meta,u_00551,treatment
c_003,winback_lapsed_digital,2026-03-10,2026-04-10,email+meta,u_02333,treatment
c_003,winback_lapsed_digital,2026-03-10,2026-04-10,email+meta,u_00661,control
c_003,winback_lapsed_digital,2026-03-10,2026-04-10,email+meta,u_01913,control
c_003,winback_lapsed_digital,2026-03-10,2026-04-10,email+meta,u_03527,control
c_003,winback_lapsed_digital,2026-03-10,2026-04-10,email+meta,u_03353,treatment
c_003,winback_lapsed_digital,2026-03-10,2026-04-10,email+meta,u_04201,treatment
c_003,winback_lapsed_digital,2026-03-10,2026-04-10,email+meta,u_02951,treatment
c_003,winback_lapsed_digital,2026-03-10,2026-04-10,email+meta,u_00032,control
c_003,winback_lapsed_digital,2026-03-10,2026-04-10,email+meta,u_03979,treatment
c_003,winback_lapsed_digital,2026-03-10,2026-04-10,email+meta,u_01736,treatment
c_003,winback_lapsed_digital,2026-03-10,2026-04-10,email+meta,u_00530,treatment
c_003,winback_lapsed_digital,2026-03-10,2026-04-10,email+meta,u_02523,control
c_003,winback_lapsed_digital,2026-03-10,2026-04-10,email+meta,u_04568,treatment
c_003,winback_lapsed_digital,2026-03-10,2026-04-10,email+meta,u_04280,treatment
c_003,winback_lapsed_digital,2026-03-10,2026-04-10,email+meta,u_03164,control
c_003,winback_lapsed_digital,2026-03-10,2026-04-10,email+meta,u_01135,treatment
c_003,winback_lapsed_digital,2026-03-10,2026-04-10,email+meta,u_01327,treatment
c_003,winback_lapsed_digital,2026-03-10,2026-04-10,email+meta,u_03127,treatment
c_003,winback_lapsed_digital,2026-03-10,2026-04-10,email+meta,u_04119,treatment
c_003,winback_lapsed_digital,2026-03-10,2026-04-10,email+meta,u_00612,treatment
c_003,winback_lapsed_digital,2026-03-10,2026-04-10,email+meta,u_04668,treatment
c_003,winback_lapsed_digital,2026-03-10,2026-04-10,email+meta,u_00019,treatment
c_003,winback_lapsed_digital,2026-03-10,2026-04-10,email+meta,u_01304,control
c_003,winback_lapsed_digital,2026-03-10,2026-04-10,email+meta,u_01461,treatment
c_003,winback_lapsed_digital,2026-03-10,2026-04-10,email+meta,u_00152,treatment
c_003,winback_lapsed_digital,2026-03-10,2026-04-10,email+meta,u_04314,treatment
c_003,winback_lapsed_digital,2026-03-10,2026-04-10,email+meta,u_00935,treatment
c_003,winback_lapsed_digital,2026-03-10,2026-04-10,email+meta,u_02829,control
c_003,winback_lapsed_digital,2026-03-10,2026-04-10,email+meta,u_03880,control
c_003,winback_lapsed_digital,2026-03-10,2026-04-10,email+meta,u_00237,treatment
c_003,winback_lapsed_digital,2026-03-10,2026-04-10,email+meta,u_01313,treatment
c_003,winback_lapsed_digital,2026-03-10,2026-04-10,email+meta,u_00440,treatment
c_003,winback_lapsed_digital,2026-03-10,2026-04-10,email+meta,u_03044,treatment
c_003,winback_lapsed_digital,2026-03-10,2026-04-10,email+meta,u_00998,treatment
c_003,winback_lapsed_digital,2026-03-10,2026-04-10,email+meta,u_01866,control
c_003,winback_lapsed_digital,2026-03-10,2026-04-10,email+meta,u_01163,treatment
c_003,winback_lapsed_digital,2026-03-10,2026-04-10,email+meta,u_02262,treatment
c_003,winback_lapsed_digital,2026-03-10,2026-04-10,email+meta,u_02312,treatment
c_003,winback_lapsed_digital,2026-03-10,2026-04-10,email+meta,u_04871,treatment
c_003,winback_lapsed_digital,2026-03-10,2026-04-10,email+meta,u_01082,treatment
c_003,winback_lapsed_digital,2026-03-10,2026-04-10,email+meta,u_03559,treatment
c_003,winback_lapsed_digital,2026-03-10,2026-04-10,email+meta,u_04925,control
c_003,winback_lapsed_digital,2026-03-10,2026-04-10,email+meta,u_04123,treatment
c_003,winback_lapsed_digital,2026-03-10,2026-04-10,email+meta,u_03090,treatment
c_003,winback_lapsed_digital,2026-03-10,2026-04-10,email+meta,u_00022,treatment
c_003,winback_lapsed_digital,2026-03-10,2026-04-10,email+meta,u_01278,treatment
c_003,winback_lapsed_digital,2026-03-10,2026-04-10,email+meta,u_03795,treatment
c_003,winback_lapsed_digital,2026-03-10,2026-04-10,email+meta,u_01507,treatment
c_003,winback_lapsed_digital,2026-03-10,2026-04-10,email+meta,u_04720,control
c_003,winback_lapsed_digital,2026-03-10,2026-04-10,email+meta,u_01490,control
c_003,winback_lapsed_digital,2026-03-10,2026-04-10,email+meta,u_03057,control
c_003,winback_lapsed_digital,2026-03-10,2026-04-10,email+meta,u_02685,treatment
c_003,winback_lapsed_digital,2026-03-10,2026-04-10,email+meta,u_01628,treatment
c_003,winback_lapsed_digital,2026-03-10,2026-04-10,email+meta,u_02510,control
c_003,winback_lapsed_digital,2026-03-10,2026-04-10,email+meta,u_03572,treatment
c_003,winback_lapsed_digital,2026-03-10,2026-04-10,email+meta,u_02042,treatment
c_003,winback_lapsed_digital,2026-03-10,2026-04-10,email+meta,u_03958,control
c_003,winback_lapsed_digital,2026-03-10,2026-04-10,email+meta,u_03725,treatment
c_003,winback_lapsed_digital,2026-03-10,2026-04-10,email+meta,u_02518,treatment
c_003,winback_lapsed_digital,2026-03-10,2026-04-10,email+meta,u_00894,treatment
c_003,winback_lapsed_digital,2026-03-10,2026-04-10,email+meta,u_03714,treatment
c_003,winback_lapsed_digital,2026-03-10,2026-04-10,email+meta,u_00039,control
c_003,winback_lapsed_digital,2026-03-10,2026-04-10,email+meta,u_00529,control
c_003,winback_lapsed_digital,2026-03-10,2026-04-10,email+meta,u_02425,treatment
c_003,winback_lapsed_digital,2026-03-10,2026-04-10,email+meta,u_04234,control
c_003,winback_lapsed_digital,2026-03-10,2026-04-10,email+meta,u_01127,treatment
c_003,winback_lapsed_digital,2026-03-10,2026-04-10,email+meta,u_02208,treatment
c_003,winback_lapsed_digital,2026-03-10,2026-04-10,email+meta,u_02181,treatment
c_003,winback_lapsed_digital,2026-03-10,2026-04-10,email+meta,u_00870,treatment
c_003,winback_lapsed_digital,2026-03-10,2026-04-10,email+meta,u_04341,control
c_003,winback_lapsed_digital,2026-03-10,2026-04-10,email+meta,u_04855,treatment
c_003,winback_lapsed_digital,2026-03-10,2026-04-10,email+meta,u_01662,treatment
c_003,winback_lapsed_digital,2026-03-10,2026-04-10,email+meta,u_03929,treatment
c_003,winback_lapsed_digital,2026-03-10,2026-04-10,email+meta,u_01283,treatment
c_003,winback_lapsed_digital,2026-03-10,2026-04-10,email+meta,u_02821,treatment
c_003,winback_lapsed_digital,2026-03-10,2026-04-10,email+meta,u_01733,treatment
c_003,winback_lapsed_digital,2026-03-10,2026-04-10,email+meta,u_02872,treatment
c_003,winback_lapsed_digital,2026-03-10,2026-04-10,email+meta,u_03719,treatment
c_003,winback_lapsed_digital,2026-03-10,2026-04-10,email+meta,u_00199,treatment
c_003,winback_lapsed_digital,2026-03-10,2026-04-10,email+meta,u_02136,control
c_003,winback_lapsed_digital,2026-03-10,2026-04-10,email+meta,u_01556,treatment
c_003,winback_lapsed_digital,2026-03-10,2026-04-10,email+meta,u_02088,treatment
c_003,winback_lapsed_digital,2026-03-10,2026-04-10,email+meta,u_02621,treatment
c_003,winback_lapsed_digital,2026-03-10,2026-04-10,email+meta,u_00930,treatment
c_003,winback_lapsed_digital,2026-03-10,2026-04-10,email+meta,u_01880,treatment
c_003,winback_lapsed_digital,2026-03-10,2026-04-10,email+meta,u_02903,treatment
c_003,winback_lapsed_digital,2026-03-10,2026-04-10,email+meta,u_00672,control
c_003,winback_lapsed_digital,2026-03-10,2026-04-10,email+meta,u_00618,treatment
c_003,winback_lapsed_digital,2026-03-10,2026-04-10,email+meta,u_03371,treatment
c_003,winback_lapsed_digital,2026-03-10,2026-04-10,email+meta,u_01183,treatment
c_003,winback_lapsed_digital,2026-03-10,2026-04-10,email+meta,u_01721,treatment
c_003,winback_lapsed_digital,2026-03-10,2026-04-10,email+meta,u_03277,treatment
c_003,winback_lapsed_digital,2026-03-10,2026-04-10,email+meta,u_02379,treatment
c_003,winback_lapsed_digital,2026-03-10,2026-04-10,email+meta,u_00214,treatment
c_003,winback_lapsed_digital,2026-03-10,2026-04-10,email+meta,u_01405,treatment
c_003,winback_lapsed_digital,2026-03-10,2026-04-10,email+meta,u_04602,treatment
c_003,winback_lapsed_digital,2026-03-10,2026-04-10,email+meta,u_02074,treatment
c_003,winback_lapsed_digital,2026-03-10,2026-04-10,email+meta,u_03247,control
c_003,winback_lapsed_digital,2026-03-10,2026-04-10,email+meta,u_01417,treatment
c_003,winback_lapsed_digital,2026-03-10,2026-04-10,email+meta,u_03934,treatment
c_003,winback_lapsed_digital,2026-03-10,2026-04-10,email+meta,u_04684,treatment
c_003,winback_lapsed_digital,2026-03-10,2026-04-10,email+meta,u_04104,control
c_003,winback_lapsed_digital,2026-03-10,2026-04-10,email+meta,u_02611,treatment
c_003,winback_lapsed_digital,2026-03-10,2026-04-10,email+meta,u_03580,treatment
c_003,winback_lapsed_digital,2026-03-10,2026-04-10,email+meta,u_02626,treatment
c_003,winback_lapsed_digital,2026-03-10,2026-04-10,email+meta,u_04573,treatment
c_003,winback_lapsed_digital,2026-03-10,2026-04-10,email+meta,u_04166,treatment
c_003,winback_lapsed_digital,2026-03-10,2026-04-10,email+meta,u_00434,treatment
c_003,winback_lapsed_digital,2026-03-10,2026-04-10,email+meta,u_04207,control
c_003,winback_lapsed_digital,2026-03-10,2026-04-10,email+meta,u_03553,treatment
c_003,winback_lapsed_digital,2026-03-10,2026-04-10,email+meta,u_00241,treatment
c_003,winback_lapsed_digital,2026-03-10,2026-04-10,email+meta,u_01415,control
c_003,winback_lapsed_digital,2026-03-10,2026-04-10,email+meta,u_02398,treatment
c_003,winback_lapsed_digital,2026-03-10,2026-04-10,email+meta,u_03987,treatment
c_003,winback_lapsed_digital,2026-03-10,2026-04-10,email+meta,u_01843,treatment
c_003,winback_lapsed_digital,2026-03-10,2026-04-10,email+meta,u_01197,treatment
c_003,winback_lapsed_digital,2026-03-10,2026-04-10,email+meta,u_04446,treatment
c_003,winback_lapsed_digital,2026-03-10,2026-04-10,email+meta,u_02609,treatment
c_003,winback_lapsed_digital,2026-03-10,2026-04-10,email+meta,u_04725,treatment
c_003,winback_lapsed_digital,2026-03-10,2026-04-10,email+meta,u_00309,treatment
c_003,winback_lapsed_digital,2026-03-10,2026-04-10,email+meta,u_02502,treatment
c_003,winback_lapsed_digital,2026-03-10,2026-04-10,email+meta,u_04388,treatment
c_003,winback_lapsed_digital,2026-03-10,2026-04-10,email+meta,u_01844,treatment
c_003,winback_lapsed_digital,2026-03-10,2026-04-10,email+meta,u_03647,treatment
c_003,winback_lapsed_digital,2026-03-10,2026-04-10,email+meta,u_02497,control
c_003,winback_lapsed_digital,2026-03-10,2026-04-10,email+meta,u_00780,treatment
c_003,winback_lapsed_digital,2026-03-10,2026-04-10,email+meta,u_01130,treatment
c_003,winback_lapsed_digital,2026-03-10,2026-04-10,email+meta,u_03541,treatment
c_003,winback_lapsed_digital,2026-03-10,2026-04-10,email+meta,u_04404,treatment
c_003,winback_lapsed_digital,2026-03-10,2026-04-10,email+meta,u_00455,treatment
c_003,winback_lapsed_digital,2026-03-10,2026-04-10,email+meta,u_01334,treatment
c_003,winback_lapsed_digital,2026-03-10,2026-04-10,email+meta,u_01207,control
c_003,winback_lapsed_digital,2026-03-10,2026-04-10,email+meta,u_04924,control
c_003,winback_lapsed_digital,2026-03-10,2026-04-10,email+meta,u_01143,treatment
c_003,winback_lapsed_digital,2026-03-10,2026-04-10,email+meta,u_02571,control
c_003,winback_lapsed_digital,2026-03-10,2026-04-10,email+meta,u_00819,treatment
c_003,winback_lapsed_digital,2026-03-10,2026-04-10,email+meta,u_03003,control
c_003,winback_lapsed_digital,2026-03-10,2026-04-10,email+meta,u_01827,treatment
c_003,winback_lapsed_digital,2026-03-10,2026-04-10,email+meta,u_01279,treatment
c_003,winback_lapsed_digital,2026-03-10,2026-04-10,email+meta,u_03612,treatment
c_003,winback_lapsed_digital,2026-03-10,2026-04-10,email+meta,u_00381,treatment
c_003,winback_lapsed_digital,2026-03-10,2026-04-10,email+meta,u_02442,treatment
c_003,winback_lapsed_digital,2026-03-10,2026-04-10,email+meta,u_04615,treatment
c_003,winback_lapsed_digital,2026-03-10,2026-04-10,email+meta,u_00983,treatment
c_003,winback_lapsed_digital,2026-03-10,2026-04-10,email+meta,u_04619,treatment
c_003,winback_lapsed_digital,2026-03-10,2026-04-10,email+meta,u_04782,treatment
c_003,winback_lapsed_digital,2026-03-10,2026-04-10,email+meta,u_03046,control
c_003,winback_lapsed_digital,2026-03-10,2026-04-10,email+meta,u_01175,treatment
c_003,winback_lapsed_digital,2026-03-10,2026-04-10,email+meta,u_03366,treatment
c_003,winback_lapsed_digital,2026-03-10,2026-04-10,email+meta,u_04197,treatment
c_003,winback_lapsed_digital,2026-03-10,2026-04-10,email+meta,u_03526,treatment
c_003,winback_lapsed_digital,2026-03-10,2026-04-10,email+meta,u_04276,treatment
c_003,winback_lapsed_digital,2026-03-10,2026-04-10,email+meta,u_03121,treatment
c_003,winback_lapsed_digital,2026-03-10,2026-04-10,email+meta,u_00313,treatment
c_003,winback_lapsed_digital,2026-03-10,2026-04-10,email+meta,u_00158,treatment
c_003,winback_lapsed_digital,2026-03-10,2026-04-10,email+meta,u_00196,control
c_003,winback_lapsed_digital,2026-03-10,2026-04-10,email+meta,u_02458,treatment
c_003,winback_lapsed_digital,2026-03-10,2026-04-10,email+meta,u_03249,treatment
c_003,winback_lapsed_digital,2026-03-10,2026-04-10,email+meta,u_00748,treatment
c_003,winback_lapsed_digital,2026-03-10,2026-04-10,email+meta,u_02473,treatment
c_003,winback_lapsed_digital,2026-03-10,2026-04-10,email+meta,u_04522,treatment
c_003,winback_lapsed_digital,2026-03-10,2026-04-10,email+meta,u_00273,control
c_003,winback_lapsed_digital,2026-03-10,2026-04-10,email+meta,u_01230,treatment
c_003,winback_lapsed_digital,2026-03-10,2026-04-10,email+meta,u_01075,treatment
c_003,winback_lapsed_digital,2026-03-10,2026-04-10,email+meta,u_01433,treatment
c_003,winback_lapsed_digital,2026-03-10,2026-04-10,email+meta,u_04534,treatment
c_003,winback_lapsed_digital,2026-03-10,2026-04-10,email+meta,u_02734,treatment
c_003,winback_lapsed_digital,2026-03-10,2026-04-10,email+meta,u_03120,treatment
c_003,winback_lapsed_digital,2026-03-10,2026-04-10,email+meta,u_03007,treatment
c_003,winback_lapsed_digital,2026-03-10,2026-04-10,email+meta,u_04063,treatment
c_003,winback_lapsed_digital,2026-03-10,2026-04-10,email+meta,u_01047,treatment
c_003,winback_lapsed_digital,2026-03-10,2026-04-10,email+meta,u_02652,control
c_003,winback_lapsed_digital,2026-03-10,2026-04-10,email+meta,u_03796,treatment
c_003,winback_lapsed_digital,2026-03-10,2026-04-10,email+meta,u_04349,treatment
c_003,winback_lapsed_digital,2026-03-10,2026-04-10,email+meta,u_01213,treatment
c_003,winback_lapsed_digital,2026-03-10,2026-04-10,email+meta,u_02008,treatment
c_003,winback_lapsed_digital,2026-03-10,2026-04-10,email+meta,u_00376,treatment
c_003,winback_lapsed_digital,2026-03-10,2026-04-10,email+meta,u_04713,control
c_003,winback_lapsed_digital,2026-03-10,2026-04-10,email+meta,u_02776,treatment
c_003,winback_lapsed_digital,2026-03-10,2026-04-10,email+meta,u_01800,treatment
c_003,winback_lapsed_digital,2026-03-10,2026-04-10,email+meta,u_04124,treatment
c_003,winback_lapsed_digital,2026-03-10,2026-04-10,email+meta,u_01100,treatment
c_003,winback_lapsed_digital,2026-03-10,2026-04-10,email+meta,u_03943,treatment
c_003,winback_lapsed_digital,2026-03-10,2026-04-10,email+meta,u_04025,control
c_003,winback_lapsed_digital,2026-03-10,2026-04-10,email+meta,u_04233,treatment
c_003,winback_lapsed_digital,2026-03-10,2026-04-10,email+meta,u_00959,control
c_003,winback_lapsed_digital,2026-03-10,2026-04-10,email+meta,u_01618,treatment
c_003,winback_lapsed_digital,2026-03-10,2026-04-10,email+meta,u_04387,treatment
c_003,winback_lapsed_digital,2026-03-10,2026-04-10,email+meta,u_04226,control
c_003,winback_lapsed_digital,2026-03-10,2026-04-10,email+meta,u_03346,treatment
c_003,winback_lapsed_digital,2026-03-10,2026-04-10,email+meta,u_02373,treatment
c_003,winback_lapsed_digital,2026-03-10,2026-04-10,email+meta,u_03402,control
c_003,winback_lapsed_digital,2026-03-10,2026-04-10,email+meta,u_02563,treatment
c_003,winback_lapsed_digital,2026-03-10,2026-04-10,email+meta,u_01873,treatment
c_003,winback_lapsed_digital,2026-03-10,2026-04-10,email+meta,u_04869,treatment
c_003,winback_lapsed_digital,2026-03-10,2026-04-10,email+meta,u_02387,control
c_003,winback_lapsed_digital,2026-03-10,2026-04-10,email+meta,u_00378,treatment
c_003,winback_lapsed_digital,2026-03-10,2026-04-10,email+meta,u_04703,control
c_003,winback_lapsed_digital,2026-03-10,2026-04-10,email+meta,u_01232,treatment
c_003,winback_lapsed_digital,2026-03-10,2026-04-10,email+meta,u_04972,treatment
c_003,winback_lapsed_digital,2026-03-10,2026-04-10,email+meta,u_02397,treatment
c_003,winback_lapsed_digital,2026-03-10,2026-04-10,email+meta,u_03997,treatment
c_003,winback_lapsed_digital,2026-03-10,2026-04-10,email+meta,u_04445,treatment
c_003,winback_lapsed_digital,2026-03-10,2026-04-10,email+meta,u_02935,control
c_003,winback_lapsed_digital,2026-03-10,2026-04-10,email+meta,u_00995,treatment
c_003,winback_lapsed_digital,2026-03-10,2026-04-10,email+meta,u_04960,treatment
c_003,winback_lapsed_digital,2026-03-10,2026-04-10,email+meta,u_03657,treatment
c_003,winback_lapsed_digital,2026-03-10,2026-04-10,email+meta,u_03622,treatment
c_003,winback_lapsed_digital,2026-03-10,2026-04-10,email+meta,u_03894,treatment
c_003,winback_lapsed_digital,2026-03-10,2026-04-10,email+meta,u_02467,control
c_003,winback_lapsed_digital,2026-03-10,2026-04-10,email+meta,u_02639,treatment
c_003,winback_lapsed_digital,2026-03-10,2026-04-10,email+meta,u_01371,control
c_003,winback_lapsed_digital,2026-03-10,2026-04-10,email+meta,u_03295,treatment
c_003,winback_lapsed_digital,2026-03-10,2026-04-10,email+meta,u_01999,treatment
c_003,winback_lapsed_digital,2026-03-10,2026-04-10,email+meta,u_01885,treatment
c_003,winback_lapsed_digital,2026-03-10,2026-04-10,email+meta,u_00464,treatment
c_003,winback_lapsed_digital,2026-03-10,2026-04-10,email+meta,u_02773,control
c_003,winback_lapsed_digital,2026-03-10,2026-04-10,email+meta,u_01994,treatment
c_003,winback_lapsed_digital,2026-03-10,2026-04-10,email+meta,u_03256,treatment
c_003,winback_lapsed_digital,2026-03-10,2026-04-10,email+meta,u_02699,treatment
c_003,winback_lapsed_digital,2026-03-10,2026-04-10,email+meta,u_03864,treatment
c_003,winback_lapsed_digital,2026-03-10,2026-04-10,email+meta,u_02645,control
c_003,winback_lapsed_digital,2026-03-10,2026-04-10,email+meta,u_00247,control
c_003,winback_lapsed_digital,2026-03-10,2026-04-10,email+meta,u_02622,treatment
c_003,winback_lapsed_digital,2026-03-10,2026-04-10,email+meta,u_01990,treatment
c_003,winback_lapsed_digital,2026-03-10,2026-04-10,email+meta,u_00139,control
c_003,winback_lapsed_digital,2026-03-10,2026-04-10,email+meta,u_03823,treatment
c_003,winback_lapsed_digital,2026-03-10,2026-04-10,email+meta,u_02367,treatment
c_003,winback_lapsed_digital,2026-03-10,2026-04-10,email+meta,u_03490,treatment
c_003,winback_lapsed_digital,2026-03-10,2026-04-10,email+meta,u_00885,treatment
c_003,winback_lapsed_digital,2026-03-10,2026-04-10,email+meta,u_02369,treatment
c_003,winback_lapsed_digital,2026-03-10,2026-04-10,email+meta,u_00126,treatment
c_003,winback_lapsed_digital,2026-03-10,2026-04-10,email+meta,u_01687,treatment
c_003,winback_lapsed_digital,2026-03-10,2026-04-10,email+meta,u_03309,treatment
c_003,winback_lapsed_digital,2026-03-10,2026-04-10,email+meta,u_04717,treatment
c_003,winback_lapsed_digital,2026-03-10,2026-04-10,email+meta,u_04438,treatment
c_003,winback_lapsed_digital,2026-03-10,2026-04-10,email+meta,u_00833,treatment
c_003,winback_lapsed_digital,2026-03-10,2026-04-10,email+meta,u_01374,control
c_003,winback_lapsed_digital,2026-03-10,2026-04-10,email+meta,u_00972,treatment
c_003,winback_lapsed_digital,2026-03-10,2026-04-10,email+meta,u_01879,treatment
c_003,winback_lapsed_digital,2026-03-10,2026-04-10,email+meta,u_01316,treatment
c_003,winback_lapsed_digital,2026-03-10,2026-04-10,email+meta,u_04285,treatment
c_003,winback_lapsed_digital,2026-03-10,2026-04-10,email+meta,u_03538,treatment
c_003,winback_lapsed_digital,2026-03-10,2026-04-10,email+meta,u_03632,control
c_003,winback_lapsed_digital,2026-03-10,2026-04-10,email+meta,u_02920,treatment
c_003,winback_lapsed_digital,2026-03-10,2026-04-10,email+meta,u_01366,treatment
c_003,winback_lapsed_digital,2026-03-10,2026-04-10,email+meta,u_03069,control
c_003,winback_lapsed_digital,2026-03-10,2026-04-10,email+meta,u_04639,treatment
c_003,winback_lapsed_digital,2026-03-10,2026-04-10,email+meta,u_03424,treatment
c_003,winback_lapsed_digital,2026-03-10,2026-04-10,email+meta,u_04237,control
c_003,winback_lapsed_digital,2026-03-10,2026-04-10,email+meta,u_00233,control
c_003,winback_lapsed_digital,2026-03-10,2026-04-10,email+meta,u_02166,treatment
c_003,winback_lapsed_digital,2026-03-10,2026-04-10,email+meta,u_00809,treatment
c_003,winback_lapsed_digital,2026-03-10,2026-04-10,email+meta,u_04213,treatment
c_003,winback_lapsed_digital,2026-03-10,2026-04-10,email+meta,u_02365,treatment
c_003,winback_lapsed_digital,2026-03-10,2026-04-10,email+meta,u_02618,treatment
c_003,winback_lapsed_digital,2026-03-10,2026-04-10,email+meta,u_00968,treatment
c_003,winback_lapsed_digital,2026-03-10,2026-04-10,email+meta,u_04929,treatment
c_003,winback_lapsed_digital,2026-03-10,2026-04-10,email+meta,u_04983,treatment
c_003,winback_lapsed_digital,2026-03-10,2026-04-10,email+meta,u_01919,treatment
c_003,winback_lapsed_digital,2026-03-10,2026-04-10,email+meta,u_04480,treatment
c_003,winback_lapsed_digital,2026-03-10,2026-04-10,email+meta,u_03722,treatment
c_003,winback_lapsed_digital,2026-03-10,2026-04-10,email+meta,u_00289,treatment
c_003,winback_lapsed_digital,2026-03-10,2026-04-10,email+meta,u_02104,treatment
c_003,winback_lapsed_digital,2026-03-10,2026-04-10,email+meta,u_00677,treatment
c_003,winback_lapsed_digital,2026-03-10,2026-04-10,email+meta,u_03674,treatment
c_003,winback_lapsed_digital,2026-03-10,2026-04-10,email+meta,u_00256,control
c_003,winback_lapsed_digital,2026-03-10,2026-04-10,email+meta,u_02476,control
c_003,winback_lapsed_digital,2026-03-10,2026-04-10,email+meta,u_03491,treatment
c_003,winback_lapsed_digital,2026-03-10,2026-04-10,email+meta,u_00642,treatment
c_003,winback_lapsed_digital,2026-03-10,2026-04-10,email+meta,u_02670,treatment
c_003,winback_lapsed_digital,2026-03-10,2026-04-10,email+meta,u_00686,treatment
c_003,winback_lapsed_digital,2026-03-10,2026-04-10,email+meta,u_04097,treatment
c_003,winback_lapsed_digital,2026-03-10,2026-04-10,email+meta,u_02134,treatment
c_003,winback_lapsed_digital,2026-03-10,2026-04-10,email+meta,u_03048,control
c_003,winback_lapsed_digital,2026-03-10,2026-04-10,email+meta,u_03233,treatment
c_003,winback_lapsed_digital,2026-03-10,2026-04-10,email+meta,u_00491,control
c_003,winback_lapsed_digital,2026-03-10,2026-04-10,email+meta,u_02743,treatment
c_003,winback_lapsed_digital,2026-03-10,2026-04-10,email+meta,u_04542,treatment
c_003,winback_lapsed_digital,2026-03-10,2026-04-10,email+meta,u_03234,treatment
c_003,winback_lapsed_digital,2026-03-10,2026-04-10,email+meta,u_01418,treatment
c_003,winback_lapsed_digital,2026-03-10,2026-04-10,email+meta,u_00087,control
c_003,winback_lapsed_digital,2026-03-10,2026-04-10,email+meta,u_02991,control
c_003,winback_lapsed_digital,2026-03-10,2026-04-10,email+meta,u_04134,treatment
c_003,winback_lapsed_digital,2026-03-10,2026-04-10,email+meta,u_03858,treatment
c_003,winback_lapsed_digital,2026-03-10,2026-04-10,email+meta,u_00923,treatment
c_003,winback_lapsed_digital,2026-03-10,2026-04-10,email+meta,u_03185,treatment
c_003,winback_lapsed_digital,2026-03-10,2026-04-10,email+meta,u_00038,treatment
c_003,winback_lapsed_digital,2026-03-10,2026-04-10,email+meta,u_04485,treatment
c_003,winback_lapsed_digital,2026-03-10,2026-04-10,email+meta,u_02124,control
c_003,winback_lapsed_digital,2026-03-10,2026-04-10,email+meta,u_04690,treatment
c_003,winback_lapsed_digital,2026-03-10,2026-04-10,email+meta,u_04769,treatment
c_003,winback_lapsed_digital,2026-03-10,2026-04-10,email+meta,u_00726,treatment
c_003,winback_lapsed_digital,2026-03-10,2026-04-10,email+meta,u_04803,treatment
c_003,winback_lapsed_digital,2026-03-10,2026-04-10,email+meta,u_03216,treatment
c_003,winback_lapsed_digital,2026-03-10,2026-04-10,email+meta,u_03827,treatment
c_003,winback_lapsed_digital,2026-03-10,2026-04-10,email+meta,u_02925,control
c_003,winback_lapsed_digital,2026-03-10,2026-04-10,email+meta,u_03793,treatment
c_003,winback_lapsed_digital,2026-03-10,2026-04-10,email+meta,u_01282,treatment
c_003,winback_lapsed_digital,2026-03-10,2026-04-10,email+meta,u_02224,treatment
c_003,winback_lapsed_digital,2026-03-10,2026-04-10,email+meta,u_01186,control
c_003,winback_lapsed_digital,2026-03-10,2026-04-10,email+meta,u_03397,treatment
c_003,winback_lapsed_digital,2026-03-10,2026-04-10,email+meta,u_03761,treatment
c_003,winback_lapsed_digital,2026-03-10,2026-04-10,email+meta,u_01092,treatment
c_003,winback_lapsed_digital,2026-03-10,2026-04-10,email+meta,u_01355,control
c_003,winback_lapsed_digital,2026-03-10,2026-04-10,email+meta,u_02666,treatment
c_003,winback_lapsed_digital,2026-03-10,2026-04-10,email+meta,u_04460,control
c_003,winback_lapsed_digital,2026-03-10,2026-04-10,email+meta,u_02794,treatment
c_003,winback_lapsed_digital,2026-03-10,2026-04-10,email+meta,u_00603,treatment
c_003,winback_lapsed_digital,2026-03-10,2026-04-10,email+meta,u_02761,treatment
c_003,winback_lapsed_digital,2026-03-10,2026-04-10,email+meta,u_00407,treatment
c_003,winback_lapsed_digital,2026-03-10,2026-04-10,email+meta,u_01770,treatment
c_003,winback_lapsed_digital,2026-03-10,2026-04-10,email+meta,u_04171,treatment
c_003,winback_lapsed_digital,2026-03-10,2026-04-10,email+meta,u_03080,treatment
c_003,winback_lapsed_digital,2026-03-10,2026-04-10,email+meta,u_03563,control
c_003,winback_lapsed_digital,2026-03-10,2026-04-10,email+meta,u_02242,treatment
c_003,winback_lapsed_digital,2026-03-10,2026-04-10,email+meta,u_03846,treatment
c_003,winback_lapsed_digital,2026-03-10,2026-04-10,email+meta,u_00716,control
c_003,winback_lapsed_digital,2026-03-10,2026-04-10,email+meta,u_01757,treatment
c_003,winback_lapsed_digital,2026-03-10,2026-04-10,email+meta,u_01445,treatment
c_003,winback_lapsed_digital,2026-03-10,2026-04-10,email+meta,u_02894,treatment
c_003,winback_lapsed_digital,2026-03-10,2026-04-10,email+meta,u_00227,treatment
c_003,winback_lapsed_digital,2026-03-10,2026-04-10,email+meta,u_03320,treatment
c_003,winback_lapsed_digital,2026-03-10,2026-04-10,email+meta,u_00763,treatment
c_003,winback_lapsed_digital,2026-03-10,2026-04-10,email+meta,u_04540,treatment
c_003,winback_lapsed_digital,2026-03-10,2026-04-10,email+meta,u_00435,treatment
c_003,winback_lapsed_digital,2026-03-10,2026-04-10,email+meta,u_00383,treatment
c_003,winback_lapsed_digital,2026-03-10,2026-04-10,email+meta,u_00961,control
c_003,winback_lapsed_digital,2026-03-10,2026-04-10,email+meta,u_03017,control
c_003,winback_lapsed_digital,2026-03-10,2026-04-10,email+meta,u_04405,treatment
c_003,winback_lapsed_digital,2026-03-10,2026-04-10,email+meta,u_01353,treatment
c_003,winback_lapsed_digital,2026-03-10,2026-04-10,email+meta,u_02637,treatment
c_003,winback_lapsed_digital,2026-03-10,2026-04-10,email+meta,u_03106,treatment
c_003,winback_lapsed_digital,2026-03-10,2026-04-10,email+meta,u_03976,treatment
c_003,winback_lapsed_digital,2026-03-10,2026-04-10,email+meta,u_00326,treatment
c_003,winback_lapsed_digital,2026-03-10,2026-04-10,email+meta,u_04735,treatment
c_003,winback_lapsed_digital,2026-03-10,2026-04-10,email+meta,u_04264,treatment
c_003,winback_lapsed_digital,2026-03-10,2026-04-10,email+meta,u_01260,treatment
c_003,winback_lapsed_digital,2026-03-10,2026-04-10,email+meta,u_02987,control
c_003,winback_lapsed_digital,2026-03-10,2026-04-10,email+meta,u_03150,control
c_003,winback_lapsed_digital,2026-03-10,2026-04-10,email+meta,u_01842,treatment
c_003,winback_lapsed_digital,2026-03-10,2026-04-10,email+meta,u_02998,treatment
c_003,winback_lapsed_digital,2026-03-10,2026-04-10,email+meta,u_00637,treatment
c_003,winback_lapsed_digital,2026-03-10,2026-04-10,email+meta,u_02054,control
c_003,winback_lapsed_digital,2026-03-10,2026-04-10,email+meta,u_03734,treatment
c_003,winback_lapsed_digital,2026-03-10,2026-04-10,email+meta,u_01639,treatment
c_003,winback_lapsed_digital,2026-03-10,2026-04-10,email+meta,u_02739,treatment
c_003,winback_lapsed_digital,2026-03-10,2026-04-10,email+meta,u_01229,control
c_003,winback_lapsed_digital,2026-03-10,2026-04-10,email+meta,u_02668,treatment
c_003,winback_lapsed_digital,2026-03-10,2026-04-10,email+meta,u_00078,treatment
c_003,winback_lapsed_digital,2026-03-10,2026-04-10,email+meta,u_03119,treatment
c_003,winback_lapsed_digital,2026-03-10,2026-04-10,email+meta,u_01333,treatment
c_003,winback_lapsed_digital,2026-03-10,2026-04-10,email+meta,u_00073,treatment
c_003,winback_lapsed_digital,2026-03-10,2026-04-10,email+meta,u_00801,control
c_003,winback_lapsed_digital,2026-03-10,2026-04-10,email+meta,u_01530,treatment
c_003,winback_lapsed_digital,2026-03-10,2026-04-10,email+meta,u_03907,control
c_003,winback_lapsed_digital,2026-03-10,2026-04-10,email+meta,u_03941,treatment
c_003,winback_lapsed_digital,2026-03-10,2026-04-10,email+meta,u_04441,treatment
c_003,winback_lapsed_digital,2026-03-10,2026-04-10,email+meta,u_02041,treatment
c_003,winback_lapsed_digital,2026-03-10,2026-04-10,email+meta,u_01202,treatment
c_003,winback_lapsed_digital,2026-03-10,2026-04-10,email+meta,u_02011,treatment
c_003,winback_lapsed_digital,2026-03-10,2026-04-10,email+meta,u_04958,treatment
c_003,winback_lapsed_digital,2026-03-10,2026-04-10,email+meta,u_02946,treatment
c_003,winback_lapsed_digital,2026-03-10,2026-04-10,email+meta,u_00899,treatment
c_003,winback_lapsed_digital,2026-03-10,2026-04-10,email+meta,u_03706,control
c_003,winback_lapsed_digital,2026-03-10,2026-04-10,email+meta,u_00697,treatment
c_003,winback_lapsed_digital,2026-03-10,2026-04-10,email+meta,u_03319,treatment
c_003,winback_lapsed_digital,2026-03-10,2026-04-10,email+meta,u_03375,treatment
c_003,winback_lapsed_digital,2026-03-10,2026-04-10,email+meta,u_02099,treatment
c_003,winback_lapsed_digital,2026-03-10,2026-04-10,email+meta,u_02004,treatment
c_003,winback_lapsed_digital,2026-03-10,2026-04-10,email+meta,u_02681,treatment
c_003,winback_lapsed_digital,2026-03-10,2026-04-10,email+meta,u_01328,treatment
c_003,winback_lapsed_digital,2026-03-10,2026-04-10,email+meta,u_00921,treatment
c_003,winback_lapsed_digital,2026-03-10,2026-04-10,email+meta,u_01564,treatment
c_003,winback_lapsed_digital,2026-03-10,2026-04-10,email+meta,u_00388,treatment
c_003,winback_lapsed_digital,2026-03-10,2026-04-10,email+meta,u_00582,control
c_003,winback_lapsed_digital,2026-03-10,2026-04-10,email+meta,u_02862,treatment
c_003,winback_lapsed_digital,2026-03-10,2026-04-10,email+meta,u_02297,treatment
c_003,winback_lapsed_digital,2026-03-10,2026-04-10,email+meta,u_03407,control
c_003,winback_lapsed_digital,2026-03-10,2026-04-10,email+meta,u_02103,treatment
c_003,winback_lapsed_digital,2026-03-10,2026-04-10,email+meta,u_00619,treatment
c_003,winback_lapsed_digital,2026-03-10,2026-04-10,email+meta,u_02213,treatment
c_003,winback_lapsed_digital,2026-03-10,2026-04-10,email+meta,u_04080,control
c_003,winback_lapsed_digital,2026-03-10,2026-04-10,email+meta,u_01156,treatment
c_003,winback_lapsed_digital,2026-03-10,2026-04-10,email+meta,u_00567,treatment
c_003,winback_lapsed_digital,2026-03-10,2026-04-10,email+meta,u_04581,treatment
c_003,winback_lapsed_digital,2026-03-10,2026-04-10,email+meta,u_04167,treatment
c_003,winback_lapsed_digital,2026-03-10,2026-04-10,email+meta,u_02053,treatment
c_003,winback_lapsed_digital,2026-03-10,2026-04-10,email+meta,u_01189,treatment
c_003,winback_lapsed_digital,2026-03-10,2026-04-10,email+meta,u_02076,treatment
c_003,winback_lapsed_digital,2026-03-10,2026-04-10,email+meta,u_03487,treatment
c_003,winback_lapsed_digital,2026-03-10,2026-04-10,email+meta,u_03768,treatment
c_003,winback_lapsed_digital,2026-03-10,2026-04-10,email+meta,u_02678,treatment
c_003,winback_lapsed_digital,2026-03-10,2026-04-10,email+meta,u_00461,treatment
c_003,winback_lapsed_digital,2026-03-10,2026-04-10,email+meta,u_01124,treatment
c_003,winback_lapsed_digital,2026-03-10,2026-04-10,email+meta,u_03814,treatment
c_003,winback_lapsed_digital,2026-03-10,2026-04-10,email+meta,u_00470,treatment
c_003,winback_lapsed_digital,2026-03-10,2026-04-10,email+meta,u_03179,treatment
c_003,winback_lapsed_digital,2026-03-10,2026-04-10,email+meta,u_04286,treatment
c_003,winback_lapsed_digital,2026-03-10,2026-04-10,email+meta,u_00752,treatment
c_003,winback_lapsed_digital,2026-03-10,2026-04-10,email+meta,u_02151,treatment
c_003,winback_lapsed_digital,2026-03-10,2026-04-10,email+meta,u_02260,control
c_003,winback_lapsed_digital,2026-03-10,2026-04-10,email+meta,u_02500,control
c_003,winback_lapsed_digital,2026-03-10,2026-04-10,email+meta,u_04047,treatment
c_003,winback_lapsed_digital,2026-03-10,2026-04-10,email+meta,u_02824,control
c_003,winback_lapsed_digital,2026-03-10,2026-04-10,email+meta,u_04625,treatment
c_003,winback_lapsed_digital,2026-03-10,2026-04-10,email+meta,u_03820,treatment
c_003,winback_lapsed_digital,2026-03-10,2026-04-10,email+meta,u_00742,treatment
c_003,winback_lapsed_digital,2026-03-10,2026-04-10,email+meta,u_02880,treatment
c_003,winback_lapsed_digital,2026-03-10,2026-04-10,email+meta,u_02520,treatment
c_003,winback_lapsed_digital,2026-03-10,2026-04-10,email+meta,u_02981,treatment
c_003,winback_lapsed_digital,2026-03-10,2026-04-10,email+meta,u_04113,treatment
c_003,winback_lapsed_digital,2026-03-10,2026-04-10,email+meta,u_04611,treatment
c_003,winback_lapsed_digital,2026-03-10,2026-04-10,email+meta,u_01120,control
c_003,winback_lapsed_digital,2026-03-10,2026-04-10,email+meta,u_00335,treatment
c_003,winback_lapsed_digital,2026-03-10,2026-04-10,email+meta,u_04820,treatment
c_003,winback_lapsed_digital,2026-03-10,2026-04-10,email+meta,u_00576,control
c_003,winback_lapsed_digital,2026-03-10,2026-04-10,email+meta,u_04655,treatment
c_003,winback_lapsed_digital,2026-03-10,2026-04-10,email+meta,u_01587,treatment
c_003,winback_lapsed_digital,2026-03-10,2026-04-10,email+meta,u_01317,treatment
c_003,winback_lapsed_digital,2026-03-10,2026-04-10,email+meta,u_03153,treatment
c_003,winback_lapsed_digital,2026-03-10,2026-04-10,email+meta,u_01615,treatment
c_003,winback_lapsed_digital,2026-03-10,2026-04-10,email+meta,u_01387,control
c_003,winback_lapsed_digital,2026-03-10,2026-04-10,email+meta,u_04866,treatment
c_003,winback_lapsed_digital,2026-03-10,2026-04-10,email+meta,u_01209,treatment
c_003,winback_lapsed_digital,2026-03-10,2026-04-10,email+meta,u_01292,treatment
c_003,winback_lapsed_digital,2026-03-10,2026-04-10,email+meta,u_03358,treatment
c_003,winback_lapsed_digital,2026-03-10,2026-04-10,email+meta,u_01010,treatment
c_003,winback_lapsed_digital,2026-03-10,2026-04-10,email+meta,u_03948,treatment
c_003,winback_lapsed_digital,2026-03-10,2026-04-10,email+meta,u_03850,treatment
c_003,winback_lapsed_digital,2026-03-10,2026-04-10,email+meta,u_04300,treatment
c_003,winback_lapsed_digital,2026-03-10,2026-04-10,email+meta,u_02922,treatment
c_003,winback_lapsed_digital,2026-03-10,2026-04-10,email+meta,u_01598,treatment
c_003,winback_lapsed_digital,2026-03-10,2026-04-10,email+meta,u_03173,control
c_003,winback_lapsed_digital,2026-03-10,2026-04-10,email+meta,u_02883,treatment
c_003,winback_lapsed_digital,2026-03-10,2026-04-10,email+meta,u_01840,treatment
c_003,winback_lapsed_digital,2026-03-10,2026-04-10,email+meta,u_03461,treatment
c_003,winback_lapsed_digital,2026-03-10,2026-04-10,email+meta,u_04569,treatment
c_003,winback_lapsed_digital,2026-03-10,2026-04-10,email+meta,u_00821,control
c_003,winback_lapsed_digital,2026-03-10,2026-04-10,email+meta,u_00929,treatment
c_003,winback_lapsed_digital,2026-03-10,2026-04-10,email+meta,u_01362,treatment
c_003,winback_lapsed_digital,2026-03-10,2026-04-10,email+meta,u_02982,control
c_003,winback_lapsed_digital,2026-03-10,2026-04-10,email+meta,u_03146,treatment
c_003,winback_lapsed_digital,2026-03-10,2026-04-10,email+meta,u_01380,treatment
c_003,winback_lapsed_digital,2026-03-10,2026-04-10,email+meta,u_02106,treatment
c_003,winback_lapsed_digital,2026-03-10,2026-04-10,email+meta,u_01375,control
c_003,winback_lapsed_digital,2026-03-10,2026-04-10,email+meta,u_00174,treatment
c_003,winback_lapsed_digital,2026-03-10,2026-04-10,email+meta,u_01763,treatment
c_003,winback_lapsed_digital,2026-03-10,2026-04-10,email+meta,u_00982,treatment
c_003,winback_lapsed_digital,2026-03-10,2026-04-10,email+meta,u_00185,control
c_003,winback_lapsed_digital,2026-03-10,2026-04-10,email+meta,u_01072,control
c_003,winback_lapsed_digital,2026-03-10,2026-04-10,email+meta,u_00499,treatment
c_003,winback_lapsed_digital,2026-03-10,2026-04-10,email+meta,u_03259,treatment
c_003,winback_lapsed_digital,2026-03-10,2026-04-10,email+meta,u_04590,treatment
c_003,winback_lapsed_digital,2026-03-10,2026-04-10,email+meta,u_02905,treatment
c_003,winback_lapsed_digital,2026-03-10,2026-04-10,email+meta,u_02326,treatment
c_003,winback_lapsed_digital,2026-03-10,2026-04-10,email+meta,u_03723,treatment
c_003,winback_lapsed_digital,2026-03-10,2026-04-10,email+meta,u_01542,control
c_003,winback_lapsed_digital,2026-03-10,2026-04-10,email+meta,u_04449,treatment
c_003,winback_lapsed_digital,2026-03-10,2026-04-10,email+meta,u_02150,treatment
c_003,winback_lapsed_digital,2026-03-10,2026-04-10,email+meta,u_04112,treatment
c_003,winback_lapsed_digital,2026-03-10,2026-04-10,email+meta,u_04828,treatment
c_003,winback_lapsed_digital,2026-03-10,2026-04-10,email+meta,u_03946,treatment
c_003,winback_lapsed_digital,2026-03-10,2026-04-10,email+meta,u_00095,treatment
c_003,winback_lapsed_digital,2026-03-10,2026-04-10,email+meta,u_02247,control
c_003,winback_lapsed_digital,2026-03-10,2026-04-10,email+meta,u_01276,treatment
c_003,winback_lapsed_digital,2026-03-10,2026-04-10,email+meta,u_03400,treatment
c_003,winback_lapsed_digital,2026-03-10,2026-04-10,email+meta,u_01293,treatment
c_003,winback_lapsed_digital,2026-03-10,2026-04-10,email+meta,u_01737,treatment
c_003,winback_lapsed_digital,2026-03-10,2026-04-10,email+meta,u_00702,treatment
c_003,winback_lapsed_digital,2026-03-10,2026-04-10,email+meta,u_01225,treatment
c_003,winback_lapsed_digital,2026-03-10,2026-04-10,email+meta,u_00925,treatment
c_003,winback_lapsed_digital,2026-03-10,2026-04-10,email+meta,u_03427,treatment
c_003,winback_lapsed_digital,2026-03-10,2026-04-10,email+meta,u_01586,treatment
c_003,winback_lapsed_digital,2026-03-10,2026-04-10,email+meta,u_00604,treatment
c_003,winback_lapsed_digital,2026-03-10,2026-04-10,email+meta,u_01045,treatment
c_003,winback_lapsed_digital,2026-03-10,2026-04-10,email+meta,u_00274,treatment
c_003,winback_lapsed_digital,2026-03-10,2026-04-10,email+meta,u_03624,treatment
c_003,winback_lapsed_digital,2026-03-10,2026-04-10,email+meta,u_01200,treatment
c_003,winback_lapsed_digital,2026-03-10,2026-04-10,email+meta,u_02557,control
c_003,winback_lapsed_digital,2026-03-10,2026-04-10,email+meta,u_02566,treatment
c_003,winback_lapsed_digital,2026-03-10,2026-04-10,email+meta,u_02288,treatment
c_003,winback_lapsed_digital,2026-03-10,2026-04-10,email+meta,u_03262,treatment
c_003,winback_lapsed_digital,2026-03-10,2026-04-10,email+meta,u_02377,treatment
c_003,winback_lapsed_digital,2026-03-10,2026-04-10,email+meta,u_03887,control
c_003,winback_lapsed_digital,2026-03-10,2026-04-10,email+meta,u_01177,treatment
c_003,winback_lapsed_digital,2026-03-10,2026-04-10,email+meta,u_03313,treatment
c_003,winback_lapsed_digital,2026-03-10,2026-04-10,email+meta,u_03419,treatment
c_003,winback_lapsed_digital,2026-03-10,2026-04-10,email+meta,u_02073,treatment
c_003,winback_lapsed_digital,2026-03-10,2026-04-10,email+meta,u_00900,control
c_003,winback_lapsed_digital,2026-03-10,2026-04-10,email+meta,u_02119,treatment
c_003,winback_lapsed_digital,2026-03-10,2026-04-10,email+meta,u_03272,treatment
c_003,winback_lapsed_digital,2026-03-10,2026-04-10,email+meta,u_00117,treatment
c_003,winback_lapsed_digital,2026-03-10,2026-04-10,email+meta,u_01864,treatment
c_003,winback_lapsed_digital,2026-03-10,2026-04-10,email+meta,u_00669,treatment
c_003,winback_lapsed_digital,2026-03-10,2026-04-10,email+meta,u_01309,treatment
c_003,winback_lapsed_digital,2026-03-10,2026-04-10,email+meta,u_01625,treatment
c_003,winback_lapsed_digital,2026-03-10,2026-04-10,email+meta,u_02644,treatment
c_003,winback_lapsed_digital,2026-03-10,2026-04-10,email+meta,u_04468,treatment
c_003,winback_lapsed_digital,2026-03-10,2026-04-10,email+meta,u_04510,treatment
c_003,winback_lapsed_digital,2026-03-10,2026-04-10,email+meta,u_03765,treatment
c_003,winback_lapsed_digital,2026-03-10,2026-04-10,email+meta,u_01623,treatment
c_003,winback_lapsed_digital,2026-03-10,2026-04-10,email+meta,u_03753,treatment
c_003,winback_lapsed_digital,2026-03-10,2026-04-10,email+meta,u_02258,control
c_003,winback_lapsed_digital,2026-03-10,2026-04-10,email+meta,u_03703,treatment
c_003,winback_lapsed_digital,2026-03-10,2026-04-10,email+meta,u_03662,control
c_003,winback_lapsed_digital,2026-03-10,2026-04-10,email+meta,u_00113,treatment
c_003,winback_lapsed_digital,2026-03-10,2026-04-10,email+meta,u_03640,treatment
c_003,winback_lapsed_digital,2026-03-10,2026-04-10,email+meta,u_02489,treatment
c_003,winback_lapsed_digital,2026-03-10,2026-04-10,email+meta,u_02405,treatment
c_003,winback_lapsed_digital,2026-03-10,2026-04-10,email+meta,u_02904,treatment
c_003,winback_lapsed_digital,2026-03-10,2026-04-10,email+meta,u_01038,treatment
c_003,winback_lapsed_digital,2026-03-10,2026-04-10,email+meta,u_00487,treatment
c_003,winback_lapsed_digital,2026-03-10,2026-04-10,email+meta,u_04990,treatment
c_003,winback_lapsed_digital,2026-03-10,2026-04-10,email+meta,u_00877,treatment
c_003,winback_lapsed_digital,2026-03-10,2026-04-10,email+meta,u_04631,treatment
c_003,winback_lapsed_digital,2026-03-10,2026-04-10,email+meta,u_01728,treatment
c_003,winback_lapsed_digital,2026-03-10,2026-04-10,email+meta,u_03790,control
c_003,winback_lapsed_digital,2026-03-10,2026-04-10,email+meta,u_04101,treatment
c_003,winback_lapsed_digital,2026-03-10,2026-04-10,email+meta,u_00304,treatment
c_003,winback_lapsed_digital,2026-03-10,2026-04-10,email+meta,u_03606,control
c_003,winback_lapsed_digital,2026-03-10,2026-04-10,email+meta,u_03393,treatment
c_003,winback_lapsed_digital,2026-03-10,2026-04-10,email+meta,u_01872,treatment
c_003,winback_lapsed_digital,2026-03-10,2026-04-10,email+meta,u_00812,treatment
c_003,winback_lapsed_digital,2026-03-10,2026-04-10,email+meta,u_03280,treatment
c_003,winback_lapsed_digital,2026-03-10,2026-04-10,email+meta,u_02291,treatment
c_003,winback_lapsed_digital,2026-03-10,2026-04-10,email+meta,u_00681,treatment
c_003,winback_lapsed_digital,2026-03-10,2026-04-10,email+meta,u_02689,treatment
c_003,winback_lapsed_digital,2026-03-10,2026-04-10,email+meta,u_03816,treatment
c_003,winback_lapsed_digital,2026-03-10,2026-04-10,email+meta,u_02934,control
c_003,winback_lapsed_digital,2026-03-10,2026-04-10,email+meta,u_03789,treatment
c_003,winback_lapsed_digital,2026-03-10,2026-04-10,email+meta,u_04856,control
c_003,winback_lapsed_digital,2026-03-10,2026-04-10,email+meta,u_00282,treatment
c_003,winback_lapsed_digital,2026-03-10,2026-04-10,email+meta,u_01979,treatment
c_003,winback_lapsed_digital,2026-03-10,2026-04-10,email+meta,u_01345,treatment
c_003,winback_lapsed_digital,2026-03-10,2026-04-10,email+meta,u_01070,treatment
c_003,winback_lapsed_digital,2026-03-10,2026-04-10,email+meta,u_04672,control
c_003,winback_lapsed_digital,2026-03-10,2026-04-10,email+meta,u_03687,control
c_003,winback_lapsed_digital,2026-03-10,2026-04-10,email+meta,u_01095,treatment
c_003,winback_lapsed_digital,2026-03-10,2026-04-10,email+meta,u_02135,treatment
c_003,winback_lapsed_digital,2026-03-10,2026-04-10,email+meta,u_04013,treatment
c_003,winback_lapsed_digital,2026-03-10,2026-04-10,email+meta,u_02005,treatment
c_003,winback_lapsed_digital,2026-03-10,2026-04-10,email+meta,u_01235,treatment
c_003,winback_lapsed_digital,2026-03-10,2026-04-10,email+meta,u_00905,treatment
c_003,winback_lapsed_digital,2026-03-10,2026-04-10,email+meta,u_03471,treatment
c_003,winback_lapsed_digital,2026-03-10,2026-04-10,email+meta,u_01947,control
c_003,winback_lapsed_digital,2026-03-10,2026-04-10,email+meta,u_04208,treatment
c_003,winback_lapsed_digital,2026-03-10,2026-04-10,email+meta,u_03369,treatment
c_003,winback_lapsed_digital,2026-03-10,2026-04-10,email+meta,u_01980,treatment
c_003,winback_lapsed_digital,2026-03-10,2026-04-10,email+meta,u_04263,control
c_003,winback_lapsed_digital,2026-03-10,2026-04-10,email+meta,u_03447,treatment
c_003,winback_lapsed_digital,2026-03-10,2026-04-10,email+meta,u_00389,treatment
c_003,winback_lapsed_digital,2026-03-10,2026-04-10,email+meta,u_04638,control
c_003,winback_lapsed_digital,2026-03-10,2026-04-10,email+meta,u_01969,treatment
c_003,winback_lapsed_digital,2026-03-10,2026-04-10,email+meta,u_00329,treatment
c_003,winback_lapsed_digital,2026-03-10,2026-04-10,email+meta,u_00161,treatment
c_003,winback_lapsed_digital,2026-03-10,2026-04-10,email+meta,u_01214,treatment
c_003,winback_lapsed_digital,2026-03-10,2026-04-10,email+meta,u_04980,treatment
c_003,winback_lapsed_digital,2026-03-10,2026-04-10,email+meta,u_01204,treatment
c_003,winback_lapsed_digital,2026-03-10,2026-04-10,email+meta,u_03087,treatment
c_003,winback_lapsed_digital,2026-03-10,2026-04-10,email+meta,u_03534,treatment
c_003,winback_lapsed_digital,2026-03-10,2026-04-10,email+meta,u_04317,control
c_003,winback_lapsed_digital,2026-03-10,2026-04-10,email+meta,u_00811,treatment
c_003,winback_lapsed_digital,2026-03-10,2026-04-10,email+meta,u_02285,control
c_003,winback_lapsed_digital,2026-03-10,2026-04-10,email+meta,u_00851,treatment
c_003,winback_lapsed_digital,2026-03-10,2026-04-10,email+meta,u_04400,treatment
c_003,winback_lapsed_digital,2026-03-10,2026-04-10,email+meta,u_02219,treatment
c_003,winback_lapsed_digital,2026-03-10,2026-04-10,email+meta,u_04962,control
c_003,winback_lapsed_digital,2026-03-10,2026-04-10,email+meta,u_00941,treatment
c_003,winback_lapsed_digital,2026-03-10,2026-04-10,email+meta,u_02709,treatment
c_003,winback_lapsed_digital,2026-03-10,2026-04-10,email+meta,u_00324,control
c_003,winback_lapsed_digital,2026-03-10,2026-04-10,email+meta,u_02659,treatment
c_003,winback_lapsed_digital,2026-03-10,2026-04-10,email+meta,u_04095,treatment
c_003,winback_lapsed_digital,2026-03-10,2026-04-10,email+meta,u_04429,control
c_003,winback_lapsed_digital,2026-03-10,2026-04-10,email+meta,u_01029,treatment
c_003,winback_lapsed_digital,2026-03-10,2026-04-10,email+meta,u_04559,treatment
c_003,winback_lapsed_digital,2026-03-10,2026-04-10,email+meta,u_00796,treatment
c_003,winback_lapsed_digital,2026-03-10,2026-04-10,email+meta,u_01936,treatment
c_003,winback_lapsed_digital,2026-03-10,2026-04-10,email+meta,u_01454,treatment
c_003,winback_lapsed_digital,2026-03-10,2026-04-10,email+meta,u_04192,treatment
c_003,winback_lapsed_digital,2026-03-10,2026-04-10,email+meta,u_04291,treatment
c_003,winback_lapsed_digital,2026-03-10,2026-04-10,email+meta,u_04793,treatment
c_003,winback_lapsed_digital,2026-03-10,2026-04-10,email+meta,u_03201,treatment
c_003,winback_lapsed_digital,2026-03-10,2026-04-10,email+meta,u_00255,treatment
c_003,winback_lapsed_digital,2026-03-10,2026-04-10,email+meta,u_03480,treatment
c_003,winback_lapsed_digital,2026-03-10,2026-04-10,email+meta,u_04293,treatment
c_003,winback_lapsed_digital,2026-03-10,2026-04-10,email+meta,u_04864,treatment
c_003,winback_lapsed_digital,2026-03-10,2026-04-10,email+meta,u_03786,treatment
c_003,winback_lapsed_digital,2026-03-10,2026-04-10,email+meta,u_00962,treatment
c_003,winback_lapsed_digital,2026-03-10,2026-04-10,email+meta,u_02706,treatment
c_003,winback_lapsed_digital,2026-03-10,2026-04-10,email+meta,u_00042,control
c_003,winback_lapsed_digital,2026-03-10,2026-04-10,email+meta,u_04081,control
c_003,winback_lapsed_digital,2026-03-10,2026-04-10,email+meta,u_04251,treatment
c_003,winback_lapsed_digital,2026-03-10,2026-04-10,email+meta,u_00534,control
c_003,winback_lapsed_digital,2026-03-10,2026-04-10,email+meta,u_01835,control
c_003,winback_lapsed_digital,2026-03-10,2026-04-10,email+meta,u_02664,treatment
c_003,winback_lapsed_digital,2026-03-10,2026-04-10,email+meta,u_01198,treatment
c_003,winback_lapsed_digital,2026-03-10,2026-04-10,email+meta,u_04811,treatment
c_003,winback_lapsed_digital,2026-03-10,2026-04-10,email+meta,u_03314,treatment
c_003,winback_lapsed_digital,2026-03-10,2026-04-10,email+meta,u_03345,treatment
c_003,winback_lapsed_digital,2026-03-10,2026-04-10,email+meta,u_03540,treatment
c_003,winback_lapsed_digital,2026-03-10,2026-04-10,email+meta,u_01464,treatment
c_003,winback_lapsed_digital,2026-03-10,2026-04-10,email+meta,u_01902,treatment
c_003,winback_lapsed_digital,2026-03-10,2026-04-10,email+meta,u_01012,treatment
c_003,winback_lapsed_digital,2026-03-10,2026-04-10,email+meta,u_00837,treatment
c_003,winback_lapsed_digital,2026-03-10,2026-04-10,email+meta,u_04303,treatment
c_003,winback_lapsed_digital,2026-03-10,2026-04-10,email+meta,u_03163,treatment
c_003,winback_lapsed_digital,2026-03-10,2026-04-10,email+meta,u_00740,treatment
c_003,winback_lapsed_digital,2026-03-10,2026-04-10,email+meta,u_03329,treatment
c_003,winback_lapsed_digital,2026-03-10,2026-04-10,email+meta,u_02180,treatment
c_003,winback_lapsed_digital,2026-03-10,2026-04-10,email+meta,u_03586,treatment
c_003,winback_lapsed_digital,2026-03-10,2026-04-10,email+meta,u_03312,treatment
c_003,winback_lapsed_digital,2026-03-10,2026-04-10,email+meta,u_03232,treatment
c_003,winback_lapsed_digital,2026-03-10,2026-04-10,email+meta,u_03841,treatment
c_003,winback_lapsed_digital,2026-03-10,2026-04-10,email+meta,u_00720,treatment
c_003,winback_lapsed_digital,2026-03-10,2026-04-10,email+meta,u_04187,treatment
c_003,winback_lapsed_digital,2026-03-10,2026-04-10,email+meta,u_00939,treatment
c_003,winback_lapsed_digital,2026-03-10,2026-04-10,email+meta,u_04024,treatment
c_003,winback_lapsed_digital,2026-03-10,2026-04-10,email+meta,u_00782,treatment
c_003,winback_lapsed_digital,2026-03-10,2026-04-10,email+meta,u_00510,treatment
c_003,winback_lapsed_digital,2026-03-10,2026-04-10,email+meta,u_00719,treatment
c_003,winback_lapsed_digital,2026-03-10,2026-04-10,email+meta,u_04100,control
c_003,winback_lapsed_digital,2026-03-10,2026-04-10,email+meta,u_02450,treatment
c_003,winback_lapsed_digital,2026-03-10,2026-04-10,email+meta,u_01965,treatment
c_003,winback_lapsed_digital,2026-03-10,2026-04-10,email+meta,u_02031,control
c_003,winback_lapsed_digital,2026-03-10,2026-04-10,email+meta,u_04391,treatment
c_003,winback_lapsed_digital,2026-03-10,2026-04-10,email+meta,u_03713,treatment
c_003,winback_lapsed_digital,2026-03-10,2026-04-10,email+meta,u_02148,treatment
c_003,winback_lapsed_digital,2026-03-10,2026-04-10,email+meta,u_02449,control
c_003,winback_lapsed_digital,2026-03-10,2026-04-10,email+meta,u_02984,treatment
c_003,winback_lapsed_digital,2026-03-10,2026-04-10,email+meta,u_02182,control
c_003,winback_lapsed_digital,2026-03-10,2026-04-10,email+meta,u_04055,control
c_003,winback_lapsed_digital,2026-03-10,2026-04-10,email+meta,u_04749,treatment
c_003,winback_lapsed_digital,2026-03-10,2026-04-10,email+meta,u_04970,treatment
c_003,winback_lapsed_digital,2026-03-10,2026-04-10,email+meta,u_03359,treatment
c_003,winback_lapsed_digital,2026-03-10,2026-04-10,email+meta,u_03671,control
c_003,winback_lapsed_digital,2026-03-10,2026-04-10,email+meta,u_01753,treatment
c_003,winback_lapsed_digital,2026-03-10,2026-04-10,email+meta,u_03170,treatment
c_003,winback_lapsed_digital,2026-03-10,2026-04-10,email+meta,u_01505,control
c_003,winback_lapsed_digital,2026-03-10,2026-04-10,email+meta,u_04108,treatment
c_003,winback_lapsed_digital,2026-03-10,2026-04-10,email+meta,u_01236,treatment
c_003,winback_lapsed_digital,2026-03-10,2026-04-10,email+meta,u_00591,treatment
c_003,winback_lapsed_digital,2026-03-10,2026-04-10,email+meta,u_01101,control
c_003,winback_lapsed_digital,2026-03-10,2026-04-10,email+meta,u_01758,treatment
c_003,winback_lapsed_digital,2026-03-10,2026-04-10,email+meta,u_04699,treatment
c_003,winback_lapsed_digital,2026-03-10,2026-04-10,email+meta,u_03220,treatment
c_003,winback_lapsed_digital,2026-03-10,2026-04-10,email+meta,u_02460,treatment
c_003,winback_lapsed_digital,2026-03-10,2026-04-10,email+meta,u_04827,control
c_003,winback_lapsed_digital,2026-03-10,2026-04-10,email+meta,u_01057,treatment
c_003,winback_lapsed_digital,2026-03-10,2026-04-10,email+meta,u_01055,treatment
c_003,winback_lapsed_digital,2026-03-10,2026-04-10,email+meta,u_04755,treatment
c_003,winback_lapsed_digital,2026-03-10,2026-04-10,email+meta,u_04131,treatment
c_003,winback_lapsed_digital,2026-03-10,2026-04-10,email+meta,u_01361,treatment
c_003,winback_lapsed_digital,2026-03-10,2026-04-10,email+meta,u_02997,control
c_003,winback_lapsed_digital,2026-03-10,2026-04-10,email+meta,u_01861,treatment
c_003,winback_lapsed_digital,2026-03-10,2026-04-10,email+meta,u_04369,treatment
c_003,winback_lapsed_digital,2026-03-10,2026-04-10,email+meta,u_03328,control
c_003,winback_lapsed_digital,2026-03-10,2026-04-10,email+meta,u_01430,control
c_003,winback_lapsed_digital,2026-03-10,2026-04-10,email+meta,u_02385,control
c_003,winback_lapsed_digital,2026-03-10,2026-04-10,email+meta,u_00176,control
c_003,winback_lapsed_digital,2026-03-10,2026-04-10,email+meta,u_04044,control
c_003,winback_lapsed_digital,2026-03-10,2026-04-10,email+meta,u_00496,treatment
c_003,winback_lapsed_digital,2026-03-10,2026-04-10,email+meta,u_02521,treatment
c_003,winback_lapsed_digital,2026-03-10,2026-04-10,email+meta,u_04487,treatment
c_003,winback_lapsed_digital,2026-03-10,2026-04-10,email+meta,u_01660,treatment
c_003,winback_lapsed_digital,2026-03-10,2026-04-10,email+meta,u_00319,treatment
c_003,winback_lapsed_digital,2026-03-10,2026-04-10,email+meta,u_04362,treatment
c_003,winback_lapsed_digital,2026-03-10,2026-04-10,email+meta,u_00993,control
c_003,winback_lapsed_digital,2026-03-10,2026-04-10,email+meta,u_04051,treatment
c_003,winback_lapsed_digital,2026-03-10,2026-04-10,email+meta,u_01620,treatment
c_003,winback_lapsed_digital,2026-03-10,2026-04-10,email+meta,u_00009,treatment
c_003,winback_lapsed_digital,2026-03-10,2026-04-10,email+meta,u_00072,control
c_003,winback_lapsed_digital,2026-03-10,2026-04-10,email+meta,u_01118,treatment
c_003,winback_lapsed_digital,2026-03-10,2026-04-10,email+meta,u_00638,treatment
c_003,winback_lapsed_digital,2026-03-10,2026-04-10,email+meta,u_03405,treatment
c_003,winback_lapsed_digital,2026-03-10,2026-04-10,email+meta,u_01578,treatment
c_003,winback_lapsed_digital,2026-03-10,2026-04-10,email+meta,u_01492,treatment
c_003,winback_lapsed_digital,2026-03-10,2026-04-10,email+meta,u_03930,treatment
c_003,winback_lapsed_digital,2026-03-10,2026-04-10,email+meta,u_00229,treatment
c_003,winback_lapsed_digital,2026-03-10,2026-04-10,email+meta,u_02675,treatment
c_003,winback_lapsed_digital,2026-03-10,2026-04-10,email+meta,u_00802,treatment
c_003,winback_lapsed_digital,2026-03-10,2026-04-10,email+meta,u_03740,treatment
c_003,winback_lapsed_digital,2026-03-10,2026-04-10,email+meta,u_03382,treatment
c_003,winback_lapsed_digital,2026-03-10,2026-04-10,email+meta,u_01679,treatment
c_003,winback_lapsed_digital,2026-03-10,2026-04-10,email+meta,u_00141,treatment
c_003,winback_lapsed_digital,2026-03-10,2026-04-10,email+meta,u_04791,control
c_003,winback_lapsed_digital,2026-03-10,2026-04-10,email+meta,u_04770,control
c_003,winback_lapsed_digital,2026-03-10,2026-04-10,email+meta,u_02873,treatment
c_003,winback_lapsed_digital,2026-03-10,2026-04-10,email+meta,u_03951,treatment
c_003,winback_lapsed_digital,2026-03-10,2026-04-10,email+meta,u_03255,treatment
c_003,winback_lapsed_digital,2026-03-10,2026-04-10,email+meta,u_00537,treatment
c_003,winback_lapsed_digital,2026-03-10,2026-04-10,email+meta,u_00410,treatment
c_003,winback_lapsed_digital,2026-03-10,2026-04-10,email+meta,u_04501,control
c_003,winback_lapsed_digital,2026-03-10,2026-04-10,email+meta,u_01986,treatment
c_003,winback_lapsed_digital,2026-03-10,2026-04-10,email+meta,u_03116,control
c_003,winback_lapsed_digital,2026-03-10,2026-04-10,email+meta,u_04499,treatment
c_003,winback_lapsed_digital,2026-03-10,2026-04-10,email+meta,u_03386,control
c_003,winback_lapsed_digital,2026-03-10,2026-04-10,email+meta,u_01205,treatment
c_003,winback_lapsed_digital,2026-03-10,2026-04-10,email+meta,u_03104,control
c_003,winback_lapsed_digital,2026-03-10,2026-04-10,email+meta,u_01478,treatment
c_003,winback_lapsed_digital,2026-03-10,2026-04-10,email+meta,u_04745,treatment
c_003,winback_lapsed_digital,2026-03-10,2026-04-10,email+meta,u_04651,treatment
c_003,winback_lapsed_digital,2026-03-10,2026-04-10,email+meta,u_01141,control
c_003,winback_lapsed_digital,2026-03-10,2026-04-10,email+meta,u_04544,control
c_003,winback_lapsed_digital,2026-03-10,2026-04-10,email+meta,u_02034,treatment
c_003,winback_lapsed_digital,2026-03-10,2026-04-10,email+meta,u_00836,treatment
c_003,winback_lapsed_digital,2026-03-10,2026-04-10,email+meta,u_00564,treatment
c_003,winback_lapsed_digital,2026-03-10,2026-04-10,email+meta,u_04842,treatment
c_003,winback_lapsed_digital,2026-03-10,2026-04-10,email+meta,u_04398,control
c_003,winback_lapsed_digital,2026-03-10,2026-04-10,email+meta,u_03435,treatment
c_003,winback_lapsed_digital,2026-03-10,2026-04-10,email+meta,u_04503,treatment
c_003,winback_lapsed_digital,2026-03-10,2026-04-10,email+meta,u_04500,treatment
c_003,winback_lapsed_digital,2026-03-10,2026-04-10,email+meta,u_04277,treatment
c_003,winback_lapsed_digital,2026-03-10,2026-04-10,email+meta,u_03433,treatment
c_003,winback_lapsed_digital,2026-03-10,2026-04-10,email+meta,u_03595,treatment
c_003,winback_lapsed_digital,2026-03-10,2026-04-10,email+meta,u_01848,treatment
c_003,winback_lapsed_digital,2026-03-10,2026-04-10,email+meta,u_04848,treatment
c_003,winback_lapsed_digital,2026-03-10,2026-04-10,email+meta,u_03645,treatment
c_003,winback_lapsed_digital,2026-03-10,2026-04-10,email+meta,u_00442,treatment
c_003,winback_lapsed_digital,2026-03-10,2026-04-10,email+meta,u_00265,treatment
c_003,winback_lapsed_digital,2026-03-10,2026-04-10,email+meta,u_02317,treatment
c_003,winback_lapsed_digital,2026-03-10,2026-04-10,email+meta,u_04599,treatment
c_003,winback_lapsed_digital,2026-03-10,2026-04-10,email+meta,u_02939,treatment
c_003,winback_lapsed_digital,2026-03-10,2026-04-10,email+meta,u_02633,treatment
c_003,winback_lapsed_digital,2026-03-10,2026-04-10,email+meta,u_00063,treatment
c_003,winback_lapsed_digital,2026-03-10,2026-04-10,email+meta,u_02358,treatment
c_003,winback_lapsed_digital,2026-03-10,2026-04-10,email+meta,u_02022,treatment
c_003,winback_lapsed_digital,2026-03-10,2026-04-10,email+meta,u_00871,treatment
c_003,winback_lapsed_digital,2026-03-10,2026-04-10,email+meta,u_03335,treatment
c_003,winback_lapsed_digital,2026-03-10,2026-04-10,email+meta,u_00717,control
c_003,winback_lapsed_digital,2026-03-10,2026-04-10,email+meta,u_00725,treatment
c_003,winback_lapsed_digital,2026-03-10,2026-04-10,email+meta,u_03428,treatment
c_003,winback_lapsed_digital,2026-03-10,2026-04-10,email+meta,u_04091,treatment
c_003,winback_lapsed_digital,2026-03-10,2026-04-10,email+meta,u_03008,treatment
c_003,winback_lapsed_digital,2026-03-10,2026-04-10,email+meta,u_03209,treatment
c_003,winback_lapsed_digital,2026-03-10,2026-04-10,email+meta,u_03960,control
c_003,winback_lapsed_digital,2026-03-10,2026-04-10,email+meta,u_01676,treatment
c_003,winback_lapsed_digital,2026-03-10,2026-04-10,email+meta,u_01219,control
c_003,winback_lapsed_digital,2026-03-10,2026-04-10,email+meta,u_02640,control
c_003,winback_lapsed_digital,2026-03-10,2026-04-10,email+meta,u_00909,treatment
c_003,winback_lapsed_digital,2026-03-10,2026-04-10,email+meta,u_04863,treatment
c_003,winback_lapsed_digital,2026-03-10,2026-04-10,email+meta,u_02108,treatment
c_003,winback_lapsed_digital,2026-03-10,2026-04-10,email+meta,u_04045,control
c_003,winback_lapsed_digital,2026-03-10,2026-04-10,email+meta,u_02768,treatment
c_003,winback_lapsed_digital,2026-03-10,2026-04-10,email+meta,u_00750,treatment
c_003,winback_lapsed_digital,2026-03-10,2026-04-10,email+meta,u_00315,treatment
c_003,winback_lapsed_digital,2026-03-10,2026-04-10,email+meta,u_00626,treatment
c_003,winback_lapsed_digital,2026-03-10,2026-04-10,email+meta,u_01632,control
c_003,winback_lapsed_digital,2026-03-10,2026-04-10,email+meta,u_03213,treatment
c_003,winback_lapsed_digital,2026-03-10,2026-04-10,email+meta,u_02983,treatment
c_003,winback_lapsed_digital,2026-03-10,2026-04-10,email+meta,u_03368,treatment
c_003,winback_lapsed_digital,2026-03-10,2026-04-10,email+meta,u_02531,treatment
c_003,winback_lapsed_digital,2026-03-10,2026-04-10,email+meta,u_03998,treatment
c_003,winback_lapsed_digital,2026-03-10,2026-04-10,email+meta,u_02943,treatment
c_003,winback_lapsed_digital,2026-03-10,2026-04-10,email+meta,u_03287,treatment
c_003,winback_lapsed_digital,2026-03-10,2026-04-10,email+meta,u_00135,control
c_003,winback_lapsed_digital,2026-03-10,2026-04-10,email+meta,u_04450,treatment
c_003,winback_lapsed_digital,2026-03-10,2026-04-10,email+meta,u_01817,treatment
c_003,winback_lapsed_digital,2026-03-10,2026-04-10,email+meta,u_00244,control
c_003,winback_lapsed_digital,2026-03-10,2026-04-10,email+meta,u_01467,treatment
c_003,winback_lapsed_digital,2026-03-10,2026-04-10,email+meta,u_03459,treatment
c_003,winback_lapsed_digital,2026-03-10,2026-04-10,email+meta,u_01051,control
c_003,winback_lapsed_digital,2026-03-10,2026-04-10,email+meta,u_03877,treatment
c_003,winback_lapsed_digital,2026-03-10,2026-04-10,email+meta,u_02630,treatment
c_003,winback_lapsed_digital,2026-03-10,2026-04-10,email+meta,u_04833,treatment
c_003,winback_lapsed_digital,2026-03-10,2026-04-10,email+meta,u_01128,treatment
c_003,winback_lapsed_digital,2026-03-10,2026-04-10,email+meta,u_02429,control
c_003,winback_lapsed_digital,2026-03-10,2026-04-10,email+meta,u_00124,control
c_003,winback_lapsed_digital,2026-03-10,2026-04-10,email+meta,u_02661,treatment
c_003,winback_lapsed_digital,2026-03-10,2026-04-10,email+meta,u_02688,control
c_003,winback_lapsed_digital,2026-03-10,2026-04-10,email+meta,u_00408,treatment
c_003,winback_lapsed_digital,2026-03-10,2026-04-10,email+meta,u_00881,treatment
c_003,winback_lapsed_digital,2026-03-10,2026-04-10,email+meta,u_04978,control
c_003,winback_lapsed_digital,2026-03-10,2026-04-10,email+meta,u_04928,control
c_003,winback_lapsed_digital,2026-03-10,2026-04-10,email+meta,u_00203,treatment
c_003,winback_lapsed_digital,2026-03-10,2026-04-10,email+meta,u_00029,treatment
c_003,winback_lapsed_digital,2026-03-10,2026-04-10,email+meta,u_03072,treatment
c_003,winback_lapsed_digital,2026-03-10,2026-04-10,email+meta,u_01559,treatment
c_003,winback_lapsed_digital,2026-03-10,2026-04-10,email+meta,u_03922,treatment
c_003,winback_lapsed_digital,2026-03-10,2026-04-10,email+meta,u_01548,treatment
c_003,winback_lapsed_digital,2026-03-10,2026-04-10,email+meta,u_01158,control
c_003,winback_lapsed_digital,2026-03-10,2026-04-10,email+meta,u_01172,treatment
c_003,winback_lapsed_digital,2026-03-10,2026-04-10,email+meta,u_04180,treatment
c_003,winback_lapsed_digital,2026-03-10,2026-04-10,email+meta,u_04311,control
c_003,winback_lapsed_digital,2026-03-10,2026-04-10,email+meta,u_02798,treatment
c_003,winback_lapsed_digital,2026-03-10,2026-04-10,email+meta,u_00912,treatment
c_003,winback_lapsed_digital,2026-03-10,2026-04-10,email+meta,u_04662,treatment
c_003,winback_lapsed_digital,2026-03-10,2026-04-10,email+meta,u_04110,control
c_003,winback_lapsed_digital,2026-03-10,2026-04-10,email+meta,u_02056,treatment
c_003,winback_lapsed_digital,2026-03-10,2026-04-10,email+meta,u_03043,treatment
c_003,winback_lapsed_digital,2026-03-10,2026-04-10,email+meta,u_04815,control
c_003,winback_lapsed_digital,2026-03-10,2026-04-10,email+meta,u_01091,treatment
c_003,winback_lapsed_digital,2026-03-10,2026-04-10,email+meta,u_02024,treatment
c_003,winback_lapsed_digital,2026-03-10,2026-04-10,email+meta,u_04875,treatment
c_003,winback_lapsed_digital,2026-03-10,2026-04-10,email+meta,u_03583,treatment
c_003,winback_lapsed_digital,2026-03-10,2026-04-10,email+meta,u_00965,treatment
c_003,winback_lapsed_digital,2026-03-10,2026-04-10,email+meta,u_00543,treatment
c_003,winback_lapsed_digital,2026-03-10,2026-04-10,email+meta,u_03449,treatment
c_003,winback_lapsed_digital,2026-03-10,2026-04-10,email+meta,u_00915,treatment
c_003,winback_lapsed_digital,2026-03-10,2026-04-10,email+meta,u_02153,treatment
c_003,winback_lapsed_digital,2026-03-10,2026-04-10,email+meta,u_03263,control
c_003,winback_lapsed_digital,2026-03-10,2026-04-10,email+meta,u_02837,treatment
c_003,winback_lapsed_digital,2026-03-10,2026-04-10,email+meta,u_03060,treatment
c_003,winback_lapsed_digital,2026-03-10,2026-04-10,email+meta,u_00459,treatment
c_003,winback_lapsed_digital,2026-03-10,2026-04-10,email+meta,u_03018,treatment
c_003,winback_lapsed_digital,2026-03-10,2026-04-10,email+meta,u_04351,treatment
c_003,winback_lapsed_digital,2026-03-10,2026-04-10,email+meta,u_04967,treatment
c_003,winback_lapsed_digital,2026-03-10,2026-04-10,email+meta,u_04688,treatment
c_003,winback_lapsed_digital,2026-03-10,2026-04-10,email+meta,u_02411,treatment
c_003,winback_lapsed_digital,2026-03-10,2026-04-10,email+meta,u_03030,treatment
c_003,winback_lapsed_digital,2026-03-10,2026-04-10,email+meta,u_04616,treatment
c_003,winback_lapsed_digital,2026-03-10,2026-04-10,email+meta,u_02801,treatment
c_003,winback_lapsed_digital,2026-03-10,2026-04-10,email+meta,u_03533,treatment
c_003,winback_lapsed_digital,2026-03-10,2026-04-10,email+meta,u_04304,treatment
c_003,winback_lapsed_digital,2026-03-10,2026-04-10,email+meta,u_04849,treatment
c_003,winback_lapsed_digital,2026-03-10,2026-04-10,email+meta,u_01231,treatment
c_003,winback_lapsed_digital,2026-03-10,2026-04-10,email+meta,u_03110,treatment
c_003,winback_lapsed_digital,2026-03-10,2026-04-10,email+meta,u_02999,treatment
c_003,winback_lapsed_digital,2026-03-10,2026-04-10,email+meta,u_02542,treatment
c_003,winback_lapsed_digital,2026-03-10,2026-04-10,email+meta,u_02342,treatment
c_003,winback_lapsed_digital,2026-03-10,2026-04-10,email+meta,u_04868,treatment
c_003,winback_lapsed_digital,2026-03-10,2026-04-10,email+meta,u_04372,treatment
c_003,winback_lapsed_digital,2026-03-10,2026-04-10,email+meta,u_01638,control
c_003,winback_lapsed_digital,2026-03-10,2026-04-10,email+meta,u_01301,treatment
c_003,winback_lapsed_digital,2026-03-10,2026-04-10,email+meta,u_04805,treatment
c_003,winback_lapsed_digital,2026-03-10,2026-04-10,email+meta,u_04777,treatment
c_003,winback_lapsed_digital,2026-03-10,2026-04-10,email+meta,u_04505,control
c_003,winback_lapsed_digital,2026-03-10,2026-04-10,email+meta,u_02816,control
c_003,winback_lapsed_digital,2026-03-10,2026-04-10,email+meta,u_03892,treatment
c_003,winback_lapsed_digital,2026-03-10,2026-04-10,email+meta,u_01622,treatment
c_003,winback_lapsed_digital,2026-03-10,2026-04-10,email+meta,u_03883,treatment
c_003,winback_lapsed_digital,2026-03-10,2026-04-10,email+meta,u_02671,treatment
c_003,winback_lapsed_digital,2026-03-10,2026-04-10,email+meta,u_01426,treatment
c_003,winback_lapsed_digital,2026-03-10,2026-04-10,email+meta,u_00279,treatment
c_003,winback_lapsed_digital,2026-03-10,2026-04-10,email+meta,u_04642,treatment
c_003,winback_lapsed_digital,2026-03-10,2026-04-10,email+meta,u_01483,treatment
c_003,winback_lapsed_digital,2026-03-10,2026-04-10,email+meta,u_00693,control
c_003,winback_lapsed_digital,2026-03-10,2026-04-10,email+meta,u_02410,treatment
c_003,winback_lapsed_digital,2026-03-10,2026-04-10,email+meta,u_01170,treatment
c_003,winback_lapsed_digital,2026-03-10,2026-04-10,email+meta,u_03511,treatment
c_003,winback_lapsed_digital,2026-03-10,2026-04-10,email+meta,u_01254,control
c_003,winback_lapsed_digital,2026-03-10,2026-04-10,email+meta,u_01298,treatment
c_003,winback_lapsed_digital,2026-03-10,2026-04-10,email+meta,u_02079,control
c_003,winback_lapsed_digital,2026-03-10,2026-04-10,email+meta,u_04665,treatment
c_003,winback_lapsed_digital,2026-03-10,2026-04-10,email+meta,u_02463,treatment
c_003,winback_lapsed_digital,2026-03-10,2026-04-10,email+meta,u_02309,treatment
c_003,winback_lapsed_digital,2026-03-10,2026-04-10,email+meta,u_02350,treatment
c_003,winback_lapsed_digital,2026-03-10,2026-04-10,email+meta,u_03591,treatment
c_003,winback_lapsed_digital,2026-03-10,2026-04-10,email+meta,u_03445,treatment
c_003,winback_lapsed_digital,2026-03-10,2026-04-10,email+meta,u_02480,treatment
c_003,winback_lapsed_digital,2026-03-10,2026-04-10,email+meta,u_02107,treatment
c_003,winback_lapsed_digital,2026-03-10,2026-04-10,email+meta,u_03658,treatment
c_003,winback_lapsed_digital,2026-03-10,2026-04-10,email+meta,u_04253,treatment
c_003,winback_lapsed_digital,2026-03-10,2026-04-10,email+meta,u_03678,control
c_003,winback_lapsed_digital,2026-03-10,2026-04-10,email+meta,u_03073,treatment
c_003,winback_lapsed_digital,2026-03-10,2026-04-10,email+meta,u_03876,treatment
c_003,winback_lapsed_digital,2026-03-10,2026-04-10,email+meta,u_01755,treatment
c_003,winback_lapsed_digital,2026-03-10,2026-04-10,email+meta,u_00479,control
c_003,winback_lapsed_digital,2026-03-10,2026-04-10,email+meta,u_04748,treatment
c_003,winback_lapsed_digital,2026-03-10,2026-04-10,email+meta,u_02456,treatment
c_003,winback_lapsed_digital,2026-03-10,2026-04-10,email+meta,u_02013,treatment
c_003,winback_lapsed_digital,2026-03-10,2026-04-10,email+meta,u_02228,treatment
c_003,winback_lapsed_digital,2026-03-10,2026-04-10,email+meta,u_04760,control
c_003,winback_lapsed_digital,2026-03-10,2026-04-10,email+meta,u_01006,control
c_003,winback_lapsed_digital,2026-03-10,2026-04-10,email+meta,u_03707,treatment
c_003,winback_lapsed_digital,2026-03-10,2026-04-10,email+meta,u_02847,control
c_003,winback_lapsed_digital,2026-03-10,2026-04-10,email+meta,u_00393,control
c_003,winback_lapsed_digital,2026-03-10,2026-04-10,email+meta,u_00318,treatment
c_003,winback_lapsed_digital,2026-03-10,2026-04-10,email+meta,u_01741,control
c_003,winback_lapsed_digital,2026-03-10,2026-04-10,email+meta,u_02039,treatment
c_003,winback_lapsed_digital,2026-03-10,2026-04-10,email+meta,u_01944,treatment
c_003,winback_lapsed_digital,2026-03-10,2026-04-10,email+meta,u_01863,treatment
c_003,winback_lapsed_digital,2026-03-10,2026-04-10,email+meta,u_02944,treatment
c_003,winback_lapsed_digital,2026-03-10,2026-04-10,email+meta,u_01923,treatment
c_003,winback_lapsed_digital,2026-03-10,2026-04-10,email+meta,u_02890,treatment
c_003,winback_lapsed_digital,2026-03-10,2026-04-10,email+meta,u_02853,treatment
c_003,winback_lapsed_digital,2026-03-10,2026-04-10,email+meta,u_04175,treatment
c_003,winback_lapsed_digital,2026-03-10,2026-04-10,email+meta,u_03239,treatment
c_003,winback_lapsed_digital,2026-03-10,2026-04-10,email+meta,u_02606,treatment
c_003,winback_lapsed_digital,2026-03-10,2026-04-10,email+meta,u_01791,treatment
c_003,winback_lapsed_digital,2026-03-10,2026-04-10,email+meta,u_00150,treatment
c_003,winback_lapsed_digital,2026-03-10,2026-04-10,email+meta,u_02820,treatment
c_003,winback_lapsed_digital,2026-03-10,2026-04-10,email+meta,u_01926,treatment
c_003,winback_lapsed_digital,2026-03-10,2026-04-10,email+meta,u_04844,treatment
c_003,winback_lapsed_digital,2026-03-10,2026-04-10,email+meta,u_02191,treatment
c_003,winback_lapsed_digital,2026-03-10,2026-04-10,email+meta,u_03550,treatment
c_003,winback_lapsed_digital,2026-03-10,2026-04-10,email+meta,u_02803,treatment
c_003,winback_lapsed_digital,2026-03-10,2026-04-10,email+meta,u_02286,treatment
c_003,winback_lapsed_digital,2026-03-10,2026-04-10,email+meta,u_03819,control
c_003,winback_lapsed_digital,2026-03-10,2026-04-10,email+meta,u_04010,treatment
c_003,winback_lapsed_digital,2026-03-10,2026-04-10,email+meta,u_01080,treatment
c_003,winback_lapsed_digital,2026-03-10,2026-04-10,email+meta,u_02840,treatment
c_003,winback_lapsed_digital,2026-03-10,2026-04-10,email+meta,u_03210,treatment
c_003,winback_lapsed_digital,2026-03-10,2026-04-10,email+meta,u_03015,control
c_003,winback_lapsed_digital,2026-03-10,2026-04-10,email+meta,u_04015,treatment
c_003,winback_lapsed_digital,2026-03-10,2026-04-10,email+meta,u_00732,treatment
c_003,winback_lapsed_digital,2026-03-10,2026-04-10,email+meta,u_04982,treatment
c_003,winback_lapsed_digital,2026-03-10,2026-04-10,email+meta,u_04574,treatment
c_003,winback_lapsed_digital,2026-03-10,2026-04-10,email+meta,u_01048,treatment
c_003,winback_lapsed_digital,2026-03-10,2026-04-10,email+meta,u_03717,treatment
c_003,winback_lapsed_digital,2026-03-10,2026-04-10,email+meta,u_02634,control
c_003,winback_lapsed_digital,2026-03-10,2026-04-10,email+meta,u_01133,control
c_003,winback_lapsed_digital,2026-03-10,2026-04-10,email+meta,u_00060,treatment
c_003,winback_lapsed_digital,2026-03-10,2026-04-10,email+meta,u_04597,control
c_003,winback_lapsed_digital,2026-03-10,2026-04-10,email+meta,u_03651,treatment
c_003,winback_lapsed_digital,2026-03-10,2026-04-10,email+meta,u_01546,treatment
c_003,winback_lapsed_digital,2026-03-10,2026-04-10,email+meta,u_02426,treatment
c_003,winback_lapsed_digital,2026-03-10,2026-04-10,email+meta,u_00371,treatment
c_003,winback_lapsed_digital,2026-03-10,2026-04-10,email+meta,u_00405,treatment
c_003,winback_lapsed_digital,2026-03-10,2026-04-10,email+meta,u_01242,treatment
c_003,winback_lapsed_digital,2026-03-10,2026-04-10,email+meta,u_03957,treatment
c_003,winback_lapsed_digital,2026-03-10,2026-04-10,email+meta,u_03503,treatment
c_003,winback_lapsed_digital,2026-03-10,2026-04-10,email+meta,u_02526,control
c_003,winback_lapsed_digital,2026-03-10,2026-04-10,email+meta,u_01630,treatment
c_003,winback_lapsed_digital,2026-03-10,2026-04-10,email+meta,u_04645,treatment
c_003,winback_lapsed_digital,2026-03-10,2026-04-10,email+meta,u_03040,treatment
c_003,winback_lapsed_digital,2026-03-10,2026-04-10,email+meta,u_01519,treatment
c_003,winback_lapsed_digital,2026-03-10,2026-04-10,email+meta,u_02380,treatment
c_003,winback_lapsed_digital,2026-03-10,2026-04-10,email+meta,u_03675,treatment
c_003,winback_lapsed_digital,2026-03-10,2026-04-10,email+meta,u_03326,treatment
c_003,winback_lapsed_digital,2026-03-10,2026-04-10,email+meta,u_03599,treatment
c_003,winback_lapsed_digital,2026-03-10,2026-04-10,email+meta,u_01869,treatment
c_003,winback_lapsed_digital,2026-03-10,2026-04-10,email+meta,u_04279,treatment
c_003,winback_lapsed_digital,2026-03-10,2026-04-10,email+meta,u_03410,treatment
c_003,winback_lapsed_digital,2026-03-10,2026-04-10,email+meta,u_02002,control
c_003,winback_lapsed_digital,2026-03-10,2026-04-10,email+meta,u_02196,treatment
c_003,winback_lapsed_digital,2026-03-10,2026-04-10,email+meta,u_00465,treatment
c_003,winback_lapsed_digital,2026-03-10,2026-04-10,email+meta,u_04094,treatment
c_003,winback_lapsed_digital,2026-03-10,2026-04-10,email+meta,u_04943,control
c_003,winback_lapsed_digital,2026-03-10,2026-04-10,email+meta,u_02324,treatment
c_003,winback_lapsed_digital,2026-03-10,2026-04-10,email+meta,u_04610,control
c_003,winback_lapsed_digital,2026-03-10,2026-04-10,email+meta,u_01855,treatment
c_003,winback_lapsed_digital,2026-03-10,2026-04-10,email+meta,u_04034,treatment
c_003,winback_lapsed_digital,2026-03-10,2026-04-10,email+meta,u_04880,treatment
c_003,winback_lapsed_digital,2026-03-10,2026-04-10,email+meta,u_04883,control
c_003,winback_lapsed_digital,2026-03-10,2026-04-10,email+meta,u_02209,control
c_003,winback_lapsed_digital,2026-03-10,2026-04-10,email+meta,u_03705,treatment
c_003,winback_lapsed_digital,2026-03-10,2026-04-10,email+meta,u_03208,treatment
c_003,winback_lapsed_digital,2026-03-10,2026-04-10,email+meta,u_03804,treatment
c_003,winback_lapsed_digital,2026-03-10,2026-04-10,email+meta,u_00001,treatment
c_003,winback_lapsed_digital,2026-03-10,2026-04-10,email+meta,u_02279,treatment
c_003,winback_lapsed_digital,2026-03-10,2026-04-10,email+meta,u_04477,treatment
c_003,winback_lapsed_digital,2026-03-10,2026-04-10,email+meta,u_03067,treatment
c_003,winback_lapsed_digital,2026-03-10,2026-04-10,email+meta,u_01154,treatment
c_003,winback_lapsed_digital,2026-03-10,2026-04-10,email+meta,u_03516,control
c_003,winback_lapsed_digital,2026-03-10,2026-04-10,email+meta,u_02629,treatment
c_003,winback_lapsed_digital,2026-03-10,2026-04-10,email+meta,u_03778,treatment
c_003,winback_lapsed_digital,2026-03-10,2026-04-10,email+meta,u_03077,treatment
c_003,winback_lapsed_digital,2026-03-10,2026-04-10,email+meta,u_02736,treatment
c_003,winback_lapsed_digital,2026-03-10,2026-04-10,email+meta,u_03253,treatment
c_003,winback_lapsed_digital,2026-03-10,2026-04-10,email+meta,u_02799,treatment
c_003,winback_lapsed_digital,2026-03-10,2026-04-10,email+meta,u_01627,treatment
c_003,winback_lapsed_digital,2026-03-10,2026-04-10,email+meta,u_04392,treatment
c_003,winback_lapsed_digital,2026-03-10,2026-04-10,email+meta,u_00903,treatment
c_003,winback_lapsed_digital,2026-03-10,2026-04-10,email+meta,u_04818,treatment
c_003,winback_lapsed_digital,2026-03-10,2026-04-10,email+meta,u_00992,treatment
c_003,winback_lapsed_digital,2026-03-10,2026-04-10,email+meta,u_03903,control
c_003,winback_lapsed_digital,2026-03-10,2026-04-10,email+meta,u_03524,treatment
c_003,winback_lapsed_digital,2026-03-10,2026-04-10,email+meta,u_03785,treatment
c_003,winback_lapsed_digital,2026-03-10,2026-04-10,email+meta,u_01568,treatment
c_003,winback_lapsed_digital,2026-03-10,2026-04-10,email+meta,u_04859,treatment
c_003,winback_lapsed_digital,2026-03-10,2026-04-10,email+meta,u_02122,treatment
c_003,winback_lapsed_digital,2026-03-10,2026-04-10,email+meta,u_04682,control
c_003,winback_lapsed_digital,2026-03-10,2026-04-10,email+meta,u_03248,treatment
c_003,winback_lapsed_digital,2026-03-10,2026-04-10,email+meta,u_01656,treatment
c_003,winback_lapsed_digital,2026-03-10,2026-04-10,email+meta,u_02275,treatment
c_003,winback_lapsed_digital,2026-03-10,2026-04-10,email+meta,u_01747,treatment
c_003,winback_lapsed_digital,2026-03-10,2026-04-10,email+meta,u_03211,treatment
c_003,winback_lapsed_digital,2026-03-10,2026-04-10,email+meta,u_01245,treatment
c_003,winback_lapsed_digital,2026-03-10,2026-04-10,email+meta,u_00712,treatment
c_003,winback_lapsed_digital,2026-03-10,2026-04-10,email+meta,u_00372,treatment
c_003,winback_lapsed_digital,2026-03-10,2026-04-10,email+meta,u_01772,treatment
c_003,winback_lapsed_digital,2026-03-10,2026-04-10,email+meta,u_02315,treatment
c_003,winback_lapsed_digital,2026-03-10,2026-04-10,email+meta,u_04915,treatment
c_003,winback_lapsed_digital,2026-03-10,2026-04-10,email+meta,u_03466,treatment
c_003,winback_lapsed_digital,2026-03-10,2026-04-10,email+meta,u_01093,control
c_003,winback_lapsed_digital,2026-03-10,2026-04-10,email+meta,u_03567,control
c_003,winback_lapsed_digital,2026-03-10,2026-04-10,email+meta,u_01867,treatment
c_003,winback_lapsed_digital,2026-03-10,2026-04-10,email+meta,u_04592,treatment
c_003,winback_lapsed_digital,2026-03-10,2026-04-10,email+meta,u_01137,treatment
c_003,winback_lapsed_digital,2026-03-10,2026-04-10,email+meta,u_02399,treatment
c_003,winback_lapsed_digital,2026-03-10,2026-04-10,email+meta,u_00123,control
c_003,winback_lapsed_digital,2026-03-10,2026-04-10,email+meta,u_04170,treatment
c_003,winback_lapsed_digital,2026-03-10,2026-04-10,email+meta,u_02540,treatment
c_003,winback_lapsed_digital,2026-03-10,2026-04-10,email+meta,u_00026,control
c_003,winback_lapsed_digital,2026-03-10,2026-04-10,email+meta,u_02048,control
c_003,winback_lapsed_digital,2026-03-10,2026-04-10,email+meta,u_01352,treatment
c_003,winback_lapsed_digital,2026-03-10,2026-04-10,email+meta,u_01058,treatment
c_003,winback_lapsed_digital,2026-03-10,2026-04-10,email+meta,u_00974,control
c_003,winback_lapsed_digital,2026-03-10,2026-04-10,email+meta,u_03118,control
c_003,winback_lapsed_digital,2026-03-10,2026-04-10,email+meta,u_02156,treatment
c_003,winback_lapsed_digital,2026-03-10,2026-04-10,email+meta,u_01456,treatment
c_003,winback_lapsed_digital,2026-03-10,2026-04-10,email+meta,u_01212,treatment
c_003,winback_lapsed_digital,2026-03-10,2026-04-10,email+meta,u_01699,treatment
c_003,winback_lapsed_digital,2026-03-10,2026-04-10,email+meta,u_01084,treatment
c_003,winback_lapsed_digital,2026-03-10,2026-04-10,email+meta,u_02360,treatment
c_003,winback_lapsed_digital,2026-03-10,2026-04-10,email+meta,u_03900,control
c_003,winback_lapsed_digital,2026-03-10,2026-04-10,email+meta,u_04507,treatment
c_003,winback_lapsed_digital,2026-03-10,2026-04-10,email+meta,u_01465,treatment
c_003,winback_lapsed_digital,2026-03-10,2026-04-10,email+meta,u_00872,treatment
c_003,winback_lapsed_digital,2026-03-10,2026-04-10,email+meta,u_00806,control
c_003,winback_lapsed_digital,2026-03-10,2026-04-10,email+meta,u_01669,treatment
c_003,winback_lapsed_digital,2026-03-10,2026-04-10,email+meta,u_04229,control
c_003,winback_lapsed_digital,2026-03-10,2026-04-10,email+meta,u_04209,treatment
c_003,winback_lapsed_digital,2026-03-10,2026-04-10,email+meta,u_04923,treatment
c_003,winback_lapsed_digital,2026-03-10,2026-04-10,email+meta,u_03935,treatment
c_003,winback_lapsed_digital,2026-03-10,2026-04-10,email+meta,u_03794,treatment
c_003,winback_lapsed_digital,2026-03-10,2026-04-10,email+meta,u_04117,treatment
c_003,winback_lapsed_digital,2026-03-10,2026-04-10,email+meta,u_00358,treatment
c_003,winback_lapsed_digital,2026-03-10,2026-04-10,email+meta,u_00423,treatment
c_003,winback_lapsed_digital,2026-03-10,2026-04-10,email+meta,u_00251,treatment
c_003,winback_lapsed_digital,2026-03-10,2026-04-10,email+meta,u_01626,treatment
c_003,winback_lapsed_digital,2026-03-10,2026-04-10,email+meta,u_01408,treatment
c_003,winback_lapsed_digital,2026-03-10,2026-04-10,email+meta,u_01116,treatment
c_003,winback_lapsed_digital,2026-03-10,2026-04-10,email+meta,u_04764,treatment
c_003,winback_lapsed_digital,2026-03-10,2026-04-10,email+meta,u_01832,treatment
c_003,winback_lapsed_digital,2026-03-10,2026-04-10,email+meta,u_02966,treatment
c_003,winback_lapsed_digital,2026-03-10,2026-04-10,email+meta,u_01032,control
c_003,winback_lapsed_digital,2026-03-10,2026-04-10,email+meta,u_04231,treatment
c_003,winback_lapsed_digital,2026-03-10,2026-04-10,email+meta,u_02033,treatment
c_003,winback_lapsed_digital,2026-03-10,2026-04-10,email+meta,u_02940,treatment
c_003,winback_lapsed_digital,2026-03-10,2026-04-10,email+meta,u_01424,treatment
c_003,winback_lapsed_digital,2026-03-10,2026-04-10,email+meta,u_01497,treatment
c_003,winback_lapsed_digital,2026-03-10,2026-04-10,email+meta,u_01822,treatment
c_003,winback_lapsed_digital,2026-03-10,2026-04-10,email+meta,u_03568,treatment
c_003,winback_lapsed_digital,2026-03-10,2026-04-10,email+meta,u_00070,treatment
c_003,winback_lapsed_digital,2026-03-10,2026-04-10,email+meta,u_00463,treatment
c_003,winback_lapsed_digital,2026-03-10,2026-04-10,email+meta,u_04521,treatment
c_003,winback_lapsed_digital,2026-03-10,2026-04-10,email+meta,u_00288,treatment
c_003,winback_lapsed_digital,2026-03-10,2026-04-10,email+meta,u_04903,treatment
c_003,winback_lapsed_digital,2026-03-10,2026-04-10,email+meta,u_00977,control
c_003,winback_lapsed_digital,2026-03-10,2026-04-10,email+meta,u_01021,treatment
c_003,winback_lapsed_digital,2026-03-10,2026-04-10,email+meta,u_00216,treatment
c_003,winback_lapsed_digital,2026-03-10,2026-04-10,email+meta,u_01090,treatment
c_003,winback_lapsed_digital,2026-03-10,2026-04-10,email+meta,u_04490,treatment
c_003,winback_lapsed_digital,2026-03-10,2026-04-10,email+meta,u_01534,treatment
c_003,winback_lapsed_digital,2026-03-10,2026-04-10,email+meta,u_01743,control
c_003,winback_lapsed_digital,2026-03-10,2026-04-10,email+meta,u_01315,treatment
c_003,winback_lapsed_digital,2026-03-10,2026-04-10,email+meta,u_03266,treatment
c_003,winback_lapsed_digital,2026-03-10,2026-04-10,email+meta,u_03481,treatment
c_003,winback_lapsed_digital,2026-03-10,2026-04-10,email+meta,u_04244,treatment
c_003,winback_lapsed_digital,2026-03-10,2026-04-10,email+meta,u_02404,control
c_003,winback_lapsed_digital,2026-03-10,2026-04-10,email+meta,u_03660,treatment
c_003,winback_lapsed_digital,2026-03-10,2026-04-10,email+meta,u_02334,treatment
c_003,winback_lapsed_digital,2026-03-10,2026-04-10,email+meta,u_04593,control
c_003,winback_lapsed_digital,2026-03-10,2026-04-10,email+meta,u_04646,control
c_003,winback_lapsed_digital,2026-03-10,2026-04-10,email+meta,u_03026,treatment
c_003,winback_lapsed_digital,2026-03-10,2026-04-10,email+meta,u_02612,treatment
c_003,winback_lapsed_digital,2026-03-10,2026-04-10,email+meta,u_02783,treatment
c_003,winback_lapsed_digital,2026-03-10,2026-04-10,email+meta,u_02206,treatment
c_003,winback_lapsed_digital,2026-03-10,2026-04-10,email+meta,u_00511,treatment
c_003,winback_lapsed_digital,2026-03-10,2026-04-10,email+meta,u_04343,treatment
c_003,winback_lapsed_digital,2026-03-10,2026-04-10,email+meta,u_03750,treatment
c_003,winback_lapsed_digital,2026-03-10,2026-04-10,email+meta,u_00954,control
c_003,winback_lapsed_digital,2026-03-10,2026-04-10,email+meta,u_03361,treatment
c_003,winback_lapsed_digital,2026-03-10,2026-04-10,email+meta,u_03615,treatment
c_003,winback_lapsed_digital,2026-03-10,2026-04-10,email+meta,u_00896,treatment
c_003,winback_lapsed_digital,2026-03-10,2026-04-10,email+meta,u_03840,treatment
c_003,winback_lapsed_digital,2026-03-10,2026-04-10,email+meta,u_03884,control
c_003,winback_lapsed_digital,2026-03-10,2026-04-10,email+meta,u_03897,treatment
c_003,winback_lapsed_digital,2026-03-10,2026-04-10,email+meta,u_02409,control
c_003,winback_lapsed_digital,2026-03-10,2026-04-10,email+meta,u_04626,treatment
c_003,winback_lapsed_digital,2026-03-10,2026-04-10,email+meta,u_00878,treatment
c_003,winback_lapsed_digital,2026-03-10,2026-04-10,email+meta,u_04415,control
c_003,winback_lapsed_digital,2026-03-10,2026-04-10,email+meta,u_00659,treatment
c_003,winback_lapsed_digital,2026-03-10,2026-04-10,email+meta,u_03076,treatment
c_003,winback_lapsed_digital,2026-03-10,2026-04-10,email+meta,u_00829,treatment
c_003,winback_lapsed_digital,2026-03-10,2026-04-10,email+meta,u_01167,control
c_003,winback_lapsed_digital,2026-03-10,2026-04-10,email+meta,u_04976,treatment
c_003,winback_lapsed_digital,2026-03-10,2026-04-10,email+meta,u_03203,treatment
c_003,winback_lapsed_digital,2026-03-10,2026-04-10,email+meta,u_00145,treatment
c_003,winback_lapsed_digital,2026-03-10,2026-04-10,email+meta,u_01945,treatment
c_003,winback_lapsed_digital,2026-03-10,2026-04-10,email+meta,u_02308,treatment
c_003,winback_lapsed_digital,2026-03-10,2026-04-10,email+meta,u_04786,treatment
c_003,winback_lapsed_digital,2026-03-10,2026-04-10,email+meta,u_04269,treatment
c_003,winback_lapsed_digital,2026-03-10,2026-04-10,email+meta,u_01807,treatment
c_003,winback_lapsed_digital,2026-03-10,2026-04-10,email+meta,u_00207,treatment
c_003,winback_lapsed_digital,2026-03-10,2026-04-10,email+meta,u_00449,treatment
c_003,winback_lapsed_digital,2026-03-10,2026-04-10,email+meta,u_04432,control
c_003,winback_lapsed_digital,2026-03-10,2026-04-10,email+meta,u_04565,treatment
c_003,winback_lapsed_digital,2026-03-10,2026-04-10,email+meta,u_04262,control
c_003,winback_lapsed_digital,2026-03-10,2026-04-10,email+meta,u_01647,treatment
c_003,winback_lapsed_digital,2026-03-10,2026-04-10,email+meta,u_02087,treatment
c_003,winback_lapsed_digital,2026-03-10,2026-04-10,email+meta,u_02420,treatment
c_003,winback_lapsed_digital,2026-03-10,2026-04-10,email+meta,u_04084,treatment
c_003,winback_lapsed_digital,2026-03-10,2026-04-10,email+meta,u_00641,control
c_003,winback_lapsed_digital,2026-03-10,2026-04-10,email+meta,u_00331,treatment
c_003,winback_lapsed_digital,2026-03-10,2026-04-10,email+meta,u_03824,treatment
c_003,winback_lapsed_digital,2026-03-10,2026-04-10,email+meta,u_00186,control
c_003,winback_lapsed_digital,2026-03-10,2026-04-10,email+meta,u_01692,treatment
c_003,winback_lapsed_digital,2026-03-10,2026-04-10,email+meta,u_03923,control
c_003,winback_lapsed_digital,2026-03-10,2026-04-10,email+meta,u_02825,treatment
c_003,winback_lapsed_digital,2026-03-10,2026-04-10,email+meta,u_03716,treatment
c_003,winback_lapsed_digital,2026-03-10,2026-04-10,email+meta,u_03718,treatment
c_003,winback_lapsed_digital,2026-03-10,2026-04-10,email+meta,u_02251,treatment
c_003,winback_lapsed_digital,2026-03-10,2026-04-10,email+meta,u_03608,treatment
c_003,winback_lapsed_digital,2026-03-10,2026-04-10,email+meta,u_00644,treatment
c_003,winback_lapsed_digital,2026-03-10,2026-04-10,email+meta,u_00071,treatment
c_003,winback_lapsed_digital,2026-03-10,2026-04-10,email+meta,u_03360,treatment
c_003,winback_lapsed_digital,2026-03-10,2026-04-10,email+meta,u_00187,treatment
c_003,winback_lapsed_digital,2026-03-10,2026-04-10,email+meta,u_04453,treatment
c_003,winback_lapsed_digital,2026-03-10,2026-04-10,email+meta,u_03973,treatment
c_003,winback_lapsed_digital,2026-03-10,2026-04-10,email+meta,u_02486,control
c_003,winback_lapsed_digital,2026-03-10,2026-04-10,email+meta,u_02651,treatment
c_003,winback_lapsed_digital,2026-03-10,2026-04-10,email+meta,u_03151,treatment
c_003,winback_lapsed_digital,2026-03-10,2026-04-10,email+meta,u_01603,treatment
c_003,winback_lapsed_digital,2026-03-10,2026-04-10,email+meta,u_00628,treatment
c_003,winback_lapsed_digital,2026-03-10,2026-04-10,email+meta,u_02446,treatment
c_003,winback_lapsed_digital,2026-03-10,2026-04-10,email+meta,u_02774,treatment
c_003,winback_lapsed_digital,2026-03-10,2026-04-10,email+meta,u_00624,treatment
c_003,winback_lapsed_digital,2026-03-10,2026-04-10,email+meta,u_04307,treatment
c_003,winback_lapsed_digital,2026-03-10,2026-04-10,email+meta,u_04122,treatment
c_003,winback_lapsed_digital,2026-03-10,2026-04-10,email+meta,u_04056,treatment
c_003,winback_lapsed_digital,2026-03-10,2026-04-10,email+meta,u_02277,control
c_003,winback_lapsed_digital,2026-03-10,2026-04-10,email+meta,u_04996,treatment
c_003,winback_lapsed_digital,2026-03-10,2026-04-10,email+meta,u_01621,treatment
c_003,winback_lapsed_digital,2026-03-10,2026-04-10,email+meta,u_01036,treatment
c_003,winback_lapsed_digital,2026-03-10,2026-04-10,email+meta,u_04221,treatment
c_003,winback_lapsed_digital,2026-03-10,2026-04-10,email+meta,u_03986,treatment
c_003,winback_lapsed_digital,2026-03-10,2026-04-10,email+meta,u_02100,treatment
c_003,winback_lapsed_digital,2026-03-10,2026-04-10,email+meta,u_04613,treatment
c_003,winback_lapsed_digital,2026-03-10,2026-04-10,email+meta,u_02454,treatment
c_003,winback_lapsed_digital,2026-03-10,2026-04-10,email+meta,u_03276,treatment
c_003,winback_lapsed_digital,2026-03-10,2026-04-10,email+meta,u_00566,control
c_003,winback_lapsed_digital,2026-03-10,2026-04-10,email+meta,u_04352,treatment
c_003,winback_lapsed_digital,2026-03-10,2026-04-10,email+meta,u_01290,control
c_003,winback_lapsed_digital,2026-03-10,2026-04-10,email+meta,u_01624,treatment
c_003,winback_lapsed_digital,2026-03-10,2026-04-10,email+meta,u_00731,treatment
c_003,winback_lapsed_digital,2026-03-10,2026-04-10,email+meta,u_04623,treatment
