user_id,event_date,event_type,from_plan,to_plan,monthly_price_chf
u_00001,2026-01-26,start,,free,0.0
u_00002,2025-08-05,start,,digital,24.0
u_00003,2026-03-21,start,,digital,24.0
u_00004,2026-01-01,start,,free,0.0
u_00004,2026-03-02,upgrade,free,digital,24.0
u_00005,2025-01-03,start,,free,0.0
u_00005,2025-04-03,upgrade,free,digital,24.0
u_00005,2025-12-29,upgrade,digital,premium,39.0
u_00005,2026-01-28,cancel,premium,,0.0
u_00006,2026-06-13,start,,free,0.0
u_00007,2026-01-22,start,,digital,24.0
u_00008,2026-01-30,start,,digital,24.0
u_00009,2025-01-15,start,,digital,24.0
u_00009,2025-03-16,cancel,digital,,0.0
u_00010,2025-08-13,start,,free,0.0
u_00010,2025-12-11,upgrade,free,digital,24.0
u_00011,2025-06-17,start,,free,0.0
u_00012,2026-05-09,start,,free,0.0
u_00013,2025-11-24,start,,free,0.0
u_00014,2026-02-23,start,,digital,24.0
u_00015,2025-08-08,start,,free,0.0
u_00015,2025-11-06,upgrade,free,digital,24.0
u_00015,2026-04-05,cancel,digital,,0.0
u_00016,2025-03-06,start,,free,0.0
u_00017,2025-09-26,start,,free,0.0
u_00018,2024-12-16,start,,free,0.0
u_00019,2026-02-27,start,,digital,24.0
u_00019,2026-04-28,cancel,digital,,0.0
u_00020,2025-11-15,start,,free,0.0
u_00021,2026-01-21,start,,premium,39.0
u_00022,2025-06-06,start,,digital,24.0
u_00023,2026-06-09,start,,premium,39.0
u_00024,2026-04-15,start,,digital,24.0
u_00025,2026-01-27,start,,digital,24.0
u_00026,2025-02-11,start,,digital,24.0
u_00027,2025-08-25,start,,free,0.0
u_00028,2024-12-02,start,,free,0.0
u_00029,2025-01-23,start,,digital,24.0
u_00030,2025-12-22,start,,free,0.0
u_00031,2026-01-16,start,,free,0.0
u_00032,2026-06-07,start,,premium,39.0
u_00033,2025-05-16,start,,free,0.0
u_00034,2025-06-17,start,,free,0.0
u_00035,2025-08-27,start,,digital,24.0
u_00035,2026-01-24,cancel,digital,,0.0
u_00036,2025-02-07,start,,free,0.0
u_00036,2026-04-03,upgrade,free,digital,24.0
u_00037,2025-01-15,start,,premium,39.0
u_00037,2026-03-11,cancel,premium,,0.0
u_00038,2025-09-01,start,,free,0.0
u_00038,2025-10-31,upgrade,free,digital,24.0
u_00039,2025-03-06,start,,premium,39.0
u_00039,2025-08-03,cancel,premium,,0.0
u_00040,2025-12-13,start,,digital,24.0
u_00041,2025-08-04,start,,free,0.0
u_00042,2026-03-02,start,,free,0.0
u_00043,2026-01-02,start,,free,0.0
u_00044,2025-05-06,start,,free,0.0
u_00044,2026-06-30,cancel,free,,0.0
u_00045,2026-03-02,start,,free,0.0
u_00046,2026-02-10,start,,print,59.0
u_00047,2025-06-29,start,,free,0.0
u_00047,2025-09-27,upgrade,free,digital,24.0
u_00048,2025-04-19,start,,digital,24.0
u_00049,2025-12-22,start,,free,0.0
u_00049,2026-01-21,cancel,free,,0.0
u_00050,2025-01-18,start,,print,59.0
u_00051,2025-02-15,start,,free,0.0
u_00052,2024-11-06,start,,free,0.0
u_00052,2025-12-01,upgrade,free,digital,24.0
u_00052,2026-05-30,upgrade,digital,premium,39.0
u_00052,2026-06-29,cancel,premium,,0.0
u_00053,2026-01-30,start,,digital,24.0
u_00054,2025-12-09,start,,free,0.0
u_00055,2026-01-04,start,,digital,24.0
u_00055,2026-06-03,upgrade,digital,premium,39.0
u_00056,2026-01-28,start,,free,0.0
u_00057,2025-08-20,start,,free,0.0
u_00057,2026-04-17,upgrade,free,digital,24.0
u_00058,2025-10-01,start,,free,0.0
u_00059,2025-01-18,start,,digital,24.0
u_00060,2025-01-10,start,,free,0.0
u_00060,2026-02-04,upgrade,free,digital,24.0
u_00061,2025-12-12,start,,free,0.0
u_00061,2026-01-11,upgrade,free,digital,24.0
u_00062,2025-08-28,start,,free,0.0
u_00062,2025-10-27,upgrade,free,digital,24.0
u_00063,2025-09-30,start,,free,0.0
u_00063,2025-10-30,upgrade,free,digital,24.0
u_00064,2026-01-23,start,,free,0.0
u_00065,2025-11-18,start,,premium,39.0
u_00066,2025-09-26,start,,free,0.0
u_00066,2025-11-25,cancel,free,,0.0
u_00067,2025-09-28,start,,digital,24.0
u_00067,2026-01-26,cancel,digital,,0.0
u_00068,2025-04-30,start,,free,0.0
u_00068,2025-11-26,upgrade,free,digital,24.0
u_00069,2024-11-23,start,,free,0.0
u_00069,2025-09-19,upgrade,free,digital,24.0
u_00069,2026-04-17,upgrade,digital,premium,39.0
u_00070,2025-08-04,start,,free,0.0
u_00071,2025-02-25,start,,free,0.0
u_00071,2026-03-22,upgrade,free,digital,24.0
u_00072,2025-07-14,start,,free,0.0
u_00072,2026-03-11,upgrade,free,digital,24.0
u_00073,2026-03-17,start,,free,0.0
u_00074,2025-03-11,start,,free,0.0
u_00074,2025-10-07,upgrade,free,digital,24.0
u_00075,2024-12-12,start,,print,59.0
u_00076,2025-04-14,start,,free,0.0
u_00077,2025-04-23,start,,free,0.0
u_00077,2025-08-21,cancel,free,,0.0
u_00078,2025-12-07,start,,free,0.0
u_00079,2025-09-27,start,,free,0.0
u_00080,2026-01-29,start,,digital,24.0
u_00081,2025-12-09,start,,free,0.0
u_00082,2025-07-13,start,,digital,24.0
u_00082,2025-08-12,cancel,digital,,0.0
u_00083,2026-02-17,start,,free,0.0
u_00083,2026-04-18,upgrade,free,digital,24.0
u_00084,2025-01-27,start,,free,0.0
u_00085,2024-11-17,start,,premium,39.0
u_00086,2025-01-02,start,,free,0.0
u_00086,2025-06-01,cancel,free,,0.0
u_00087,2026-01-09,start,,digital,24.0
u_00088,2025-08-22,start,,free,0.0
u_00089,2025-01-25,start,,premium,39.0
u_00089,2026-03-21,cancel,premium,,0.0
u_00090,2025-09-09,start,,free,0.0
u_00091,2025-01-22,start,,free,0.0
u_00091,2025-02-21,upgrade,free,digital,24.0
u_00091,2025-08-20,upgrade,digital,premium,39.0
u_00092,2026-01-01,start,,digital,24.0
u_00093,2025-08-10,start,,free,0.0
u_00093,2026-03-08,upgrade,free,digital,24.0
u_00094,2025-06-25,start,,free,0.0
u_00094,2025-10-23,upgrade,free,digital,24.0
u_00095,2025-04-29,start,,print,59.0
u_00096,2025-11-14,start,,digital,24.0
u_00097,2025-06-11,start,,digital,24.0
u_00097,2025-12-08,cancel,digital,,0.0
u_00098,2025-01-01,start,,digital,24.0
u_00098,2025-01-31,cancel,digital,,0.0
u_00099,2025-01-11,start,,digital,24.0
u_00099,2026-02-05,upgrade,digital,premium,39.0
u_00100,2026-06-03,start,,premium,39.0
u_00101,2026-04-26,start,,digital,24.0
u_00102,2026-01-02,start,,free,0.0
u_00103,2025-04-03,start,,free,0.0
u_00104,2026-06-08,start,,digital,24.0
u_00105,2026-01-28,start,,digital,24.0
u_00105,2026-03-29,upgrade,digital,premium,39.0
u_00106,2026-01-07,start,,free,0.0
u_00107,2025-08-13,start,,free,0.0
u_00107,2025-11-11,upgrade,free,digital,24.0
u_00108,2025-04-08,start,,free,0.0
u_00109,2025-01-04,start,,free,0.0
u_00110,2026-04-22,start,,digital,24.0
u_00111,2025-08-17,start,,free,0.0
u_00112,2025-02-16,start,,digital,24.0
u_00112,2025-07-16,cancel,digital,,0.0
u_00113,2025-05-02,start,,digital,24.0
u_00113,2025-09-29,upgrade,digital,premium,39.0
u_00113,2026-03-28,downgrade,premium,digital,24.0
u_00114,2025-10-09,start,,premium,39.0
u_00114,2025-11-08,cancel,premium,,0.0
u_00115,2025-01-30,start,,free,0.0
u_00115,2025-09-27,upgrade,free,digital,24.0
u_00116,2026-03-20,start,,premium,39.0
u_00117,2026-01-21,start,,digital,24.0
u_00118,2026-01-08,start,,digital,24.0
u_00119,2025-07-31,start,,free,0.0
u_00120,2025-11-12,start,,free,0.0
u_00120,2026-01-11,upgrade,free,digital,24.0
u_00121,2025-10-12,start,,digital,24.0
u_00122,2025-11-28,start,,free,0.0
u_00122,2026-01-27,upgrade,free,digital,24.0
u_00122,2026-02-26,cancel,digital,,0.0
u_00123,2024-12-31,start,,free,0.0
u_00124,2025-07-20,start,,digital,24.0
u_00124,2026-01-16,cancel,digital,,0.0
u_00125,2024-11-30,start,,digital,24.0
u_00125,2025-06-28,upgrade,digital,premium,39.0
u_00126,2025-09-06,start,,free,0.0
u_00126,2025-10-06,upgrade,free,digital,24.0
u_00126,2026-03-05,upgrade,digital,premium,39.0
u_00127,2025-05-19,start,,free,0.0
u_00127,2025-08-17,upgrade,free,digital,24.0
u_00127,2025-10-16,upgrade,digital,premium,39.0
u_00128,2025-01-20,start,,free,0.0
u_00128,2026-01-15,upgrade,free,digital,24.0
u_00129,2025-01-06,start,,premium,39.0
u_00130,2025-10-15,start,,print,59.0
u_00131,2025-01-28,start,,free,0.0
u_00131,2026-06-22,cancel,free,,0.0
u_00132,2026-05-08,start,,free,0.0
u_00133,2025-10-10,start,,free,0.0
u_00134,2025-05-31,start,,free,0.0
u_00134,2025-06-30,upgrade,free,digital,24.0
u_00135,2025-10-17,start,,premium,39.0
u_00136,2024-11-17,start,,free,0.0
u_00137,2026-06-01,start,,free,0.0
u_00138,2025-09-03,start,,free,0.0
u_00139,2026-01-29,start,,free,0.0
u_00139,2026-06-28,upgrade,free,digital,24.0
u_00140,2024-12-30,start,,digital,24.0
u_00140,2025-03-30,cancel,digital,,0.0
u_00141,2025-09-04,start,,digital,24.0
u_00142,2025-09-05,start,,digital,24.0
u_00142,2026-06-02,cancel,digital,,0.0
u_00143,2026-05-17,start,,free,0.0
u_00143,2026-06-16,cancel,free,,0.0
u_00144,2025-10-03,start,,premium,39.0
u_00145,2025-08-30,start,,free,0.0
u_00145,2025-12-28,upgrade,free,digital,24.0
u_00145,2026-04-27,cancel,digital,,0.0
u_00146,2025-04-04,start,,digital,24.0
u_00147,2025-05-20,start,,premium,39.0
u_00148,2025-09-15,start,,free,0.0
u_00149,2025-08-05,start,,premium,39.0
u_00150,2024-11-16,start,,free,0.0
u_00150,2025-01-15,upgrade,free,digital,24.0
u_00150,2025-06-14,upgrade,digital,premium,39.0
u_00151,2026-02-26,start,,digital,24.0
u_00152,2026-04-17,start,,free,0.0
u_00153,2025-01-19,start,,free,0.0
u_00154,2025-09-26,start,,free,0.0
u_00155,2025-01-08,start,,free,0.0
u_00156,2025-12-15,start,,free,0.0
u_00157,2025-04-14,start,,free,0.0
u_00157,2025-07-13,upgrade,free,digital,24.0
u_00157,2026-06-08,upgrade,digital,premium,39.0
u_00158,2025-12-05,start,,digital,24.0
u_00159,2026-01-11,start,,free,0.0
u_00160,2026-01-24,start,,free,0.0
u_00161,2025-01-08,start,,print,59.0
u_00162,2026-05-01,start,,premium,39.0
u_00163,2025-03-08,start,,free,0.0
u_00163,2025-04-07,upgrade,free,digital,24.0
u_00163,2025-08-05,cancel,digital,,0.0
u_00164,2024-11-27,start,,free,0.0
u_00165,2025-09-26,start,,digital,24.0
u_00166,2025-06-17,start,,digital,24.0
u_00167,2026-02-28,start,,free,0.0
u_00168,2026-02-13,start,,digital,24.0
u_00169,2025-05-10,start,,free,0.0
u_00170,2026-05-28,start,,free,0.0
u_00171,2025-04-21,start,,digital,24.0
u_00171,2025-11-17,upgrade,digital,premium,39.0
u_00172,2025-09-13,start,,digital,24.0
u_00172,2025-11-12,cancel,digital,,0.0
u_00173,2025-03-27,start,,digital,24.0
u_00173,2025-06-25,cancel,digital,,0.0
u_00174,2026-05-16,start,,free,0.0
u_00175,2025-01-26,start,,free,0.0
u_00176,2024-12-03,start,,free,0.0
u_00176,2025-06-01,upgrade,free,digital,24.0
u_00176,2026-06-26,cancel,digital,,0.0
u_00177,2025-08-02,start,,free,0.0
u_00178,2026-06-25,start,,free,0.0
u_00179,2026-04-14,start,,free,0.0
u_00180,2026-01-18,start,,free,0.0
u_00181,2026-04-13,start,,digital,24.0
u_00182,2026-04-15,start,,free,0.0
u_00183,2025-09-15,start,,free,0.0
u_00184,2025-05-09,start,,digital,24.0
u_00185,2026-01-25,start,,free,0.0
u_00185,2026-03-26,upgrade,free,digital,24.0
u_00186,2025-12-07,start,,premium,39.0
u_00186,2026-05-06,cancel,premium,,0.0
u_00187,2025-06-19,start,,free,0.0
u_00187,2025-12-16,upgrade,free,digital,24.0
u_00187,2026-02-14,cancel,digital,,0.0
u_00188,2025-01-04,start,,free,0.0
u_00189,2026-01-17,start,,premium,39.0
u_00190,2025-04-01,start,,digital,24.0
u_00191,2026-05-16,start,,digital,24.0
u_00192,2025-03-16,start,,digital,24.0
u_00192,2025-07-14,cancel,digital,,0.0
u_00193,2025-01-13,start,,free,0.0
u_00193,2025-05-13,upgrade,free,digital,24.0
u_00193,2026-04-08,cancel,digital,,0.0
u_00194,2026-03-01,start,,digital,24.0
u_00195,2025-01-23,start,,premium,39.0
u_00196,2025-01-31,start,,print,59.0
u_00196,2025-10-28,cancel,print,,0.0
u_00197,2025-10-23,start,,free,0.0
u_00197,2026-02-20,upgrade,free,digital,24.0
u_00197,2026-04-21,cancel,digital,,0.0
u_00198,2026-04-02,start,,free,0.0
u_00199,2025-02-12,start,,digital,24.0
u_00199,2025-06-12,cancel,digital,,0.0
u_00200,2025-05-05,start,,free,0.0
u_00200,2025-12-01,upgrade,free,digital,24.0
u_00200,2026-01-30,upgrade,digital,premium,39.0
u_00200,2026-05-30,downgrade,premium,digital,24.0
u_00201,2026-01-27,start,,free,0.0
u_00201,2026-06-26,upgrade,free,digital,24.0
u_00202,2026-06-10,start,,free,0.0
u_00203,2025-09-09,start,,free,0.0
u_00203,2026-01-07,upgrade,free,digital,24.0
u_00204,2025-01-20,start,,free,0.0
u_00204,2026-04-15,upgrade,free,digital,24.0
u_00205,2024-11-10,start,,free,0.0
u_00205,2025-02-08,upgrade,free,digital,24.0
u_00206,2025-03-08,start,,free,0.0
u_00206,2026-01-02,cancel,free,,0.0
u_00207,2025-01-16,start,,free,0.0
u_00207,2025-07-15,upgrade,free,digital,24.0
u_00207,2026-05-11,upgrade,digital,premium,39.0
u_00208,2025-12-18,start,,premium,39.0
u_00209,2025-01-13,start,,free,0.0
u_00209,2025-03-14,upgrade,free,digital,24.0
u_00210,2025-09-11,start,,free,0.0
u_00211,2025-12-30,start,,free,0.0
u_00211,2026-03-30,upgrade,free,digital,24.0
u_00212,2025-10-10,start,,free,0.0
u_00213,2025-02-15,start,,print,59.0
u_00214,2026-02-10,start,,premium,39.0
u_00215,2026-01-07,start,,free,0.0
u_00215,2026-06-06,cancel,free,,0.0
u_00216,2026-01-15,start,,free,0.0
u_00216,2026-05-15,upgrade,free,digital,24.0
u_00217,2025-01-16,start,,free,0.0
u_00218,2025-01-13,start,,free,0.0
u_00219,2026-05-10,start,,free,0.0
u_00220,2025-07-07,start,,free,0.0
u_00221,2025-04-28,start,,free,0.0
u_00221,2026-03-24,upgrade,free,digital,24.0
u_00222,2025-09-05,start,,digital,24.0
u_00223,2025-12-08,start,,free,0.0
u_00223,2026-05-07,upgrade,free,digital,24.0
u_00224,2026-05-30,start,,free,0.0
u_00225,2025-04-18,start,,free,0.0
u_00225,2025-08-16,upgrade,free,digital,24.0
u_00225,2026-02-12,upgrade,digital,premium,39.0
u_00226,2026-05-08,start,,free,0.0
u_00227,2024-11-18,start,,free,0.0
u_00228,2025-09-26,start,,free,0.0
u_00229,2025-11-17,start,,free,0.0
u_00230,2025-01-07,start,,free,0.0
u_00230,2025-07-06,upgrade,free,digital,24.0
u_00230,2026-06-01,cancel,digital,,0.0
u_00231,2025-01-19,start,,digital,24.0
u_00232,2025-07-22,start,,premium,39.0
u_00233,2026-06-06,start,,free,0.0
u_00234,2025-10-21,start,,free,0.0
u_00234,2026-01-19,upgrade,free,digital,24.0
u_00235,2026-05-13,start,,digital,24.0
u_00236,2026-02-10,start,,digital,24.0
u_00236,2026-05-11,upgrade,digital,premium,39.0
u_00237,2025-08-26,start,,free,0.0
u_00238,2026-01-29,start,,free,0.0
u_00239,2024-11-13,start,,free,0.0
u_00239,2025-02-11,upgrade,free,digital,24.0
u_00239,2025-11-08,upgrade,digital,premium,39.0
u_00239,2026-02-06,cancel,premium,,0.0
u_00240,2025-01-08,start,,digital,24.0
u_00240,2025-11-04,cancel,digital,,0.0
u_00241,2026-02-28,start,,free,0.0
u_00242,2026-02-05,start,,free,0.0
u_00242,2026-04-06,upgrade,free,digital,24.0
u_00243,2025-03-10,start,,free,0.0
u_00243,2025-08-07,upgrade,free,digital,24.0
u_00244,2025-09-18,start,,free,0.0
u_00245,2025-10-28,start,,free,0.0
u_00245,2026-04-26,upgrade,free,digital,24.0
u_00246,2026-03-28,start,,digital,24.0
u_00247,2025-10-26,start,,free,0.0
u_00247,2026-02-23,upgrade,free,digital,24.0
u_00248,2025-07-17,start,,free,0.0
u_00249,2025-06-20,start,,free,0.0
u_00250,2025-07-27,start,,digital,24.0
u_00250,2025-08-26,cancel,digital,,0.0
u_00251,2025-11-30,start,,free,0.0
u_00251,2026-05-29,upgrade,free,digital,24.0
u_00252,2026-03-27,start,,free,0.0
u_00252,2026-04-26,upgrade,free,digital,24.0
u_00253,2025-08-16,start,,free,0.0
u_00253,2025-12-14,cancel,free,,0.0
u_00254,2025-03-21,start,,digital,24.0
u_00254,2025-04-20,cancel,digital,,0.0
u_00255,2025-03-13,start,,digital,24.0
u_00255,2025-11-08,cancel,digital,,0.0
u_00256,2026-01-17,start,,premium,39.0
u_00257,2026-02-19,start,,digital,24.0
u_00258,2025-01-07,start,,free,0.0
u_00258,2026-01-02,upgrade,free,digital,24.0
u_00259,2024-12-18,start,,free,0.0
u_00259,2026-05-12,cancel,free,,0.0
u_00260,2025-10-20,start,,free,0.0
u_00260,2025-11-19,upgrade,free,digital,24.0
u_00261,2025-01-20,start,,digital,24.0
u_00262,2026-02-25,start,,digital,24.0
u_00263,2025-05-05,start,,free,0.0
u_00264,2025-01-20,start,,premium,39.0
u_00264,2025-06-19,cancel,premium,,0.0
u_00265,2026-05-05,start,,free,0.0
u_00266,2025-01-27,start,,free,0.0
u_00266,2025-04-27,upgrade,free,digital,24.0
u_00267,2025-04-17,start,,free,0.0
u_00268,2025-01-23,start,,premium,39.0
u_00269,2025-01-10,start,,premium,39.0
u_00270,2024-11-16,start,,free,0.0
u_00270,2025-10-12,upgrade,free,digital,24.0
u_00271,2024-12-10,start,,print,59.0
u_00272,2025-01-30,start,,premium,39.0
u_00272,2025-12-26,upgrade,premium,print,59.0
u_00273,2024-12-09,start,,digital,24.0
u_00273,2025-02-07,cancel,digital,,0.0
u_00274,2025-10-17,start,,premium,39.0
u_00275,2025-12-21,start,,free,0.0
u_00276,2025-07-04,start,,digital,24.0
u_00276,2026-04-30,cancel,digital,,0.0
u_00277,2025-05-10,start,,digital,24.0
u_00278,2025-09-10,start,,digital,24.0
u_00278,2026-02-07,upgrade,digital,premium,39.0
u_00279,2026-04-02,start,,free,0.0
u_00280,2026-03-16,start,,digital,24.0
u_00281,2024-12-02,start,,print,59.0
u_00282,2025-02-02,start,,free,0.0
u_00282,2025-06-02,upgrade,free,digital,24.0
u_00282,2025-07-02,upgrade,digital,premium,39.0
u_00282,2026-02-27,cancel,premium,,0.0
u_00283,2025-03-13,start,,print,59.0
u_00284,2025-03-22,start,,free,0.0
u_00284,2025-09-18,upgrade,free,digital,24.0
u_00285,2025-10-03,start,,free,0.0
u_00285,2025-12-02,upgrade,free,digital,24.0
u_00285,2026-04-01,cancel,digital,,0.0
u_00286,2025-07-20,start,,free,0.0
u_00287,2024-12-06,start,,digital,24.0
u_00288,2025-06-19,start,,digital,24.0
u_00288,2026-05-15,upgrade,digital,premium,39.0
u_00289,2025-09-16,start,,free,0.0
u_00290,2025-01-06,start,,digital,24.0
u_00290,2025-03-07,upgrade,digital,premium,39.0
u_00291,2026-03-03,start,,free,0.0
u_00291,2026-06-01,upgrade,free,digital,24.0
u_00292,2024-12-08,start,,free,0.0
u_00292,2025-06-06,upgrade,free,digital,24.0
u_00292,2026-03-03,cancel,digital,,0.0
u_00293,2026-05-08,start,,premium,39.0
u_00294,2025-01-05,start,,digital,24.0
u_00294,2026-03-01,upgrade,digital,premium,39.0
u_00295,2026-03-10,start,,digital,24.0
u_00296,2026-04-22,start,,digital,24.0
u_00297,2026-06-16,start,,print,59.0
u_00298,2026-02-08,start,,free,0.0
u_00299,2026-01-28,start,,free,0.0
u_00300,2025-11-23,start,,free,0.0
u_00300,2026-02-21,upgrade,free,digital,24.0
u_00301,2026-01-28,start,,digital,24.0
u_00302,2025-01-17,start,,digital,24.0
u_00302,2026-03-13,cancel,digital,,0.0
u_00303,2025-09-20,start,,digital,24.0
u_00303,2026-05-18,upgrade,digital,premium,39.0
u_00304,2025-09-13,start,,free,0.0
u_00305,2026-03-20,start,,free,0.0
u_00306,2025-08-22,start,,digital,24.0
u_00306,2025-12-20,cancel,digital,,0.0
u_00307,2025-06-28,start,,print,59.0
u_00308,2025-11-21,start,,free,0.0
u_00308,2026-01-20,upgrade,free,digital,24.0
u_00308,2026-03-21,cancel,digital,,0.0
u_00309,2025-04-03,start,,free,0.0
u_00309,2025-08-01,upgrade,free,digital,24.0
u_00310,2025-01-18,start,,free,0.0
u_00310,2025-04-18,upgrade,free,digital,24.0
u_00310,2025-12-14,cancel,digital,,0.0
u_00311,2025-09-01,start,,free,0.0
u_00311,2026-02-28,upgrade,free,digital,24.0
u_00311,2026-03-30,cancel,digital,,0.0
u_00312,2025-07-20,start,,free,0.0
u_00312,2025-09-18,upgrade,free,digital,24.0
u_00313,2025-03-10,start,,free,0.0
u_00314,2025-06-15,start,,digital,24.0
u_00315,2025-06-14,start,,free,0.0
u_00316,2025-05-17,start,,free,0.0
u_00317,2025-06-24,start,,free,0.0
u_00317,2025-12-21,cancel,free,,0.0
u_00318,2025-12-24,start,,premium,39.0
u_00319,2025-04-25,start,,free,0.0
u_00319,2025-12-21,upgrade,free,digital,24.0
u_00320,2026-05-25,start,,free,0.0
u_00321,2026-05-01,start,,free,0.0
u_00322,2025-09-02,start,,digital,24.0
u_00323,2025-05-18,start,,premium,39.0
u_00324,2025-09-20,start,,free,0.0
u_00324,2026-01-18,upgrade,free,digital,24.0
u_00325,2026-03-14,start,,free,0.0
u_00325,2026-04-13,upgrade,free,digital,24.0
u_00326,2025-11-30,start,,free,0.0
u_00327,2026-02-10,start,,digital,24.0
u_00327,2026-03-12,upgrade,digital,premium,39.0
u_00328,2025-09-19,start,,premium,39.0
u_00329,2025-11-16,start,,free,0.0
u_00330,2025-04-19,start,,free,0.0
u_00330,2025-05-19,upgrade,free,digital,24.0
u_00331,2026-01-13,start,,digital,24.0
u_00332,2025-02-17,start,,digital,24.0
u_00333,2025-12-31,start,,free,0.0
u_00333,2026-01-30,upgrade,free,digital,24.0
u_00334,2026-03-23,start,,free,0.0
u_00335,2025-01-16,start,,free,0.0
u_00335,2025-08-14,upgrade,free,digital,24.0
u_00336,2025-11-03,start,,digital,24.0
u_00336,2025-12-03,cancel,digital,,0.0
u_00337,2025-01-04,start,,digital,24.0
u_00337,2025-03-05,cancel,digital,,0.0
u_00338,2026-01-10,start,,digital,24.0
u_00339,2024-12-31,start,,digital,24.0
u_00339,2025-10-27,cancel,digital,,0.0
u_00340,2026-05-16,start,,free,0.0
u_00341,2025-01-18,start,,free,0.0
u_00341,2026-02-12,cancel,free,,0.0
u_00342,2026-06-01,start,,free,0.0
u_00343,2026-02-08,start,,premium,39.0
u_00344,2025-10-19,start,,digital,24.0
u_00344,2026-02-16,cancel,digital,,0.0
u_00345,2026-01-29,start,,free,0.0
u_00346,2026-02-04,start,,free,0.0
u_00346,2026-06-04,upgrade,free,digital,24.0
u_00347,2026-05-23,start,,digital,24.0
u_00348,2025-03-25,start,,digital,24.0
u_00348,2026-05-19,upgrade,digital,premium,39.0
u_00349,2025-10-17,start,,digital,24.0
u_00349,2025-12-16,cancel,digital,,0.0
u_00350,2025-01-04,start,,free,0.0
u_00350,2025-03-05,upgrade,free,digital,24.0
u_00350,2026-06-28,cancel,digital,,0.0
u_00351,2025-11-04,start,,premium,39.0
u_00351,2025-12-04,upgrade,premium,print,59.0
u_00352,2025-01-29,start,,digital,24.0
u_00352,2026-05-24,cancel,digital,,0.0
u_00353,2025-09-30,start,,digital,24.0
u_00353,2026-05-28,upgrade,digital,premium,39.0
u_00354,2025-10-04,start,,digital,24.0
u_00355,2025-08-25,start,,premium,39.0
u_00356,2025-09-16,start,,premium,39.0
u_00357,2026-01-23,start,,digital,24.0
u_00358,2026-02-06,start,,free,0.0
u_00359,2025-09-06,start,,free,0.0
u_00360,2025-10-23,start,,digital,24.0
u_00360,2026-05-21,upgrade,digital,premium,39.0
u_00361,2026-05-12,start,,digital,24.0
u_00362,2025-01-12,start,,free,0.0
u_00362,2025-04-12,upgrade,free,digital,24.0
u_00362,2025-09-09,upgrade,digital,premium,39.0
u_00363,2025-01-11,start,,free,0.0
u_00363,2025-06-10,upgrade,free,digital,24.0
u_00364,2025-01-01,start,,premium,39.0
u_00365,2025-12-04,start,,premium,39.0
u_00366,2025-07-22,start,,print,59.0
u_00367,2026-01-26,start,,free,0.0
u_00368,2025-12-14,start,,digital,24.0
u_00369,2025-05-22,start,,digital,24.0
u_00370,2026-04-19,start,,free,0.0
u_00371,2026-01-22,start,,free,0.0
u_00372,2025-04-06,start,,print,59.0
u_00372,2026-01-31,cancel,print,,0.0
u_00373,2025-06-13,start,,free,0.0
u_00373,2025-10-11,upgrade,free,digital,24.0
u_00373,2025-11-10,cancel,digital,,0.0
u_00374,2025-05-08,start,,digital,24.0
u_00374,2025-11-04,upgrade,digital,premium,39.0
u_00375,2025-01-24,start,,digital,24.0
u_00376,2025-01-21,start,,digital,24.0
u_00376,2025-10-18,cancel,digital,,0.0
u_00377,2026-05-16,start,,free,0.0
u_00378,2025-08-04,start,,digital,24.0
u_00379,2025-06-26,start,,free,0.0
u_00380,2026-01-12,start,,digital,24.0
u_00380,2026-06-11,cancel,digital,,0.0
u_00381,2025-09-26,start,,free,0.0
u_00381,2025-10-26,upgrade,free,digital,24.0
u_00382,2026-05-16,start,,digital,24.0
u_00383,2026-01-28,start,,digital,24.0
u_00383,2026-05-28,upgrade,digital,premium,39.0
u_00384,2025-09-02,start,,free,0.0
u_00384,2025-11-01,upgrade,free,digital,24.0
u_00384,2026-03-01,upgrade,digital,premium,39.0
u_00385,2025-06-21,start,,free,0.0
u_00386,2026-06-21,start,,digital,24.0
u_00387,2026-01-08,start,,free,0.0
u_00388,2026-05-26,start,,free,0.0
u_00389,2025-01-11,start,,free,0.0
u_00390,2026-03-15,start,,premium,39.0
u_00390,2026-06-13,cancel,premium,,0.0
u_00391,2025-11-19,start,,digital,24.0
u_00392,2025-01-13,start,,free,0.0
u_00392,2025-04-13,upgrade,free,digital,24.0
u_00392,2025-06-12,cancel,digital,,0.0
u_00393,2025-10-15,start,,print,59.0
u_00393,2025-11-14,cancel,print,,0.0
u_00394,2025-12-25,start,,free,0.0
u_00395,2024-11-09,start,,free,0.0
u_00396,2025-08-16,start,,free,0.0
u_00396,2025-09-15,upgrade,free,digital,24.0
u_00397,2026-02-25,start,,free,0.0
u_00398,2025-04-24,start,,free,0.0
u_00398,2025-11-20,upgrade,free,digital,24.0
u_00399,2025-08-19,start,,digital,24.0
u_00400,2025-08-08,start,,free,0.0
u_00400,2026-04-05,upgrade,free,digital,24.0
u_00401,2025-04-29,start,,digital,24.0
u_00402,2026-05-03,start,,free,0.0
u_00403,2026-01-28,start,,free,0.0
u_00404,2025-01-09,start,,free,0.0
u_00405,2026-06-28,start,,digital,24.0
u_00406,2026-04-05,start,,digital,24.0
u_00407,2025-04-16,start,,free,0.0
u_00408,2026-03-05,start,,free,0.0
u_00409,2025-01-07,start,,free,0.0
u_00409,2025-07-06,upgrade,free,digital,24.0
u_00410,2026-06-30,start,,digital,24.0
u_00411,2025-12-10,start,,free,0.0
u_00412,2025-11-29,start,,digital,24.0
u_00413,2025-01-02,start,,free,0.0
u_00413,2026-02-26,upgrade,free,digital,24.0
u_00414,2026-04-18,start,,free,0.0
u_00415,2024-11-21,start,,digital,24.0
u_00415,2025-11-16,cancel,digital,,0.0
u_00416,2025-03-16,start,,free,0.0
u_00417,2025-01-19,start,,free,0.0
u_00417,2026-03-15,cancel,free,,0.0
u_00418,2026-01-27,start,,print,59.0
u_00419,2025-02-13,start,,free,0.0
u_00419,2025-03-15,upgrade,free,digital,24.0
u_00419,2025-05-14,cancel,digital,,0.0
u_00420,2026-04-27,start,,free,0.0
u_00421,2025-12-03,start,,free,0.0
u_00421,2026-05-02,upgrade,free,digital,24.0
u_00422,2024-11-26,start,,free,0.0
u_00422,2026-03-21,upgrade,free,digital,24.0
u_00422,2026-06-19,cancel,digital,,0.0
u_00423,2024-11-04,start,,digital,24.0
u_00423,2025-01-03,cancel,digital,,0.0
u_00424,2024-12-08,start,,free,0.0
u_00424,2025-12-03,upgrade,free,digital,24.0
u_00425,2025-10-28,start,,premium,39.0
u_00425,2026-05-26,upgrade,premium,print,59.0
u_00426,2026-02-08,start,,digital,24.0
u_00427,2025-03-14,start,,print,59.0
u_00427,2025-09-10,cancel,print,,0.0
u_00428,2026-03-14,start,,digital,24.0
u_00429,2024-12-12,start,,premium,39.0
u_00430,2026-02-08,start,,digital,24.0
u_00430,2026-04-09,cancel,digital,,0.0
u_00431,2026-05-10,start,,free,0.0
u_00432,2026-01-25,start,,free,0.0
u_00433,2026-01-01,start,,digital,24.0
u_00434,2026-03-06,start,,free,0.0
u_00435,2024-11-29,start,,digital,24.0
u_00435,2025-07-27,cancel,digital,,0.0
u_00436,2025-02-16,start,,free,0.0
u_00436,2025-04-17,upgrade,free,digital,24.0
u_00437,2025-01-14,start,,digital,24.0
u_00438,2025-09-10,start,,free,0.0
u_00439,2026-01-17,start,,premium,39.0
u_00440,2025-11-14,start,,free,0.0
u_00440,2026-02-12,cancel,free,,0.0
u_00441,2026-03-16,start,,free,0.0
u_00442,2025-01-23,start,,digital,24.0
u_00443,2026-01-13,start,,digital,24.0
u_00444,2025-02-10,start,,digital,24.0
u_00444,2025-05-11,cancel,digital,,0.0
u_00445,2025-04-07,start,,print,59.0
u_00446,2026-01-05,start,,free,0.0
u_00447,2026-06-16,start,,digital,24.0
u_00448,2025-11-01,start,,free,0.0
u_00448,2025-12-01,upgrade,free,digital,24.0
u_00449,2024-12-10,start,,free,0.0
u_00449,2025-02-08,upgrade,free,digital,24.0
u_00449,2025-10-06,cancel,digital,,0.0
u_00450,2025-11-04,start,,free,0.0
u_00451,2024-12-01,start,,free,0.0
u_00451,2025-01-30,upgrade,free,digital,24.0
u_00451,2025-10-27,upgrade,digital,premium,39.0
u_00452,2026-04-08,start,,digital,24.0
u_00453,2026-01-05,start,,digital,24.0
u_00453,2026-06-04,upgrade,digital,premium,39.0
u_00454,2025-01-29,start,,free,0.0
u_00454,2026-04-24,cancel,free,,0.0
u_00455,2025-01-03,start,,premium,39.0
u_00455,2026-06-27,upgrade,premium,print,59.0
u_00456,2025-02-03,start,,free,0.0
u_00457,2026-06-16,start,,free,0.0
u_00458,2025-08-19,start,,digital,24.0
u_00458,2025-11-17,upgrade,digital,premium,39.0
u_00459,2026-01-29,start,,free,0.0
u_00460,2025-11-19,start,,free,0.0
u_00460,2025-12-19,upgrade,free,digital,24.0
u_00461,2025-10-04,start,,digital,24.0
u_00462,2025-01-20,start,,free,0.0
u_00463,2026-05-23,start,,free,0.0
u_00464,2025-04-28,start,,digital,24.0
u_00465,2025-10-08,start,,free,0.0
u_00466,2026-01-02,start,,digital,24.0
u_00467,2025-11-28,start,,digital,24.0
u_00467,2026-01-27,upgrade,digital,premium,39.0
u_00467,2026-06-26,cancel,premium,,0.0
u_00468,2026-05-19,start,,free,0.0
u_00469,2025-01-21,start,,free,0.0
u_00469,2026-06-15,upgrade,free,digital,24.0
u_00470,2025-09-11,start,,free,0.0
u_00470,2025-10-11,upgrade,free,digital,24.0
u_00471,2025-07-11,start,,digital,24.0
u_00471,2026-06-06,cancel,digital,,0.0
u_00472,2025-08-30,start,,free,0.0
u_00473,2025-01-12,start,,premium,39.0
u_00473,2025-03-13,downgrade,premium,digital,24.0
u_00473,2025-11-08,upgrade,digital,premium,39.0
u_00473,2026-05-07,cancel,premium,,0.0
u_00474,2025-01-16,start,,free,0.0
u_00474,2025-07-15,upgrade,free,digital,24.0
u_00475,2025-04-12,start,,digital,24.0
u_00475,2026-05-07,cancel,digital,,0.0
u_00476,2025-05-01,start,,free,0.0
u_00477,2025-07-28,start,,free,0.0
u_00477,2026-06-23,upgrade,free,digital,24.0
u_00478,2025-11-01,start,,free,0.0
u_00478,2026-06-29,cancel,free,,0.0
u_00479,2025-11-18,start,,digital,24.0
u_00480,2025-07-17,start,,print,59.0
u_00481,2025-07-15,start,,free,0.0
u_00481,2026-04-11,upgrade,free,digital,24.0
u_00482,2025-02-27,start,,free,0.0
u_00482,2025-06-27,upgrade,free,digital,24.0
u_00483,2025-10-15,start,,free,0.0
u_00484,2025-05-10,start,,free,0.0
u_00485,2024-11-26,start,,premium,39.0
u_00485,2025-05-25,cancel,premium,,0.0
u_00486,2025-07-21,start,,premium,39.0
u_00487,2025-08-30,start,,premium,39.0
u_00487,2026-06-26,upgrade,premium,print,59.0
u_00488,2025-03-05,start,,free,0.0
u_00488,2025-12-30,upgrade,free,digital,24.0
u_00489,2025-10-04,start,,free,0.0
u_00489,2025-11-03,upgrade,free,digital,24.0
u_00490,2025-09-30,start,,digital,24.0
u_00490,2026-05-28,upgrade,digital,premium,39.0
u_00491,2026-01-03,start,,free,0.0
u_00492,2025-11-27,start,,digital,24.0
u_00493,2025-11-30,start,,free,0.0
u_00493,2025-12-30,upgrade,free,digital,24.0
u_00494,2025-05-09,start,,free,0.0
u_00494,2025-12-05,upgrade,free,digital,24.0
u_00495,2026-01-30,start,,premium,39.0
u_00495,2026-03-31,downgrade,premium,digital,24.0
u_00496,2025-09-24,start,,free,0.0
u_00496,2025-12-23,upgrade,free,digital,24.0
u_00497,2025-07-31,start,,print,59.0
u_00498,2025-11-11,start,,free,0.0
u_00498,2026-05-10,upgrade,free,digital,24.0
u_00499,2025-06-10,start,,free,0.0
u_00499,2025-10-08,upgrade,free,digital,24.0
u_00500,2025-09-13,start,,free,0.0
u_00501,2026-01-14,start,,free,0.0
u_00502,2026-04-10,start,,free,0.0
u_00502,2026-05-10,upgrade,free,digital,24.0
u_00503,2026-05-05,start,,free,0.0
u_00504,2025-09-10,start,,digital,24.0
u_00505,2025-09-15,start,,premium,39.0
u_00506,2026-02-07,start,,free,0.0
u_00507,2025-05-08,start,,free,0.0
u_00507,2026-04-03,upgrade,free,digital,24.0
u_00507,2026-06-02,cancel,digital,,0.0
u_00508,2026-03-06,start,,free,0.0
u_00509,2025-09-07,start,,digital,24.0
u_00509,2025-10-07,upgrade,digital,premium,39.0
u_00510,2025-01-11,start,,digital,24.0
u_00510,2025-03-12,cancel,digital,,0.0
u_00511,2024-12-22,start,,free,0.0
u_00511,2025-02-20,upgrade,free,digital,24.0
u_00511,2025-05-21,cancel,digital,,0.0
u_00512,2026-03-09,start,,free,0.0
u_00512,2026-05-08,upgrade,free,digital,24.0
u_00513,2024-12-10,start,,free,0.0
u_00514,2025-04-14,start,,free,0.0
u_00515,2025-05-22,start,,free,0.0
u_00516,2025-01-29,start,,print,59.0
u_00517,2025-05-07,start,,free,0.0
u_00518,2026-01-16,start,,free,0.0
u_00519,2024-11-11,start,,free,0.0
u_00519,2025-06-09,upgrade,free,digital,24.0
u_00520,2026-02-27,start,,digital,24.0
u_00521,2026-03-20,start,,free,0.0
u_00522,2025-06-18,start,,free,0.0
u_00523,2025-01-23,start,,free,0.0
u_00523,2026-06-17,cancel,free,,0.0
u_00524,2025-10-24,start,,digital,24.0
u_00525,2025-01-12,start,,free,0.0
u_00525,2025-05-12,cancel,free,,0.0
u_00526,2025-06-13,start,,premium,39.0
u_00527,2026-06-01,start,,free,0.0
u_00528,2026-06-27,start,,free,0.0
u_00529,2026-01-25,start,,print,59.0
u_00530,2025-05-05,start,,digital,24.0
u_00531,2025-12-26,start,,free,0.0
u_00532,2026-01-04,start,,digital,24.0
u_00533,2025-06-30,start,,free,0.0
u_00534,2025-11-22,start,,free,0.0
u_00534,2026-02-20,upgrade,free,digital,24.0
u_00535,2024-11-08,start,,digital,24.0
u_00535,2024-12-08,upgrade,digital,premium,39.0
u_00536,2025-02-21,start,,digital,24.0
u_00537,2025-09-17,start,,free,0.0
u_00537,2026-01-15,upgrade,free,digital,24.0
u_00538,2025-01-26,start,,digital,24.0
u_00538,2025-09-23,cancel,digital,,0.0
u_00539,2025-01-27,start,,free,0.0
u_00539,2025-04-27,upgrade,free,digital,24.0
u_00539,2025-06-26,upgrade,digital,premium,39.0
u_00539,2026-05-22,downgrade,premium,digital,24.0
u_00540,2026-03-05,start,,free,0.0
u_00541,2026-06-23,start,,print,59.0
u_00542,2025-09-27,start,,free,0.0
u_00542,2025-10-27,upgrade,free,digital,24.0
u_00542,2026-06-24,cancel,digital,,0.0
u_00543,2026-03-07,start,,digital,24.0
u_00544,2026-06-24,start,,digital,24.0
u_00545,2025-01-19,start,,digital,24.0
u_00545,2025-04-19,cancel,digital,,0.0
u_00546,2025-08-12,start,,free,0.0
u_00547,2025-07-03,start,,print,59.0
u_00548,2024-12-28,start,,digital,24.0
u_00548,2025-09-24,upgrade,digital,premium,39.0
u_00549,2026-01-20,start,,digital,24.0
u_00549,2026-03-21,upgrade,digital,premium,39.0
u_00550,2025-08-01,start,,free,0.0
u_00550,2026-01-28,upgrade,free,digital,24.0
u_00550,2026-06-27,upgrade,digital,premium,39.0
u_00551,2025-08-27,start,,free,0.0
u_00551,2026-01-24,upgrade,free,digital,24.0
u_00552,2025-01-22,start,,free,0.0
u_00552,2025-05-22,upgrade,free,digital,24.0
u_00552,2025-08-20,upgrade,digital,premium,39.0
u_00553,2025-02-01,start,,free,0.0
u_00554,2026-04-25,start,,free,0.0
u_00555,2024-12-03,start,,digital,24.0
u_00556,2025-03-10,start,,premium,39.0
u_00556,2026-02-03,downgrade,premium,digital,24.0
u_00556,2026-06-03,cancel,digital,,0.0
u_00557,2025-04-22,start,,free,0.0
u_00557,2025-09-19,upgrade,free,digital,24.0
u_00557,2026-03-18,cancel,digital,,0.0
u_00558,2025-09-05,start,,free,0.0
u_00559,2025-10-14,start,,digital,24.0
u_00560,2025-09-06,start,,free,0.0
u_00561,2024-12-31,start,,premium,39.0
u_00561,2026-03-26,upgrade,premium,print,59.0
u_00562,2025-03-18,start,,free,0.0
u_00562,2025-10-14,upgrade,free,digital,24.0
u_00563,2026-03-10,start,,free,0.0
u_00564,2025-11-20,start,,free,0.0
u_00565,2025-11-28,start,,premium,39.0
u_00566,2025-12-13,start,,free,0.0
u_00567,2026-01-22,start,,digital,24.0
u_00568,2024-12-12,start,,free,0.0
u_00568,2026-06-05,cancel,free,,0.0
u_00569,2025-06-14,start,,free,0.0
u_00569,2026-04-10,upgrade,free,digital,24.0
u_00570,2025-09-21,start,,premium,39.0
u_00571,2025-05-25,start,,free,0.0
u_00571,2026-03-21,upgrade,free,digital,24.0
u_00572,2026-03-11,start,,free,0.0
u_00573,2025-09-03,start,,free,0.0
u_00574,2026-01-24,start,,premium,39.0
u_00575,2026-03-16,start,,free,0.0
u_00576,2025-09-10,start,,free,0.0
u_00577,2026-04-27,start,,print,59.0
u_00578,2025-10-15,start,,digital,24.0
u_00579,2026-03-15,start,,premium,39.0
u_00579,2026-04-14,upgrade,premium,print,59.0
u_00580,2025-05-27,start,,digital,24.0
u_00580,2025-06-26,upgrade,digital,premium,39.0
u_00581,2025-09-08,start,,digital,24.0
u_00581,2026-05-06,cancel,digital,,0.0
u_00582,2025-09-19,start,,free,0.0
u_00583,2025-01-07,start,,free,0.0
u_00583,2025-10-04,upgrade,free,digital,24.0
u_00584,2025-07-07,start,,digital,24.0
u_00584,2026-02-02,cancel,digital,,0.0
u_00585,2026-05-02,start,,digital,24.0
u_00586,2025-11-15,start,,print,59.0
u_00587,2025-01-31,start,,digital,24.0
u_00587,2025-08-29,cancel,digital,,0.0
u_00588,2025-05-25,start,,free,0.0
u_00588,2025-08-23,upgrade,free,digital,24.0
u_00588,2025-09-22,cancel,digital,,0.0
u_00589,2025-02-09,start,,free,0.0
u_00590,2024-11-18,start,,digital,24.0
u_00590,2025-05-17,cancel,digital,,0.0
u_00591,2026-05-09,start,,free,0.0
u_00592,2025-08-12,start,,digital,24.0
u_00593,2025-05-03,start,,digital,24.0
u_00593,2026-03-29,upgrade,digital,premium,39.0
u_00594,2025-10-23,start,,free,0.0
u_00594,2026-03-22,cancel,free,,0.0
u_00595,2024-11-06,start,,digital,24.0
u_00595,2026-05-30,upgrade,digital,premium,39.0
u_00596,2025-04-12,start,,digital,24.0
u_00596,2025-10-09,cancel,digital,,0.0
u_00597,2026-01-03,start,,premium,39.0
u_00598,2025-11-17,start,,free,0.0
u_00598,2025-12-17,upgrade,free,digital,24.0
u_00599,2026-06-17,start,,digital,24.0
u_00600,2025-11-07,start,,free,0.0
u_00601,2025-09-01,start,,free,0.0
u_00601,2026-02-28,upgrade,free,digital,24.0
u_00602,2026-01-22,start,,free,0.0
u_00603,2026-04-22,start,,premium,39.0
u_00604,2026-01-09,start,,premium,39.0
u_00604,2026-03-10,cancel,premium,,0.0
u_00605,2026-06-04,start,,free,0.0
u_00606,2026-01-29,start,,digital,24.0
u_00607,2026-03-27,start,,free,0.0
u_00608,2025-01-10,start,,digital,24.0
u_00608,2025-05-10,cancel,digital,,0.0
u_00609,2026-01-12,start,,free,0.0
u_00610,2025-08-06,start,,digital,24.0
u_00610,2025-09-05,cancel,digital,,0.0
u_00611,2025-09-26,start,,free,0.0
u_00612,2025-12-02,start,,digital,24.0
u_00613,2026-06-09,start,,free,0.0
u_00614,2026-06-19,start,,digital,24.0
u_00615,2025-04-19,start,,digital,24.0
u_00616,2026-01-13,start,,free,0.0
u_00617,2026-01-18,start,,free,0.0
u_00618,2025-05-31,start,,digital,24.0
u_00618,2026-06-25,cancel,digital,,0.0
u_00619,2025-01-13,start,,digital,24.0
u_00620,2024-11-30,start,,free,0.0
u_00620,2025-05-29,upgrade,free,digital,24.0
u_00621,2026-01-27,start,,free,0.0
u_00622,2025-09-05,start,,free,0.0
u_00622,2026-02-02,cancel,free,,0.0
u_00623,2026-06-20,start,,digital,24.0
u_00624,2025-08-24,start,,digital,24.0
u_00624,2025-10-23,upgrade,digital,premium,39.0
u_00624,2025-11-22,cancel,premium,,0.0
u_00625,2026-06-15,start,,free,0.0
u_00626,2025-07-17,start,,digital,24.0
u_00626,2026-05-13,cancel,digital,,0.0
u_00627,2026-02-02,start,,digital,24.0
u_00628,2024-12-31,start,,digital,24.0
u_00628,2025-01-30,cancel,digital,,0.0
u_00629,2025-09-27,start,,free,0.0
u_00630,2026-02-08,start,,free,0.0
u_00631,2026-05-07,start,,free,0.0
u_00632,2026-02-23,start,,free,0.0
u_00633,2024-11-27,start,,free,0.0
u_00633,2026-01-21,upgrade,free,digital,24.0
u_00633,2026-05-21,cancel,digital,,0.0
u_00634,2025-06-19,start,,free,0.0
u_00635,2024-12-05,start,,free,0.0
u_00635,2025-01-04,upgrade,free,digital,24.0
u_00635,2026-05-29,cancel,digital,,0.0
u_00636,2025-01-08,start,,digital,24.0
u_00636,2025-06-07,upgrade,digital,premium,39.0
u_00637,2025-12-17,start,,free,0.0
u_00638,2026-01-06,start,,digital,24.0
u_00639,2026-01-26,start,,free,0.0
u_00640,2026-03-26,start,,digital,24.0
u_00641,2026-01-15,start,,free,0.0
u_00642,2026-02-08,start,,digital,24.0
u_00643,2024-12-06,start,,digital,24.0
u_00643,2026-04-30,cancel,digital,,0.0
u_00644,2025-03-12,start,,free,0.0
u_00644,2025-06-10,upgrade,free,digital,24.0
u_00644,2026-04-06,cancel,digital,,0.0
u_00645,2025-11-08,start,,digital,24.0
u_00646,2026-03-21,start,,free,0.0
u_00646,2026-05-20,upgrade,free,digital,24.0
u_00647,2024-11-04,start,,digital,24.0
u_00648,2025-09-13,start,,free,0.0
u_00648,2026-02-10,upgrade,free,digital,24.0
u_00649,2025-12-18,start,,free,0.0
u_00650,2024-11-22,start,,free,0.0
u_00650,2025-04-21,upgrade,free,digital,24.0
u_00651,2025-07-09,start,,premium,39.0
u_00651,2026-02-04,downgrade,premium,digital,24.0
u_00652,2026-04-17,start,,free,0.0
u_00653,2025-12-14,start,,digital,24.0
u_00653,2026-06-12,cancel,digital,,0.0
u_00654,2025-03-14,start,,free,0.0
u_00654,2026-06-07,upgrade,free,digital,24.0
u_00655,2026-03-17,start,,free,0.0
u_00655,2026-04-16,upgrade,free,digital,24.0
u_00656,2025-06-01,start,,free,0.0
u_00657,2026-03-17,start,,premium,39.0
u_00658,2025-04-27,start,,digital,24.0
u_00658,2026-05-22,cancel,digital,,0.0
u_00659,2025-10-17,start,,free,0.0
u_00660,2025-07-06,start,,digital,24.0
u_00660,2025-12-03,cancel,digital,,0.0
u_00661,2025-04-09,start,,free,0.0
u_00661,2025-05-09,upgrade,free,digital,24.0
u_00662,2026-04-10,start,,free,0.0
u_00663,2025-02-06,start,,free,0.0
u_00664,2024-12-31,start,,free,0.0
u_00664,2025-11-26,upgrade,free,digital,24.0
u_00665,2025-05-28,start,,free,0.0
u_00665,2025-09-25,upgrade,free,digital,24.0
u_00666,2026-01-08,start,,digital,24.0
u_00666,2026-02-07,cancel,digital,,0.0
u_00667,2026-02-12,start,,free,0.0
u_00668,2026-06-30,start,,premium,39.0
u_00669,2025-04-25,start,,digital,24.0
u_00670,2025-07-14,start,,digital,24.0
u_00671,2025-01-17,start,,digital,24.0
u_00671,2025-02-16,cancel,digital,,0.0
u_00672,2025-10-06,start,,premium,39.0
u_00673,2026-06-29,start,,free,0.0
u_00674,2026-01-02,start,,free,0.0
u_00675,2025-10-20,start,,free,0.0
u_00676,2025-07-03,start,,premium,39.0
u_00676,2026-01-29,cancel,premium,,0.0
u_00677,2026-05-01,start,,free,0.0
u_00678,2025-09-07,start,,digital,24.0
u_00679,2025-01-17,start,,digital,24.0
u_00680,2025-06-13,start,,free,0.0
u_00680,2026-06-08,upgrade,free,digital,24.0
u_00681,2024-12-19,start,,premium,39.0
u_00681,2025-07-17,cancel,premium,,0.0
u_00682,2025-02-16,start,,free,0.0
u_00682,2025-07-16,upgrade,free,digital,24.0
u_00683,2024-11-13,start,,free,0.0
u_00684,2025-08-15,start,,digital,24.0
u_00684,2026-03-13,cancel,digital,,0.0
u_00685,2025-11-18,start,,free,0.0
u_00685,2025-12-18,upgrade,free,digital,24.0
u_00686,2025-05-29,start,,free,0.0
u_00687,2025-07-23,start,,free,0.0
u_00688,2026-06-01,start,,free,0.0
u_00689,2026-01-19,start,,digital,24.0
u_00690,2025-09-22,start,,premium,39.0
u_00691,2025-04-16,start,,free,0.0
u_00691,2025-06-15,upgrade,free,digital,24.0
u_00692,2026-04-18,start,,free,0.0
u_00693,2025-03-12,start,,free,0.0
u_00694,2025-05-16,start,,premium,39.0
u_00694,2025-07-15,cancel,premium,,0.0
u_00695,2026-04-26,start,,digital,24.0
u_00696,2025-09-18,start,,free,0.0
u_00696,2026-05-16,upgrade,free,digital,24.0
u_00697,2026-01-16,start,,free,0.0
u_00698,2025-10-17,start,,premium,39.0
u_00698,2026-04-15,upgrade,premium,print,59.0
u_00699,2025-12-01,start,,premium,39.0
u_00700,2025-04-27,start,,free,0.0
u_00700,2025-10-24,upgrade,free,digital,24.0
u_00701,2025-03-16,start,,digital,24.0
u_00701,2025-09-12,cancel,digital,,0.0
u_00702,2025-05-14,start,,free,0.0
u_00702,2026-01-09,upgrade,free,digital,24.0
u_00702,2026-04-09,cancel,digital,,0.0
u_00703,2025-01-23,start,,free,0.0
u_00703,2026-06-17,upgrade,free,digital,24.0
u_00704,2026-04-01,start,,digital,24.0
u_00705,2025-04-16,start,,free,0.0
u_00705,2025-10-13,upgrade,free,digital,24.0
u_00706,2025-09-29,start,,free,0.0
u_00707,2026-02-01,start,,premium,39.0
u_00708,2026-01-29,start,,digital,24.0
u_00708,2026-03-30,cancel,digital,,0.0
u_00709,2025-08-05,start,,free,0.0
u_00709,2026-05-02,upgrade,free,digital,24.0
u_00710,2025-09-01,start,,digital,24.0
u_00710,2026-01-29,upgrade,digital,premium,39.0
u_00711,2026-06-27,start,,digital,24.0
u_00712,2025-12-16,start,,digital,24.0
u_00713,2026-02-18,start,,print,59.0
u_00714,2026-04-22,start,,digital,24.0
u_00715,2026-01-30,start,,free,0.0
u_00716,2025-02-04,start,,free,0.0
u_00716,2025-05-05,upgrade,free,digital,24.0
u_00716,2025-11-01,cancel,digital,,0.0
u_00717,2025-09-29,start,,digital,24.0
u_00718,2025-01-06,start,,print,59.0
u_00718,2026-03-02,cancel,print,,0.0
u_00719,2025-12-01,start,,free,0.0
u_00720,2026-05-29,start,,free,0.0
u_00721,2025-09-13,start,,digital,24.0
u_00721,2026-04-11,upgrade,digital,premium,39.0
u_00722,2025-08-01,start,,free,0.0
u_00722,2026-02-27,upgrade,free,digital,24.0
u_00723,2024-11-26,start,,free,0.0
u_00723,2024-12-26,upgrade,free,digital,24.0
u_00724,2026-06-02,start,,premium,39.0
u_00725,2025-01-06,start,,digital,24.0
u_00725,2025-09-03,cancel,digital,,0.0
u_00726,2024-11-30,start,,premium,39.0
u_00727,2025-03-20,start,,digital,24.0
u_00728,2024-12-18,start,,free,0.0
u_00728,2025-02-16,upgrade,free,digital,24.0
u_00728,2025-08-15,upgrade,digital,premium,39.0
u_00728,2025-10-14,cancel,premium,,0.0
u_00729,2025-08-17,start,,premium,39.0
u_00730,2025-09-14,start,,free,0.0
u_00731,2025-05-07,start,,free,0.0
u_00732,2024-12-07,start,,premium,39.0
u_00733,2025-01-09,start,,digital,24.0
u_00733,2025-06-08,cancel,digital,,0.0
u_00734,2025-06-27,start,,premium,39.0
u_00735,2024-12-14,start,,free,0.0
u_00735,2026-02-07,upgrade,free,digital,24.0
u_00736,2026-01-01,start,,print,59.0
u_00737,2025-02-20,start,,digital,24.0
u_00737,2025-04-21,cancel,digital,,0.0
u_00738,2025-04-29,start,,digital,24.0
u_00738,2025-10-26,upgrade,digital,premium,39.0
u_00738,2026-05-24,downgrade,premium,digital,24.0
u_00739,2025-07-04,start,,premium,39.0
u_00740,2025-07-20,start,,free,0.0
u_00740,2026-06-15,upgrade,free,digital,24.0
u_00741,2024-11-02,start,,digital,24.0
u_00741,2025-07-30,cancel,digital,,0.0
u_00742,2025-01-09,start,,digital,24.0
u_00742,2025-04-09,cancel,digital,,0.0
u_00743,2026-03-24,start,,digital,24.0
u_00744,2024-11-01,start,,premium,39.0
u_00745,2025-09-11,start,,digital,24.0
u_00745,2025-10-11,cancel,digital,,0.0
u_00746,2025-09-05,start,,free,0.0
u_00747,2025-05-21,start,,free,0.0
u_00748,2025-07-31,start,,print,59.0
u_00749,2026-01-28,start,,print,59.0
u_00750,2026-03-09,start,,print,59.0
u_00751,2025-03-30,start,,free,0.0
u_00752,2025-05-14,start,,free,0.0
u_00752,2025-08-12,upgrade,free,digital,24.0
u_00752,2025-10-11,upgrade,digital,premium,39.0
u_00753,2025-03-17,start,,digital,24.0
u_00754,2025-09-02,start,,digital,24.0
u_00755,2025-12-22,start,,free,0.0
u_00756,2025-03-07,start,,digital,24.0
u_00756,2025-09-03,cancel,digital,,0.0
u_00757,2025-05-20,start,,free,0.0
u_00757,2026-04-15,upgrade,free,digital,24.0
u_00758,2026-05-12,start,,free,0.0
u_00759,2024-12-05,start,,free,0.0
u_00759,2025-06-03,upgrade,free,digital,24.0
u_00760,2025-08-21,start,,free,0.0
u_00761,2026-01-06,start,,free,0.0
u_00761,2026-05-06,upgrade,free,digital,24.0
u_00762,2025-01-22,start,,premium,39.0
u_00763,2024-12-04,start,,digital,24.0
u_00764,2025-01-18,start,,premium,39.0
u_00765,2026-05-03,start,,free,0.0
u_00766,2024-11-07,start,,free,0.0
u_00766,2025-03-07,upgrade,free,digital,24.0
u_00767,2025-02-06,start,,free,0.0
u_00768,2024-11-23,start,,digital,24.0
u_00768,2025-06-21,cancel,digital,,0.0
u_00769,2025-01-09,start,,free,0.0
u_00769,2025-11-05,upgrade,free,digital,24.0
u_00770,2025-11-07,start,,digital,24.0
u_00771,2025-03-17,start,,digital,24.0
u_00772,2025-10-02,start,,premium,39.0
u_00773,2025-10-17,start,,free,0.0
u_00774,2026-03-14,start,,free,0.0
u_00775,2024-11-04,start,,free,0.0
u_00775,2025-07-02,cancel,free,,0.0
u_00776,2026-03-17,start,,free,0.0
u_00777,2025-11-06,start,,digital,24.0
u_00778,2025-01-26,start,,free,0.0
u_00778,2025-09-23,upgrade,free,digital,24.0
u_00779,2026-01-26,start,,digital,24.0
u_00780,2026-03-19,start,,free,0.0
u_00780,2026-05-18,upgrade,free,digital,24.0
u_00781,2025-03-26,start,,print,59.0
u_00782,2026-05-03,start,,print,59.0
u_00783,2025-08-16,start,,free,0.0
u_00783,2026-05-13,upgrade,free,digital,24.0
u_00784,2025-10-26,start,,premium,39.0
u_00785,2026-06-19,start,,free,0.0
u_00786,2025-06-11,start,,digital,24.0
u_00786,2025-09-09,cancel,digital,,0.0
u_00787,2026-02-16,start,,premium,39.0
u_00788,2025-05-11,start,,digital,24.0
u_00789,2026-02-06,start,,digital,24.0
u_00790,2025-10-24,start,,free,0.0
u_00791,2025-02-27,start,,digital,24.0
u_00792,2025-07-18,start,,digital,24.0
u_00793,2025-05-10,start,,free,0.0
u_00794,2024-12-27,start,,free,0.0
u_00795,2024-11-22,start,,digital,24.0
u_00795,2025-05-21,cancel,digital,,0.0
u_00796,2025-05-31,start,,digital,24.0
u_00797,2024-11-14,start,,free,0.0
u_00798,2025-01-27,start,,premium,39.0
u_00798,2025-09-24,cancel,premium,,0.0
u_00799,2026-01-10,start,,digital,24.0
u_00800,2026-01-04,start,,free,0.0
u_00800,2026-06-03,cancel,free,,0.0
u_00801,2026-01-14,start,,free,0.0
u_00801,2026-03-15,upgrade,free,digital,24.0
u_00802,2025-05-10,start,,digital,24.0
u_00802,2025-09-07,upgrade,digital,premium,39.0
u_00802,2026-06-04,downgrade,premium,digital,24.0
u_00803,2026-04-13,start,,digital,24.0
u_00804,2025-10-19,start,,digital,24.0
u_00804,2025-11-18,cancel,digital,,0.0
u_00805,2025-01-14,start,,free,0.0
u_00805,2025-11-10,upgrade,free,digital,24.0
u_00806,2025-01-20,start,,digital,24.0
u_00806,2025-03-21,cancel,digital,,0.0
u_00807,2025-12-30,start,,digital,24.0
u_00807,2026-06-28,upgrade,digital,premium,39.0
u_00808,2025-01-29,start,,digital,24.0
u_00808,2025-09-26,cancel,digital,,0.0
u_00809,2025-09-11,start,,free,0.0
u_00810,2026-06-25,start,,digital,24.0
u_00811,2024-11-03,start,,free,0.0
u_00811,2026-01-27,upgrade,free,digital,24.0
u_00811,2026-04-27,upgrade,digital,premium,39.0
u_00812,2024-11-12,start,,free,0.0
u_00812,2025-11-07,upgrade,free,digital,24.0
u_00813,2026-06-26,start,,digital,24.0
u_00814,2025-10-13,start,,digital,24.0
u_00814,2026-06-10,upgrade,digital,premium,39.0
u_00815,2025-01-14,start,,free,0.0
u_00815,2026-02-08,upgrade,free,digital,24.0
u_00816,2026-04-18,start,,digital,24.0
u_00817,2026-04-06,start,,free,0.0
u_00818,2025-09-20,start,,free,0.0
u_00819,2025-11-08,start,,free,0.0
u_00819,2026-05-07,upgrade,free,digital,24.0
u_00820,2025-04-08,start,,free,0.0
u_00820,2025-05-08,upgrade,free,digital,24.0
u_00820,2025-08-06,upgrade,digital,premium,39.0
u_00820,2026-01-03,upgrade,premium,print,59.0
u_00821,2024-12-07,start,,digital,24.0
u_00822,2025-10-20,start,,digital,24.0
u_00823,2025-04-24,start,,digital,24.0
u_00823,2025-10-21,cancel,digital,,0.0
u_00824,2025-12-08,start,,free,0.0
u_00825,2026-03-05,start,,free,0.0
u_00825,2026-04-04,upgrade,free,digital,24.0
u_00826,2024-11-14,start,,free,0.0
u_00826,2026-03-09,upgrade,free,digital,24.0
u_00826,2026-06-07,cancel,digital,,0.0
u_00827,2025-10-21,start,,digital,24.0
u_00827,2026-05-19,cancel,digital,,0.0
u_00828,2025-03-09,start,,free,0.0
u_00828,2025-07-07,cancel,free,,0.0
u_00829,2026-04-01,start,,free,0.0
u_00830,2025-03-25,start,,digital,24.0
u_00831,2025-10-31,start,,digital,24.0
u_00831,2025-11-30,cancel,digital,,0.0
u_00832,2025-09-26,start,,free,0.0
u_00832,2026-01-24,upgrade,free,digital,24.0
u_00833,2025-07-06,start,,free,0.0
u_00834,2025-12-18,start,,digital,24.0
u_00835,2026-01-10,start,,free,0.0
u_00836,2025-09-30,start,,free,0.0
u_00837,2026-01-21,start,,premium,39.0
u_00838,2026-06-19,start,,free,0.0
u_00839,2025-07-22,start,,free,0.0
u_00840,2025-09-13,start,,free,0.0
u_00841,2024-11-09,start,,free,0.0
u_00842,2026-02-04,start,,free,0.0
u_00843,2025-09-15,start,,free,0.0
u_00844,2025-07-14,start,,digital,24.0
u_00845,2025-01-03,start,,free,0.0
u_00845,2025-05-03,upgrade,free,digital,24.0
u_00845,2026-04-28,cancel,digital,,0.0
u_00846,2026-04-12,start,,premium,39.0
u_00847,2025-07-05,start,,premium,39.0
u_00848,2025-12-22,start,,free,0.0
u_00849,2025-01-21,start,,free,0.0
u_00849,2025-06-20,upgrade,free,digital,24.0
u_00849,2025-08-19,cancel,digital,,0.0
u_00850,2026-06-03,start,,digital,24.0
u_00851,2025-01-31,start,,print,59.0
u_00852,2025-02-14,start,,premium,39.0
u_00852,2026-02-09,upgrade,premium,print,59.0
u_00853,2026-03-21,start,,free,0.0
u_00854,2026-04-29,start,,free,0.0
u_00855,2025-02-23,start,,free,0.0
u_00855,2026-04-19,upgrade,free,digital,24.0
u_00855,2026-05-19,cancel,digital,,0.0
u_00856,2025-08-27,start,,digital,24.0
u_00857,2026-01-13,start,,digital,24.0
u_00858,2026-04-04,start,,free,0.0
u_00859,2025-06-23,start,,digital,24.0
u_00859,2026-03-20,upgrade,digital,premium,39.0
u_00860,2025-09-14,start,,free,0.0
u_00860,2026-04-12,upgrade,free,digital,24.0
u_00861,2026-01-15,start,,digital,24.0
u_00862,2026-01-12,start,,free,0.0
u_00862,2026-05-12,cancel,free,,0.0
u_00863,2026-01-29,start,,digital,24.0
u_00864,2025-10-02,start,,digital,24.0
u_00864,2026-06-29,cancel,digital,,0.0
u_00865,2025-01-07,start,,digital,24.0
u_00865,2025-05-07,cancel,digital,,0.0
u_00866,2026-04-23,start,,free,0.0
u_00867,2026-03-26,start,,digital,24.0
u_00868,2026-02-06,start,,digital,24.0
u_00869,2025-01-05,start,,free,0.0
u_00869,2025-10-02,upgrade,free,digital,24.0
u_00869,2026-03-01,upgrade,digital,premium,39.0
u_00870,2025-02-18,start,,free,0.0
u_00871,2026-01-16,start,,digital,24.0
u_00872,2024-11-17,start,,free,0.0
u_00873,2026-06-16,start,,free,0.0
u_00874,2025-06-22,start,,free,0.0
u_00875,2026-01-08,start,,free,0.0
u_00876,2026-04-11,start,,free,0.0
u_00876,2026-05-11,upgrade,free,digital,24.0
u_00876,2026-06-10,cancel,digital,,0.0
u_00877,2025-07-04,start,,digital,24.0
u_00877,2025-12-31,upgrade,digital,premium,39.0
u_00877,2026-06-29,cancel,premium,,0.0
u_00878,2025-05-11,start,,free,0.0
u_00878,2026-03-07,upgrade,free,digital,24.0
u_00879,2025-10-30,start,,digital,24.0
u_00880,2025-10-10,start,,free,0.0
u_00881,2025-07-15,start,,free,0.0
u_00881,2026-01-11,cancel,free,,0.0
u_00882,2025-10-25,start,,free,0.0
u_00882,2026-03-24,upgrade,free,digital,24.0
u_00882,2026-06-22,cancel,digital,,0.0
u_00883,2026-05-15,start,,digital,24.0
u_00884,2025-08-26,start,,print,59.0
u_00885,2025-02-12,start,,free,0.0
u_00885,2025-04-13,upgrade,free,digital,24.0
u_00886,2025-06-22,start,,free,0.0
u_00886,2025-08-21,upgrade,free,digital,24.0
u_00887,2025-07-04,start,,free,0.0
u_00887,2025-10-02,upgrade,free,digital,24.0
u_00888,2025-01-16,start,,free,0.0
u_00889,2025-01-26,start,,digital,24.0
u_00890,2025-12-23,start,,free,0.0
u_00891,2025-05-26,start,,print,59.0
u_00892,2026-05-29,start,,digital,24.0
u_00893,2025-03-18,start,,free,0.0
u_00894,2025-01-05,start,,digital,24.0
u_00895,2026-01-19,start,,free,0.0
u_00895,2026-05-19,upgrade,free,digital,24.0
u_00896,2026-04-06,start,,digital,24.0
u_00897,2025-04-12,start,,free,0.0
u_00897,2025-06-11,upgrade,free,digital,24.0
u_00898,2025-02-16,start,,digital,24.0
u_00899,2025-02-05,start,,free,0.0
u_00900,2025-09-16,start,,free,0.0
u_00901,2025-08-26,start,,digital,24.0
u_00901,2026-03-24,upgrade,digital,premium,39.0
u_00902,2025-03-29,start,,free,0.0
u_00902,2025-10-25,upgrade,free,digital,24.0
u_00902,2026-01-23,cancel,digital,,0.0
u_00903,2024-12-03,start,,free,0.0
u_00903,2025-07-01,upgrade,free,digital,24.0
u_00903,2025-09-29,cancel,digital,,0.0
u_00904,2025-09-02,start,,digital,24.0
u_00905,2026-06-01,start,,free,0.0
u_00906,2025-11-30,start,,premium,39.0
u_00907,2025-09-07,start,,digital,24.0
u_00908,2025-01-09,start,,digital,24.0
u_00909,2025-03-24,start,,free,0.0
u_00910,2025-04-24,start,,free,0.0
u_00910,2026-02-18,upgrade,free,digital,24.0
u_00911,2026-01-23,start,,print,59.0
u_00912,2026-04-03,start,,free,0.0
u_00913,2026-04-21,start,,free,0.0
u_00914,2026-06-19,start,,free,0.0
u_00915,2026-06-18,start,,free,0.0
u_00916,2026-05-28,start,,digital,24.0
u_00917,2024-12-22,start,,digital,24.0
u_00918,2025-01-18,start,,digital,24.0
u_00919,2025-05-01,start,,premium,39.0
u_00919,2026-03-27,upgrade,premium,print,59.0
u_00920,2025-09-26,start,,free,0.0
u_00920,2026-06-23,upgrade,free,digital,24.0
u_00921,2025-01-04,start,,free,0.0
u_00921,2026-01-29,upgrade,free,digital,24.0
u_00922,2026-03-12,start,,free,0.0
u_00923,2025-11-05,start,,digital,24.0
u_00924,2025-09-22,start,,free,0.0
u_00924,2026-01-20,upgrade,free,digital,24.0
u_00925,2025-01-27,start,,digital,24.0
u_00926,2025-03-25,start,,free,0.0
u_00927,2025-01-25,start,,digital,24.0
u_00927,2025-02-24,upgrade,digital,premium,39.0
u_00928,2026-03-16,start,,digital,24.0
u_00929,2025-10-12,start,,premium,39.0
u_00929,2026-05-10,cancel,premium,,0.0
u_00930,2026-01-13,start,,free,0.0
u_00931,2025-04-25,start,,print,59.0
u_00931,2026-03-21,cancel,print,,0.0
u_00932,2025-06-18,start,,free,0.0
u_00932,2026-06-13,upgrade,free,digital,24.0
u_00933,2025-07-12,start,,free,0.0
u_00934,2026-01-21,start,,free,0.0
u_00935,2026-01-25,start,,free,0.0
u_00935,2026-02-24,upgrade,free,digital,24.0
u_00936,2025-02-20,start,,digital,24.0
u_00937,2026-05-20,start,,free,0.0
u_00938,2025-01-12,start,,free,0.0
u_00939,2026-04-17,start,,digital,24.0
u_00940,2025-01-06,start,,digital,24.0
u_00940,2026-05-31,cancel,digital,,0.0
u_00941,2025-04-02,start,,digital,24.0
u_00942,2026-03-12,start,,digital,24.0
u_00943,2025-01-31,start,,free,0.0
u_00943,2025-04-01,upgrade,free,digital,24.0
u_00943,2025-05-01,cancel,digital,,0.0
u_00944,2025-07-18,start,,digital,24.0
u_00944,2025-11-15,cancel,digital,,0.0
u_00945,2025-08-13,start,,free,0.0
u_00945,2025-09-12,cancel,free,,0.0
u_00946,2025-03-19,start,,free,0.0
u_00946,2026-06-12,upgrade,free,digital,24.0
u_00947,2026-01-05,start,,free,0.0
u_00947,2026-02-04,upgrade,free,digital,24.0
u_00947,2026-03-06,cancel,digital,,0.0
u_00948,2026-03-16,start,,digital,24.0
u_00949,2026-04-02,start,,free,0.0
u_00950,2025-05-26,start,,digital,24.0
u_00950,2026-06-20,cancel,digital,,0.0
u_00951,2025-09-19,start,,free,0.0
u_00952,2025-03-22,start,,free,0.0
u_00952,2025-07-20,upgrade,free,digital,24.0
u_00952,2026-03-17,cancel,digital,,0.0
u_00953,2025-03-19,start,,free,0.0
u_00953,2026-02-12,cancel,free,,0.0
u_00954,2025-01-25,start,,free,0.0
u_00955,2026-05-18,start,,free,0.0
u_00956,2026-04-11,start,,digital,24.0
u_00957,2026-01-27,start,,free,0.0
u_00958,2025-09-14,start,,free,0.0
u_00958,2026-01-12,upgrade,free,digital,24.0
u_00959,2025-09-05,start,,digital,24.0
u_00960,2025-09-18,start,,free,0.0
u_00961,2025-09-20,start,,free,0.0
u_00962,2025-08-02,start,,free,0.0
u_00963,2025-01-16,start,,free,0.0
u_00963,2025-03-17,upgrade,free,digital,24.0
u_00963,2025-08-14,cancel,digital,,0.0
u_00964,2025-01-14,start,,free,0.0
u_00964,2025-09-11,upgrade,free,digital,24.0
u_00965,2026-05-27,start,,digital,24.0
u_00966,2025-09-03,start,,free,0.0
u_00967,2026-05-28,start,,digital,24.0
u_00968,2025-01-26,start,,free,0.0
u_00969,2025-09-26,start,,digital,24.0
u_00970,2025-02-20,start,,digital,24.0
u_00970,2025-10-18,upgrade,digital,premium,39.0
u_00971,2025-03-25,start,,free,0.0
u_00971,2026-03-20,upgrade,free,digital,24.0
u_00972,2024-11-22,start,,free,0.0
u_00972,2025-02-20,upgrade,free,digital,24.0
u_00972,2025-10-18,cancel,digital,,0.0
u_00973,2025-01-12,start,,free,0.0
u_00973,2025-08-10,upgrade,free,digital,24.0
u_00973,2026-02-06,upgrade,digital,premium,39.0
u_00974,2026-05-02,start,,print,59.0
u_00975,2025-05-13,start,,print,59.0
u_00976,2025-10-30,start,,free,0.0
u_00976,2026-02-27,cancel,free,,0.0
u_00977,2025-08-24,start,,digital,24.0
u_00978,2025-07-09,start,,free,0.0
u_00978,2025-11-06,upgrade,free,digital,24.0
u_00979,2025-09-19,start,,free,0.0
u_00980,2025-02-06,start,,digital,24.0
u_00981,2026-06-22,start,,free,0.0
u_00982,2026-02-20,start,,free,0.0
u_00983,2026-01-15,start,,digital,24.0
u_00984,2025-08-27,start,,free,0.0
u_00984,2026-06-23,upgrade,free,digital,24.0
u_00985,2025-01-23,start,,digital,24.0
u_00986,2026-05-05,start,,free,0.0
u_00987,2025-05-27,start,,free,0.0
u_00987,2026-02-21,upgrade,free,digital,24.0
u_00988,2024-12-06,start,,free,0.0
u_00988,2026-06-29,upgrade,free,digital,24.0
u_00989,2025-05-28,start,,print,59.0
u_00990,2026-02-03,start,,free,0.0
u_00991,2025-11-09,start,,free,0.0
u_00992,2026-01-18,start,,digital,24.0
u_00993,2026-02-02,start,,print,59.0
u_00994,2025-02-23,start,,premium,39.0
u_00994,2025-12-20,cancel,premium,,0.0
u_00995,2026-05-07,start,,digital,24.0
u_00995,2026-06-06,cancel,digital,,0.0
u_00996,2025-08-05,start,,free,0.0
u_00997,2025-11-21,start,,digital,24.0
u_00997,2026-03-21,cancel,digital,,0.0
u_00998,2024-11-02,start,,digital,24.0
u_00999,2026-06-26,start,,premium,39.0
u_01000,2025-04-14,start,,digital,24.0
u_01001,2024-12-15,start,,free,0.0
u_01001,2025-07-13,upgrade,free,digital,24.0
u_01002,2025-08-19,start,,free,0.0
u_01003,2025-01-15,start,,digital,24.0
u_01003,2026-01-10,cancel,digital,,0.0
u_01004,2025-01-22,start,,free,0.0
u_01004,2025-05-22,upgrade,free,digital,24.0
u_01004,2025-06-21,upgrade,digital,premium,39.0
u_01005,2025-11-16,start,,free,0.0
u_01006,2025-07-03,start,,free,0.0
u_01007,2026-05-05,start,,digital,24.0
u_01008,2025-05-11,start,,premium,39.0
u_01009,2026-01-10,start,,digital,24.0
u_01009,2026-06-09,cancel,digital,,0.0
u_01010,2025-08-21,start,,premium,39.0
u_01011,2025-12-06,start,,digital,24.0
u_01011,2026-02-04,cancel,digital,,0.0
u_01012,2025-10-24,start,,digital,24.0
u_01013,2025-08-29,start,,free,0.0
u_01013,2026-05-26,upgrade,free,digital,24.0
u_01014,2026-05-26,start,,digital,24.0
u_01015,2025-05-28,start,,free,0.0
u_01015,2026-05-23,upgrade,free,digital,24.0
u_01016,2025-01-31,start,,free,0.0
u_01017,2025-12-19,start,,free,0.0
u_01017,2026-02-17,upgrade,free,digital,24.0
u_01018,2026-03-12,start,,digital,24.0
u_01019,2024-11-29,start,,digital,24.0
u_01020,2025-08-13,start,,premium,39.0
u_01021,2026-04-14,start,,print,59.0
u_01022,2026-01-18,start,,premium,39.0
u_01022,2026-03-19,cancel,premium,,0.0
u_01023,2026-06-25,start,,free,0.0
u_01024,2025-09-19,start,,premium,39.0
u_01025,2025-12-06,start,,digital,24.0
u_01026,2025-04-29,start,,premium,39.0
u_01026,2025-12-25,cancel,premium,,0.0
u_01027,2026-05-24,start,,free,0.0
u_01028,2025-06-14,start,,free,0.0
u_01028,2026-06-09,upgrade,free,digital,24.0
u_01029,2026-01-14,start,,premium,39.0
u_01030,2025-07-11,start,,free,0.0
u_01030,2025-09-09,upgrade,free,digital,24.0
u_01031,2025-09-29,start,,free,0.0
u_01031,2026-03-28,upgrade,free,digital,24.0
u_01032,2026-01-08,start,,free,0.0
u_01033,2025-09-11,start,,free,0.0
u_01033,2025-11-10,upgrade,free,digital,24.0
u_01034,2026-04-25,start,,free,0.0
u_01035,2025-07-22,start,,print,59.0
u_01036,2025-11-27,start,,premium,39.0
u_01037,2025-05-28,start,,premium,39.0
u_01037,2025-12-24,cancel,premium,,0.0
u_01038,2025-07-14,start,,free,0.0
u_01039,2025-08-06,start,,free,0.0
u_01040,2025-01-14,start,,free,0.0
u_01041,2025-01-03,start,,free,0.0
u_01041,2025-09-30,upgrade,free,digital,24.0
u_01042,2025-12-11,start,,free,0.0
u_01043,2025-12-03,start,,digital,24.0
u_01044,2025-12-08,start,,print,59.0
u_01044,2026-02-06,cancel,print,,0.0
u_01045,2024-11-15,start,,free,0.0
u_01046,2025-05-17,start,,free,0.0
u_01046,2026-02-11,upgrade,free,digital,24.0
u_01047,2025-02-13,start,,free,0.0
u_01047,2025-08-12,upgrade,free,digital,24.0
u_01048,2026-01-27,start,,free,0.0
u_01049,2026-03-23,start,,free,0.0
u_01050,2025-03-20,start,,free,0.0
u_01050,2025-08-17,upgrade,free,digital,24.0
u_01050,2025-10-16,cancel,digital,,0.0
u_01051,2025-12-11,start,,free,0.0
u_01052,2025-01-15,start,,free,0.0
u_01052,2025-06-14,upgrade,free,digital,24.0
u_01052,2025-11-11,cancel,digital,,0.0
u_01053,2025-04-10,start,,digital,24.0
u_01053,2025-09-07,cancel,digital,,0.0
u_01054,2025-01-18,start,,free,0.0
u_01055,2025-04-16,start,,free,0.0
u_01055,2026-01-11,upgrade,free,digital,24.0
u_01056,2025-12-16,start,,free,0.0
u_01057,2026-04-27,start,,free,0.0
u_01058,2025-02-17,start,,digital,24.0
u_01059,2025-09-22,start,,digital,24.0
u_01060,2026-01-02,start,,premium,39.0
u_01061,2026-05-28,start,,digital,24.0
u_01062,2025-10-31,start,,free,0.0
u_01063,2025-03-26,start,,free,0.0
u_01063,2026-02-19,upgrade,free,digital,24.0
u_01063,2026-05-20,cancel,digital,,0.0
u_01064,2025-11-11,start,,free,0.0
u_01065,2025-05-12,start,,free,0.0
u_01065,2026-02-06,upgrade,free,digital,24.0
u_01066,2026-06-13,start,,premium,39.0
u_01067,2025-07-08,start,,free,0.0
u_01068,2025-12-24,start,,free,0.0
u_01068,2026-04-23,upgrade,free,digital,24.0
u_01069,2024-11-17,start,,free,0.0
u_01070,2025-07-08,start,,free,0.0
u_01071,2026-04-02,start,,premium,39.0
u_01072,2025-10-31,start,,free,0.0
u_01073,2025-08-09,start,,free,0.0
u_01073,2025-09-08,upgrade,free,digital,24.0
u_01073,2026-04-06,cancel,digital,,0.0
u_01074,2026-05-16,start,,free,0.0
u_01075,2026-03-18,start,,digital,24.0
u_01076,2025-05-13,start,,free,0.0
u_01077,2025-09-23,start,,digital,24.0
u_01078,2025-09-05,start,,free,0.0
u_01078,2026-05-03,upgrade,free,digital,24.0
u_01079,2025-11-16,start,,free,0.0
u_01079,2026-01-15,cancel,free,,0.0
u_01080,2025-05-22,start,,premium,39.0
u_01080,2025-11-18,cancel,premium,,0.0
u_01081,2025-03-18,start,,free,0.0
u_01081,2025-05-17,upgrade,free,digital,24.0
u_01082,2026-04-29,start,,free,0.0
u_01083,2026-05-07,start,,digital,24.0
u_01084,2026-03-10,start,,free,0.0
u_01085,2026-06-15,start,,free,0.0
u_01086,2026-01-17,start,,digital,24.0
u_01087,2026-01-23,start,,free,0.0
u_01088,2026-01-22,start,,free,0.0
u_01089,2025-09-02,start,,free,0.0
u_01090,2025-08-18,start,,digital,24.0
u_01091,2025-03-16,start,,free,0.0
u_01092,2025-11-25,start,,free,0.0
u_01093,2025-04-20,start,,digital,24.0
u_01094,2025-03-28,start,,digital,24.0
u_01095,2025-10-14,start,,print,59.0
u_01096,2025-07-15,start,,free,0.0
u_01097,2025-02-28,start,,free,0.0
u_01097,2025-07-28,upgrade,free,digital,24.0
u_01097,2025-11-25,cancel,digital,,0.0
u_01098,2026-02-19,start,,free,0.0
u_01099,2026-03-22,start,,digital,24.0
u_01100,2025-01-27,start,,free,0.0
u_01101,2024-11-06,start,,digital,24.0
u_01101,2024-12-06,cancel,digital,,0.0
u_01102,2025-05-23,start,,free,0.0
u_01103,2026-02-05,start,,digital,24.0
u_01104,2026-03-07,start,,digital,24.0
u_01105,2025-01-18,start,,free,0.0
u_01106,2026-01-26,start,,print,59.0
u_01107,2025-01-11,start,,print,59.0
u_01108,2025-07-01,start,,free,0.0
u_01108,2026-05-27,upgrade,free,digital,24.0
u_01109,2026-06-30,start,,free,0.0
u_01110,2025-02-09,start,,digital,24.0
u_01110,2025-08-08,cancel,digital,,0.0
u_01111,2025-01-23,start,,free,0.0
u_01111,2025-04-23,upgrade,free,digital,24.0
u_01112,2025-07-25,start,,free,0.0
u_01112,2025-12-22,upgrade,free,digital,24.0
u_01113,2025-11-07,start,,free,0.0
u_01114,2026-05-13,start,,print,59.0
u_01115,2026-06-17,start,,free,0.0
u_01116,2024-12-20,start,,digital,24.0
u_01116,2025-02-18,cancel,digital,,0.0
u_01117,2025-01-18,start,,free,0.0
u_01117,2025-09-15,upgrade,free,digital,24.0
u_01118,2026-01-31,start,,free,0.0
u_01119,2025-04-06,start,,premium,39.0
u_01119,2025-07-05,cancel,premium,,0.0
u_01120,2026-04-09,start,,free,0.0
u_01121,2025-12-08,start,,free,0.0
u_01122,2025-01-09,start,,free,0.0
u_01122,2026-01-04,upgrade,free,digital,24.0
u_01123,2026-03-02,start,,digital,24.0
u_01123,2026-04-01,cancel,digital,,0.0
u_01124,2025-01-30,start,,free,0.0
u_01125,2025-07-25,start,,free,0.0
u_01126,2025-09-25,start,,free,0.0
u_01127,2025-09-09,start,,free,0.0
u_01127,2026-02-06,upgrade,free,digital,24.0
u_01128,2025-12-25,start,,free,0.0
u_01129,2025-12-01,start,,free,0.0
u_01130,2026-06-25,start,,free,0.0
u_01131,2026-06-30,start,,free,0.0
u_01132,2025-09-14,start,,digital,24.0
u_01133,2025-01-04,start,,digital,24.0
u_01134,2026-01-11,start,,free,0.0
u_01134,2026-04-11,upgrade,free,digital,24.0
u_01134,2026-06-10,cancel,digital,,0.0
u_01135,2026-06-14,start,,free,0.0
u_01136,2025-05-11,start,,free,0.0
u_01137,2025-08-21,start,,print,59.0
u_01138,2025-07-26,start,,free,0.0
u_01139,2024-12-07,start,,free,0.0
u_01139,2025-01-06,upgrade,free,digital,24.0
u_01139,2025-06-05,cancel,digital,,0.0
u_01140,2025-12-15,start,,free,0.0
u_01140,2026-05-14,upgrade,free,digital,24.0
u_01141,2025-06-05,start,,free,0.0
u_01141,2026-01-01,upgrade,free,digital,24.0
u_01142,2026-01-30,start,,free,0.0
u_01143,2026-03-02,start,,free,0.0
u_01144,2026-02-22,start,,digital,24.0
u_01144,2026-06-22,cancel,digital,,0.0
u_01145,2025-07-20,start,,digital,24.0
u_01146,2025-05-13,start,,digital,24.0
u_01146,2025-08-11,cancel,digital,,0.0
u_01147,2026-01-18,start,,digital,24.0
u_01148,2026-02-08,start,,free,0.0
u_01149,2025-09-06,start,,premium,39.0
u_01150,2026-04-15,start,,digital,24.0
u_01151,2025-01-20,start,,digital,24.0
u_01151,2025-04-20,cancel,digital,,0.0
u_01152,2026-04-05,start,,digital,24.0
u_01153,2025-01-04,start,,free,0.0
u_01153,2025-02-03,upgrade,free,digital,24.0
u_01153,2026-05-29,cancel,digital,,0.0
u_01154,2025-01-23,start,,free,0.0
u_01155,2025-09-19,start,,free,0.0
u_01156,2024-12-19,start,,free,0.0
u_01156,2025-04-18,upgrade,free,digital,24.0
u_01156,2026-01-13,upgrade,digital,premium,39.0
u_01157,2024-12-08,start,,free,0.0
u_01157,2025-12-03,upgrade,free,digital,24.0
u_01158,2024-11-01,start,,free,0.0
u_01158,2026-02-24,upgrade,free,digital,24.0
u_01159,2025-08-03,start,,free,0.0
u_01160,2026-01-26,start,,premium,39.0
u_01161,2024-11-25,start,,digital,24.0
u_01162,2025-11-30,start,,digital,24.0
u_01163,2026-02-24,start,,free,0.0
u_01164,2025-01-28,start,,digital,24.0
u_01164,2025-05-28,upgrade,digital,premium,39.0
u_01164,2025-12-24,downgrade,premium,digital,24.0
u_01164,2026-03-24,upgrade,digital,premium,39.0
u_01165,2025-01-21,start,,premium,39.0
u_01165,2025-06-20,cancel,premium,,0.0
u_01166,2026-03-23,start,,digital,24.0
u_01167,2026-02-24,start,,digital,24.0
u_01168,2025-09-21,start,,free,0.0
u_01169,2026-02-21,start,,free,0.0
u_01170,2025-01-03,start,,digital,24.0
u_01171,2025-07-04,start,,print,59.0
u_01172,2026-01-14,start,,free,0.0
u_01173,2025-03-28,start,,free,0.0
u_01174,2026-01-19,start,,free,0.0
u_01175,2025-09-10,start,,free,0.0
u_01176,2026-01-18,start,,print,59.0
u_01176,2026-02-17,cancel,print,,0.0
u_01177,2025-08-24,start,,digital,24.0
u_01178,2025-06-15,start,,free,0.0
u_01178,2025-11-12,upgrade,free,digital,24.0
u_01179,2025-03-01,start,,free,0.0
u_01180,2025-02-21,start,,free,0.0
u_01181,2026-01-19,start,,free,0.0
u_01181,2026-03-20,cancel,free,,0.0
u_01182,2025-01-12,start,,free,0.0
u_01182,2025-02-11,upgrade,free,digital,24.0
u_01182,2026-02-06,cancel,digital,,0.0
u_01183,2025-01-01,start,,digital,24.0
u_01183,2026-04-26,cancel,digital,,0.0
u_01184,2025-01-30,start,,digital,24.0
u_01184,2026-04-25,cancel,digital,,0.0
u_01185,2025-01-30,start,,free,0.0
u_01185,2025-09-27,upgrade,free,digital,24.0
u_01186,2026-02-24,start,,digital,24.0
u_01186,2026-03-26,cancel,digital,,0.0
u_01187,2025-07-07,start,,digital,24.0
u_01188,2026-06-24,start,,free,0.0
u_01189,2025-01-18,start,,digital,24.0
u_01190,2025-12-01,start,,digital,24.0
u_01191,2025-08-12,start,,digital,24.0
u_01192,2025-07-03,start,,free,0.0
u_01193,2026-04-02,start,,free,0.0
u_01194,2026-06-13,start,,free,0.0
u_01195,2026-03-31,start,,free,0.0
u_01195,2026-04-30,upgrade,free,digital,24.0
u_01196,2025-02-09,start,,free,0.0
u_01196,2026-06-04,upgrade,free,digital,24.0
u_01197,2025-03-02,start,,digital,24.0
u_01197,2025-07-30,cancel,digital,,0.0
u_01198,2025-12-03,start,,free,0.0
u_01199,2025-04-20,start,,free,0.0
u_01199,2025-12-16,upgrade,free,digital,24.0
u_01200,2026-01-13,start,,print,59.0
u_01201,2025-09-30,start,,free,0.0
u_01202,2025-09-25,start,,free,0.0
u_01202,2026-05-23,upgrade,free,digital,24.0
u_01203,2026-02-27,start,,digital,24.0
u_01204,2026-01-05,start,,free,0.0
u_01205,2024-11-20,start,,free,0.0
u_01205,2025-05-19,cancel,free,,0.0
u_01206,2024-12-06,start,,digital,24.0
u_01207,2025-10-25,start,,free,0.0
u_01207,2025-11-24,upgrade,free,digital,24.0
u_01208,2025-09-04,start,,free,0.0
u_01209,2025-03-30,start,,free,0.0
u_01210,2025-07-22,start,,digital,24.0
u_01210,2026-04-18,cancel,digital,,0.0
u_01211,2026-01-21,start,,free,0.0
u_01212,2026-02-26,start,,digital,24.0
u_01213,2025-09-28,start,,free,0.0
u_01213,2025-11-27,upgrade,free,digital,24.0
u_01214,2025-06-28,start,,digital,24.0
u_01214,2025-11-25,cancel,digital,,0.0
u_01215,2025-04-06,start,,free,0.0
u_01215,2025-06-05,cancel,free,,0.0
u_01216,2025-09-16,start,,free,0.0
u_01217,2025-05-08,start,,free,0.0
u_01218,2025-09-29,start,,digital,24.0
u_01218,2025-10-29,cancel,digital,,0.0
u_01219,2025-12-18,start,,free,0.0
u_01219,2026-02-16,upgrade,free,digital,24.0
u_01220,2024-12-18,start,,free,0.0
u_01220,2025-06-16,upgrade,free,digital,24.0
u_01221,2024-11-01,start,,free,0.0
u_01221,2024-12-01,upgrade,free,digital,24.0
u_01221,2024-12-31,cancel,digital,,0.0
u_01222,2025-02-24,start,,free,0.0
u_01222,2026-06-19,cancel,free,,0.0
u_01223,2026-04-16,start,,digital,24.0
u_01224,2025-11-26,start,,free,0.0
u_01224,2026-03-26,upgrade,free,digital,24.0
u_01225,2025-01-29,start,,free,0.0
u_01226,2026-04-13,start,,free,0.0
u_01227,2025-08-27,start,,free,0.0
u_01228,2025-09-01,start,,free,0.0
u_01228,2026-06-28,upgrade,free,digital,24.0
u_01229,2026-05-15,start,,free,0.0
u_01229,2026-06-14,cancel,free,,0.0
u_01230,2024-12-13,start,,free,0.0
u_01230,2025-02-11,upgrade,free,digital,24.0
u_01230,2025-03-13,cancel,digital,,0.0
u_01231,2025-02-26,start,,premium,39.0
u_01232,2025-10-14,start,,free,0.0
u_01232,2026-01-12,upgrade,free,digital,24.0
u_01233,2025-02-12,start,,digital,24.0
u_01233,2025-11-09,cancel,digital,,0.0
u_01234,2025-12-20,start,,free,0.0
u_01234,2026-02-18,cancel,free,,0.0
u_01235,2025-02-25,start,,free,0.0
u_01235,2025-10-23,upgrade,free,digital,24.0
u_01235,2026-04-21,cancel,digital,,0.0
u_01236,2025-01-05,start,,free,0.0
u_01236,2025-10-02,upgrade,free,digital,24.0
u_01236,2026-05-30,upgrade,digital,premium,39.0
u_01237,2025-02-20,start,,free,0.0
u_01237,2025-07-20,upgrade,free,digital,24.0
u_01238,2025-07-25,start,,digital,24.0
u_01239,2025-01-30,start,,digital,24.0
u_01239,2025-06-29,cancel,digital,,0.0
u_01240,2025-01-17,start,,digital,24.0
u_01241,2026-03-22,start,,digital,24.0
u_01242,2025-05-12,start,,free,0.0
u_01243,2025-06-10,start,,free,0.0
u_01244,2024-12-10,start,,digital,24.0
u_01244,2025-01-09,cancel,digital,,0.0
u_01245,2025-06-08,start,,free,0.0
u_01246,2025-04-02,start,,free,0.0
u_01246,2025-11-28,upgrade,free,digital,24.0
u_01246,2026-01-27,upgrade,digital,premium,39.0
u_01247,2025-10-31,start,,premium,39.0
u_01248,2025-02-19,start,,print,59.0
u_01249,2026-04-11,start,,digital,24.0
u_01250,2026-05-11,start,,free,0.0
u_01251,2025-01-05,start,,digital,24.0
u_01252,2025-01-08,start,,free,0.0
u_01253,2025-01-10,start,,free,0.0
u_01253,2025-04-10,upgrade,free,digital,24.0
u_01253,2025-09-07,cancel,digital,,0.0
u_01254,2025-11-07,start,,free,0.0
u_01255,2025-01-13,start,,premium,39.0
u_01256,2026-03-17,start,,premium,39.0
u_01257,2026-01-20,start,,digital,24.0
u_01258,2026-02-21,start,,free,0.0
u_01259,2025-09-17,start,,free,0.0
u_01260,2026-06-28,start,,free,0.0
u_01261,2024-12-02,start,,premium,39.0
u_01261,2025-11-27,cancel,premium,,0.0
u_01262,2025-07-09,start,,free,0.0
u_01262,2025-09-07,upgrade,free,digital,24.0
u_01262,2026-05-05,cancel,digital,,0.0
u_01263,2025-05-15,start,,free,0.0
u_01264,2026-05-25,start,,digital,24.0
u_01265,2025-10-07,start,,free,0.0
u_01266,2026-02-11,start,,digital,24.0
u_01267,2025-01-28,start,,free,0.0
u_01267,2025-05-28,upgrade,free,digital,24.0
u_01267,2026-04-23,cancel,digital,,0.0
u_01268,2026-06-15,start,,digital,24.0
u_01269,2025-09-08,start,,free,0.0
u_01269,2026-03-07,upgrade,free,digital,24.0
u_01269,2026-06-05,cancel,digital,,0.0
u_01270,2025-09-06,start,,free,0.0
u_01270,2026-05-04,upgrade,free,digital,24.0
u_01271,2026-06-10,start,,free,0.0
u_01272,2025-06-24,start,,free,0.0
u_01273,2025-07-06,start,,digital,24.0
u_01274,2025-10-13,start,,free,0.0
u_01275,2025-01-15,start,,free,0.0
u_01275,2025-02-14,upgrade,free,digital,24.0
u_01275,2025-04-15,cancel,digital,,0.0
u_01276,2025-05-13,start,,digital,24.0
u_01277,2025-02-10,start,,free,0.0
u_01277,2025-07-10,cancel,free,,0.0
u_01278,2025-01-06,start,,digital,24.0
u_01279,2026-03-26,start,,digital,24.0
u_01280,2025-10-16,start,,free,0.0
u_01280,2025-12-15,cancel,free,,0.0
u_01281,2025-06-09,start,,digital,24.0
u_01282,2025-07-14,start,,free,0.0
u_01282,2025-10-12,upgrade,free,digital,24.0
u_01283,2025-07-31,start,,free,0.0
u_01283,2025-11-28,upgrade,free,digital,24.0
u_01283,2025-12-28,cancel,digital,,0.0
u_01284,2025-11-17,start,,free,0.0
u_01285,2026-05-09,start,,digital,24.0
u_01286,2026-05-13,start,,digital,24.0
u_01287,2025-07-02,start,,free,0.0
u_01288,2025-05-19,start,,print,59.0
u_01288,2026-05-14,cancel,print,,0.0
u_01289,2025-08-14,start,,free,0.0
u_01289,2025-10-13,upgrade,free,digital,24.0
u_01289,2025-12-12,upgrade,digital,premium,39.0
u_01290,2025-10-01,start,,premium,39.0
u_01290,2026-02-28,cancel,premium,,0.0
u_01291,2025-08-22,start,,digital,24.0
u_01292,2025-12-05,start,,premium,39.0
u_01292,2026-01-04,downgrade,premium,digital,24.0
u_01292,2026-02-03,upgrade,digital,premium,39.0
u_01293,2025-09-26,start,,premium,39.0
u_01293,2026-04-24,cancel,premium,,0.0
u_01294,2025-05-12,start,,print,59.0
u_01295,2025-05-30,start,,free,0.0
u_01296,2025-06-23,start,,digital,24.0
u_01296,2025-07-23,cancel,digital,,0.0
u_01297,2025-01-04,start,,digital,24.0
u_01297,2025-09-01,cancel,digital,,0.0
u_01298,2025-01-27,start,,digital,24.0
u_01299,2026-01-09,start,,free,0.0
u_01300,2025-06-30,start,,print,59.0
u_01301,2025-02-25,start,,free,0.0
u_01301,2025-04-26,upgrade,free,digital,24.0
u_01301,2025-11-22,upgrade,digital,premium,39.0
u_01301,2026-03-22,upgrade,premium,print,59.0
u_01302,2025-09-29,start,,free,0.0
u_01302,2026-01-27,upgrade,free,digital,24.0
u_01303,2026-01-20,start,,free,0.0
u_01304,2025-03-28,start,,free,0.0
u_01304,2025-04-27,upgrade,free,digital,24.0
u_01305,2026-02-26,start,,digital,24.0
u_01306,2026-05-09,start,,free,0.0
u_01307,2025-10-22,start,,digital,24.0
u_01307,2026-05-20,upgrade,digital,premium,39.0
u_01308,2025-12-12,start,,digital,24.0
u_01309,2024-12-08,start,,free,0.0
u_01309,2025-04-07,upgrade,free,digital,24.0
u_01309,2025-09-04,cancel,digital,,0.0
u_01310,2026-05-22,start,,digital,24.0
u_01311,2025-07-03,start,,free,0.0
u_01312,2026-05-07,start,,digital,24.0
u_01313,2025-10-09,start,,print,59.0
u_01313,2025-12-08,cancel,print,,0.0
u_01314,2024-11-04,start,,free,0.0
u_01315,2024-11-28,start,,digital,24.0
u_01316,2025-12-20,start,,free,0.0
u_01317,2025-09-29,start,,free,0.0
u_01318,2024-11-20,start,,digital,24.0
u_01318,2025-06-18,cancel,digital,,0.0
u_01319,2026-01-16,start,,free,0.0
u_01319,2026-05-16,upgrade,free,digital,24.0
u_01319,2026-06-15,upgrade,digital,premium,39.0
u_01320,2026-03-16,start,,digital,24.0
u_01321,2025-09-07,start,,free,0.0
u_01321,2026-05-05,upgrade,free,digital,24.0
u_01322,2025-08-24,start,,free,0.0
u_01322,2026-05-21,upgrade,free,digital,24.0
u_01323,2024-11-04,start,,premium,39.0
u_01323,2024-12-04,cancel,premium,,0.0
u_01324,2026-01-30,start,,free,0.0
u_01325,2025-05-20,start,,digital,24.0
u_01326,2026-04-05,start,,free,0.0
u_01327,2025-06-19,start,,digital,24.0
u_01327,2025-11-16,cancel,digital,,0.0
u_01328,2025-09-30,start,,digital,24.0
u_01329,2025-04-06,start,,free,0.0
u_01330,2025-01-25,start,,free,0.0
u_01331,2026-01-26,start,,free,0.0
u_01332,2025-09-07,start,,print,59.0
u_01333,2025-09-20,start,,free,0.0
u_01334,2026-06-06,start,,free,0.0
u_01335,2026-06-04,start,,digital,24.0
u_01336,2026-03-19,start,,free,0.0
u_01336,2026-06-17,cancel,free,,0.0
u_01337,2025-02-06,start,,free,0.0
u_01337,2025-07-06,upgrade,free,digital,24.0
u_01337,2025-12-03,cancel,digital,,0.0
u_01338,2025-10-20,start,,free,0.0
u_01338,2025-11-19,upgrade,free,digital,24.0
u_01339,2026-04-04,start,,free,0.0
u_01340,2025-06-20,start,,digital,24.0
u_01341,2025-01-06,start,,premium,39.0
u_01342,2026-02-15,start,,premium,39.0
u_01343,2025-09-03,start,,premium,39.0
u_01343,2026-01-31,upgrade,premium,print,59.0
u_01344,2025-09-29,start,,free,0.0
u_01345,2026-06-18,start,,free,0.0
u_01346,2025-10-29,start,,digital,24.0
u_01346,2026-01-27,cancel,digital,,0.0
u_01347,2025-07-26,start,,print,59.0
u_01348,2025-06-17,start,,digital,24.0
u_01348,2026-02-12,cancel,digital,,0.0
u_01349,2025-07-21,start,,free,0.0
u_01349,2026-01-17,cancel,free,,0.0
u_01350,2025-01-11,start,,digital,24.0
u_01350,2025-09-08,cancel,digital,,0.0
u_01351,2026-02-03,start,,digital,24.0
u_01351,2026-06-03,upgrade,digital,premium,39.0
u_01352,2026-03-06,start,,premium,39.0
u_01353,2025-04-16,start,,digital,24.0
u_01353,2026-02-10,cancel,digital,,0.0
u_01354,2025-04-30,start,,free,0.0
u_01355,2026-04-01,start,,free,0.0
u_01356,2024-11-18,start,,free,0.0
u_01356,2025-05-17,upgrade,free,digital,24.0
u_01357,2025-09-15,start,,free,0.0
u_01357,2026-01-13,upgrade,free,digital,24.0
u_01357,2026-02-12,cancel,digital,,0.0
u_01358,2025-08-23,start,,premium,39.0
u_01359,2025-12-27,start,,free,0.0
u_01360,2025-01-26,start,,free,0.0
u_01360,2025-03-27,upgrade,free,digital,24.0
u_01361,2025-12-12,start,,free,0.0
u_01362,2025-06-22,start,,digital,24.0
u_01363,2025-11-06,start,,free,0.0
u_01363,2026-02-04,upgrade,free,digital,24.0
u_01364,2024-11-29,start,,free,0.0
u_01364,2025-05-28,upgrade,free,digital,24.0
u_01364,2025-10-25,cancel,digital,,0.0
u_01365,2025-08-22,start,,premium,39.0
u_01366,2025-09-16,start,,free,0.0
u_01366,2025-10-16,upgrade,free,digital,24.0
u_01367,2025-02-25,start,,free,0.0
u_01367,2025-12-22,upgrade,free,digital,24.0
u_01367,2026-02-20,upgrade,digital,premium,39.0
u_01368,2025-01-18,start,,free,0.0
u_01368,2026-04-13,upgrade,free,digital,24.0
u_01369,2025-02-07,start,,digital,24.0
u_01369,2025-04-08,cancel,digital,,0.0
u_01370,2025-05-29,start,,digital,24.0
u_01371,2025-01-04,start,,premium,39.0
u_01372,2026-05-24,start,,free,0.0
u_01373,2025-07-12,start,,print,59.0
u_01374,2026-02-13,start,,digital,24.0
u_01375,2026-06-12,start,,free,0.0
u_01376,2024-12-28,start,,free,0.0
u_01376,2025-03-28,upgrade,free,digital,24.0
u_01377,2025-11-30,start,,free,0.0
u_01378,2026-03-30,start,,premium,39.0
u_01379,2025-11-17,start,,free,0.0
u_01379,2026-03-17,upgrade,free,digital,24.0
u_01380,2025-07-29,start,,free,0.0
u_01381,2025-07-31,start,,digital,24.0
u_01381,2025-08-30,cancel,digital,,0.0
u_01382,2024-11-26,start,,premium,39.0
u_01382,2024-12-26,cancel,premium,,0.0
u_01383,2025-09-20,start,,digital,24.0
u_01383,2025-11-19,upgrade,digital,premium,39.0
u_01384,2026-06-26,start,,digital,24.0
u_01385,2026-06-01,start,,free,0.0
u_01386,2024-11-29,start,,premium,39.0
u_01387,2026-01-04,start,,free,0.0
u_01388,2025-04-29,start,,free,0.0
u_01388,2025-11-25,cancel,free,,0.0
u_01389,2026-04-22,start,,print,59.0
u_01390,2024-12-03,start,,free,0.0
u_01390,2025-04-02,upgrade,free,digital,24.0
u_01391,2026-05-15,start,,free,0.0
u_01392,2026-03-06,start,,digital,24.0
u_01393,2025-01-11,start,,free,0.0
u_01394,2024-12-13,start,,free,0.0
u_01394,2025-02-11,upgrade,free,digital,24.0
u_01395,2026-03-04,start,,digital,24.0
u_01395,2026-06-02,cancel,digital,,0.0
u_01396,2025-01-24,start,,digital,24.0
u_01396,2026-04-19,cancel,digital,,0.0
u_01397,2025-09-20,start,,digital,24.0
u_01398,2026-05-01,start,,free,0.0
u_01399,2025-09-30,start,,digital,24.0
u_01400,2025-07-06,start,,digital,24.0
u_01400,2025-08-05,upgrade,digital,premium,39.0
u_01401,2025-08-10,start,,free,0.0
u_01401,2025-10-09,cancel,free,,0.0
u_01402,2024-12-16,start,,free,0.0
u_01402,2025-02-14,upgrade,free,digital,24.0
u_01402,2025-11-11,cancel,digital,,0.0
u_01403,2026-06-08,start,,free,0.0
u_01404,2025-05-05,start,,free,0.0
u_01404,2025-10-02,upgrade,free,digital,24.0
u_01405,2025-02-07,start,,free,0.0
u_01406,2025-04-18,start,,digital,24.0
u_01406,2025-11-14,upgrade,digital,premium,39.0
u_01407,2026-06-05,start,,print,59.0
u_01408,2025-01-04,start,,free,0.0
u_01409,2026-03-27,start,,digital,24.0
u_01410,2026-01-04,start,,free,0.0
u_01410,2026-02-03,upgrade,free,digital,24.0
u_01411,2026-03-01,start,,free,0.0
u_01412,2026-06-13,start,,digital,24.0
u_01413,2026-03-09,start,,free,0.0
u_01414,2026-05-21,start,,premium,39.0
u_01415,2025-01-14,start,,free,0.0
u_01416,2026-02-04,start,,free,0.0
u_01416,2026-05-05,upgrade,free,digital,24.0
u_01417,2025-09-23,start,,free,0.0
u_01418,2025-09-23,start,,free,0.0
u_01419,2026-04-19,start,,premium,39.0
u_01420,2026-06-10,start,,digital,24.0
u_01421,2026-01-03,start,,free,0.0
u_01422,2025-09-03,start,,free,0.0
u_01423,2025-08-18,start,,digital,24.0
u_01424,2025-06-28,start,,digital,24.0
u_01425,2025-06-11,start,,free,0.0
u_01425,2025-07-11,upgrade,free,digital,24.0
u_01426,2025-07-02,start,,free,0.0
u_01426,2025-12-29,upgrade,free,digital,24.0
u_01427,2025-01-02,start,,free,0.0
u_01427,2026-01-27,upgrade,free,digital,24.0
u_01427,2026-05-27,upgrade,digital,premium,39.0
u_01428,2024-12-26,start,,free,0.0
u_01428,2026-04-20,upgrade,free,digital,24.0
u_01429,2026-01-28,start,,free,0.0
u_01429,2026-02-27,cancel,free,,0.0
u_01430,2025-08-10,start,,free,0.0
u_01431,2026-05-12,start,,free,0.0
u_01432,2025-11-02,start,,free,0.0
u_01433,2024-11-26,start,,free,0.0
u_01434,2025-01-24,start,,premium,39.0
u_01434,2025-12-20,downgrade,premium,digital,24.0
u_01435,2025-02-19,start,,digital,24.0
u_01435,2025-03-21,upgrade,digital,premium,39.0
u_01436,2026-06-13,start,,free,0.0
u_01437,2025-02-28,start,,free,0.0
u_01437,2025-06-28,upgrade,free,digital,24.0
u_01437,2026-06-23,cancel,digital,,0.0
u_01438,2025-09-14,start,,free,0.0
u_01438,2025-10-14,upgrade,free,digital,24.0
u_01438,2026-04-12,cancel,digital,,0.0
u_01439,2026-05-16,start,,premium,39.0
u_01440,2026-06-14,start,,digital,24.0
u_01441,2025-03-13,start,,free,0.0
u_01442,2024-12-06,start,,premium,39.0
u_01443,2025-01-23,start,,digital,24.0
u_01443,2025-04-23,cancel,digital,,0.0
u_01444,2024-12-16,start,,digital,24.0
u_01445,2025-02-11,start,,free,0.0
u_01445,2026-04-07,upgrade,free,digital,24.0
u_01446,2025-10-01,start,,free,0.0
u_01446,2025-10-31,upgrade,free,digital,24.0
u_01447,2026-04-29,start,,digital,24.0
u_01448,2025-09-21,start,,free,0.0
u_01448,2025-10-21,upgrade,free,digital,24.0
u_01449,2025-11-11,start,,digital,24.0
u_01450,2025-02-16,start,,digital,24.0
u_01451,2026-02-07,start,,free,0.0
u_01452,2025-11-06,start,,free,0.0
u_01453,2026-03-25,start,,free,0.0
u_01453,2026-04-24,upgrade,free,digital,24.0
u_01453,2026-05-24,upgrade,digital,premium,39.0
u_01454,2026-05-25,start,,free,0.0
u_01455,2025-06-01,start,,digital,24.0
u_01455,2026-02-26,cancel,digital,,0.0
u_01456,2025-01-02,start,,digital,24.0
u_01457,2025-03-05,start,,free,0.0
u_01458,2025-08-04,start,,digital,24.0
u_01459,2026-05-23,start,,free,0.0
u_01460,2025-06-23,start,,digital,24.0
u_01461,2026-01-25,start,,free,0.0
u_01462,2025-09-22,start,,digital,24.0
u_01463,2025-02-02,start,,digital,24.0
u_01463,2025-05-03,upgrade,digital,premium,39.0
u_01463,2025-10-30,cancel,premium,,0.0
u_01464,2025-05-12,start,,free,0.0
u_01465,2025-12-01,start,,digital,24.0
u_01466,2025-12-15,start,,premium,39.0
u_01467,2025-08-02,start,,free,0.0
u_01468,2025-03-07,start,,digital,24.0
u_01469,2026-01-09,start,,print,59.0
u_01470,2025-01-28,start,,premium,39.0
u_01471,2026-05-16,start,,free,0.0
u_01472,2025-02-06,start,,digital,24.0
u_01472,2025-08-05,upgrade,digital,premium,39.0
u_01472,2026-06-01,downgrade,premium,digital,24.0
u_01473,2025-01-08,start,,print,59.0
u_01474,2025-09-08,start,,digital,24.0
u_01475,2025-09-15,start,,free,0.0
u_01475,2025-11-14,upgrade,free,digital,24.0
u_01475,2026-04-13,upgrade,digital,premium,39.0
u_01476,2025-09-11,start,,free,0.0
u_01477,2025-08-04,start,,digital,24.0
u_01478,2026-06-27,start,,free,0.0
u_01479,2025-09-04,start,,free,0.0
u_01480,2025-09-01,start,,free,0.0
u_01480,2025-12-30,upgrade,free,digital,24.0
u_01480,2026-03-30,upgrade,digital,premium,39.0
u_01481,2025-07-24,start,,digital,24.0
u_01482,2024-12-18,start,,free,0.0
u_01482,2025-03-18,upgrade,free,digital,24.0
u_01482,2026-06-11,cancel,digital,,0.0
u_01483,2025-10-19,start,,premium,39.0
u_01483,2026-02-16,downgrade,premium,digital,24.0
u_01484,2025-03-07,start,,digital,24.0
u_01484,2025-10-03,cancel,digital,,0.0
u_01485,2025-11-20,start,,print,59.0
u_01486,2024-12-07,start,,premium,39.0
u_01487,2026-06-17,start,,free,0.0
u_01488,2025-08-27,start,,digital,24.0
u_01489,2026-04-17,start,,free,0.0
u_01490,2025-08-31,start,,print,59.0
u_01491,2024-12-14,start,,free,0.0
u_01491,2025-01-13,cancel,free,,0.0
u_01492,2026-02-23,start,,digital,24.0
u_01493,2025-11-27,start,,digital,24.0
u_01494,2026-01-29,start,,free,0.0
u_01494,2026-02-28,upgrade,free,digital,24.0
u_01495,2025-07-28,start,,digital,24.0
u_01496,2025-11-20,start,,free,0.0
u_01496,2026-04-19,upgrade,free,digital,24.0
u_01497,2026-03-19,start,,free,0.0
u_01498,2025-11-15,start,,free,0.0
u_01499,2025-06-01,start,,free,0.0
u_01500,2025-12-08,start,,digital,24.0
u_01501,2025-12-14,start,,premium,39.0
u_01502,2026-06-02,start,,free,0.0
u_01503,2025-06-17,start,,digital,24.0
u_01503,2026-04-13,upgrade,digital,premium,39.0
u_01504,2025-07-26,start,,premium,39.0
u_01505,2026-02-16,start,,digital,24.0
u_01506,2025-09-10,start,,free,0.0
u_01507,2026-01-14,start,,premium,39.0
u_01508,2025-08-20,start,,free,0.0
u_01509,2025-02-26,start,,digital,24.0
u_01509,2025-12-23,cancel,digital,,0.0
u_01510,2026-01-17,start,,digital,24.0
u_01511,2025-01-16,start,,digital,24.0
u_01511,2025-09-13,upgrade,digital,premium,39.0
u_01512,2025-02-14,start,,free,0.0
u_01512,2026-06-09,cancel,free,,0.0
u_01513,2025-11-12,start,,free,0.0
u_01513,2026-03-12,upgrade,free,digital,24.0
u_01514,2026-01-17,start,,digital,24.0
u_01514,2026-04-17,cancel,digital,,0.0
u_01515,2026-04-16,start,,free,0.0
u_01516,2025-04-08,start,,free,0.0
u_01516,2026-01-03,upgrade,free,digital,24.0
u_01516,2026-02-02,upgrade,digital,premium,39.0
u_01517,2025-01-09,start,,digital,24.0
u_01518,2026-05-30,start,,digital,24.0
u_01519,2025-01-23,start,,free,0.0
u_01519,2026-06-17,upgrade,free,digital,24.0
u_01520,2025-02-13,start,,free,0.0
u_01521,2025-04-21,start,,print,59.0
u_01522,2025-09-18,start,,free,0.0
u_01522,2026-01-16,upgrade,free,digital,24.0
u_01523,2026-04-07,start,,free,0.0
u_01524,2026-01-22,start,,free,0.0
u_01525,2026-01-05,start,,free,0.0
u_01526,2025-01-30,start,,print,59.0
u_01527,2025-06-08,start,,free,0.0
u_01527,2025-08-07,upgrade,free,digital,24.0
u_01528,2025-09-01,start,,free,0.0
u_01529,2025-01-21,start,,free,0.0
u_01529,2025-04-21,upgrade,free,digital,24.0
u_01529,2026-04-16,cancel,digital,,0.0
u_01530,2025-04-08,start,,free,0.0
u_01530,2025-12-04,upgrade,free,digital,24.0
u_01531,2025-05-03,start,,free,0.0
u_01531,2025-11-29,cancel,free,,0.0
u_01532,2025-01-14,start,,print,59.0
u_01532,2025-12-10,cancel,print,,0.0
u_01533,2025-09-25,start,,digital,24.0
u_01534,2026-01-03,start,,free,0.0
u_01535,2024-12-21,start,,free,0.0
u_01536,2025-09-02,start,,free,0.0
u_01536,2025-10-02,upgrade,free,digital,24.0
u_01536,2025-12-31,upgrade,digital,premium,39.0
u_01537,2026-01-29,start,,free,0.0
u_01538,2026-01-18,start,,digital,24.0
u_01539,2026-02-18,start,,free,0.0
u_01540,2025-08-12,start,,digital,24.0
u_01540,2025-10-11,cancel,digital,,0.0
u_01541,2026-02-22,start,,premium,39.0
u_01542,2025-03-16,start,,free,0.0
u_01542,2025-12-11,upgrade,free,digital,24.0
u_01543,2025-06-10,start,,premium,39.0
u_01544,2025-01-30,start,,free,0.0
u_01544,2025-09-27,upgrade,free,digital,24.0
u_01545,2025-08-26,start,,free,0.0
u_01545,2026-01-23,upgrade,free,digital,24.0
u_01546,2025-07-03,start,,digital,24.0
u_01546,2026-06-28,cancel,digital,,0.0
u_01547,2025-03-16,start,,free,0.0
u_01547,2026-06-09,cancel,free,,0.0
u_01548,2026-01-19,start,,digital,24.0
u_01549,2025-05-07,start,,digital,24.0
u_01549,2025-07-06,cancel,digital,,0.0
u_01550,2025-04-08,start,,free,0.0
u_01550,2026-03-04,upgrade,free,digital,24.0
u_01551,2025-01-15,start,,premium,39.0
u_01552,2025-08-05,start,,free,0.0
u_01552,2025-09-04,cancel,free,,0.0
u_01553,2025-04-30,start,,digital,24.0
u_01553,2025-08-28,cancel,digital,,0.0
u_01554,2025-06-16,start,,free,0.0
u_01554,2026-06-11,upgrade,free,digital,24.0
u_01555,2025-03-13,start,,free,0.0
u_01555,2025-07-11,upgrade,free,digital,24.0
u_01556,2026-01-22,start,,free,0.0
u_01557,2026-05-11,start,,premium,39.0
u_01558,2025-09-08,start,,free,0.0
u_01559,2025-11-24,start,,premium,39.0
u_01560,2026-03-27,start,,free,0.0
u_01560,2026-05-26,cancel,free,,0.0
u_01561,2026-06-30,start,,free,0.0
u_01562,2025-11-02,start,,free,0.0
u_01563,2026-04-12,start,,free,0.0
u_01564,2026-04-26,start,,premium,39.0
u_01565,2026-02-01,start,,free,0.0
u_01566,2025-08-21,start,,digital,24.0
u_01567,2024-12-29,start,,digital,24.0
u_01567,2025-03-29,cancel,digital,,0.0
u_01568,2024-11-12,start,,free,0.0
u_01568,2025-10-08,upgrade,free,digital,24.0
u_01568,2026-02-05,upgrade,digital,premium,39.0
u_01569,2025-09-01,start,,digital,24.0
u_01569,2026-01-29,cancel,digital,,0.0
u_01570,2025-09-07,start,,premium,39.0
u_01570,2026-01-05,cancel,premium,,0.0
u_01571,2025-07-14,start,,digital,24.0
u_01571,2025-11-11,cancel,digital,,0.0
u_01572,2025-10-01,start,,free,0.0
u_01572,2025-10-31,upgrade,free,digital,24.0
u_01572,2026-05-29,upgrade,digital,premium,39.0
u_01573,2025-09-25,start,,digital,24.0
u_01573,2026-05-23,cancel,digital,,0.0
u_01574,2026-03-05,start,,digital,24.0
u_01574,2026-06-03,upgrade,digital,premium,39.0
u_01575,2025-01-08,start,,free,0.0
u_01576,2025-03-05,start,,digital,24.0
u_01576,2026-05-29,cancel,digital,,0.0
u_01577,2026-02-02,start,,free,0.0
u_01578,2026-03-13,start,,digital,24.0
u_01579,2026-06-27,start,,print,59.0
u_01580,2026-03-31,start,,print,59.0
u_01581,2026-04-13,start,,digital,24.0
u_01582,2025-05-08,start,,digital,24.0
u_01583,2025-07-09,start,,digital,24.0
u_01583,2025-08-08,upgrade,digital,premium,39.0
u_01584,2025-04-05,start,,free,0.0
u_01584,2025-09-02,upgrade,free,digital,24.0
u_01584,2026-03-31,upgrade,digital,premium,39.0
u_01585,2025-10-28,start,,free,0.0
u_01585,2026-04-26,upgrade,free,digital,24.0
u_01586,2026-05-18,start,,free,0.0
u_01587,2025-05-30,start,,free,0.0
u_01587,2026-03-26,upgrade,free,digital,24.0
u_01588,2025-09-27,start,,print,59.0
u_01589,2025-04-25,start,,premium,39.0
u_01589,2025-12-21,cancel,premium,,0.0
u_01590,2025-01-28,start,,free,0.0
u_01590,2025-12-24,upgrade,free,digital,24.0
u_01591,2025-02-11,start,,free,0.0
u_01592,2024-12-12,start,,digital,24.0
u_01592,2025-04-11,cancel,digital,,0.0
u_01593,2026-05-25,start,,free,0.0
u_01594,2025-07-10,start,,digital,24.0
u_01595,2026-03-03,start,,print,59.0
u_01596,2025-12-21,start,,free,0.0
u_01597,2025-02-09,start,,free,0.0
u_01598,2025-01-30,start,,free,0.0
u_01599,2026-02-16,start,,free,0.0
u_01600,2025-04-02,start,,free,0.0
u_01600,2026-02-26,upgrade,free,digital,24.0
u_01601,2026-04-29,start,,free,0.0
u_01602,2025-01-18,start,,free,0.0
u_01602,2025-11-14,upgrade,free,digital,24.0
u_01602,2026-01-13,cancel,digital,,0.0
u_01603,2025-12-18,start,,free,0.0
u_01604,2026-02-17,start,,free,0.0
u_01604,2026-03-19,upgrade,free,digital,24.0
u_01605,2025-03-12,start,,digital,24.0
u_01606,2025-04-10,start,,free,0.0
u_01607,2026-06-05,start,,premium,39.0
u_01608,2025-04-02,start,,free,0.0
u_01608,2025-06-01,upgrade,free,digital,24.0
u_01608,2026-06-26,cancel,digital,,0.0
u_01609,2025-07-30,start,,free,0.0
u_01609,2025-09-28,upgrade,free,digital,24.0
u_01609,2026-06-25,cancel,digital,,0.0
u_01610,2025-08-01,start,,free,0.0
u_01611,2025-03-25,start,,digital,24.0
u_01611,2025-08-22,cancel,digital,,0.0
u_01612,2026-01-27,start,,free,0.0
u_01613,2026-01-25,start,,free,0.0
u_01614,2025-06-23,start,,free,0.0
u_01615,2026-03-04,start,,print,59.0
u_01616,2025-02-24,start,,free,0.0
u_01616,2026-05-20,upgrade,free,digital,24.0
u_01617,2024-11-04,start,,free,0.0
u_01617,2025-04-03,upgrade,free,digital,24.0
u_01618,2025-10-03,start,,premium,39.0
u_01619,2026-06-26,start,,free,0.0
u_01620,2024-11-28,start,,free,0.0
u_01621,2025-02-21,start,,digital,24.0
u_01621,2026-02-16,cancel,digital,,0.0
u_01622,2025-09-15,start,,free,0.0
u_01622,2026-02-12,upgrade,free,digital,24.0
u_01623,2026-02-14,start,,free,0.0
u_01624,2025-01-02,start,,free,0.0
u_01624,2025-07-31,upgrade,free,digital,24.0
u_01625,2025-07-05,start,,free,0.0
u_01626,2026-01-17,start,,premium,39.0
u_01627,2025-06-18,start,,digital,24.0
u_01628,2025-02-07,start,,digital,24.0
u_01628,2025-07-07,cancel,digital,,0.0
u_01629,2025-02-12,start,,free,0.0
u_01629,2025-04-13,upgrade,free,digital,24.0
u_01630,2025-07-15,start,,digital,24.0
u_01631,2025-09-02,start,,digital,24.0
u_01632,2026-03-23,start,,free,0.0
u_01633,2025-11-23,start,,premium,39.0
u_01634,2025-12-28,start,,digital,24.0
u_01635,2026-06-18,start,,digital,24.0
u_01636,2025-07-17,start,,free,0.0
u_01636,2026-01-13,upgrade,free,digital,24.0
u_01636,2026-05-13,upgrade,digital,premium,39.0
u_01637,2025-07-11,start,,free,0.0
u_01638,2026-05-07,start,,digital,24.0
u_01639,2025-03-20,start,,digital,24.0
u_01639,2025-05-19,upgrade,digital,premium,39.0
u_01640,2026-01-12,start,,free,0.0
u_01640,2026-04-12,cancel,free,,0.0
u_01641,2026-01-20,start,,free,0.0
u_01642,2025-01-05,start,,digital,24.0
u_01642,2025-04-05,cancel,digital,,0.0
u_01643,2025-08-26,start,,free,0.0
u_01644,2025-02-15,start,,free,0.0
u_01644,2025-05-16,cancel,free,,0.0
u_01645,2025-02-04,start,,digital,24.0
u_01645,2025-08-03,cancel,digital,,0.0
u_01646,2025-08-23,start,,free,0.0
u_01647,2025-04-20,start,,free,0.0
u_01647,2026-04-15,upgrade,free,digital,24.0
u_01648,2026-02-04,start,,free,0.0
u_01649,2026-04-25,start,,premium,39.0
u_01650,2026-02-09,start,,free,0.0
u_01651,2025-04-03,start,,digital,24.0
u_01651,2026-01-28,cancel,digital,,0.0
u_01652,2025-04-09,start,,print,59.0
u_01653,2025-03-26,start,,digital,24.0
u_01654,2025-01-17,start,,free,0.0
u_01655,2026-05-21,start,,free,0.0
u_01656,2025-07-10,start,,free,0.0
u_01656,2026-03-07,upgrade,free,digital,24.0
u_01657,2025-03-04,start,,digital,24.0
u_01658,2026-03-13,start,,print,59.0
u_01659,2025-07-08,start,,digital,24.0
u_01659,2026-04-04,cancel,digital,,0.0
u_01660,2024-11-26,start,,free,0.0
u_01660,2026-05-20,upgrade,free,digital,24.0
u_01661,2025-01-26,start,,free,0.0
u_01661,2025-10-23,upgrade,free,digital,24.0
u_01662,2025-11-21,start,,premium,39.0
u_01663,2026-01-29,start,,free,0.0
u_01663,2026-04-29,upgrade,free,digital,24.0
u_01664,2025-02-23,start,,digital,24.0
u_01664,2025-10-21,cancel,digital,,0.0
u_01665,2026-05-02,start,,free,0.0
u_01666,2026-03-16,start,,digital,24.0
u_01666,2026-04-15,upgrade,digital,premium,39.0
u_01667,2026-03-14,start,,digital,24.0
u_01668,2025-03-07,start,,free,0.0
u_01669,2024-12-07,start,,free,0.0
u_01669,2025-04-06,upgrade,free,digital,24.0
u_01670,2026-03-27,start,,digital,24.0
u_01671,2025-05-02,start,,free,0.0
u_01671,2026-01-27,cancel,free,,0.0
u_01672,2025-11-06,start,,free,0.0
u_01673,2026-01-21,start,,free,0.0
u_01674,2025-01-15,start,,free,0.0
u_01674,2025-05-15,cancel,free,,0.0
u_01675,2026-01-28,start,,digital,24.0
u_01676,2026-05-17,start,,free,0.0
u_01677,2026-01-11,start,,free,0.0
u_01678,2025-08-07,start,,premium,39.0
u_01679,2026-04-03,start,,free,0.0
u_01680,2025-09-17,start,,free,0.0
u_01681,2026-01-16,start,,digital,24.0
u_01682,2026-02-22,start,,premium,39.0
u_01683,2026-01-18,start,,digital,24.0
u_01684,2025-04-19,start,,digital,24.0
u_01685,2025-01-11,start,,free,0.0
u_01685,2025-05-11,cancel,free,,0.0
u_01686,2025-03-14,start,,free,0.0
u_01687,2025-09-09,start,,premium,39.0
u_01687,2025-12-08,cancel,premium,,0.0
u_01688,2025-09-10,start,,premium,39.0
u_01689,2025-10-11,start,,digital,24.0
u_01690,2025-07-05,start,,free,0.0
u_01690,2025-11-02,upgrade,free,digital,24.0
u_01691,2026-01-30,start,,free,0.0
u_01691,2026-03-01,upgrade,free,digital,24.0
u_01692,2026-04-29,start,,free,0.0
u_01693,2025-03-20,start,,premium,39.0
u_01694,2026-01-14,start,,digital,24.0
u_01695,2025-12-19,start,,free,0.0
u_01695,2026-03-19,upgrade,free,digital,24.0
u_01696,2025-09-16,start,,free,0.0
u_01697,2025-02-07,start,,free,0.0
u_01698,2026-02-04,start,,free,0.0
u_01699,2026-06-02,start,,digital,24.0
u_01700,2026-01-09,start,,digital,24.0
u_01701,2026-05-03,start,,free,0.0
u_01702,2026-06-19,start,,digital,24.0
u_01703,2025-06-04,start,,print,59.0
u_01704,2025-11-20,start,,free,0.0
u_01704,2026-04-19,upgrade,free,digital,24.0
u_01705,2025-08-30,start,,free,0.0
u_01705,2025-11-28,upgrade,free,digital,24.0
u_01706,2026-06-21,start,,free,0.0
u_01707,2025-01-03,start,,free,0.0
u_01707,2025-02-02,upgrade,free,digital,24.0
u_01707,2025-08-31,upgrade,digital,premium,39.0
u_01708,2025-07-17,start,,free,0.0
u_01708,2026-05-13,upgrade,free,digital,24.0
u_01709,2026-04-02,start,,digital,24.0
u_01710,2025-04-16,start,,free,0.0
u_01711,2026-01-30,start,,free,0.0
u_01711,2026-05-30,cancel,free,,0.0
u_01712,2025-06-26,start,,premium,39.0
u_01712,2025-07-26,cancel,premium,,0.0
u_01713,2026-06-16,start,,free,0.0
u_01714,2026-04-08,start,,digital,24.0
u_01715,2025-04-28,start,,digital,24.0
u_01715,2025-07-27,cancel,digital,,0.0
u_01716,2026-01-25,start,,digital,24.0
u_01717,2025-05-24,start,,digital,24.0
u_01717,2025-06-23,upgrade,digital,premium,39.0
u_01717,2026-04-19,cancel,premium,,0.0
u_01718,2025-10-28,start,,digital,24.0
u_01719,2025-12-05,start,,digital,24.0
u_01719,2026-05-04,cancel,digital,,0.0
u_01720,2026-02-28,start,,free,0.0
u_01720,2026-04-29,upgrade,free,digital,24.0
u_01721,2024-11-18,start,,free,0.0
u_01721,2025-01-17,upgrade,free,digital,24.0
u_01722,2025-03-01,start,,free,0.0
u_01722,2025-12-26,upgrade,free,digital,24.0
u_01723,2026-01-06,start,,free,0.0
u_01724,2025-09-29,start,,free,0.0
u_01725,2025-09-07,start,,free,0.0
u_01726,2024-12-10,start,,free,0.0
u_01726,2025-07-08,upgrade,free,digital,24.0
u_01727,2025-06-01,start,,free,0.0
u_01727,2025-07-31,upgrade,free,digital,24.0
u_01727,2026-01-27,cancel,digital,,0.0
u_01728,2026-03-26,start,,free,0.0
u_01729,2024-11-23,start,,digital,24.0
u_01729,2025-11-18,cancel,digital,,0.0
u_01730,2025-07-06,start,,digital,24.0
u_01730,2025-11-03,cancel,digital,,0.0
u_01731,2026-05-22,start,,digital,24.0
u_01732,2024-12-07,start,,free,0.0
u_01732,2026-01-31,upgrade,free,digital,24.0
u_01733,2026-01-18,start,,premium,39.0
u_01734,2025-03-28,start,,digital,24.0
u_01734,2026-02-21,upgrade,digital,premium,39.0
u_01735,2026-03-27,start,,free,0.0
u_01735,2026-06-25,upgrade,free,digital,24.0
u_01736,2026-01-17,start,,print,59.0
u_01737,2026-04-10,start,,free,0.0
u_01738,2025-02-26,start,,digital,24.0
u_01738,2025-10-24,upgrade,digital,premium,39.0
u_01739,2025-09-19,start,,digital,24.0
u_01739,2026-05-17,cancel,digital,,0.0
u_01740,2026-01-28,start,,free,0.0
u_01740,2026-02-27,upgrade,free,digital,24.0
u_01741,2025-03-20,start,,digital,24.0
u_01741,2025-12-15,cancel,digital,,0.0
u_01742,2025-03-09,start,,free,0.0
u_01743,2024-11-20,start,,free,0.0
u_01744,2026-06-01,start,,free,0.0
u_01745,2026-01-05,start,,free,0.0
u_01746,2025-11-18,start,,free,0.0
u_01747,2026-01-16,start,,digital,24.0
u_01748,2025-09-19,start,,free,0.0
u_01749,2025-09-01,start,,free,0.0
u_01749,2025-11-30,upgrade,free,digital,24.0
u_01749,2026-01-29,upgrade,digital,premium,39.0
u_01750,2025-08-13,start,,digital,24.0
u_01750,2026-04-10,cancel,digital,,0.0
u_01751,2025-11-22,start,,free,0.0
u_01751,2026-04-21,upgrade,free,digital,24.0
u_01752,2025-02-16,start,,free,0.0
u_01752,2026-06-11,upgrade,free,digital,24.0
u_01753,2026-04-11,start,,digital,24.0
u_01754,2026-02-15,start,,premium,39.0
u_01755,2025-06-02,start,,free,0.0
u_01755,2026-02-27,cancel,free,,0.0
u_01756,2025-10-08,start,,free,0.0
u_01756,2026-02-05,upgrade,free,digital,24.0
u_01757,2025-01-19,start,,digital,24.0
u_01758,2026-06-11,start,,premium,39.0
u_01759,2026-04-22,start,,free,0.0
u_01760,2026-05-05,start,,free,0.0
u_01761,2025-05-21,start,,free,0.0
u_01761,2026-05-16,upgrade,free,digital,24.0
u_01762,2025-01-28,start,,digital,24.0
u_01762,2025-04-28,upgrade,digital,premium,39.0
u_01763,2025-02-23,start,,premium,39.0
u_01764,2025-01-02,start,,digital,24.0
u_01765,2025-01-12,start,,free,0.0
u_01765,2025-12-08,upgrade,free,digital,24.0
u_01766,2024-12-22,start,,digital,24.0
u_01766,2025-08-19,cancel,digital,,0.0
u_01767,2026-06-23,start,,digital,24.0
u_01768,2024-12-24,start,,free,0.0
u_01769,2025-01-16,start,,digital,24.0
u_01769,2026-02-10,upgrade,digital,premium,39.0
u_01770,2026-02-27,start,,free,0.0
u_01771,2025-10-10,start,,free,0.0
u_01771,2026-06-07,upgrade,free,digital,24.0
u_01772,2026-01-26,start,,digital,24.0
u_01772,2026-06-25,cancel,digital,,0.0
u_01773,2025-11-15,start,,free,0.0
u_01773,2026-01-14,cancel,free,,0.0
u_01774,2026-04-07,start,,print,59.0
u_01775,2025-11-20,start,,free,0.0
u_01776,2025-09-16,start,,free,0.0
u_01776,2026-05-14,upgrade,free,digital,24.0
u_01777,2026-01-06,start,,free,0.0
u_01777,2026-03-07,upgrade,free,digital,24.0
u_01778,2025-08-11,start,,free,0.0
u_01778,2025-09-10,upgrade,free,digital,24.0
u_01779,2025-05-31,start,,free,0.0
u_01779,2026-01-26,upgrade,free,digital,24.0
u_01780,2025-08-26,start,,digital,24.0
u_01781,2025-01-28,start,,free,0.0
u_01781,2025-11-24,upgrade,free,digital,24.0
u_01782,2026-02-05,start,,free,0.0
u_01783,2025-03-30,start,,digital,24.0
u_01783,2025-06-28,cancel,digital,,0.0
u_01784,2025-01-23,start,,free,0.0
u_01785,2025-03-20,start,,digital,24.0
u_01786,2026-03-09,start,,free,0.0
u_01787,2025-05-19,start,,free,0.0
u_01787,2025-07-18,upgrade,free,digital,24.0
u_01787,2026-05-14,upgrade,digital,premium,39.0
u_01788,2025-12-24,start,,digital,24.0
u_01789,2026-03-19,start,,digital,24.0
u_01790,2024-12-26,start,,digital,24.0
u_01790,2025-04-25,cancel,digital,,0.0
u_01791,2026-01-23,start,,free,0.0
u_01792,2025-05-03,start,,free,0.0
u_01792,2025-07-02,upgrade,free,digital,24.0
u_01793,2025-02-27,start,,digital,24.0
u_01794,2025-12-27,start,,digital,24.0
u_01795,2026-04-27,start,,digital,24.0
u_01795,2026-06-26,upgrade,digital,premium,39.0
u_01796,2025-04-24,start,,digital,24.0
u_01796,2025-11-20,cancel,digital,,0.0
u_01797,2025-10-01,start,,digital,24.0
u_01798,2025-04-20,start,,free,0.0
u_01798,2025-06-19,upgrade,free,digital,24.0
u_01798,2025-12-16,cancel,digital,,0.0
u_01799,2025-09-26,start,,digital,24.0
u_01800,2025-11-08,start,,free,0.0
u_01801,2025-10-31,start,,free,0.0
u_01802,2025-11-10,start,,digital,24.0
u_01803,2025-01-17,start,,free,0.0
u_01803,2025-10-14,upgrade,free,digital,24.0
u_01804,2025-12-30,start,,free,0.0
u_01804,2026-01-29,upgrade,free,digital,24.0
u_01805,2025-12-16,start,,premium,39.0
u_01806,2025-12-22,start,,digital,24.0
u_01806,2026-06-20,cancel,digital,,0.0
u_01807,2024-12-24,start,,free,0.0
u_01807,2025-01-23,upgrade,free,digital,24.0
u_01808,2025-08-11,start,,print,59.0
u_01809,2025-07-15,start,,free,0.0
u_01809,2025-09-13,upgrade,free,digital,24.0
u_01810,2025-01-01,start,,digital,24.0
u_01810,2025-06-30,upgrade,digital,premium,39.0
u_01811,2025-03-03,start,,free,0.0
u_01811,2026-04-27,cancel,free,,0.0
u_01812,2025-08-07,start,,free,0.0
u_01812,2026-04-04,upgrade,free,digital,24.0
u_01813,2026-01-16,start,,free,0.0
u_01814,2025-03-13,start,,free,0.0
u_01814,2025-05-12,upgrade,free,digital,24.0
u_01815,2026-02-28,start,,free,0.0
u_01816,2025-09-23,start,,free,0.0
u_01817,2026-01-22,start,,digital,24.0
u_01817,2026-03-23,upgrade,digital,premium,39.0
u_01818,2025-08-29,start,,free,0.0
u_01818,2025-12-27,upgrade,free,digital,24.0
u_01819,2025-09-08,start,,free,0.0
u_01819,2025-11-07,upgrade,free,digital,24.0
u_01820,2025-11-07,start,,print,59.0
u_01821,2026-05-10,start,,digital,24.0
u_01822,2025-09-06,start,,premium,39.0
u_01822,2025-11-05,cancel,premium,,0.0
u_01823,2025-09-18,start,,free,0.0
u_01823,2026-02-15,upgrade,free,digital,24.0
u_01824,2025-10-25,start,,free,0.0
u_01824,2025-11-24,upgrade,free,digital,24.0
u_01825,2026-01-14,start,,digital,24.0
u_01826,2024-12-22,start,,digital,24.0
u_01827,2025-09-14,start,,free,0.0
u_01828,2025-09-02,start,,premium,39.0
u_01829,2026-05-05,start,,digital,24.0
u_01830,2025-09-06,start,,digital,24.0
u_01831,2025-08-26,start,,free,0.0
u_01831,2025-12-24,upgrade,free,digital,24.0
u_01832,2026-06-03,start,,digital,24.0
u_01833,2025-08-14,start,,free,0.0
u_01834,2025-02-01,start,,print,59.0
u_01835,2025-02-27,start,,free,0.0
u_01835,2025-11-24,upgrade,free,digital,24.0
u_01836,2025-01-04,start,,free,0.0
u_01837,2024-11-01,start,,free,0.0
u_01838,2025-07-31,start,,digital,24.0
u_01839,2026-01-24,start,,print,59.0
u_01840,2026-01-13,start,,premium,39.0
u_01841,2024-11-24,start,,digital,24.0
u_01841,2025-06-22,cancel,digital,,0.0
u_01842,2025-10-02,start,,print,59.0
u_01843,2025-01-23,start,,digital,24.0
u_01843,2025-08-21,upgrade,digital,premium,39.0
u_01844,2026-05-19,start,,free,0.0
u_01845,2025-01-27,start,,digital,24.0
u_01845,2025-04-27,cancel,digital,,0.0
u_01846,2025-11-12,start,,free,0.0
u_01846,2026-03-12,cancel,free,,0.0
u_01847,2025-05-16,start,,free,0.0
u_01848,2025-11-23,start,,free,0.0
u_01848,2026-05-22,upgrade,free,digital,24.0
u_01849,2025-07-17,start,,free,0.0
u_01850,2026-01-21,start,,print,59.0
u_01851,2025-03-09,start,,print,59.0
u_01852,2026-04-24,start,,free,0.0
u_01853,2025-09-09,start,,digital,24.0
u_01853,2026-02-06,upgrade,digital,premium,39.0
u_01854,2026-01-20,start,,free,0.0
u_01855,2026-03-15,start,,free,0.0
u_01856,2026-06-30,start,,free,0.0
u_01857,2025-03-04,start,,free,0.0
u_01857,2025-07-02,upgrade,free,digital,24.0
u_01858,2025-04-18,start,,free,0.0
u_01858,2026-04-13,cancel,free,,0.0
u_01859,2025-03-23,start,,free,0.0
u_01859,2025-11-18,upgrade,free,digital,24.0
u_01859,2025-12-18,upgrade,digital,premium,39.0
u_01859,2026-01-17,cancel,premium,,0.0
u_01860,2025-04-01,start,,free,0.0
u_01860,2025-09-28,upgrade,free,digital,24.0
u_01861,2025-10-11,start,,free,0.0
u_01862,2026-06-26,start,,premium,39.0
u_01863,2026-06-24,start,,free,0.0
u_01864,2025-09-17,start,,free,0.0
u_01864,2026-01-15,upgrade,free,digital,24.0
u_01865,2025-11-21,start,,free,0.0
u_01866,2026-03-22,start,,free,0.0
u_01867,2026-05-13,start,,free,0.0
u_01868,2025-02-18,start,,free,0.0
u_01868,2025-04-19,upgrade,free,digital,24.0
u_01868,2025-08-17,cancel,digital,,0.0
u_01869,2025-09-18,start,,digital,24.0
u_01870,2026-03-03,start,,digital,24.0
u_01871,2025-04-30,start,,digital,24.0
u_01871,2025-10-27,cancel,digital,,0.0
u_01872,2025-08-06,start,,digital,24.0
u_01872,2026-05-03,upgrade,digital,premium,39.0
u_01873,2026-06-20,start,,free,0.0
u_01874,2026-06-20,start,,free,0.0
u_01875,2026-04-24,start,,free,0.0
u_01875,2026-06-23,cancel,free,,0.0
u_01876,2026-02-06,start,,free,0.0
u_01877,2025-04-05,start,,free,0.0
u_01878,2025-05-12,start,,free,0.0
u_01878,2026-06-06,upgrade,free,digital,24.0
u_01879,2025-09-24,start,,digital,24.0
u_01879,2026-01-22,cancel,digital,,0.0
u_01880,2025-09-28,start,,free,0.0
u_01881,2025-09-10,start,,free,0.0
u_01881,2025-10-10,cancel,free,,0.0
u_01882,2025-11-19,start,,digital,24.0
u_01883,2025-07-14,start,,free,0.0
u_01884,2026-01-18,start,,digital,24.0
u_01885,2025-05-22,start,,premium,39.0
u_01885,2026-01-17,cancel,premium,,0.0
u_01886,2025-05-20,start,,print,59.0
u_01887,2025-01-14,start,,free,0.0
u_01888,2025-02-07,start,,free,0.0
u_01888,2025-05-08,cancel,free,,0.0
u_01889,2026-03-15,start,,digital,24.0
u_01890,2025-08-10,start,,digital,24.0
u_01890,2026-06-06,upgrade,digital,premium,39.0
u_01891,2025-03-07,start,,digital,24.0
u_01891,2025-04-06,cancel,digital,,0.0
u_01892,2026-01-21,start,,free,0.0
u_01893,2025-09-26,start,,free,0.0
u_01894,2024-11-16,start,,free,0.0
u_01894,2025-03-16,upgrade,free,digital,24.0
u_01894,2025-07-14,upgrade,digital,premium,39.0
u_01895,2025-05-09,start,,free,0.0
u_01895,2026-02-03,cancel,free,,0.0
u_01896,2025-01-30,start,,free,0.0
u_01897,2025-12-03,start,,premium,39.0
u_01898,2025-04-10,start,,free,0.0
u_01899,2024-12-17,start,,digital,24.0
u_01900,2024-12-10,start,,premium,39.0
u_01901,2025-10-11,start,,free,0.0
u_01902,2024-11-16,start,,free,0.0
u_01903,2026-03-14,start,,digital,24.0
u_01904,2025-01-23,start,,free,0.0
u_01904,2026-06-17,upgrade,free,digital,24.0
u_01905,2025-10-28,start,,free,0.0
u_01906,2025-08-09,start,,digital,24.0
u_01907,2025-08-08,start,,digital,24.0
u_01907,2025-09-07,cancel,digital,,0.0
u_01908,2024-12-22,start,,digital,24.0
u_01908,2025-10-18,cancel,digital,,0.0
u_01909,2026-02-09,start,,print,59.0
u_01910,2026-04-15,start,,free,0.0
u_01911,2024-11-08,start,,digital,24.0
u_01912,2025-01-31,start,,digital,24.0
u_01912,2025-07-30,cancel,digital,,0.0
u_01913,2026-04-23,start,,digital,24.0
u_01914,2025-09-25,start,,digital,24.0
u_01915,2025-01-22,start,,digital,24.0
u_01916,2025-02-17,start,,premium,39.0
u_01917,2025-12-06,start,,free,0.0
u_01918,2026-01-10,start,,digital,24.0
u_01918,2026-06-09,cancel,digital,,0.0
u_01919,2025-10-23,start,,free,0.0
u_01920,2026-05-28,start,,digital,24.0
u_01921,2025-09-07,start,,digital,24.0
u_01922,2025-04-28,start,,digital,24.0
u_01922,2025-09-25,cancel,digital,,0.0
u_01923,2025-09-01,start,,free,0.0
u_01924,2025-06-09,start,,free,0.0
u_01924,2025-09-07,upgrade,free,digital,24.0
u_01925,2025-03-04,start,,free,0.0
u_01925,2025-10-30,upgrade,free,digital,24.0
u_01925,2026-01-28,cancel,digital,,0.0
u_01926,2024-12-03,start,,free,0.0
u_01927,2025-06-04,start,,free,0.0
u_01927,2025-10-02,upgrade,free,digital,24.0
u_01928,2026-01-06,start,,premium,39.0
u_01929,2024-11-14,start,,free,0.0
u_01929,2025-06-12,upgrade,free,digital,24.0
u_01930,2025-08-05,start,,print,59.0
u_01931,2025-11-24,start,,free,0.0
u_01932,2025-10-31,start,,digital,24.0
u_01933,2026-01-27,start,,digital,24.0
u_01934,2026-02-15,start,,digital,24.0
u_01935,2026-01-06,start,,digital,24.0
u_01936,2025-01-06,start,,digital,24.0
u_01936,2025-10-03,upgrade,digital,premium,39.0
u_01936,2025-11-02,cancel,premium,,0.0
u_01937,2025-08-31,start,,premium,39.0
u_01938,2025-10-26,start,,digital,24.0
u_01938,2026-01-24,cancel,digital,,0.0
u_01939,2025-03-19,start,,free,0.0
u_01939,2026-06-12,upgrade,free,digital,24.0
u_01940,2024-12-01,start,,free,0.0
u_01940,2025-04-30,cancel,free,,0.0
u_01941,2025-03-04,start,,digital,24.0
u_01941,2026-03-29,upgrade,digital,premium,39.0
u_01942,2025-08-17,start,,free,0.0
u_01942,2025-11-15,upgrade,free,digital,24.0
u_01943,2025-07-18,start,,free,0.0
u_01943,2026-03-15,upgrade,free,digital,24.0
u_01944,2025-01-30,start,,digital,24.0
u_01944,2025-04-30,upgrade,digital,premium,39.0
u_01944,2025-05-30,cancel,premium,,0.0
u_01945,2026-02-25,start,,free,0.0
u_01946,2026-05-08,start,,digital,24.0
u_01947,2025-02-16,start,,digital,24.0
u_01947,2025-11-13,cancel,digital,,0.0
u_01948,2026-05-11,start,,digital,24.0
u_01949,2024-11-13,start,,digital,24.0
u_01949,2025-01-12,cancel,digital,,0.0
u_01950,2026-05-08,start,,premium,39.0
u_01951,2026-05-27,start,,digital,24.0
u_01952,2024-11-09,start,,print,59.0
u_01953,2026-01-22,start,,free,0.0
u_01954,2026-06-09,start,,digital,24.0
u_01955,2026-04-24,start,,digital,24.0
u_01956,2026-06-09,start,,free,0.0
u_01957,2025-09-25,start,,free,0.0
u_01958,2024-12-27,start,,digital,24.0
u_01958,2025-09-23,cancel,digital,,0.0
u_01959,2026-03-15,start,,free,0.0
u_01960,2025-11-03,start,,premium,39.0
u_01961,2025-11-03,start,,free,0.0
u_01962,2025-07-21,start,,free,0.0
u_01962,2026-05-17,cancel,free,,0.0
u_01963,2025-10-04,start,,digital,24.0
u_01964,2025-01-23,start,,free,0.0
u_01965,2026-01-15,start,,free,0.0
u_01966,2024-12-24,start,,digital,24.0
u_01966,2026-02-17,cancel,digital,,0.0
u_01967,2026-01-12,start,,free,0.0
u_01968,2026-03-14,start,,free,0.0
u_01968,2026-04-13,cancel,free,,0.0
u_01969,2025-08-29,start,,digital,24.0
u_01970,2025-09-12,start,,digital,24.0
u_01971,2025-05-06,start,,digital,24.0
u_01971,2025-10-03,cancel,digital,,0.0
u_01972,2026-06-09,start,,free,0.0
u_01973,2026-01-13,start,,free,0.0
u_01974,2025-06-16,start,,print,59.0
u_01975,2025-01-30,start,,digital,24.0
u_01976,2025-03-01,start,,free,0.0
u_01976,2026-05-25,upgrade,free,digital,24.0
u_01977,2025-08-23,start,,digital,24.0
u_01977,2026-06-19,cancel,digital,,0.0
u_01978,2026-05-20,start,,free,0.0
u_01979,2026-01-13,start,,digital,24.0
u_01980,2025-02-26,start,,digital,24.0
u_01981,2026-03-22,start,,print,59.0
u_01982,2025-06-23,start,,print,59.0
u_01982,2026-02-18,cancel,print,,0.0
u_01983,2026-03-16,start,,free,0.0
u_01984,2025-03-17,start,,digital,24.0
u_01984,2025-10-13,cancel,digital,,0.0
u_01985,2025-11-06,start,,free,0.0
u_01986,2026-05-09,start,,digital,24.0
u_01987,2025-03-28,start,,digital,24.0
u_01988,2025-12-29,start,,free,0.0
u_01988,2026-01-28,upgrade,free,digital,24.0
u_01989,2026-06-21,start,,free,0.0
u_01990,2025-01-22,start,,free,0.0
u_01990,2026-06-16,cancel,free,,0.0
u_01991,2025-01-02,start,,free,0.0
u_01992,2025-12-16,start,,free,0.0
u_01992,2026-06-14,cancel,free,,0.0
u_01993,2025-05-26,start,,premium,39.0
u_01994,2024-12-22,start,,free,0.0
u_01995,2025-08-31,start,,digital,24.0
u_01996,2026-01-19,start,,digital,24.0
u_01997,2025-04-17,start,,digital,24.0
u_01998,2025-05-23,start,,free,0.0
u_01999,2026-03-12,start,,premium,39.0
u_02000,2025-09-15,start,,digital,24.0
u_02001,2026-03-10,start,,digital,24.0
u_02002,2025-08-11,start,,premium,39.0
u_02003,2026-05-28,start,,digital,24.0
u_02004,2025-11-29,start,,free,0.0
u_02005,2025-01-11,start,,premium,39.0
u_02005,2025-08-09,upgrade,premium,print,59.0
u_02006,2026-04-09,start,,free,0.0
u_02006,2026-06-08,upgrade,free,digital,24.0
u_02007,2025-09-05,start,,digital,24.0
u_02008,2025-01-19,start,,free,0.0
u_02009,2025-01-23,start,,free,0.0
u_02009,2026-05-18,upgrade,free,digital,24.0
u_02009,2026-06-17,cancel,digital,,0.0
u_02010,2025-12-26,start,,free,0.0
u_02011,2024-12-04,start,,free,0.0
u_02011,2025-10-30,upgrade,free,digital,24.0
u_02012,2025-04-18,start,,print,59.0
u_02013,2025-01-18,start,,free,0.0
u_02013,2025-09-15,upgrade,free,digital,24.0
u_02014,2025-08-07,start,,digital,24.0
u_02015,2025-07-19,start,,free,0.0
u_02015,2026-01-15,upgrade,free,digital,24.0
u_02015,2026-02-14,cancel,digital,,0.0
u_02016,2025-09-16,start,,print,59.0
u_02017,2025-04-13,start,,free,0.0
u_02017,2025-12-09,upgrade,free,digital,24.0
u_02018,2024-11-23,start,,free,0.0
u_02018,2025-01-22,upgrade,free,digital,24.0
u_02019,2025-11-03,start,,free,0.0
u_02020,2025-06-19,start,,digital,24.0
u_02020,2025-11-16,cancel,digital,,0.0
u_02021,2025-11-30,start,,print,59.0
u_02022,2025-01-08,start,,print,59.0
u_02023,2024-11-10,start,,free,0.0
u_02023,2025-10-06,upgrade,free,digital,24.0
u_02024,2025-03-21,start,,free,0.0
u_02024,2025-06-19,upgrade,free,digital,24.0
u_02024,2026-06-14,cancel,digital,,0.0
u_02025,2025-08-18,start,,free,0.0
u_02026,2025-07-04,start,,free,0.0
u_02026,2025-08-03,upgrade,free,digital,24.0
u_02026,2026-04-30,upgrade,digital,premium,39.0
u_02027,2026-02-14,start,,digital,24.0
u_02028,2025-06-22,start,,free,0.0
u_02029,2025-09-18,start,,digital,24.0
u_02029,2026-02-15,cancel,digital,,0.0
u_02030,2025-10-19,start,,premium,39.0
u_02031,2024-11-16,start,,free,0.0
u_02031,2025-02-14,upgrade,free,digital,24.0
u_02032,2025-09-13,start,,free,0.0
u_02033,2025-05-30,start,,free,0.0
u_02033,2026-03-26,upgrade,free,digital,24.0
u_02033,2026-04-25,cancel,digital,,0.0
u_02034,2025-07-24,start,,free,0.0
u_02034,2026-06-19,upgrade,free,digital,24.0
u_02035,2025-01-05,start,,free,0.0
u_02035,2025-05-05,upgrade,free,digital,24.0
u_02036,2026-01-29,start,,digital,24.0
u_02037,2026-05-20,start,,free,0.0
u_02038,2024-11-16,start,,digital,24.0
u_02038,2025-09-12,upgrade,digital,premium,39.0
u_02039,2025-10-25,start,,premium,39.0
u_02039,2026-03-24,cancel,premium,,0.0
u_02040,2026-01-23,start,,premium,39.0
u_02041,2025-04-17,start,,digital,24.0
u_02041,2025-07-16,cancel,digital,,0.0
u_02042,2026-01-30,start,,free,0.0
u_02043,2025-11-16,start,,free,0.0
u_02043,2026-04-15,upgrade,free,digital,24.0
u_02044,2026-05-11,start,,free,0.0
u_02045,2026-06-17,start,,print,59.0
u_02046,2024-12-01,start,,print,59.0
u_02047,2025-08-09,start,,free,0.0
u_02048,2025-09-24,start,,free,0.0
u_02048,2026-01-22,upgrade,free,digital,24.0
u_02049,2025-01-21,start,,free,0.0
u_02049,2025-04-21,upgrade,free,digital,24.0
u_02050,2025-05-24,start,,free,0.0
u_02050,2026-02-18,upgrade,free,digital,24.0
u_02051,2026-06-22,start,,print,59.0
u_02052,2024-11-12,start,,free,0.0
u_02052,2025-11-07,upgrade,free,digital,24.0
u_02053,2025-08-15,start,,free,0.0
u_02054,2026-03-10,start,,free,0.0
u_02054,2026-04-09,upgrade,free,digital,24.0
u_02055,2025-05-15,start,,free,0.0
u_02055,2025-08-13,upgrade,free,digital,24.0
u_02056,2025-09-02,start,,free,0.0
u_02056,2026-06-29,upgrade,free,digital,24.0
u_02057,2026-06-15,start,,premium,39.0
u_02058,2025-08-31,start,,free,0.0
u_02059,2025-01-15,start,,digital,24.0
u_02060,2024-12-08,start,,free,0.0
u_02060,2025-03-08,upgrade,free,digital,24.0
u_02060,2025-08-05,cancel,digital,,0.0
u_02061,2026-05-22,start,,free,0.0
u_02062,2025-04-03,start,,free,0.0
u_02062,2025-08-31,upgrade,free,digital,24.0
u_02062,2026-05-28,cancel,digital,,0.0
u_02063,2025-09-10,start,,free,0.0
u_02063,2025-10-10,upgrade,free,digital,24.0
u_02064,2025-01-02,start,,free,0.0
u_02065,2025-07-25,start,,free,0.0
u_02066,2026-05-11,start,,digital,24.0
u_02067,2025-09-09,start,,digital,24.0
u_02067,2025-10-09,cancel,digital,,0.0
u_02068,2026-06-10,start,,premium,39.0
u_02069,2025-03-29,start,,free,0.0
u_02069,2025-08-26,upgrade,free,digital,24.0
u_02070,2025-09-10,start,,digital,24.0
u_02071,2026-03-22,start,,digital,24.0
u_02072,2025-08-12,start,,free,0.0
u_02073,2025-04-13,start,,free,0.0
u_02073,2026-02-07,cancel,free,,0.0
u_02074,2026-03-19,start,,free,0.0
u_02075,2025-07-01,start,,digital,24.0
u_02075,2025-12-28,cancel,digital,,0.0
u_02076,2025-09-18,start,,free,0.0
u_02076,2026-06-15,upgrade,free,digital,24.0
u_02077,2026-06-14,start,,free,0.0
u_02078,2025-02-05,start,,print,59.0
u_02079,2025-04-29,start,,free,0.0
u_02080,2024-11-23,start,,print,59.0
u_02080,2025-01-22,cancel,print,,0.0
u_02081,2025-07-02,start,,digital,24.0
u_02082,2025-02-15,start,,digital,24.0
u_02083,2025-12-20,start,,digital,24.0
u_02084,2025-02-01,start,,free,0.0
u_02084,2025-08-30,upgrade,free,digital,24.0
u_02084,2026-01-27,cancel,digital,,0.0
u_02085,2025-12-16,start,,digital,24.0
u_02086,2025-04-01,start,,digital,24.0
u_02086,2025-09-28,upgrade,digital,premium,39.0
u_02086,2025-11-27,cancel,premium,,0.0
u_02087,2025-06-06,start,,digital,24.0
u_02088,2025-06-02,start,,free,0.0
u_02088,2026-03-29,upgrade,free,digital,24.0
u_02089,2026-01-07,start,,free,0.0
u_02090,2025-08-25,start,,free,0.0
u_02090,2025-12-23,upgrade,free,digital,24.0
u_02090,2026-03-23,cancel,digital,,0.0
u_02091,2025-06-10,start,,free,0.0
u_02091,2026-05-06,upgrade,free,digital,24.0
u_02092,2026-03-17,start,,digital,24.0
u_02092,2026-04-16,cancel,digital,,0.0
u_02093,2025-10-04,start,,digital,24.0
u_02094,2025-02-25,start,,digital,24.0
u_02095,2026-04-20,start,,digital,24.0
u_02096,2025-05-28,start,,free,0.0
u_02097,2024-11-28,start,,free,0.0
u_02097,2025-06-26,cancel,free,,0.0
u_02098,2025-09-07,start,,free,0.0
u_02098,2025-12-06,upgrade,free,digital,24.0
u_02098,2026-05-05,cancel,digital,,0.0
u_02099,2025-01-13,start,,free,0.0
u_02100,2025-03-14,start,,free,0.0
u_02100,2025-06-12,upgrade,free,digital,24.0
u_02100,2026-03-09,cancel,digital,,0.0
u_02101,2026-01-17,start,,free,0.0
u_02102,2025-01-15,start,,free,0.0
u_02102,2026-01-10,upgrade,free,digital,24.0
u_02103,2026-02-12,start,,digital,24.0
u_02104,2026-05-16,start,,free,0.0
u_02105,2025-10-28,start,,free,0.0
u_02106,2026-01-05,start,,free,0.0
u_02107,2026-01-06,start,,digital,24.0
u_02107,2026-02-05,upgrade,digital,premium,39.0
u_02108,2026-06-25,start,,digital,24.0
u_02109,2025-05-27,start,,free,0.0
u_02109,2025-08-25,upgrade,free,digital,24.0
u_02110,2025-01-26,start,,free,0.0
u_02110,2025-02-25,upgrade,free,digital,24.0
u_02110,2025-12-22,cancel,digital,,0.0
u_02111,2025-09-15,start,,print,59.0
u_02111,2026-01-13,cancel,print,,0.0
u_02112,2025-09-19,start,,digital,24.0
u_02113,2025-01-31,start,,digital,24.0
u_02114,2025-11-02,start,,free,0.0
u_02114,2025-12-02,upgrade,free,digital,24.0
u_02115,2024-11-11,start,,digital,24.0
u_02116,2026-05-10,start,,premium,39.0
u_02117,2025-04-02,start,,free,0.0
u_02117,2025-10-29,upgrade,free,digital,24.0
u_02118,2024-11-29,start,,digital,24.0
u_02119,2025-01-08,start,,free,0.0
u_02119,2025-11-04,upgrade,free,digital,24.0
u_02119,2026-04-03,upgrade,digital,premium,39.0
u_02120,2025-03-16,start,,digital,24.0
u_02120,2025-12-11,upgrade,digital,premium,39.0
u_02121,2025-04-09,start,,free,0.0
u_02121,2025-08-07,cancel,free,,0.0
u_02122,2024-11-24,start,,free,0.0
u_02122,2025-09-20,upgrade,free,digital,24.0
u_02123,2025-04-13,start,,print,59.0
u_02124,2025-02-10,start,,premium,39.0
u_02124,2025-10-08,cancel,premium,,0.0
u_02125,2025-06-23,start,,free,0.0
u_02125,2025-11-20,upgrade,free,digital,24.0
u_02126,2025-06-28,start,,print,59.0
u_02127,2025-05-26,start,,free,0.0
u_02128,2025-05-18,start,,free,0.0
u_02128,2026-04-13,upgrade,free,digital,24.0
u_02128,2026-05-13,cancel,digital,,0.0
u_02129,2025-01-02,start,,premium,39.0
u_02129,2026-01-27,downgrade,premium,digital,24.0
u_02129,2026-02-26,cancel,digital,,0.0
u_02130,2024-11-19,start,,free,0.0
u_02130,2025-10-15,upgrade,free,digital,24.0
u_02131,2025-02-16,start,,free,0.0
u_02131,2025-06-16,upgrade,free,digital,24.0
u_02132,2026-01-20,start,,digital,24.0
u_02132,2026-05-20,cancel,digital,,0.0
u_02133,2026-06-24,start,,free,0.0
u_02134,2026-05-10,start,,free,0.0
u_02135,2025-09-10,start,,free,0.0
u_02136,2025-09-19,start,,digital,24.0
u_02136,2025-10-19,cancel,digital,,0.0
u_02137,2025-05-08,start,,free,0.0
u_02137,2025-12-04,upgrade,free,digital,24.0
u_02138,2026-01-26,start,,free,0.0
u_02139,2026-01-23,start,,digital,24.0
u_02139,2026-03-24,upgrade,digital,premium,39.0
u_02140,2026-03-11,start,,free,0.0
u_02141,2026-04-17,start,,free,0.0
u_02142,2025-08-02,start,,digital,24.0
u_02143,2026-01-24,start,,digital,24.0
u_02144,2026-02-12,start,,free,0.0
u_02145,2025-05-04,start,,premium,39.0
u_02146,2026-05-11,start,,digital,24.0
u_02147,2025-01-04,start,,free,0.0
u_02148,2026-06-26,start,,digital,24.0
u_02149,2026-01-25,start,,digital,24.0
u_02149,2026-03-26,cancel,digital,,0.0
u_02150,2025-01-03,start,,digital,24.0
u_02150,2025-03-04,upgrade,digital,premium,39.0
u_02150,2025-08-31,downgrade,premium,digital,24.0
u_02150,2026-04-28,cancel,digital,,0.0
u_02151,2025-12-03,start,,digital,24.0
u_02152,2024-11-25,start,,digital,24.0
u_02152,2026-02-18,upgrade,digital,premium,39.0
u_02153,2026-01-25,start,,print,59.0
u_02154,2026-02-06,start,,digital,24.0
u_02155,2025-10-25,start,,digital,24.0
u_02155,2026-06-22,cancel,digital,,0.0
u_02156,2026-03-20,start,,digital,24.0
u_02157,2025-01-05,start,,premium,39.0
u_02157,2025-02-04,cancel,premium,,0.0
u_02158,2025-04-10,start,,print,59.0
u_02159,2025-07-18,start,,free,0.0
u_02159,2026-06-13,upgrade,free,digital,24.0
u_02160,2024-12-01,start,,free,0.0
u_02160,2025-08-28,cancel,free,,0.0
u_02161,2025-08-12,start,,digital,24.0
u_02162,2025-04-03,start,,free,0.0
u_02162,2025-07-02,upgrade,free,digital,24.0
u_02162,2026-05-28,cancel,digital,,0.0
u_02163,2025-07-03,start,,digital,24.0
u_02163,2026-02-28,upgrade,digital,premium,39.0
u_02164,2025-07-26,start,,digital,24.0
u_02165,2026-04-05,start,,premium,39.0
u_02166,2025-04-06,start,,free,0.0
u_02166,2025-07-05,upgrade,free,digital,24.0
u_02167,2026-04-15,start,,digital,24.0
u_02168,2025-07-27,start,,free,0.0
u_02169,2025-05-17,start,,free,0.0
u_02169,2025-07-16,cancel,free,,0.0
u_02170,2025-09-09,start,,free,0.0
u_02171,2025-07-21,start,,free,0.0
u_02171,2026-02-16,upgrade,free,digital,24.0
u_02171,2026-03-18,cancel,digital,,0.0
u_02172,2025-03-28,start,,free,0.0
u_02172,2026-04-22,upgrade,free,digital,24.0
u_02173,2025-09-09,start,,digital,24.0
u_02174,2025-01-22,start,,digital,24.0
u_02174,2026-04-17,upgrade,digital,premium,39.0
u_02175,2025-06-04,start,,free,0.0
u_02175,2026-03-01,upgrade,free,digital,24.0
u_02176,2025-09-30,start,,free,0.0
u_02176,2026-04-28,upgrade,free,digital,24.0
u_02177,2025-07-18,start,,free,0.0
u_02177,2025-09-16,upgrade,free,digital,24.0
u_02177,2026-01-14,upgrade,digital,premium,39.0
u_02178,2026-02-24,start,,print,59.0
u_02179,2025-03-27,start,,premium,39.0
u_02180,2026-06-09,start,,free,0.0
u_02181,2026-01-29,start,,free,0.0
u_02182,2026-06-07,start,,free,0.0
u_02183,2026-03-06,start,,digital,24.0
u_02184,2025-01-19,start,,free,0.0
u_02184,2026-02-13,upgrade,free,digital,24.0
u_02184,2026-06-13,cancel,digital,,0.0
u_02185,2025-09-17,start,,free,0.0
u_02185,2026-05-15,upgrade,free,digital,24.0
u_02186,2025-01-28,start,,free,0.0
u_02187,2026-02-20,start,,free,0.0
u_02188,2025-10-12,start,,free,0.0
u_02189,2025-04-01,start,,free,0.0
u_02189,2025-05-01,upgrade,free,digital,24.0
u_02189,2025-08-29,upgrade,digital,premium,39.0
u_02190,2026-05-11,start,,digital,24.0
u_02191,2025-01-10,start,,free,0.0
u_02192,2025-09-29,start,,free,0.0
u_02193,2026-01-09,start,,digital,24.0
u_02193,2026-02-08,cancel,digital,,0.0
u_02194,2024-12-13,start,,free,0.0
u_02194,2026-03-08,upgrade,free,digital,24.0
u_02195,2025-10-22,start,,digital,24.0
u_02195,2026-06-19,cancel,digital,,0.0
u_02196,2026-02-18,start,,print,59.0
u_02197,2024-12-19,start,,free,0.0
u_02197,2026-03-14,upgrade,free,digital,24.0
u_02197,2026-05-13,cancel,digital,,0.0
u_02198,2025-09-12,start,,premium,39.0
u_02198,2026-05-10,cancel,premium,,0.0
u_02199,2025-03-29,start,,digital,24.0
u_02199,2025-09-25,upgrade,digital,premium,39.0
u_02199,2026-06-22,cancel,premium,,0.0
u_02200,2025-12-08,start,,digital,24.0
u_02200,2026-02-06,cancel,digital,,0.0
u_02201,2025-01-11,start,,free,0.0
u_02202,2026-05-16,start,,free,0.0
u_02202,2026-06-15,upgrade,free,digital,24.0
u_02203,2026-04-16,start,,free,0.0
u_02204,2025-02-05,start,,print,59.0
u_02205,2025-05-14,start,,digital,24.0
u_02206,2025-10-15,start,,free,0.0
u_02207,2026-01-08,start,,free,0.0
u_02208,2025-08-08,start,,free,0.0
u_02208,2025-09-07,upgrade,free,digital,24.0
u_02209,2025-01-24,start,,free,0.0
u_02210,2025-01-07,start,,digital,24.0
u_02210,2025-07-06,upgrade,digital,premium,39.0
u_02211,2026-06-30,start,,free,0.0
u_02212,2025-08-17,start,,digital,24.0
u_02213,2026-03-31,start,,digital,24.0
u_02213,2026-04-30,cancel,digital,,0.0
u_02214,2025-09-03,start,,digital,24.0
u_02214,2025-11-02,cancel,digital,,0.0
u_02215,2026-05-06,start,,digital,24.0
u_02216,2025-01-01,start,,free,0.0
u_02216,2025-05-01,upgrade,free,digital,24.0
u_02217,2025-01-10,start,,digital,24.0
u_02218,2026-05-11,start,,digital,24.0
u_02219,2026-05-24,start,,free,0.0
u_02220,2025-05-08,start,,free,0.0
u_02221,2025-06-06,start,,free,0.0
u_02221,2025-07-06,upgrade,free,digital,24.0
u_02221,2026-05-02,upgrade,digital,premium,39.0
u_02222,2025-08-15,start,,free,0.0
u_02222,2025-12-13,upgrade,free,digital,24.0
u_02223,2025-07-20,start,,free,0.0
u_02224,2025-02-08,start,,free,0.0
u_02224,2025-03-10,upgrade,free,digital,24.0
u_02225,2026-04-19,start,,digital,24.0
u_02226,2025-03-25,start,,free,0.0
u_02226,2025-07-23,upgrade,free,digital,24.0
u_02226,2025-08-22,upgrade,digital,premium,39.0
u_02227,2026-01-04,start,,free,0.0
u_02228,2024-12-19,start,,free,0.0
u_02229,2024-11-28,start,,free,0.0
u_02229,2026-04-22,upgrade,free,digital,24.0
u_02230,2025-12-01,start,,print,59.0
u_02231,2025-05-26,start,,free,0.0
u_02232,2025-12-03,start,,free,0.0
u_02233,2025-01-03,start,,free,0.0
u_02233,2025-06-02,upgrade,free,digital,24.0
u_02234,2026-05-26,start,,free,0.0
u_02235,2026-01-18,start,,digital,24.0
u_02236,2026-04-03,start,,digital,24.0
u_02237,2025-01-17,start,,free,0.0
u_02237,2025-11-13,upgrade,free,digital,24.0
u_02238,2025-05-12,start,,digital,24.0
u_02238,2025-10-09,upgrade,digital,premium,39.0
u_02239,2025-06-16,start,,free,0.0
u_02239,2025-07-16,upgrade,free,digital,24.0
u_02240,2025-09-21,start,,digital,24.0
u_02240,2026-02-18,upgrade,digital,premium,39.0
u_02241,2025-04-25,start,,digital,24.0
u_02242,2024-12-14,start,,free,0.0
u_02242,2026-06-07,cancel,free,,0.0
u_02243,2025-06-16,start,,digital,24.0
u_02243,2025-08-15,cancel,digital,,0.0
u_02244,2025-03-26,start,,digital,24.0
u_02244,2025-06-24,cancel,digital,,0.0
u_02245,2025-06-28,start,,free,0.0
u_02246,2025-02-13,start,,print,59.0
u_02246,2025-10-11,cancel,print,,0.0
u_02247,2025-03-31,start,,premium,39.0
u_02248,2025-11-12,start,,free,0.0
u_02249,2025-06-30,start,,digital,24.0
u_02249,2025-08-29,upgrade,digital,premium,39.0
u_02249,2025-12-27,cancel,premium,,0.0
u_02250,2025-05-30,start,,digital,24.0
u_02250,2025-06-29,cancel,digital,,0.0
u_02251,2025-09-20,start,,free,0.0
u_02252,2026-01-25,start,,free,0.0
u_02252,2026-02-24,cancel,free,,0.0
u_02253,2025-06-23,start,,premium,39.0
u_02253,2025-10-21,cancel,premium,,0.0
u_02254,2025-10-15,start,,digital,24.0
u_02255,2026-06-06,start,,free,0.0
u_02256,2025-09-16,start,,free,0.0
u_02256,2026-01-14,upgrade,free,digital,24.0
u_02257,2026-04-27,start,,free,0.0
u_02258,2026-02-02,start,,premium,39.0
u_02259,2024-12-13,start,,digital,24.0
u_02260,2025-07-29,start,,free,0.0
u_02260,2025-11-26,upgrade,free,digital,24.0
u_02261,2026-01-01,start,,premium,39.0
u_02262,2026-06-21,start,,digital,24.0
u_02263,2025-08-19,start,,free,0.0
u_02263,2026-06-15,upgrade,free,digital,24.0
u_02264,2025-01-03,start,,free,0.0
u_02264,2025-03-04,cancel,free,,0.0
u_02265,2025-09-29,start,,digital,24.0
u_02265,2025-10-29,upgrade,digital,premium,39.0
u_02266,2025-01-14,start,,free,0.0
u_02266,2026-05-09,upgrade,free,digital,24.0
u_02267,2026-01-19,start,,free,0.0
u_02268,2025-09-11,start,,digital,24.0
u_02269,2026-01-09,start,,premium,39.0
u_02270,2026-03-29,start,,free,0.0
u_02271,2025-11-14,start,,premium,39.0
u_02272,2025-11-02,start,,premium,39.0
u_02273,2026-01-20,start,,free,0.0
u_02274,2026-03-09,start,,free,0.0
u_02274,2026-04-08,upgrade,free,digital,24.0
u_02274,2026-05-08,cancel,digital,,0.0
u_02275,2026-03-29,start,,digital,24.0
u_02276,2024-11-27,start,,digital,24.0
u_02276,2026-02-20,cancel,digital,,0.0
u_02277,2025-09-27,start,,free,0.0
u_02278,2025-02-26,start,,digital,24.0
u_02278,2026-04-22,cancel,digital,,0.0
u_02279,2026-03-22,start,,digital,24.0
u_02280,2025-11-27,start,,digital,24.0
u_02281,2025-07-23,start,,digital,24.0
u_02281,2025-08-22,cancel,digital,,0.0
u_02282,2025-02-06,start,,free,0.0
u_02282,2025-05-07,upgrade,free,digital,24.0
u_02283,2025-05-26,start,,free,0.0
u_02283,2025-06-25,cancel,free,,0.0
u_02284,2026-01-03,start,,free,0.0
u_02284,2026-02-02,upgrade,free,digital,24.0
u_02285,2025-02-18,start,,premium,39.0
u_02286,2025-01-03,start,,premium,39.0
u_02287,2026-04-11,start,,digital,24.0
u_02287,2026-05-11,cancel,digital,,0.0
u_02288,2026-01-23,start,,free,0.0
u_02289,2025-02-15,start,,digital,24.0
u_02290,2025-04-22,start,,free,0.0
u_02291,2026-06-10,start,,free,0.0
u_02292,2026-01-05,start,,free,0.0
u_02293,2025-10-31,start,,digital,24.0
u_02294,2025-05-03,start,,free,0.0
u_02295,2025-04-27,start,,digital,24.0
u_02295,2026-06-21,cancel,digital,,0.0
u_02296,2024-11-29,start,,print,59.0
u_02296,2025-05-28,cancel,print,,0.0
u_02297,2026-01-11,start,,digital,24.0
u_02298,2024-12-01,start,,free,0.0
u_02299,2024-11-04,start,,premium,39.0
u_02300,2026-01-11,start,,digital,24.0
u_02301,2026-05-25,start,,free,0.0
u_02302,2026-01-20,start,,digital,24.0
u_02302,2026-05-20,cancel,digital,,0.0
u_02303,2025-08-29,start,,premium,39.0
u_02304,2025-09-04,start,,free,0.0
u_02304,2025-12-03,upgrade,free,digital,24.0
u_02305,2025-08-03,start,,free,0.0
u_02306,2025-05-15,start,,free,0.0
u_02306,2026-02-09,upgrade,free,digital,24.0
u_02307,2025-09-16,start,,free,0.0
u_02307,2025-10-16,upgrade,free,digital,24.0
u_02307,2026-02-13,cancel,digital,,0.0
u_02308,2025-07-31,start,,digital,24.0
u_02309,2025-10-22,start,,free,0.0
u_02310,2026-04-18,start,,free,0.0
u_02311,2026-06-27,start,,free,0.0
u_02312,2024-12-27,start,,free,0.0
u_02312,2025-03-27,upgrade,free,digital,24.0
u_02312,2025-06-25,cancel,digital,,0.0
u_02313,2025-06-27,start,,free,0.0
u_02314,2025-02-01,start,,digital,24.0
u_02314,2025-04-02,cancel,digital,,0.0
u_02315,2025-06-04,start,,free,0.0
u_02315,2025-11-01,upgrade,free,digital,24.0
u_02315,2026-06-29,upgrade,digital,premium,39.0
u_02316,2025-04-19,start,,free,0.0
u_02317,2025-01-30,start,,premium,39.0
u_02318,2026-01-23,start,,print,59.0
u_02319,2025-09-07,start,,free,0.0
u_02319,2025-11-06,upgrade,free,digital,24.0
u_02319,2026-06-04,upgrade,digital,premium,39.0
u_02320,2026-05-04,start,,free,0.0
u_02321,2024-11-24,start,,free,0.0
u_02322,2024-12-19,start,,free,0.0
u_02323,2025-07-11,start,,free,0.0
u_02323,2026-05-07,upgrade,free,digital,24.0
u_02324,2024-12-28,start,,premium,39.0
u_02324,2025-01-27,cancel,premium,,0.0
u_02325,2025-04-01,start,,digital,24.0
u_02326,2026-06-20,start,,free,0.0
u_02327,2025-02-21,start,,print,59.0
u_02328,2025-02-13,start,,free,0.0
u_02329,2025-10-05,start,,free,0.0
u_02329,2025-12-04,upgrade,free,digital,24.0
u_02330,2025-09-08,start,,free,0.0
u_02330,2026-01-06,upgrade,free,digital,24.0
u_02331,2025-10-10,start,,free,0.0
u_02332,2025-06-22,start,,premium,39.0
u_02332,2025-08-21,cancel,premium,,0.0
u_02333,2026-02-26,start,,free,0.0
u_02334,2025-01-18,start,,digital,24.0
u_02334,2025-03-19,cancel,digital,,0.0
u_02335,2025-07-29,start,,free,0.0
u_02336,2025-12-27,start,,premium,39.0
u_02337,2026-03-28,start,,digital,24.0
u_02338,2025-06-16,start,,free,0.0
u_02338,2025-08-15,cancel,free,,0.0
u_02339,2025-10-01,start,,free,0.0
u_02340,2024-12-20,start,,premium,39.0
u_02341,2025-01-28,start,,free,0.0
u_02342,2024-12-20,start,,free,0.0
u_02342,2025-10-16,upgrade,free,digital,24.0
u_02343,2026-01-11,start,,premium,39.0
u_02344,2025-04-19,start,,free,0.0
u_02345,2026-01-10,start,,free,0.0
u_02345,2026-04-10,upgrade,free,digital,24.0
u_02346,2024-12-18,start,,free,0.0
u_02346,2025-04-17,upgrade,free,digital,24.0
u_02347,2026-03-24,start,,free,0.0
u_02347,2026-05-23,upgrade,free,digital,24.0
u_02348,2026-03-05,start,,free,0.0
u_02349,2025-01-02,start,,free,0.0
u_02349,2025-11-28,upgrade,free,digital,24.0
u_02350,2024-11-18,start,,free,0.0
u_02350,2025-02-16,upgrade,free,digital,24.0
u_02351,2024-12-11,start,,free,0.0
u_02352,2026-03-17,start,,free,0.0
u_02353,2025-03-12,start,,print,59.0
u_02354,2025-09-24,start,,digital,24.0
u_02354,2026-02-21,cancel,digital,,0.0
u_02355,2025-07-27,start,,free,0.0
u_02355,2025-12-24,upgrade,free,digital,24.0
u_02356,2026-02-04,start,,free,0.0
u_02357,2025-09-05,start,,digital,24.0
u_02358,2025-09-09,start,,free,0.0
u_02359,2026-06-23,start,,free,0.0
u_02360,2025-01-22,start,,digital,24.0
u_02360,2026-02-16,cancel,digital,,0.0
u_02361,2026-03-01,start,,free,0.0
u_02361,2026-06-29,upgrade,free,digital,24.0
u_02362,2024-12-08,start,,digital,24.0
u_02363,2025-09-01,start,,premium,39.0
u_02364,2026-04-10,start,,digital,24.0
u_02365,2025-12-10,start,,free,0.0
u_02366,2025-12-24,start,,free,0.0
u_02366,2026-06-22,cancel,free,,0.0
u_02367,2025-04-01,start,,free,0.0
u_02367,2025-12-27,cancel,free,,0.0
u_02368,2025-07-22,start,,digital,24.0
u_02369,2025-06-14,start,,premium,39.0
u_02369,2026-01-10,cancel,premium,,0.0
u_02370,2025-09-15,start,,premium,39.0
u_02371,2025-08-22,start,,free,0.0
u_02371,2026-06-18,cancel,free,,0.0
u_02372,2025-05-17,start,,digital,24.0
u_02372,2025-08-15,cancel,digital,,0.0
u_02373,2025-05-01,start,,free,0.0
u_02373,2025-05-31,cancel,free,,0.0
u_02374,2025-03-23,start,,digital,24.0
u_02374,2025-06-21,upgrade,digital,premium,39.0
u_02374,2026-04-17,cancel,premium,,0.0
u_02375,2025-06-13,start,,free,0.0
u_02376,2025-01-22,start,,free,0.0
u_02376,2025-12-18,upgrade,free,digital,24.0
u_02377,2026-03-31,start,,free,0.0
u_02378,2025-10-25,start,,print,59.0
u_02379,2025-01-16,start,,free,0.0
u_02379,2025-06-15,upgrade,free,digital,24.0
u_02380,2025-12-30,start,,free,0.0
u_02380,2026-04-29,upgrade,free,digital,24.0
u_02381,2026-03-13,start,,free,0.0
u_02381,2026-04-12,upgrade,free,digital,24.0
u_02382,2025-03-14,start,,free,0.0
u_02382,2025-05-13,cancel,free,,0.0
u_02383,2025-01-22,start,,premium,39.0
u_02384,2024-11-07,start,,free,0.0
u_02384,2026-06-30,cancel,free,,0.0
u_02385,2024-12-04,start,,free,0.0
u_02386,2026-01-22,start,,digital,24.0
u_02387,2026-06-21,start,,free,0.0
u_02388,2024-12-03,start,,free,0.0
u_02389,2026-01-18,start,,free,0.0
u_02389,2026-04-18,upgrade,free,digital,24.0
u_02390,2024-12-22,start,,free,0.0
u_02390,2025-01-21,upgrade,free,digital,24.0
u_02390,2026-02-15,cancel,digital,,0.0
u_02391,2025-10-18,start,,free,0.0
u_02391,2026-02-15,upgrade,free,digital,24.0
u_02392,2026-01-20,start,,free,0.0
u_02393,2025-06-09,start,,free,0.0
u_02393,2025-09-07,cancel,free,,0.0
u_02394,2024-11-08,start,,digital,24.0
u_02395,2025-10-20,start,,premium,39.0
u_02396,2026-06-24,start,,premium,39.0
u_02397,2025-03-28,start,,free,0.0
u_02398,2025-02-07,start,,free,0.0
u_02398,2025-04-08,upgrade,free,digital,24.0
u_02398,2025-08-06,cancel,digital,,0.0
u_02399,2025-01-13,start,,print,59.0
u_02400,2025-09-26,start,,digital,24.0
u_02401,2025-10-21,start,,free,0.0
u_02402,2026-02-01,start,,free,0.0
u_02403,2026-01-19,start,,free,0.0
u_02404,2026-04-14,start,,free,0.0
u_02404,2026-05-14,cancel,free,,0.0
u_02405,2026-02-11,start,,free,0.0
u_02406,2025-03-21,start,,free,0.0
u_02406,2026-05-15,upgrade,free,digital,24.0
u_02407,2025-09-27,start,,print,59.0
u_02408,2025-04-26,start,,digital,24.0
u_02408,2025-07-25,cancel,digital,,0.0
u_02409,2025-05-19,start,,digital,24.0
u_02410,2026-05-13,start,,free,0.0
u_02411,2025-12-21,start,,digital,24.0
u_02411,2026-05-20,upgrade,digital,premium,39.0
u_02412,2026-06-12,start,,digital,24.0
u_02413,2025-07-20,start,,free,0.0
u_02413,2026-04-16,upgrade,free,digital,24.0
u_02414,2025-09-21,start,,digital,24.0
u_02415,2025-09-04,start,,digital,24.0
u_02416,2025-01-08,start,,digital,24.0
u_02416,2026-06-02,cancel,digital,,0.0
u_02417,2025-03-13,start,,free,0.0
u_02417,2025-09-09,upgrade,free,digital,24.0
u_02418,2025-09-17,start,,premium,39.0
u_02418,2025-11-16,upgrade,premium,print,59.0
u_02419,2024-12-19,start,,free,0.0
u_02419,2025-03-19,upgrade,free,digital,24.0
u_02420,2026-05-12,start,,free,0.0
u_02421,2025-01-13,start,,free,0.0
u_02421,2025-08-11,upgrade,free,digital,24.0
u_02422,2025-02-13,start,,free,0.0
u_02422,2025-11-10,upgrade,free,digital,24.0
u_02422,2026-02-08,cancel,digital,,0.0
u_02423,2026-01-23,start,,free,0.0
u_02424,2025-01-04,start,,free,0.0
u_02424,2025-07-03,upgrade,free,digital,24.0
u_02425,2026-04-20,start,,digital,24.0
u_02426,2026-01-10,start,,free,0.0
u_02426,2026-02-09,upgrade,free,digital,24.0
u_02427,2024-12-20,start,,print,59.0
u_02428,2025-12-29,start,,free,0.0
u_02429,2025-11-15,start,,digital,24.0
u_02429,2026-06-13,cancel,digital,,0.0
u_02430,2026-01-21,start,,premium,39.0
u_02431,2026-02-27,start,,digital,24.0
u_02432,2026-01-08,start,,digital,24.0
u_02433,2025-10-14,start,,digital,24.0
u_02433,2026-03-13,cancel,digital,,0.0
u_02434,2025-05-14,start,,free,0.0
u_02435,2026-01-01,start,,free,0.0
u_02435,2026-04-01,upgrade,free,digital,24.0
u_02436,2026-05-31,start,,free,0.0
u_02437,2025-10-15,start,,free,0.0
u_02437,2026-02-12,upgrade,free,digital,24.0
u_02438,2025-12-09,start,,free,0.0
u_02438,2026-04-08,upgrade,free,digital,24.0
u_02439,2025-08-04,start,,free,0.0
u_02439,2026-04-01,upgrade,free,digital,24.0
u_02440,2026-01-20,start,,premium,39.0
u_02441,2026-06-29,start,,premium,39.0
u_02442,2025-01-25,start,,digital,24.0
u_02443,2025-02-17,start,,digital,24.0
u_02443,2025-06-17,cancel,digital,,0.0
u_02444,2025-09-21,start,,free,0.0
u_02444,2026-03-20,upgrade,free,digital,24.0
u_02445,2025-09-02,start,,free,0.0
u_02446,2025-10-03,start,,digital,24.0
u_02446,2026-03-02,cancel,digital,,0.0
u_02447,2024-12-06,start,,digital,24.0
u_02447,2026-06-29,upgrade,digital,premium,39.0
u_02448,2025-07-11,start,,free,0.0
u_02448,2026-03-08,upgrade,free,digital,24.0
u_02449,2025-10-12,start,,free,0.0
u_02449,2025-12-11,cancel,free,,0.0
u_02450,2025-10-13,start,,free,0.0
u_02450,2026-05-11,upgrade,free,digital,24.0
u_02451,2025-12-04,start,,free,0.0
u_02452,2026-01-08,start,,free,0.0
u_02453,2025-11-23,start,,free,0.0
u_02453,2026-06-21,upgrade,free,digital,24.0
u_02454,2026-01-31,start,,digital,24.0
u_02455,2025-11-11,start,,print,59.0
u_02456,2025-09-21,start,,free,0.0
u_02457,2025-10-28,start,,digital,24.0
u_02458,2025-01-06,start,,digital,24.0
u_02458,2025-12-02,upgrade,digital,premium,39.0
u_02459,2025-04-08,start,,free,0.0
u_02459,2025-10-05,upgrade,free,digital,24.0
u_02460,2025-09-17,start,,digital,24.0
u_02460,2025-11-16,cancel,digital,,0.0
u_02461,2026-03-31,start,,free,0.0
u_02462,2025-12-19,start,,digital,24.0
u_02463,2025-01-02,start,,free,0.0
u_02463,2025-07-01,upgrade,free,digital,24.0
u_02463,2025-10-29,cancel,digital,,0.0
u_02464,2025-10-18,start,,premium,39.0
u_02465,2025-03-02,start,,print,59.0
u_02465,2025-05-01,cancel,print,,0.0
u_02466,2026-01-13,start,,free,0.0
u_02466,2026-02-12,upgrade,free,digital,24.0
u_02467,2026-02-27,start,,free,0.0
u_02467,2026-04-28,upgrade,free,digital,24.0
u_02468,2025-10-19,start,,free,0.0
u_02469,2025-10-18,start,,digital,24.0
u_02470,2025-05-25,start,,digital,24.0
u_02470,2025-06-24,upgrade,digital,premium,39.0
u_02471,2025-08-10,start,,free,0.0
u_02471,2025-10-09,upgrade,free,digital,24.0
u_02471,2026-05-07,cancel,digital,,0.0
u_02472,2026-03-25,start,,digital,24.0
u_02473,2026-01-09,start,,free,0.0
u_02474,2025-09-15,start,,free,0.0
u_02475,2025-06-15,start,,free,0.0
u_02476,2024-12-07,start,,free,0.0
u_02476,2026-05-31,cancel,free,,0.0
u_02477,2025-01-19,start,,free,0.0
u_02477,2025-05-19,cancel,free,,0.0
u_02478,2025-02-10,start,,free,0.0
u_02478,2025-04-11,upgrade,free,digital,24.0
u_02479,2025-06-19,start,,free,0.0
u_02480,2026-05-21,start,,premium,39.0
u_02481,2025-09-10,start,,free,0.0
u_02482,2025-03-12,start,,premium,39.0
u_02482,2026-03-07,cancel,premium,,0.0
u_02483,2025-01-07,start,,digital,24.0
u_02483,2026-02-01,cancel,digital,,0.0
u_02484,2025-05-25,start,,digital,24.0
u_02484,2025-10-22,upgrade,digital,premium,39.0
u_02485,2026-02-18,start,,free,0.0
u_02486,2025-06-26,start,,digital,24.0
u_02486,2025-11-23,cancel,digital,,0.0
u_02487,2026-01-25,start,,free,0.0
u_02487,2026-03-26,upgrade,free,digital,24.0
u_02488,2026-02-09,start,,free,0.0
u_02489,2025-01-09,start,,free,0.0
u_02489,2025-02-08,upgrade,free,digital,24.0
u_02490,2025-10-30,start,,free,0.0
u_02490,2025-12-29,upgrade,free,digital,24.0
u_02490,2026-05-28,cancel,digital,,0.0
u_02491,2026-06-01,start,,premium,39.0
u_02492,2025-07-10,start,,print,59.0
u_02493,2024-12-07,start,,digital,24.0
u_02494,2026-05-06,start,,free,0.0
u_02495,2026-04-08,start,,premium,39.0
u_02496,2025-09-16,start,,digital,24.0
u_02496,2026-02-13,cancel,digital,,0.0
u_02497,2025-09-25,start,,free,0.0
u_02498,2025-02-23,start,,free,0.0
u_02499,2026-02-21,start,,digital,24.0
u_02500,2025-09-08,start,,free,0.0
u_02501,2024-11-25,start,,free,0.0
u_02502,2025-12-22,start,,digital,24.0
u_02503,2026-05-26,start,,free,0.0
u_02504,2026-02-28,start,,free,0.0
u_02505,2025-04-11,start,,free,0.0
u_02505,2025-07-10,upgrade,free,digital,24.0
u_02505,2026-02-05,cancel,digital,,0.0
u_02506,2024-12-09,start,,digital,24.0
u_02507,2026-05-19,start,,print,59.0
u_02508,2026-05-16,start,,digital,24.0
u_02509,2025-09-19,start,,digital,24.0
u_02510,2025-11-23,start,,digital,24.0
u_02511,2025-08-22,start,,digital,24.0
u_02511,2026-05-19,upgrade,digital,premium,39.0
u_02512,2025-07-22,start,,free,0.0
u_02513,2025-01-12,start,,free,0.0
u_02514,2025-01-04,start,,digital,24.0
u_02514,2025-10-01,cancel,digital,,0.0
u_02515,2025-03-10,start,,digital,24.0
u_02516,2026-03-05,start,,free,0.0
u_02517,2025-01-20,start,,premium,39.0
u_02517,2025-03-21,cancel,premium,,0.0
u_02518,2025-03-06,start,,digital,24.0
u_02518,2025-10-02,cancel,digital,,0.0
u_02519,2025-09-24,start,,free,0.0
u_02520,2025-02-26,start,,free,0.0
u_02520,2025-12-23,upgrade,free,digital,24.0
u_02520,2026-02-21,cancel,digital,,0.0
u_02521,2025-01-26,start,,free,0.0
u_02522,2025-09-29,start,,free,0.0
u_02523,2025-06-15,start,,free,0.0
u_02523,2025-08-14,upgrade,free,digital,24.0
u_02524,2025-11-12,start,,free,0.0
u_02524,2026-03-12,upgrade,free,digital,24.0
u_02525,2026-04-29,start,,free,0.0
u_02525,2026-05-29,upgrade,free,digital,24.0
u_02526,2025-01-22,start,,free,0.0
u_02527,2026-04-29,start,,digital,24.0
u_02528,2026-04-22,start,,digital,24.0
u_02529,2026-02-28,start,,free,0.0
u_02529,2026-03-30,upgrade,free,digital,24.0
u_02529,2026-06-28,cancel,digital,,0.0
u_02530,2025-11-15,start,,free,0.0
u_02530,2026-06-13,upgrade,free,digital,24.0
u_02531,2025-11-07,start,,free,0.0
u_02532,2025-11-21,start,,free,0.0
u_02533,2025-12-28,start,,free,0.0
u_02533,2026-03-28,upgrade,free,digital,24.0
u_02533,2026-06-26,upgrade,digital,premium,39.0
u_02534,2024-11-12,start,,free,0.0
u_02534,2025-02-10,upgrade,free,digital,24.0
u_02534,2025-07-10,cancel,digital,,0.0
u_02535,2026-05-31,start,,free,0.0
u_02536,2025-10-13,start,,print,59.0
u_02537,2026-01-28,start,,free,0.0
u_02537,2026-04-28,cancel,free,,0.0
u_02538,2025-06-22,start,,digital,24.0
u_02539,2024-11-09,start,,free,0.0
u_02540,2025-09-12,start,,free,0.0
u_02541,2025-09-11,start,,premium,39.0
u_02542,2025-08-04,start,,free,0.0
u_02542,2025-11-02,upgrade,free,digital,24.0
u_02543,2025-05-26,start,,digital,24.0
u_02544,2025-03-23,start,,print,59.0
u_02545,2025-09-17,start,,digital,24.0
u_02546,2025-06-21,start,,free,0.0
u_02547,2026-06-09,start,,free,0.0
u_02548,2025-01-29,start,,free,0.0
u_02548,2025-02-28,upgrade,free,digital,24.0
u_02549,2025-05-12,start,,free,0.0
u_02550,2025-04-23,start,,free,0.0
u_02551,2025-09-23,start,,premium,39.0
u_02551,2026-02-20,cancel,premium,,0.0
u_02552,2025-09-08,start,,digital,24.0
u_02552,2026-06-05,cancel,digital,,0.0
u_02553,2025-11-24,start,,free,0.0
u_02553,2026-05-23,upgrade,free,digital,24.0
u_02553,2026-06-22,upgrade,digital,premium,39.0
u_02554,2026-05-26,start,,free,0.0
u_02555,2025-04-17,start,,digital,24.0
u_02556,2025-12-29,start,,premium,39.0
u_02557,2024-11-18,start,,free,0.0
u_02557,2025-08-15,upgrade,free,digital,24.0
u_02558,2025-04-01,start,,free,0.0
u_02558,2025-09-28,upgrade,free,digital,24.0
u_02558,2026-03-27,upgrade,digital,premium,39.0
u_02559,2025-08-23,start,,premium,39.0
u_02560,2024-11-23,start,,premium,39.0
u_02560,2025-01-22,cancel,premium,,0.0
u_02561,2025-11-05,start,,premium,39.0
u_02561,2026-02-03,cancel,premium,,0.0
u_02562,2025-12-19,start,,free,0.0
u_02562,2026-03-19,cancel,free,,0.0
u_02563,2026-01-17,start,,free,0.0
u_02563,2026-06-16,upgrade,free,digital,24.0
u_02564,2025-09-14,start,,free,0.0
u_02565,2025-10-27,start,,free,0.0
u_02566,2025-07-05,start,,premium,39.0
u_02567,2024-11-30,start,,free,0.0
u_02568,2025-01-05,start,,digital,24.0
u_02569,2025-12-02,start,,premium,39.0
u_02570,2026-06-27,start,,print,59.0
u_02571,2024-11-12,start,,digital,24.0
u_02571,2025-04-11,cancel,digital,,0.0
u_02572,2025-09-27,start,,premium,39.0
u_02573,2026-01-18,start,,free,0.0
u_02574,2026-02-26,start,,free,0.0
u_02575,2025-09-23,start,,free,0.0
u_02576,2025-11-07,start,,print,59.0
u_02577,2026-01-01,start,,premium,39.0
u_02578,2026-03-21,start,,free,0.0
u_02578,2026-04-20,upgrade,free,digital,24.0
u_02579,2025-01-13,start,,free,0.0
u_02579,2025-07-12,upgrade,free,digital,24.0
u_02579,2026-01-08,upgrade,digital,premium,39.0
u_02580,2026-05-09,start,,free,0.0
u_02581,2024-11-19,start,,free,0.0
u_02582,2026-03-05,start,,digital,24.0
u_02583,2024-12-26,start,,free,0.0
u_02583,2026-04-20,upgrade,free,digital,24.0
u_02584,2025-02-11,start,,digital,24.0
u_02585,2024-11-03,start,,digital,24.0
u_02585,2025-12-28,cancel,digital,,0.0
u_02586,2025-08-10,start,,free,0.0
u_02586,2025-11-08,upgrade,free,digital,24.0
u_02586,2026-03-08,cancel,digital,,0.0
u_02587,2025-05-22,start,,free,0.0
u_02587,2025-10-19,upgrade,free,digital,24.0
u_02588,2025-01-27,start,,print,59.0
u_02588,2026-04-22,cancel,print,,0.0
u_02589,2025-08-14,start,,digital,24.0
u_02590,2025-07-10,start,,free,0.0
u_02591,2026-01-24,start,,free,0.0
u_02591,2026-06-23,upgrade,free,digital,24.0
u_02592,2026-04-15,start,,premium,39.0
u_02593,2025-11-30,start,,digital,24.0
u_02593,2026-02-28,upgrade,digital,premium,39.0
u_02593,2026-03-30,cancel,premium,,0.0
u_02594,2025-01-13,start,,digital,24.0
u_02594,2025-05-13,upgrade,digital,premium,39.0
u_02595,2025-04-24,start,,digital,24.0
u_02596,2026-04-29,start,,premium,39.0
u_02597,2025-01-02,start,,free,0.0
u_02598,2025-07-13,start,,digital,24.0
u_02599,2026-05-20,start,,free,0.0
u_02600,2026-05-26,start,,digital,24.0
u_02601,2025-07-16,start,,print,59.0
u_02602,2025-12-11,start,,print,59.0
u_02603,2025-08-18,start,,free,0.0
u_02604,2026-01-19,start,,digital,24.0
u_02604,2026-05-19,upgrade,digital,premium,39.0
u_02605,2024-11-23,start,,premium,39.0
u_02606,2025-01-20,start,,print,59.0
u_02607,2025-11-03,start,,digital,24.0
u_02608,2025-03-10,start,,free,0.0
u_02609,2025-12-10,start,,free,0.0
u_02610,2025-06-03,start,,premium,39.0
u_02611,2026-04-10,start,,digital,24.0
u_02612,2026-02-21,start,,digital,24.0
u_02613,2025-09-06,start,,digital,24.0
u_02613,2025-12-05,upgrade,digital,premium,39.0
u_02614,2026-01-26,start,,free,0.0
u_02614,2026-03-27,upgrade,free,digital,24.0
u_02615,2025-04-07,start,,free,0.0
u_02615,2025-07-06,upgrade,free,digital,24.0
u_02615,2025-11-03,upgrade,digital,premium,39.0
u_02616,2025-09-07,start,,digital,24.0
u_02616,2025-11-06,upgrade,digital,premium,39.0
u_02617,2025-02-13,start,,free,0.0
u_02617,2025-03-15,upgrade,free,digital,24.0
u_02617,2025-05-14,cancel,digital,,0.0
u_02618,2026-03-23,start,,digital,24.0
u_02619,2026-02-24,start,,digital,24.0
u_02620,2026-04-21,start,,digital,24.0
u_02620,2026-06-20,cancel,digital,,0.0
u_02621,2026-04-04,start,,free,0.0
u_02622,2026-06-02,start,,digital,24.0
u_02623,2025-03-07,start,,free,0.0
u_02623,2025-06-05,upgrade,free,digital,24.0
u_02623,2026-06-30,upgrade,digital,premium,39.0
u_02624,2026-05-13,start,,free,0.0
u_02625,2025-10-03,start,,free,0.0
u_02626,2025-07-24,start,,free,0.0
u_02627,2025-09-28,start,,premium,39.0
u_02628,2025-05-28,start,,premium,39.0
u_02628,2026-05-23,cancel,premium,,0.0
u_02629,2025-04-19,start,,free,0.0
u_02629,2025-08-17,upgrade,free,digital,24.0
u_02630,2025-03-16,start,,digital,24.0
u_02630,2025-06-14,cancel,digital,,0.0
u_02631,2024-12-30,start,,free,0.0
u_02631,2025-02-28,upgrade,free,digital,24.0
u_02632,2025-09-07,start,,digital,24.0
u_02632,2026-01-05,cancel,digital,,0.0
u_02633,2026-04-11,start,,premium,39.0
u_02634,2025-11-14,start,,digital,24.0
u_02635,2025-09-15,start,,free,0.0
u_02636,2025-07-29,start,,free,0.0
u_02637,2025-08-23,start,,free,0.0
u_02637,2025-10-22,upgrade,free,digital,24.0
u_02638,2025-02-21,start,,premium,39.0
u_02639,2026-02-23,start,,digital,24.0
u_02640,2025-02-14,start,,free,0.0
u_02640,2025-07-14,upgrade,free,digital,24.0
u_02641,2026-01-07,start,,free,0.0
u_02642,2026-01-21,start,,premium,39.0
u_02643,2025-10-06,start,,free,0.0
u_02643,2026-06-03,cancel,free,,0.0
u_02644,2026-03-24,start,,digital,24.0
u_02644,2026-04-23,upgrade,digital,premium,39.0
u_02645,2025-04-21,start,,digital,24.0
u_02646,2026-04-07,start,,free,0.0
u_02646,2026-06-06,upgrade,free,digital,24.0
u_02647,2026-01-11,start,,free,0.0
u_02647,2026-05-11,upgrade,free,digital,24.0
u_02648,2026-02-06,start,,free,0.0
u_02649,2025-12-09,start,,free,0.0
u_02649,2026-02-07,cancel,free,,0.0
u_02650,2026-03-12,start,,digital,24.0
u_02651,2026-06-26,start,,digital,24.0
u_02652,2025-07-23,start,,free,0.0
u_02652,2025-10-21,upgrade,free,digital,24.0
u_02653,2026-02-17,start,,free,0.0
u_02653,2026-06-17,cancel,free,,0.0
u_02654,2026-01-16,start,,free,0.0
u_02655,2025-08-15,start,,free,0.0
u_02656,2026-05-09,start,,digital,24.0
u_02657,2025-07-04,start,,digital,24.0
u_02657,2026-04-30,cancel,digital,,0.0
u_02658,2025-09-30,start,,digital,24.0
u_02658,2026-06-27,cancel,digital,,0.0
u_02659,2025-01-07,start,,free,0.0
u_02660,2025-03-05,start,,digital,24.0
u_02660,2026-06-28,cancel,digital,,0.0
u_02661,2026-03-08,start,,free,0.0
u_02662,2025-07-06,start,,print,59.0
u_02663,2025-07-04,start,,digital,24.0
u_02663,2026-03-01,cancel,digital,,0.0
u_02664,2025-03-20,start,,premium,39.0
u_02665,2025-09-06,start,,free,0.0
u_02665,2026-03-05,upgrade,free,digital,24.0
u_02666,2026-02-11,start,,free,0.0
u_02666,2026-06-11,upgrade,free,digital,24.0
u_02667,2026-04-16,start,,digital,24.0
u_02668,2024-12-21,start,,free,0.0
u_02668,2025-04-20,upgrade,free,digital,24.0
u_02668,2025-11-16,cancel,digital,,0.0
u_02669,2025-10-06,start,,digital,24.0
u_02670,2025-08-26,start,,free,0.0
u_02671,2025-11-03,start,,print,59.0
u_02671,2026-06-01,cancel,print,,0.0
u_02672,2025-08-11,start,,free,0.0
u_02672,2026-03-09,upgrade,free,digital,24.0
u_02673,2025-07-07,start,,premium,39.0
u_02674,2025-08-29,start,,free,0.0
u_02675,2025-10-11,start,,free,0.0
u_02676,2025-09-09,start,,free,0.0
u_02677,2025-08-29,start,,free,0.0
u_02677,2026-03-27,upgrade,free,digital,24.0
u_02678,2026-02-20,start,,print,59.0
u_02679,2026-01-17,start,,premium,39.0
u_02679,2026-03-18,cancel,premium,,0.0
u_02680,2025-05-27,start,,print,59.0
u_02681,2026-02-07,start,,print,59.0
u_02682,2026-03-18,start,,digital,24.0
u_02682,2026-04-17,cancel,digital,,0.0
u_02683,2025-01-23,start,,free,0.0
u_02683,2026-06-17,upgrade,free,digital,24.0
u_02684,2025-10-11,start,,premium,39.0
u_02684,2025-12-10,cancel,premium,,0.0
u_02685,2025-04-17,start,,free,0.0
u_02685,2026-01-12,upgrade,free,digital,24.0
u_02685,2026-04-12,cancel,digital,,0.0
u_02686,2026-01-15,start,,digital,24.0
u_02686,2026-03-16,cancel,digital,,0.0
u_02687,2025-03-15,start,,free,0.0
u_02687,2025-09-11,upgrade,free,digital,24.0
u_02687,2026-06-08,cancel,digital,,0.0
u_02688,2025-12-14,start,,digital,24.0
u_02688,2026-01-13,cancel,digital,,0.0
u_02689,2025-03-26,start,,free,0.0
u_02690,2025-09-12,start,,free,0.0
u_02691,2026-05-25,start,,free,0.0
u_02692,2025-06-25,start,,free,0.0
u_02693,2026-04-02,start,,free,0.0
u_02694,2026-06-21,start,,free,0.0
u_02695,2026-04-02,start,,free,0.0
u_02695,2026-05-02,upgrade,free,digital,24.0
u_02696,2025-01-27,start,,digital,24.0
u_02696,2025-06-26,cancel,digital,,0.0
u_02697,2026-02-21,start,,free,0.0
u_02697,2026-06-21,upgrade,free,digital,24.0
u_02698,2024-11-24,start,,digital,24.0
u_02698,2025-01-23,upgrade,digital,premium,39.0
u_02699,2025-07-03,start,,free,0.0
u_02700,2026-03-30,start,,digital,24.0
u_02701,2025-12-26,start,,free,0.0
u_02702,2025-09-19,start,,free,0.0
u_02703,2025-06-30,start,,digital,24.0
u_02703,2026-06-25,cancel,digital,,0.0
u_02704,2026-02-16,start,,digital,24.0
u_02705,2026-01-05,start,,free,0.0
u_02706,2025-08-26,start,,free,0.0
u_02707,2026-04-14,start,,free,0.0
u_02708,2025-03-08,start,,free,0.0
u_02708,2025-06-06,upgrade,free,digital,24.0
u_02709,2025-01-28,start,,free,0.0
u_02709,2025-09-25,upgrade,free,digital,24.0
u_02710,2025-11-23,start,,digital,24.0
u_02711,2026-06-10,start,,free,0.0
u_02712,2025-03-21,start,,digital,24.0
u_02712,2025-05-20,cancel,digital,,0.0
u_02713,2025-03-22,start,,free,0.0
u_02713,2025-12-17,upgrade,free,digital,24.0
u_02714,2025-01-18,start,,free,0.0
u_02715,2026-03-22,start,,free,0.0
u_02715,2026-05-21,upgrade,free,digital,24.0
u_02716,2025-03-06,start,,free,0.0
u_02716,2025-07-04,upgrade,free,digital,24.0
u_02716,2026-03-01,cancel,digital,,0.0
u_02717,2025-09-09,start,,free,0.0
u_02717,2026-02-06,upgrade,free,digital,24.0
u_02718,2026-06-24,start,,digital,24.0
u_02719,2024-11-09,start,,digital,24.0
u_02719,2026-06-02,cancel,digital,,0.0
u_02720,2025-09-27,start,,free,0.0
u_02720,2026-01-25,upgrade,free,digital,24.0
u_02720,2026-03-26,upgrade,digital,premium,39.0
u_02721,2025-09-12,start,,free,0.0
u_02722,2026-02-12,start,,premium,39.0
u_02722,2026-03-14,cancel,premium,,0.0
u_02723,2025-06-06,start,,free,0.0
u_02724,2025-07-16,start,,free,0.0
u_02724,2026-03-13,upgrade,free,digital,24.0
u_02725,2025-01-28,start,,premium,39.0
u_02726,2026-01-15,start,,free,0.0
u_02727,2026-01-29,start,,free,0.0
u_02727,2026-04-29,upgrade,free,digital,24.0
u_02727,2026-05-29,cancel,digital,,0.0
u_02728,2025-01-17,start,,free,0.0
u_02728,2025-09-14,cancel,free,,0.0
u_02729,2025-07-04,start,,digital,24.0
u_02729,2025-12-01,cancel,digital,,0.0
u_02730,2026-04-15,start,,free,0.0
u_02731,2024-11-02,start,,digital,24.0
u_02732,2025-04-27,start,,free,0.0
u_02733,2025-09-26,start,,free,0.0
u_02733,2026-06-23,upgrade,free,digital,24.0
u_02734,2025-05-22,start,,free,0.0
u_02734,2025-07-21,upgrade,free,digital,24.0
u_02734,2026-02-16,cancel,digital,,0.0
u_02735,2025-04-07,start,,digital,24.0
u_02735,2025-09-04,upgrade,digital,premium,39.0
u_02736,2025-08-20,start,,free,0.0
u_02736,2025-10-19,upgrade,free,digital,24.0
u_02737,2025-02-02,start,,digital,24.0
u_02737,2026-04-28,cancel,digital,,0.0
u_02738,2025-09-18,start,,free,0.0
u_02739,2026-01-04,start,,free,0.0
u_02740,2025-10-06,start,,free,0.0
u_02741,2025-01-03,start,,free,0.0
u_02741,2025-04-03,cancel,free,,0.0
u_02742,2026-03-11,start,,free,0.0
u_02743,2025-01-30,start,,digital,24.0
u_02744,2026-01-23,start,,premium,39.0
u_02745,2025-06-10,start,,digital,24.0
u_02746,2026-01-29,start,,digital,24.0
u_02747,2025-02-19,start,,free,0.0
u_02747,2025-10-17,upgrade,free,digital,24.0
u_02747,2025-11-16,upgrade,digital,premium,39.0
u_02748,2025-02-05,start,,digital,24.0
u_02748,2025-03-07,cancel,digital,,0.0
u_02749,2025-09-07,start,,free,0.0
u_02750,2024-11-24,start,,digital,24.0
u_02750,2026-03-19,cancel,digital,,0.0
u_02751,2025-03-05,start,,premium,39.0
u_02752,2026-01-10,start,,free,0.0
u_02753,2026-03-06,start,,premium,39.0
u_02754,2024-12-28,start,,digital,24.0
u_02754,2025-03-28,upgrade,digital,premium,39.0
u_02755,2026-04-07,start,,free,0.0
u_02756,2026-02-05,start,,premium,39.0
u_02757,2026-03-29,start,,free,0.0
u_02758,2026-01-01,start,,free,0.0
u_02759,2025-12-16,start,,free,0.0
u_02760,2025-09-17,start,,digital,24.0
u_02760,2025-10-17,cancel,digital,,0.0
u_02761,2025-12-01,start,,free,0.0
u_02762,2026-05-03,start,,premium,39.0
u_02763,2025-01-06,start,,free,0.0
u_02763,2026-03-02,cancel,free,,0.0
u_02764,2025-05-09,start,,free,0.0
u_02764,2026-05-04,upgrade,free,digital,24.0
u_02765,2024-12-22,start,,digital,24.0
u_02766,2026-05-22,start,,free,0.0
u_02767,2025-08-10,start,,digital,24.0
u_02768,2025-12-17,start,,free,0.0
u_02769,2026-03-09,start,,print,59.0
u_02770,2026-06-24,start,,digital,24.0
u_02771,2025-01-26,start,,free,0.0
u_02771,2025-05-26,upgrade,free,digital,24.0
u_02771,2025-08-24,cancel,digital,,0.0
u_02772,2026-02-07,start,,free,0.0
u_02773,2026-04-11,start,,free,0.0
u_02774,2024-12-06,start,,print,59.0
u_02775,2026-01-19,start,,digital,24.0
u_02776,2025-06-06,start,,free,0.0
u_02777,2025-11-28,start,,free,0.0
u_02778,2025-09-13,start,,premium,39.0
u_02779,2025-03-30,start,,free,0.0
u_02779,2026-03-25,upgrade,free,digital,24.0
u_02780,2025-01-17,start,,digital,24.0
u_02780,2025-07-16,cancel,digital,,0.0
u_02781,2025-01-11,start,,digital,24.0
u_02781,2025-06-10,cancel,digital,,0.0
u_02782,2025-01-06,start,,free,0.0
u_02783,2025-11-20,start,,free,0.0
u_02784,2025-06-03,start,,free,0.0
u_02784,2025-10-01,upgrade,free,digital,24.0
u_02784,2026-05-29,cancel,digital,,0.0
u_02785,2025-02-27,start,,free,0.0
u_02785,2025-09-25,upgrade,free,digital,24.0
u_02786,2025-12-29,start,,print,59.0
u_02786,2026-05-28,cancel,print,,0.0
u_02787,2025-12-25,start,,digital,24.0
u_02788,2025-09-21,start,,digital,24.0
u_02789,2026-05-15,start,,free,0.0
u_02790,2025-06-28,start,,free,0.0
u_02791,2026-03-05,start,,digital,24.0
u_02792,2024-12-24,start,,free,0.0
u_02792,2026-03-19,upgrade,free,digital,24.0
u_02793,2026-01-15,start,,free,0.0
u_02793,2026-04-15,upgrade,free,digital,24.0
u_02794,2026-06-22,start,,free,0.0
u_02795,2026-03-12,start,,digital,24.0
u_02796,2025-10-09,start,,digital,24.0
u_02797,2025-11-12,start,,free,0.0
u_02797,2025-12-12,upgrade,free,digital,24.0
u_02798,2025-06-05,start,,premium,39.0
u_02799,2025-12-20,start,,free,0.0
u_02800,2026-01-25,start,,free,0.0
u_02801,2026-06-29,start,,free,0.0
u_02802,2025-09-06,start,,digital,24.0
u_02802,2026-04-04,cancel,digital,,0.0
u_02803,2024-12-14,start,,free,0.0
u_02803,2026-06-07,upgrade,free,digital,24.0
u_02804,2025-10-21,start,,free,0.0
u_02804,2026-05-19,upgrade,free,digital,24.0
u_02805,2025-01-12,start,,free,0.0
u_02806,2025-03-19,start,,digital,24.0
u_02806,2025-06-17,upgrade,digital,premium,39.0
u_02807,2025-05-18,start,,digital,24.0
u_02807,2025-06-17,cancel,digital,,0.0
u_02808,2026-01-12,start,,free,0.0
u_02808,2026-02-11,upgrade,free,digital,24.0
u_02809,2025-02-03,start,,premium,39.0
u_02810,2025-01-27,start,,free,0.0
u_02810,2025-06-26,upgrade,free,digital,24.0
u_02810,2025-08-25,cancel,digital,,0.0
u_02811,2024-12-03,start,,free,0.0
u_02812,2026-04-01,start,,digital,24.0
u_02813,2025-12-30,start,,digital,24.0
u_02814,2024-11-29,start,,free,0.0
u_02814,2025-01-28,upgrade,free,digital,24.0
u_02814,2025-07-27,cancel,digital,,0.0
u_02815,2024-11-21,start,,digital,24.0
u_02815,2025-11-16,cancel,digital,,0.0
u_02816,2025-09-28,start,,free,0.0
u_02817,2025-04-15,start,,digital,24.0
u_02818,2025-10-21,start,,digital,24.0
u_02818,2026-05-19,upgrade,digital,premium,39.0
u_02819,2025-08-02,start,,print,59.0
u_02820,2026-05-06,start,,free,0.0
u_02821,2025-04-19,start,,digital,24.0
u_02822,2025-12-20,start,,digital,24.0
u_02823,2024-12-09,start,,free,0.0
u_02824,2026-05-30,start,,free,0.0
u_02825,2026-06-17,start,,print,59.0
u_02826,2026-01-15,start,,free,0.0
u_02827,2025-08-24,start,,digital,24.0
u_02828,2025-03-01,start,,free,0.0
u_02829,2026-02-16,start,,digital,24.0
u_02830,2026-01-14,start,,free,0.0
u_02831,2025-03-03,start,,print,59.0
u_02832,2025-08-14,start,,digital,24.0
u_02833,2025-08-22,start,,free,0.0
u_02833,2026-04-19,upgrade,free,digital,24.0
u_02834,2026-02-26,start,,digital,24.0
u_02835,2025-12-23,start,,digital,24.0
u_02835,2026-05-22,cancel,digital,,0.0
u_02836,2025-11-24,start,,free,0.0
u_02837,2025-11-28,start,,free,0.0
u_02838,2025-04-06,start,,digital,24.0
u_02839,2025-06-18,start,,digital,24.0
u_02840,2024-12-03,start,,free,0.0
u_02840,2025-07-01,upgrade,free,digital,24.0
u_02840,2025-11-28,cancel,digital,,0.0
u_02841,2026-01-30,start,,premium,39.0
u_02842,2025-08-01,start,,free,0.0
u_02843,2025-08-05,start,,free,0.0
u_02843,2026-02-01,upgrade,free,digital,24.0
u_02844,2025-03-19,start,,digital,24.0
u_02844,2026-01-13,upgrade,digital,premium,39.0
u_02844,2026-05-13,upgrade,premium,print,59.0
u_02845,2025-02-22,start,,free,0.0
u_02845,2025-03-24,upgrade,free,digital,24.0
u_02845,2025-05-23,cancel,digital,,0.0
u_02846,2025-10-15,start,,free,0.0
u_02846,2026-04-13,upgrade,free,digital,24.0
u_02847,2025-03-10,start,,free,0.0
u_02847,2025-06-08,upgrade,free,digital,24.0
u_02848,2024-12-17,start,,free,0.0
u_02848,2026-04-11,upgrade,free,digital,24.0
u_02849,2026-01-24,start,,free,0.0
u_02850,2025-06-21,start,,digital,24.0
u_02850,2026-03-18,cancel,digital,,0.0
u_02851,2025-06-24,start,,free,0.0
u_02852,2025-07-31,start,,digital,24.0
u_02852,2025-11-28,upgrade,digital,premium,39.0
u_02853,2026-02-18,start,,digital,24.0
u_02854,2025-05-12,start,,free,0.0
u_02855,2026-01-21,start,,free,0.0
u_02856,2026-05-18,start,,digital,24.0
u_02857,2025-12-06,start,,free,0.0
u_02858,2025-07-31,start,,free,0.0
u_02858,2026-02-26,upgrade,free,digital,24.0
u_02859,2026-01-17,start,,digital,24.0
u_02860,2025-08-19,start,,digital,24.0
u_02861,2025-07-19,start,,digital,24.0
u_02862,2025-09-17,start,,free,0.0
u_02863,2025-05-10,start,,free,0.0
u_02863,2025-08-08,upgrade,free,digital,24.0
u_02864,2025-01-07,start,,free,0.0
u_02864,2025-10-04,upgrade,free,digital,24.0
u_02864,2025-11-03,upgrade,digital,premium,39.0
u_02865,2025-07-19,start,,digital,24.0
u_02865,2025-12-16,cancel,digital,,0.0
u_02866,2025-01-13,start,,free,0.0
u_02867,2025-07-16,start,,free,0.0
u_02868,2025-09-27,start,,free,0.0
u_02868,2025-10-27,upgrade,free,digital,24.0
u_02869,2026-05-12,start,,digital,24.0
u_02870,2024-11-26,start,,digital,24.0
u_02870,2025-03-26,cancel,digital,,0.0
u_02871,2025-11-08,start,,free,0.0
u_02872,2025-08-19,start,,free,0.0
u_02872,2025-10-18,cancel,free,,0.0
u_02873,2024-11-15,start,,free,0.0
u_02873,2025-10-11,upgrade,free,digital,24.0
u_02874,2025-03-22,start,,free,0.0
u_02875,2025-01-11,start,,free,0.0
u_02876,2025-02-27,start,,free,0.0
u_02876,2025-12-24,upgrade,free,digital,24.0
u_02877,2025-04-09,start,,digital,24.0
u_02877,2025-05-09,upgrade,digital,premium,39.0
u_02877,2025-12-05,upgrade,premium,print,59.0
u_02878,2025-07-09,start,,digital,24.0
u_02879,2025-09-18,start,,print,59.0
u_02880,2024-11-01,start,,premium,39.0
u_02880,2025-03-31,upgrade,premium,print,59.0
u_02881,2025-01-26,start,,free,0.0
u_02881,2025-02-25,cancel,free,,0.0
u_02882,2025-01-03,start,,free,0.0
u_02882,2025-06-02,upgrade,free,digital,24.0
u_02882,2026-01-28,upgrade,digital,premium,39.0
u_02883,2025-09-25,start,,free,0.0
u_02883,2026-05-23,upgrade,free,digital,24.0
u_02884,2025-05-18,start,,digital,24.0
u_02884,2025-06-17,cancel,digital,,0.0
u_02885,2025-09-24,start,,free,0.0
u_02886,2025-03-02,start,,free,0.0
u_02886,2025-12-27,upgrade,free,digital,24.0
u_02887,2024-11-18,start,,free,0.0
u_02887,2025-03-18,cancel,free,,0.0
u_02888,2026-05-19,start,,free,0.0
u_02889,2025-01-08,start,,digital,24.0
u_02889,2025-08-06,upgrade,digital,premium,39.0
u_02890,2025-01-14,start,,digital,24.0
u_02890,2026-02-08,cancel,digital,,0.0
u_02891,2025-01-21,start,,free,0.0
u_02892,2026-06-17,start,,premium,39.0
u_02893,2025-11-05,start,,free,0.0
u_02894,2025-10-31,start,,free,0.0
u_02894,2026-02-28,upgrade,free,digital,24.0
u_02895,2026-06-21,start,,free,0.0
u_02896,2025-01-02,start,,digital,24.0
u_02897,2026-06-12,start,,digital,24.0
u_02898,2025-02-18,start,,free,0.0
u_02899,2025-11-09,start,,print,59.0
u_02899,2026-01-08,cancel,print,,0.0
u_02900,2025-07-23,start,,free,0.0
u_02900,2025-11-20,upgrade,free,digital,24.0
u_02901,2025-06-27,start,,free,0.0
u_02901,2025-08-26,upgrade,free,digital,24.0
u_02902,2026-05-12,start,,digital,24.0
u_02903,2025-01-21,start,,premium,39.0
u_02903,2026-05-16,upgrade,premium,print,59.0
u_02904,2026-06-28,start,,digital,24.0
u_02905,2025-06-23,start,,print,59.0
u_02905,2026-01-19,cancel,print,,0.0
u_02906,2025-11-28,start,,free,0.0
u_02906,2026-02-26,cancel,free,,0.0
u_02907,2026-06-07,start,,digital,24.0
u_02908,2024-12-12,start,,digital,24.0
u_02908,2025-07-10,cancel,digital,,0.0
u_02909,2026-05-06,start,,free,0.0
u_02910,2025-10-01,start,,free,0.0
u_02911,2026-01-03,start,,print,59.0
u_02912,2025-01-21,start,,free,0.0
u_02913,2025-09-19,start,,free,0.0
u_02913,2025-10-19,upgrade,free,digital,24.0
u_02914,2025-12-15,start,,premium,39.0
u_02915,2025-08-18,start,,premium,39.0
u_02916,2025-01-23,start,,print,59.0
u_02916,2025-07-22,cancel,print,,0.0
u_02917,2025-03-18,start,,premium,39.0
u_02917,2025-08-15,cancel,premium,,0.0
u_02918,2026-03-18,start,,free,0.0
u_02919,2024-11-25,start,,premium,39.0
u_02920,2026-01-05,start,,free,0.0
u_02921,2026-06-30,start,,digital,24.0
u_02922,2024-11-06,start,,free,0.0
u_02922,2025-09-02,upgrade,free,digital,24.0
u_02922,2026-03-31,cancel,digital,,0.0
u_02923,2025-01-25,start,,digital,24.0
u_02923,2025-02-24,cancel,digital,,0.0
u_02924,2025-12-16,start,,digital,24.0
u_02925,2024-12-14,start,,digital,24.0
u_02925,2025-08-11,cancel,digital,,0.0
u_02926,2025-10-16,start,,free,0.0
u_02926,2026-04-14,upgrade,free,digital,24.0
u_02927,2025-12-23,start,,free,0.0
u_02928,2025-10-15,start,,free,0.0
u_02928,2025-12-14,upgrade,free,digital,24.0
u_02929,2025-06-13,start,,free,0.0
u_02929,2026-05-09,upgrade,free,digital,24.0
u_02930,2026-01-01,start,,digital,24.0
u_02931,2025-10-20,start,,free,0.0
u_02931,2025-11-19,upgrade,free,digital,24.0
u_02932,2025-02-20,start,,digital,24.0
u_02932,2026-03-17,cancel,digital,,0.0
u_02933,2025-09-29,start,,free,0.0
u_02933,2026-04-27,upgrade,free,digital,24.0
u_02933,2026-05-27,cancel,digital,,0.0
u_02934,2026-04-07,start,,free,0.0
u_02935,2025-12-11,start,,digital,24.0
u_02935,2026-05-10,cancel,digital,,0.0
u_02936,2025-08-29,start,,free,0.0
u_02937,2025-05-13,start,,free,0.0
u_02937,2025-09-10,upgrade,free,digital,24.0
u_02938,2025-01-01,start,,free,0.0
u_02938,2025-05-31,upgrade,free,digital,24.0
u_02939,2025-03-19,start,,free,0.0
u_02940,2024-11-09,start,,digital,24.0
u_02940,2025-12-04,upgrade,digital,premium,39.0
u_02941,2026-06-21,start,,free,0.0
u_02942,2025-03-03,start,,free,0.0
u_02943,2026-02-18,start,,digital,24.0
u_02943,2026-06-18,cancel,digital,,0.0
u_02944,2025-01-28,start,,free,0.0
u_02944,2025-02-27,cancel,free,,0.0
u_02945,2025-04-16,start,,digital,24.0
u_02945,2026-03-12,cancel,digital,,0.0
u_02946,2025-07-21,start,,free,0.0
u_02946,2025-10-19,upgrade,free,digital,24.0
u_02946,2026-03-18,upgrade,digital,premium,39.0
u_02947,2025-05-15,start,,premium,39.0
u_02947,2025-08-13,downgrade,premium,digital,24.0
u_02948,2026-02-06,start,,free,0.0
u_02949,2026-05-31,start,,free,0.0
u_02950,2026-04-02,start,,premium,39.0
u_02951,2025-01-23,start,,digital,24.0
u_02951,2025-03-24,cancel,digital,,0.0
u_02952,2026-01-27,start,,digital,24.0
u_02953,2025-01-21,start,,premium,39.0
u_02953,2025-03-22,cancel,premium,,0.0
u_02954,2026-04-29,start,,free,0.0
u_02955,2025-09-14,start,,digital,24.0
u_02956,2025-05-24,start,,digital,24.0
u_02956,2026-04-19,cancel,digital,,0.0
u_02957,2025-01-24,start,,free,0.0
u_02958,2024-11-09,start,,free,0.0
u_02958,2025-06-07,upgrade,free,digital,24.0
u_02958,2025-08-06,cancel,digital,,0.0
u_02959,2025-03-21,start,,free,0.0
u_02959,2026-03-16,upgrade,free,digital,24.0
u_02960,2026-04-30,start,,premium,39.0
u_02961,2026-02-05,start,,free,0.0
u_02961,2026-03-07,upgrade,free,digital,24.0
u_02962,2026-06-09,start,,free,0.0
u_02963,2025-01-06,start,,digital,24.0
u_02963,2026-04-01,cancel,digital,,0.0
u_02964,2025-10-18,start,,digital,24.0
u_02965,2025-03-28,start,,free,0.0
u_02966,2025-09-22,start,,digital,24.0
u_02967,2025-05-12,start,,free,0.0
u_02967,2026-03-08,upgrade,free,digital,24.0
u_02968,2025-04-16,start,,digital,24.0
u_02968,2025-08-14,upgrade,digital,premium,39.0
u_02969,2025-10-05,start,,free,0.0
u_02969,2025-11-04,upgrade,free,digital,24.0
u_02970,2025-02-03,start,,free,0.0
u_02970,2026-06-28,upgrade,free,digital,24.0
u_02971,2025-08-27,start,,digital,24.0
u_02971,2025-12-25,upgrade,digital,premium,39.0
u_02972,2025-11-29,start,,free,0.0
u_02973,2025-01-15,start,,free,0.0
u_02974,2026-05-12,start,,free,0.0
u_02975,2025-09-10,start,,digital,24.0
u_02976,2026-02-21,start,,premium,39.0
u_02977,2025-12-01,start,,digital,24.0
u_02977,2026-03-31,cancel,digital,,0.0
u_02978,2026-01-05,start,,print,59.0
u_02979,2026-01-07,start,,premium,39.0
u_02979,2026-05-07,upgrade,premium,print,59.0
u_02980,2026-04-02,start,,free,0.0
u_02981,2025-11-03,start,,free,0.0
u_02981,2026-01-02,upgrade,free,digital,24.0
u_02982,2025-04-12,start,,premium,39.0
u_02983,2025-01-05,start,,premium,39.0
u_02983,2025-09-02,upgrade,premium,print,59.0
u_02984,2025-10-28,start,,print,59.0
u_02985,2024-12-18,start,,digital,24.0
u_02986,2025-03-16,start,,free,0.0
u_02986,2026-03-11,upgrade,free,digital,24.0
u_02987,2024-12-14,start,,premium,39.0
u_02987,2025-02-12,upgrade,premium,print,59.0
u_02988,2025-09-24,start,,premium,39.0
u_02989,2025-01-25,start,,digital,24.0
u_02990,2025-10-31,start,,premium,39.0
u_02991,2026-01-31,start,,digital,24.0
u_02992,2026-02-23,start,,premium,39.0
u_02993,2025-05-04,start,,free,0.0
u_02994,2025-09-24,start,,premium,39.0
u_02994,2025-11-23,upgrade,premium,print,59.0
u_02995,2025-09-29,start,,free,0.0
u_02995,2026-02-26,upgrade,free,digital,24.0
u_02996,2025-08-30,start,,free,0.0
u_02996,2025-09-29,upgrade,free,digital,24.0
u_02997,2025-12-02,start,,free,0.0
u_02997,2026-03-02,upgrade,free,digital,24.0
u_02997,2026-06-30,upgrade,digital,premium,39.0
u_02998,2025-02-22,start,,free,0.0
u_02999,2026-06-16,start,,free,0.0
u_03000,2025-01-05,start,,print,59.0
u_03000,2026-04-30,cancel,print,,0.0
u_03001,2026-02-28,start,,digital,24.0
u_03002,2025-10-20,start,,premium,39.0
u_03003,2025-03-19,start,,free,0.0
u_03003,2025-09-15,upgrade,free,digital,24.0
u_03003,2025-12-14,cancel,digital,,0.0
u_03004,2026-01-17,start,,free,0.0
u_03005,2024-12-31,start,,digital,24.0
u_03005,2025-08-28,upgrade,digital,premium,39.0
u_03005,2026-06-24,cancel,premium,,0.0
u_03006,2026-01-26,start,,digital,24.0
u_03007,2025-10-17,start,,free,0.0
u_03008,2025-01-09,start,,digital,24.0
u_03008,2025-05-09,cancel,digital,,0.0
u_03009,2024-12-28,start,,digital,24.0
u_03009,2025-02-26,upgrade,digital,premium,39.0
u_03010,2026-01-18,start,,digital,24.0
u_03010,2026-05-18,cancel,digital,,0.0
u_03011,2025-04-22,start,,print,59.0
u_03012,2026-04-12,start,,digital,24.0
u_03013,2026-01-22,start,,digital,24.0
u_03013,2026-03-23,cancel,digital,,0.0
u_03014,2026-01-01,start,,free,0.0
u_03015,2025-04-12,start,,free,0.0
u_03015,2025-06-11,upgrade,free,digital,24.0
u_03015,2026-03-08,cancel,digital,,0.0
u_03016,2026-01-05,start,,free,0.0
u_03017,2026-05-24,start,,digital,24.0
u_03018,2025-01-03,start,,digital,24.0
u_03018,2025-04-03,cancel,digital,,0.0
u_03019,2025-05-16,start,,free,0.0
u_03020,2025-03-12,start,,digital,24.0
u_03020,2025-12-07,cancel,digital,,0.0
u_03021,2025-07-03,start,,free,0.0
u_03021,2025-10-31,upgrade,free,digital,24.0
u_03022,2026-01-16,start,,free,0.0
u_03022,2026-03-17,upgrade,free,digital,24.0
u_03022,2026-06-15,cancel,digital,,0.0
u_03023,2025-08-31,start,,premium,39.0
u_03024,2025-10-03,start,,free,0.0
u_03025,2025-05-08,start,,free,0.0
u_03025,2025-10-05,upgrade,free,digital,24.0
u_03026,2025-01-19,start,,free,0.0
u_03026,2026-01-14,cancel,free,,0.0
u_03027,2025-04-04,start,,free,0.0
u_03027,2025-08-02,upgrade,free,digital,24.0
u_03027,2026-06-28,cancel,digital,,0.0
u_03028,2026-03-22,start,,digital,24.0
u_03029,2025-10-25,start,,print,59.0
u_03030,2025-06-22,start,,digital,24.0
u_03030,2025-12-19,upgrade,digital,premium,39.0
u_03031,2026-01-31,start,,digital,24.0
u_03032,2024-12-17,start,,free,0.0
u_03033,2025-03-25,start,,digital,24.0
u_03034,2025-03-08,start,,free,0.0
u_03034,2025-09-04,upgrade,free,digital,24.0
u_03035,2026-06-20,start,,free,0.0
u_03036,2026-01-04,start,,premium,39.0
u_03037,2025-11-05,start,,free,0.0
u_03038,2024-11-04,start,,free,0.0
u_03038,2025-09-30,upgrade,free,digital,24.0
u_03039,2025-02-04,start,,free,0.0
u_03039,2025-09-02,upgrade,free,digital,24.0
u_03040,2025-11-18,start,,digital,24.0
u_03040,2026-02-16,cancel,digital,,0.0
u_03041,2025-06-24,start,,free,0.0
u_03041,2025-09-22,upgrade,free,digital,24.0
u_03042,2026-05-07,start,,free,0.0
u_03043,2026-01-23,start,,digital,24.0
u_03043,2026-04-23,cancel,digital,,0.0
u_03044,2025-08-11,start,,free,0.0
u_03045,2026-01-18,start,,premium,39.0
u_03046,2026-06-13,start,,free,0.0
u_03047,2025-08-21,start,,digital,24.0
u_03047,2026-02-17,cancel,digital,,0.0
u_03048,2025-11-23,start,,print,59.0
u_03049,2026-05-03,start,,free,0.0
u_03050,2025-03-22,start,,digital,24.0
u_03050,2025-09-18,cancel,digital,,0.0
u_03051,2026-04-10,start,,free,0.0
u_03051,2026-05-10,upgrade,free,digital,24.0
u_03051,2026-06-09,cancel,digital,,0.0
u_03052,2025-01-05,start,,digital,24.0
u_03052,2025-06-04,cancel,digital,,0.0
u_03053,2025-11-27,start,,premium,39.0
u_03053,2026-05-26,cancel,premium,,0.0
u_03054,2026-01-29,start,,digital,24.0
u_03054,2026-06-28,cancel,digital,,0.0
u_03055,2025-11-03,start,,premium,39.0
u_03056,2025-09-07,start,,digital,24.0
u_03057,2025-11-05,start,,digital,24.0
u_03058,2025-01-22,start,,free,0.0
u_03058,2025-06-21,cancel,free,,0.0
u_03059,2025-02-26,start,,digital,24.0
u_03060,2025-04-06,start,,premium,39.0
u_03060,2025-09-03,cancel,premium,,0.0
u_03061,2025-10-22,start,,digital,24.0
u_03062,2025-08-07,start,,free,0.0
u_03062,2026-05-04,upgrade,free,digital,24.0
u_03063,2025-03-19,start,,free,0.0
u_03063,2026-03-14,upgrade,free,digital,24.0
u_03064,2026-04-07,start,,digital,24.0
u_03065,2025-06-20,start,,premium,39.0
u_03065,2025-08-19,downgrade,premium,digital,24.0
u_03066,2025-08-10,start,,free,0.0
u_03067,2025-07-15,start,,free,0.0
u_03067,2025-09-13,upgrade,free,digital,24.0
u_03067,2025-11-12,cancel,digital,,0.0
u_03068,2025-02-02,start,,free,0.0
u_03068,2026-05-28,cancel,free,,0.0
u_03069,2026-01-12,start,,free,0.0
u_03070,2025-08-12,start,,print,59.0
u_03071,2024-11-12,start,,free,0.0
u_03071,2025-10-08,upgrade,free,digital,24.0
u_03071,2026-05-06,cancel,digital,,0.0
u_03072,2026-06-05,start,,free,0.0
u_03073,2026-02-18,start,,free,0.0
u_03074,2026-01-10,start,,free,0.0
u_03074,2026-06-09,upgrade,free,digital,24.0
u_03075,2026-03-29,start,,print,59.0
u_03076,2026-04-25,start,,free,0.0
u_03077,2025-05-24,start,,free,0.0
u_03078,2025-11-01,start,,free,0.0
u_03078,2026-03-01,upgrade,free,digital,24.0
u_03079,2025-10-30,start,,print,59.0
u_03080,2025-04-04,start,,print,59.0
u_03080,2025-10-01,cancel,print,,0.0
u_03081,2025-03-03,start,,free,0.0
u_03081,2025-11-28,upgrade,free,digital,24.0
u_03082,2025-01-10,start,,digital,24.0
u_03082,2025-02-09,cancel,digital,,0.0
u_03083,2025-12-05,start,,free,0.0
u_03084,2026-01-28,start,,digital,24.0
u_03084,2026-06-27,cancel,digital,,0.0
u_03085,2026-01-22,start,,free,0.0
u_03086,2025-05-09,start,,digital,24.0
u_03087,2025-02-19,start,,premium,39.0
u_03088,2025-08-16,start,,free,0.0
u_03089,2025-09-24,start,,free,0.0
u_03090,2026-05-03,start,,free,0.0
u_03091,2026-04-02,start,,free,0.0
u_03092,2026-05-01,start,,free,0.0
u_03093,2026-03-15,start,,free,0.0
u_03094,2026-06-05,start,,print,59.0
u_03095,2025-08-24,start,,free,0.0
u_03095,2025-09-23,upgrade,free,digital,24.0
u_03095,2026-03-22,cancel,digital,,0.0
u_03096,2024-12-05,start,,premium,39.0
u_03097,2024-12-30,start,,free,0.0
u_03097,2026-02-23,upgrade,free,digital,24.0
u_03098,2025-07-01,start,,free,0.0
u_03099,2025-03-28,start,,free,0.0
u_03100,2025-01-28,start,,premium,39.0
u_03101,2026-05-28,start,,free,0.0
u_03102,2025-02-11,start,,free,0.0
u_03103,2026-06-01,start,,digital,24.0
u_03104,2026-01-22,start,,digital,24.0
u_03105,2025-11-22,start,,digital,24.0
u_03105,2026-03-22,upgrade,digital,premium,39.0
u_03106,2025-12-17,start,,free,0.0
u_03107,2025-05-20,start,,free,0.0
u_03107,2025-09-17,upgrade,free,digital,24.0
u_03108,2025-11-26,start,,digital,24.0
u_03109,2025-02-05,start,,digital,24.0
u_03110,2026-05-17,start,,digital,24.0
u_03111,2025-04-29,start,,free,0.0
u_03112,2025-03-26,start,,free,0.0
u_03113,2026-01-05,start,,premium,39.0
u_03114,2025-12-03,start,,digital,24.0
u_03114,2026-04-02,cancel,digital,,0.0
u_03115,2025-08-14,start,,free,0.0
u_03115,2025-12-12,upgrade,free,digital,24.0
u_03116,2025-11-16,start,,premium,39.0
u_03117,2025-01-25,start,,digital,24.0
u_03117,2026-06-19,cancel,digital,,0.0
u_03118,2025-12-15,start,,free,0.0
u_03118,2026-02-13,upgrade,free,digital,24.0
u_03119,2025-04-06,start,,free,0.0
u_03119,2025-05-06,upgrade,free,digital,24.0
u_03120,2025-04-08,start,,digital,24.0
u_03121,2025-01-26,start,,free,0.0
u_03121,2026-04-21,cancel,free,,0.0
u_03122,2025-05-21,start,,digital,24.0
u_03123,2025-05-20,start,,digital,24.0
u_03124,2025-08-16,start,,free,0.0
u_03124,2025-11-14,upgrade,free,digital,24.0
u_03125,2025-02-08,start,,premium,39.0
u_03126,2025-02-10,start,,free,0.0
u_03126,2025-09-08,upgrade,free,digital,24.0
u_03127,2025-09-22,start,,free,0.0
u_03128,2025-01-15,start,,digital,24.0
u_03128,2025-10-12,cancel,digital,,0.0
u_03129,2025-12-27,start,,digital,24.0
u_03129,2026-06-25,cancel,digital,,0.0
u_03130,2026-05-21,start,,free,0.0
u_03131,2025-07-27,start,,digital,24.0
u_03132,2026-04-21,start,,premium,39.0
u_03133,2025-01-05,start,,digital,24.0
u_03133,2025-08-03,upgrade,digital,premium,39.0
u_03134,2024-12-01,start,,digital,24.0
u_03134,2024-12-31,cancel,digital,,0.0
u_03135,2026-01-09,start,,free,0.0
u_03136,2026-01-22,start,,free,0.0
u_03137,2026-03-10,start,,digital,24.0
u_03137,2026-06-08,upgrade,digital,premium,39.0
u_03138,2024-12-11,start,,free,0.0
u_03138,2025-08-08,upgrade,free,digital,24.0
u_03139,2026-01-27,start,,digital,24.0
u_03140,2025-06-21,start,,free,0.0
u_03141,2025-04-30,start,,free,0.0
u_03141,2026-01-25,upgrade,free,digital,24.0
u_03142,2025-01-29,start,,free,0.0
u_03143,2026-06-28,start,,free,0.0
u_03144,2024-12-16,start,,free,0.0
u_03144,2025-11-11,cancel,free,,0.0
u_03145,2026-02-26,start,,digital,24.0
u_03146,2025-11-21,start,,digital,24.0
u_03147,2026-01-13,start,,free,0.0
u_03148,2026-01-06,start,,free,0.0
u_03149,2026-03-21,start,,digital,24.0
u_03150,2025-02-03,start,,free,0.0
u_03150,2026-02-28,upgrade,free,digital,24.0
u_03150,2026-06-28,upgrade,digital,premium,39.0
u_03151,2024-11-01,start,,free,0.0
u_03151,2025-03-01,upgrade,free,digital,24.0
u_03151,2025-03-31,cancel,digital,,0.0
u_03152,2025-10-23,start,,free,0.0
u_03153,2025-06-05,start,,digital,24.0
u_03154,2025-01-13,start,,premium,39.0
u_03155,2025-02-05,start,,digital,24.0
u_03155,2025-04-06,cancel,digital,,0.0
u_03156,2025-05-20,start,,print,59.0
u_03156,2026-04-15,cancel,print,,0.0
u_03157,2024-12-21,start,,premium,39.0
u_03157,2026-02-14,upgrade,premium,print,59.0
u_03158,2024-12-11,start,,free,0.0
u_03158,2025-04-10,upgrade,free,digital,24.0
u_03159,2026-05-01,start,,free,0.0
u_03160,2025-05-06,start,,free,0.0
u_03161,2026-06-18,start,,free,0.0
u_03162,2026-06-05,start,,digital,24.0
u_03163,2025-01-19,start,,free,0.0
u_03163,2026-01-14,upgrade,free,digital,24.0
u_03164,2026-01-07,start,,free,0.0
u_03165,2025-10-24,start,,free,0.0
u_03166,2025-12-28,start,,digital,24.0
u_03167,2025-01-04,start,,digital,24.0
u_03167,2025-10-31,cancel,digital,,0.0
u_03168,2025-02-07,start,,print,59.0
u_03168,2025-05-08,cancel,print,,0.0
u_03169,2024-12-25,start,,free,0.0
u_03169,2025-09-21,upgrade,free,digital,24.0
u_03170,2025-10-27,start,,free,0.0
u_03170,2025-11-26,upgrade,free,digital,24.0
u_03170,2026-05-25,upgrade,digital,premium,39.0
u_03171,2026-06-21,start,,print,59.0
u_03172,2025-12-14,start,,digital,24.0
u_03172,2026-04-13,cancel,digital,,0.0
u_03173,2026-01-05,start,,digital,24.0
u_03174,2026-06-19,start,,free,0.0
u_03175,2025-12-19,start,,free,0.0
u_03176,2024-11-29,start,,premium,39.0
u_03176,2025-07-27,downgrade,premium,digital,24.0
u_03177,2026-03-27,start,,digital,24.0
u_03178,2025-06-13,start,,digital,24.0
u_03179,2024-11-04,start,,free,0.0
u_03179,2026-04-28,upgrade,free,digital,24.0
u_03180,2025-09-11,start,,free,0.0
u_03181,2026-05-16,start,,free,0.0
u_03182,2025-03-28,start,,digital,24.0
u_03182,2025-09-24,cancel,digital,,0.0
u_03183,2025-09-06,start,,free,0.0
u_03184,2025-01-29,start,,free,0.0
u_03184,2026-01-24,upgrade,free,digital,24.0
u_03184,2026-06-23,cancel,digital,,0.0
u_03185,2024-12-12,start,,free,0.0
u_03185,2026-01-06,upgrade,free,digital,24.0
u_03186,2024-12-28,start,,premium,39.0
u_03186,2025-06-26,cancel,premium,,0.0
u_03187,2026-01-11,start,,free,0.0
u_03187,2026-05-11,upgrade,free,digital,24.0
u_03188,2026-03-25,start,,free,0.0
u_03189,2025-01-20,start,,digital,24.0
u_03189,2026-04-15,cancel,digital,,0.0
u_03190,2025-04-19,start,,digital,24.0
u_03190,2025-12-15,cancel,digital,,0.0
u_03191,2025-02-11,start,,digital,24.0
u_03191,2025-06-11,cancel,digital,,0.0
u_03192,2024-11-20,start,,premium,39.0
u_03193,2025-09-26,start,,free,0.0
u_03194,2026-01-02,start,,premium,39.0
u_03194,2026-04-02,downgrade,premium,digital,24.0
u_03195,2025-11-27,start,,premium,39.0
u_03196,2025-06-30,start,,free,0.0
u_03196,2025-08-29,upgrade,free,digital,24.0
u_03197,2025-09-26,start,,digital,24.0
u_03198,2025-01-03,start,,free,0.0
u_03198,2025-12-29,cancel,free,,0.0
u_03199,2025-01-23,start,,free,0.0
u_03200,2026-05-13,start,,free,0.0
u_03200,2026-06-12,cancel,free,,0.0
u_03201,2026-01-22,start,,free,0.0
u_03202,2026-05-06,start,,print,59.0
u_03203,2026-05-02,start,,free,0.0
u_03204,2025-11-28,start,,digital,24.0
u_03204,2026-04-27,cancel,digital,,0.0
u_03205,2026-05-10,start,,free,0.0
u_03206,2025-07-20,start,,free,0.0
u_03207,2024-11-03,start,,free,0.0
u_03207,2025-07-31,upgrade,free,digital,24.0
u_03208,2024-12-15,start,,free,0.0
u_03208,2025-01-14,upgrade,free,digital,24.0
u_03209,2025-01-08,start,,digital,24.0
u_03209,2025-09-05,upgrade,digital,premium,39.0
u_03209,2025-11-04,upgrade,premium,print,59.0
u_03210,2025-01-04,start,,print,59.0
u_03210,2026-05-29,cancel,print,,0.0
u_03211,2025-06-04,start,,free,0.0
u_03211,2026-03-31,cancel,free,,0.0
u_03212,2026-01-02,start,,print,59.0
u_03213,2026-01-31,start,,digital,24.0
u_03214,2025-10-17,start,,digital,24.0
u_03215,2025-01-21,start,,free,0.0
u_03216,2026-01-17,start,,free,0.0
u_03217,2025-06-06,start,,premium,39.0
u_03217,2026-03-03,cancel,premium,,0.0
u_03218,2024-11-10,start,,digital,24.0
u_03218,2025-04-09,cancel,digital,,0.0
u_03219,2025-04-14,start,,free,0.0
u_03219,2025-10-11,upgrade,free,digital,24.0
u_03220,2025-05-19,start,,digital,24.0
u_03220,2025-10-16,upgrade,digital,premium,39.0
u_03221,2025-04-09,start,,free,0.0
u_03222,2026-02-16,start,,digital,24.0
u_03222,2026-05-17,upgrade,digital,premium,39.0
u_03223,2026-01-21,start,,free,0.0
u_03224,2025-12-31,start,,premium,39.0
u_03225,2025-01-18,start,,free,0.0
u_03225,2025-09-15,upgrade,free,digital,24.0
u_03226,2026-02-13,start,,free,0.0
u_03227,2025-12-18,start,,digital,24.0
u_03228,2025-02-11,start,,free,0.0
u_03228,2025-05-12,cancel,free,,0.0
u_03229,2025-11-27,start,,premium,39.0
u_03230,2025-09-03,start,,digital,24.0
u_03231,2025-08-05,start,,free,0.0
u_03231,2025-10-04,upgrade,free,digital,24.0
u_03231,2026-01-02,upgrade,digital,premium,39.0
u_03232,2025-01-09,start,,free,0.0
u_03232,2025-10-06,upgrade,free,digital,24.0
u_03233,2025-09-14,start,,premium,39.0
u_03233,2026-04-12,cancel,premium,,0.0
u_03234,2025-01-05,start,,digital,24.0
u_03234,2026-01-30,cancel,digital,,0.0
u_03235,2025-01-26,start,,premium,39.0
u_03236,2025-01-16,start,,free,0.0
u_03236,2025-11-12,upgrade,free,digital,24.0
u_03237,2026-05-29,start,,premium,39.0
u_03237,2026-06-28,cancel,premium,,0.0
u_03238,2025-04-17,start,,free,0.0
u_03239,2025-06-06,start,,digital,24.0
u_03240,2025-05-13,start,,free,0.0
u_03240,2025-07-12,upgrade,free,digital,24.0
u_03240,2025-09-10,upgrade,digital,premium,39.0
u_03241,2026-04-19,start,,free,0.0
u_03242,2025-09-29,start,,print,59.0
u_03243,2026-05-04,start,,print,59.0
u_03244,2025-04-27,start,,free,0.0
u_03245,2025-01-10,start,,premium,39.0
u_03246,2025-09-27,start,,free,0.0
u_03246,2025-11-26,cancel,free,,0.0
u_03247,2025-05-30,start,,free,0.0
u_03248,2026-02-08,start,,free,0.0
u_03248,2026-04-09,upgrade,free,digital,24.0
u_03249,2026-04-05,start,,free,0.0
u_03250,2025-08-29,start,,free,0.0
u_03250,2026-03-27,upgrade,free,digital,24.0
u_03251,2026-06-10,start,,free,0.0
u_03252,2025-09-26,start,,free,0.0
u_03252,2026-01-24,upgrade,free,digital,24.0
u_03253,2025-04-07,start,,digital,24.0
u_03254,2025-09-05,start,,digital,24.0
u_03254,2025-12-04,cancel,digital,,0.0
u_03255,2024-11-27,start,,digital,24.0
u_03256,2026-02-10,start,,free,0.0
u_03256,2026-03-12,upgrade,free,digital,24.0
u_03257,2025-01-06,start,,digital,24.0
u_03258,2025-05-04,start,,free,0.0
u_03258,2025-06-03,upgrade,free,digital,24.0
u_03258,2025-08-02,cancel,digital,,0.0
u_03259,2025-09-30,start,,digital,24.0
u_03259,2025-10-30,cancel,digital,,0.0
u_03260,2024-12-01,start,,digital,24.0
u_03261,2024-12-27,start,,free,0.0
u_03261,2025-04-26,upgrade,free,digital,24.0
u_03262,2026-01-01,start,,free,0.0
u_03262,2026-05-01,upgrade,free,digital,24.0
u_03262,2026-05-31,cancel,digital,,0.0
u_03263,2024-12-22,start,,digital,24.0
u_03263,2025-02-20,cancel,digital,,0.0
u_03264,2025-09-01,start,,premium,39.0
u_03264,2025-10-31,cancel,premium,,0.0
u_03265,2025-05-25,start,,digital,24.0
u_03265,2025-11-21,cancel,digital,,0.0
u_03266,2025-03-07,start,,print,59.0
u_03267,2025-02-07,start,,premium,39.0
u_03267,2025-12-04,downgrade,premium,digital,24.0
u_03268,2026-01-23,start,,free,0.0
u_03269,2026-05-27,start,,digital,24.0
u_03270,2025-01-18,start,,free,0.0
u_03270,2026-02-12,upgrade,free,digital,24.0
u_03271,2026-06-02,start,,free,0.0
u_03272,2025-10-20,start,,free,0.0
u_03273,2025-11-23,start,,print,59.0
u_03274,2026-01-05,start,,digital,24.0
u_03275,2026-01-03,start,,free,0.0
u_03276,2026-02-21,start,,free,0.0
u_03277,2025-09-03,start,,free,0.0
u_03277,2026-04-01,upgrade,free,digital,24.0
u_03278,2025-09-19,start,,digital,24.0
u_03279,2025-05-15,start,,premium,39.0
u_03279,2025-10-12,upgrade,premium,print,59.0
u_03280,2025-01-07,start,,free,0.0
u_03280,2025-05-07,upgrade,free,digital,24.0
u_03281,2025-12-09,start,,free,0.0
u_03282,2024-11-25,start,,digital,24.0
u_03282,2025-05-24,cancel,digital,,0.0
u_03283,2025-04-10,start,,free,0.0
u_03283,2025-08-08,cancel,free,,0.0
u_03284,2025-01-04,start,,free,0.0
u_03285,2025-02-08,start,,free,0.0
u_03285,2025-03-10,upgrade,free,digital,24.0
u_03286,2025-11-21,start,,free,0.0
u_03286,2026-06-19,upgrade,free,digital,24.0
u_03287,2025-11-13,start,,free,0.0
u_03287,2026-01-12,upgrade,free,digital,24.0
u_03287,2026-03-13,cancel,digital,,0.0
u_03288,2025-07-23,start,,premium,39.0
u_03288,2025-10-21,cancel,premium,,0.0
u_03289,2025-01-02,start,,free,0.0
u_03290,2025-08-01,start,,free,0.0
u_03290,2026-05-28,upgrade,free,digital,24.0
u_03291,2025-06-04,start,,digital,24.0
u_03291,2025-08-03,upgrade,digital,premium,39.0
u_03291,2025-09-02,cancel,premium,,0.0
u_03292,2026-01-09,start,,premium,39.0
u_03293,2025-10-09,start,,free,0.0
u_03294,2025-09-06,start,,free,0.0
u_03294,2026-02-03,cancel,free,,0.0
u_03295,2025-09-04,start,,digital,24.0
u_03296,2026-06-06,start,,free,0.0
u_03297,2026-01-20,start,,digital,24.0
u_03298,2025-09-07,start,,free,0.0
u_03299,2025-09-02,start,,free,0.0
u_03299,2026-06-29,upgrade,free,digital,24.0
u_03300,2024-11-19,start,,free,0.0
u_03301,2026-05-20,start,,digital,24.0
u_03301,2026-06-19,upgrade,digital,premium,39.0
u_03302,2025-05-11,start,,free,0.0
u_03302,2025-10-08,upgrade,free,digital,24.0
u_03303,2025-03-27,start,,free,0.0
u_03303,2025-06-25,upgrade,free,digital,24.0
u_03303,2025-08-24,cancel,digital,,0.0
u_03304,2026-06-30,start,,free,0.0
u_03305,2026-01-08,start,,digital,24.0
u_03306,2024-12-04,start,,free,0.0
u_03307,2024-12-15,start,,digital,24.0
u_03308,2024-11-19,start,,digital,24.0
u_03309,2025-10-23,start,,free,0.0
u_03310,2024-12-22,start,,print,59.0
u_03311,2026-05-14,start,,premium,39.0
u_03312,2026-05-16,start,,free,0.0
u_03313,2025-09-23,start,,free,0.0
u_03314,2025-11-05,start,,free,0.0
u_03314,2025-12-05,upgrade,free,digital,24.0
u_03315,2025-04-22,start,,free,0.0
u_03316,2024-12-16,start,,free,0.0
u_03316,2026-05-10,upgrade,free,digital,24.0
u_03317,2026-01-14,start,,premium,39.0
u_03318,2025-01-06,start,,premium,39.0
u_03318,2026-05-01,downgrade,premium,digital,24.0
u_03319,2025-01-01,start,,free,0.0
u_03319,2026-02-25,upgrade,free,digital,24.0
u_03320,2025-05-06,start,,free,0.0
u_03321,2024-11-09,start,,free,0.0
u_03322,2025-08-02,start,,free,0.0
u_03322,2026-02-28,upgrade,free,digital,24.0
u_03323,2026-01-04,start,,free,0.0
u_03324,2026-02-08,start,,premium,39.0
u_03325,2025-10-27,start,,premium,39.0
u_03326,2026-03-13,start,,free,0.0
u_03327,2025-07-13,start,,digital,24.0
u_03328,2026-03-14,start,,digital,24.0
u_03328,2026-06-12,cancel,digital,,0.0
u_03329,2025-09-11,start,,digital,24.0
u_03330,2025-03-03,start,,free,0.0
u_03330,2025-04-02,cancel,free,,0.0
u_03331,2026-05-21,start,,free,0.0
u_03332,2025-04-10,start,,digital,24.0
u_03332,2025-07-09,cancel,digital,,0.0
u_03333,2024-11-19,start,,free,0.0
u_03333,2025-06-17,cancel,free,,0.0
u_03334,2025-03-17,start,,digital,24.0
u_03334,2025-09-13,upgrade,digital,premium,39.0
u_03334,2026-01-11,downgrade,premium,digital,24.0
u_03335,2025-06-14,start,,free,0.0
u_03336,2025-06-03,start,,digital,24.0
u_03337,2025-09-16,start,,digital,24.0
u_03338,2026-04-08,start,,free,0.0
u_03339,2025-04-22,start,,free,0.0
u_03340,2025-09-15,start,,digital,24.0
u_03340,2026-02-12,cancel,digital,,0.0
u_03341,2025-05-26,start,,free,0.0
u_03341,2026-06-20,upgrade,free,digital,24.0
u_03342,2026-02-23,start,,digital,24.0
u_03343,2025-01-24,start,,digital,24.0
u_03343,2025-06-23,upgrade,digital,premium,39.0
u_03344,2025-01-07,start,,free,0.0
u_03344,2025-08-05,upgrade,free,digital,24.0
u_03345,2025-09-09,start,,digital,24.0
u_03346,2025-12-14,start,,free,0.0
u_03347,2026-02-04,start,,digital,24.0
u_03348,2025-10-16,start,,free,0.0
u_03348,2025-12-15,upgrade,free,digital,24.0
u_03349,2026-01-26,start,,free,0.0
u_03349,2026-02-25,upgrade,free,digital,24.0
u_03350,2025-07-03,start,,free,0.0
u_03350,2025-09-01,upgrade,free,digital,24.0
u_03350,2026-03-30,upgrade,digital,premium,39.0
u_03351,2024-11-24,start,,premium,39.0
u_03351,2025-05-23,cancel,premium,,0.0
u_03352,2025-01-11,start,,premium,39.0
u_03352,2025-10-08,downgrade,premium,digital,24.0
u_03353,2024-11-28,start,,digital,24.0
u_03353,2026-02-21,cancel,digital,,0.0
u_03354,2025-05-18,start,,free,0.0
u_03355,2025-09-07,start,,free,0.0
u_03356,2025-06-07,start,,digital,24.0
u_03356,2026-02-02,cancel,digital,,0.0
u_03357,2025-09-28,start,,digital,24.0
u_03358,2025-09-02,start,,free,0.0
u_03358,2025-10-02,upgrade,free,digital,24.0
u_03359,2025-12-19,start,,premium,39.0
u_03360,2025-12-11,start,,free,0.0
u_03361,2025-05-10,start,,free,0.0
u_03361,2025-11-06,cancel,free,,0.0
u_03362,2025-05-31,start,,premium,39.0
u_03363,2025-10-13,start,,free,0.0
u_03363,2026-03-12,upgrade,free,digital,24.0
u_03364,2025-10-21,start,,free,0.0
u_03364,2026-06-18,upgrade,free,digital,24.0
u_03365,2025-05-08,start,,digital,24.0
u_03365,2025-06-07,upgrade,digital,premium,39.0
u_03365,2025-07-07,upgrade,premium,print,59.0
u_03365,2025-12-04,cancel,print,,0.0
u_03366,2025-05-19,start,,print,59.0
u_03367,2025-12-30,start,,free,0.0
u_03367,2026-01-29,upgrade,free,digital,24.0
u_03367,2026-05-29,upgrade,digital,premium,39.0
u_03368,2025-11-27,start,,digital,24.0
u_03369,2025-01-17,start,,free,0.0
u_03370,2025-08-07,start,,free,0.0
u_03371,2026-04-15,start,,free,0.0
u_03372,2024-11-27,start,,free,0.0
u_03372,2024-12-27,upgrade,free,digital,24.0
u_03373,2026-03-19,start,,free,0.0
u_03374,2025-01-26,start,,free,0.0
u_03375,2025-09-11,start,,digital,24.0
u_03375,2026-04-09,upgrade,digital,premium,39.0
u_03376,2025-07-26,start,,digital,24.0
u_03376,2026-01-22,cancel,digital,,0.0
u_03377,2024-11-08,start,,digital,24.0
u_03378,2026-05-01,start,,digital,24.0
u_03379,2025-08-17,start,,free,0.0
u_03379,2025-11-15,upgrade,free,digital,24.0
u_03380,2026-05-29,start,,free,0.0
u_03381,2025-04-18,start,,free,0.0
u_03381,2025-12-14,upgrade,free,digital,24.0
u_03382,2026-03-27,start,,digital,24.0
u_03383,2026-05-06,start,,free,0.0
u_03384,2025-09-27,start,,free,0.0
u_03384,2026-03-26,upgrade,free,digital,24.0
u_03385,2025-02-17,start,,free,0.0
u_03385,2025-10-15,cancel,free,,0.0
u_03386,2025-12-24,start,,free,0.0
u_03386,2026-01-23,upgrade,free,digital,24.0
u_03387,2025-09-24,start,,print,59.0
u_03388,2026-05-22,start,,digital,24.0
u_03389,2025-08-05,start,,free,0.0
u_03390,2025-04-05,start,,digital,24.0
u_03390,2025-05-05,cancel,digital,,0.0
u_03391,2025-01-18,start,,digital,24.0
u_03391,2025-03-19,upgrade,digital,premium,39.0
u_03391,2026-04-13,downgrade,premium,digital,24.0
u_03392,2026-01-01,start,,free,0.0
u_03393,2026-06-12,start,,free,0.0
u_03394,2024-11-21,start,,digital,24.0
u_03394,2025-09-17,cancel,digital,,0.0
u_03395,2026-01-15,start,,free,0.0
u_03396,2026-05-09,start,,free,0.0
u_03397,2024-12-24,start,,free,0.0
u_03398,2025-01-09,start,,digital,24.0
u_03398,2026-02-03,cancel,digital,,0.0
u_03399,2025-12-29,start,,print,59.0
u_03399,2026-06-27,cancel,print,,0.0
u_03400,2025-11-27,start,,digital,24.0
u_03400,2025-12-27,upgrade,digital,premium,39.0
u_03401,2024-12-20,start,,free,0.0
u_03401,2025-06-18,upgrade,free,digital,24.0
u_03402,2026-03-04,start,,free,0.0
u_03403,2025-09-16,start,,digital,24.0
u_03404,2026-04-25,start,,digital,24.0
u_03405,2026-04-04,start,,premium,39.0
u_03406,2026-02-16,start,,digital,24.0
u_03407,2025-09-14,start,,free,0.0
u_03407,2026-03-13,upgrade,free,digital,24.0
u_03408,2025-03-24,start,,digital,24.0
u_03408,2026-05-18,cancel,digital,,0.0
u_03409,2025-09-10,start,,premium,39.0
u_03410,2025-01-06,start,,digital,24.0
u_03410,2025-07-05,cancel,digital,,0.0
u_03411,2025-12-05,start,,digital,24.0
u_03412,2025-01-16,start,,free,0.0
u_03412,2025-09-13,upgrade,free,digital,24.0
u_03413,2025-09-12,start,,digital,24.0
u_03413,2026-02-09,cancel,digital,,0.0
u_03414,2024-12-10,start,,free,0.0
u_03414,2025-09-06,upgrade,free,digital,24.0
u_03415,2025-04-27,start,,free,0.0
u_03415,2025-09-24,upgrade,free,digital,24.0
u_03416,2025-03-10,start,,digital,24.0
u_03416,2025-06-08,cancel,digital,,0.0
u_03417,2025-11-07,start,,premium,39.0
u_03418,2026-01-30,start,,premium,39.0
u_03419,2024-12-12,start,,free,0.0
u_03420,2026-03-15,start,,free,0.0
u_03421,2026-03-23,start,,free,0.0
u_03422,2025-05-28,start,,digital,24.0
u_03422,2025-09-25,cancel,digital,,0.0
u_03423,2025-12-05,start,,digital,24.0
u_03423,2026-04-04,cancel,digital,,0.0
u_03424,2025-07-10,start,,print,59.0
u_03425,2025-01-23,start,,free,0.0
u_03425,2025-07-22,upgrade,free,digital,24.0
u_03425,2026-05-18,upgrade,digital,premium,39.0
u_03426,2025-09-18,start,,digital,24.0
u_03427,2025-01-01,start,,digital,24.0
u_03427,2025-11-27,cancel,digital,,0.0
u_03428,2026-04-04,start,,free,0.0
u_03429,2026-05-07,start,,print,59.0
u_03430,2026-02-23,start,,digital,24.0
u_03430,2026-05-24,upgrade,digital,premium,39.0
u_03431,2025-09-29,start,,free,0.0
u_03432,2025-09-27,start,,free,0.0
u_03433,2026-06-19,start,,premium,39.0
u_03434,2025-03-21,start,,digital,24.0
u_03434,2026-06-14,cancel,digital,,0.0
u_03435,2024-12-25,start,,digital,24.0
u_03435,2025-01-24,cancel,digital,,0.0
u_03436,2025-09-29,start,,digital,24.0
u_03437,2025-05-18,start,,free,0.0
u_03437,2025-12-14,cancel,free,,0.0
u_03438,2025-05-14,start,,digital,24.0
u_03439,2024-11-06,start,,premium,39.0
u_03440,2025-10-21,start,,free,0.0
u_03441,2025-04-02,start,,digital,24.0
u_03441,2026-03-28,cancel,digital,,0.0
u_03442,2025-02-06,start,,free,0.0
u_03443,2024-11-30,start,,free,0.0
u_03443,2025-02-28,upgrade,free,digital,24.0
u_03443,2026-05-24,cancel,digital,,0.0
u_03444,2025-06-13,start,,free,0.0
u_03444,2025-08-12,cancel,free,,0.0
u_03445,2026-04-05,start,,premium,39.0
u_03446,2025-05-24,start,,free,0.0
u_03447,2025-12-19,start,,free,0.0
u_03447,2026-06-17,cancel,free,,0.0
u_03448,2026-01-20,start,,digital,24.0
u_03448,2026-04-20,upgrade,digital,premium,39.0
u_03449,2025-05-18,start,,free,0.0
u_03449,2025-12-14,upgrade,free,digital,24.0
u_03449,2026-05-13,cancel,digital,,0.0
u_03450,2026-02-23,start,,digital,24.0
u_03451,2025-12-29,start,,premium,39.0
u_03452,2025-09-28,start,,free,0.0
u_03453,2024-11-01,start,,free,0.0
u_03453,2026-01-25,cancel,free,,0.0
u_03454,2024-11-26,start,,print,59.0
u_03455,2026-06-24,start,,free,0.0
u_03456,2026-01-29,start,,free,0.0
u_03456,2026-04-29,upgrade,free,digital,24.0
u_03456,2026-06-28,cancel,digital,,0.0
u_03457,2026-05-17,start,,print,59.0
u_03458,2026-04-21,start,,premium,39.0
u_03459,2024-11-15,start,,digital,24.0
u_03459,2025-07-13,cancel,digital,,0.0
u_03460,2026-02-01,start,,digital,24.0
u_03460,2026-03-03,cancel,digital,,0.0
u_03461,2025-08-14,start,,premium,39.0
u_03462,2026-01-31,start,,digital,24.0
u_03463,2024-11-05,start,,digital,24.0
u_03463,2025-06-03,upgrade,digital,premium,39.0
u_03464,2025-04-19,start,,digital,24.0
u_03464,2025-07-18,cancel,digital,,0.0
u_03465,2026-01-19,start,,digital,24.0
u_03465,2026-04-19,cancel,digital,,0.0
u_03466,2026-02-02,start,,free,0.0
u_03467,2025-11-07,start,,free,0.0
u_03468,2025-04-28,start,,free,0.0
u_03469,2025-05-05,start,,free,0.0
u_03469,2026-03-01,upgrade,free,digital,24.0
u_03470,2026-06-07,start,,free,0.0
u_03471,2025-08-05,start,,free,0.0
u_03472,2025-08-11,start,,digital,24.0
u_03472,2025-09-10,upgrade,digital,premium,39.0
u_03473,2025-09-26,start,,free,0.0
u_03474,2025-07-15,start,,free,0.0
u_03474,2026-01-11,upgrade,free,digital,24.0
u_03475,2025-09-26,start,,free,0.0
u_03476,2025-07-31,start,,free,0.0
u_03476,2025-08-30,upgrade,free,digital,24.0
u_03477,2026-02-26,start,,digital,24.0
u_03477,2026-05-27,cancel,digital,,0.0
u_03478,2026-04-26,start,,free,0.0
u_03479,2026-05-13,start,,free,0.0
u_03480,2025-09-29,start,,digital,24.0
u_03480,2025-10-29,cancel,digital,,0.0
u_03481,2025-08-07,start,,free,0.0
u_03482,2026-01-04,start,,free,0.0
u_03483,2026-03-07,start,,digital,24.0
u_03483,2026-04-06,upgrade,digital,premium,39.0
u_03484,2025-09-29,start,,digital,24.0
u_03485,2026-01-02,start,,digital,24.0
u_03486,2026-01-18,start,,digital,24.0
u_03487,2025-12-18,start,,premium,39.0
u_03488,2026-01-17,start,,free,0.0
u_03489,2025-02-21,start,,digital,24.0
u_03489,2025-05-22,upgrade,digital,premium,39.0
u_03489,2025-09-19,cancel,premium,,0.0
u_03490,2025-09-08,start,,digital,24.0
u_03491,2025-10-15,start,,free,0.0
u_03491,2026-03-14,upgrade,free,digital,24.0
u_03492,2024-11-02,start,,premium,39.0
u_03492,2025-01-01,downgrade,premium,digital,24.0
u_03492,2025-05-31,cancel,digital,,0.0
u_03493,2026-03-19,start,,free,0.0
u_03494,2025-10-31,start,,premium,39.0
u_03495,2025-01-15,start,,digital,24.0
u_03495,2025-06-14,upgrade,digital,premium,39.0
u_03495,2025-11-11,cancel,premium,,0.0
u_03496,2026-02-19,start,,free,0.0
u_03496,2026-04-20,upgrade,free,digital,24.0
u_03497,2026-01-07,start,,free,0.0
u_03497,2026-06-06,upgrade,free,digital,24.0
u_03498,2026-01-21,start,,premium,39.0
u_03499,2025-07-03,start,,digital,24.0
u_03500,2026-03-18,start,,free,0.0
u_03501,2025-07-18,start,,free,0.0
u_03502,2025-10-03,start,,digital,24.0
u_03503,2024-11-01,start,,free,0.0
u_03503,2026-05-25,upgrade,free,digital,24.0
u_03504,2025-11-25,start,,digital,24.0
u_03504,2026-05-24,upgrade,digital,premium,39.0
u_03505,2026-01-08,start,,digital,24.0
u_03505,2026-02-07,upgrade,digital,premium,39.0
u_03506,2025-09-30,start,,free,0.0
u_03507,2025-09-07,start,,digital,24.0
u_03508,2026-02-14,start,,free,0.0
u_03509,2025-12-21,start,,premium,39.0
u_03510,2025-04-12,start,,premium,39.0
u_03511,2026-06-01,start,,free,0.0
u_03512,2026-01-04,start,,free,0.0
u_03512,2026-02-03,upgrade,free,digital,24.0
u_03512,2026-06-03,upgrade,digital,premium,39.0
u_03513,2026-06-22,start,,free,0.0
u_03514,2026-06-10,start,,print,59.0
u_03515,2026-05-03,start,,free,0.0
u_03516,2026-01-20,start,,digital,24.0
u_03516,2026-06-19,upgrade,digital,premium,39.0
u_03517,2025-10-31,start,,premium,39.0
u_03518,2025-01-29,start,,free,0.0
u_03518,2025-06-28,upgrade,free,digital,24.0
u_03518,2025-09-26,upgrade,digital,premium,39.0
u_03519,2025-09-23,start,,digital,24.0
u_03519,2025-12-22,upgrade,digital,premium,39.0
u_03520,2026-01-23,start,,free,0.0
u_03520,2026-03-24,cancel,free,,0.0
u_03521,2025-09-15,start,,digital,24.0
u_03522,2026-03-28,start,,free,0.0
u_03523,2025-01-09,start,,print,59.0
u_03524,2025-06-25,start,,free,0.0
u_03525,2025-09-10,start,,free,0.0
u_03526,2025-07-31,start,,digital,24.0
u_03527,2025-01-08,start,,digital,24.0
u_03527,2025-09-05,cancel,digital,,0.0
u_03528,2025-01-23,start,,digital,24.0
u_03528,2025-03-24,cancel,digital,,0.0
u_03529,2026-03-06,start,,digital,24.0
u_03529,2026-05-05,upgrade,digital,premium,39.0
u_03530,2025-09-03,start,,free,0.0
u_03530,2025-10-03,upgrade,free,digital,24.0
u_03530,2026-01-01,upgrade,digital,premium,39.0
u_03530,2026-05-31,cancel,premium,,0.0
u_03531,2024-12-05,start,,digital,24.0
u_03532,2024-11-12,start,,free,0.0
u_03532,2025-10-08,upgrade,free,digital,24.0
u_03533,2025-08-30,start,,free,0.0
u_03534,2025-01-26,start,,premium,39.0
u_03534,2026-06-20,downgrade,premium,digital,24.0
u_03535,2026-01-04,start,,digital,24.0
u_03536,2026-02-04,start,,free,0.0
u_03536,2026-03-06,upgrade,free,digital,24.0
u_03536,2026-05-05,cancel,digital,,0.0
u_03537,2025-03-07,start,,free,0.0
u_03537,2025-07-05,upgrade,free,digital,24.0
u_03537,2026-05-01,cancel,digital,,0.0
u_03538,2025-10-18,start,,premium,39.0
u_03538,2025-12-17,upgrade,premium,print,59.0
u_03539,2025-01-23,start,,free,0.0
u_03540,2025-04-30,start,,free,0.0
u_03540,2025-10-27,cancel,free,,0.0
u_03541,2026-04-12,start,,free,0.0
u_03542,2025-09-23,start,,free,0.0
u_03543,2026-04-10,start,,free,0.0
u_03544,2025-03-05,start,,print,59.0
u_03545,2025-05-19,start,,free,0.0
u_03545,2025-10-16,upgrade,free,digital,24.0
u_03546,2025-08-28,start,,free,0.0
u_03546,2025-11-26,upgrade,free,digital,24.0
u_03546,2026-04-25,upgrade,digital,premium,39.0
u_03547,2025-09-02,start,,digital,24.0
u_03548,2026-06-29,start,,digital,24.0
u_03549,2025-01-10,start,,digital,24.0
u_03550,2026-03-16,start,,digital,24.0
u_03551,2026-03-25,start,,digital,24.0
u_03552,2025-09-26,start,,digital,24.0
u_03553,2025-05-29,start,,digital,24.0
u_03554,2025-09-15,start,,digital,24.0
u_03555,2025-04-22,start,,digital,24.0
u_03556,2026-02-06,start,,free,0.0
u_03557,2025-09-08,start,,digital,24.0
u_03557,2025-11-07,cancel,digital,,0.0
u_03558,2026-05-08,start,,digital,24.0
u_03559,2025-11-09,start,,free,0.0
u_03559,2026-04-08,upgrade,free,digital,24.0
u_03560,2025-09-13,start,,premium,39.0
u_03561,2026-01-05,start,,free,0.0
u_03562,2025-09-10,start,,free,0.0
u_03563,2026-04-23,start,,premium,39.0
u_03564,2025-02-04,start,,free,0.0
u_03565,2026-06-11,start,,free,0.0
u_03566,2026-02-16,start,,free,0.0
u_03566,2026-03-18,upgrade,free,digital,24.0
u_03566,2026-06-16,cancel,digital,,0.0
u_03567,2026-03-23,start,,premium,39.0
u_03568,2025-09-03,start,,free,0.0
u_03569,2026-03-06,start,,digital,24.0
u_03570,2025-05-02,start,,digital,24.0
u_03571,2026-01-22,start,,digital,24.0
u_03571,2026-06-21,cancel,digital,,0.0
u_03572,2025-01-19,start,,premium,39.0
u_03572,2025-10-16,cancel,premium,,0.0
u_03573,2025-05-03,start,,digital,24.0
u_03574,2025-08-10,start,,free,0.0
u_03574,2025-12-08,upgrade,free,digital,24.0
u_03575,2025-05-14,start,,print,59.0
u_03576,2025-06-29,start,,free,0.0
u_03576,2026-01-25,upgrade,free,digital,24.0
u_03577,2026-02-21,start,,free,0.0
u_03578,2025-03-27,start,,free,0.0
u_03579,2026-01-17,start,,digital,24.0
u_03580,2024-12-23,start,,free,0.0
u_03580,2025-03-23,upgrade,free,digital,24.0
u_03581,2026-01-23,start,,digital,24.0
u_03582,2026-02-01,start,,free,0.0
u_03583,2025-07-09,start,,free,0.0
u_03583,2025-08-08,cancel,free,,0.0
u_03584,2026-01-09,start,,free,0.0
u_03585,2026-05-01,start,,digital,24.0
u_03586,2026-02-08,start,,free,0.0
u_03587,2025-07-01,start,,free,0.0
u_03587,2026-04-27,upgrade,free,digital,24.0
u_03587,2026-06-26,cancel,digital,,0.0
u_03588,2025-09-03,start,,free,0.0
u_03589,2026-01-28,start,,free,0.0
u_03590,2025-04-22,start,,digital,24.0
u_03591,2026-02-10,start,,free,0.0
u_03592,2025-05-18,start,,free,0.0
u_03592,2025-11-14,upgrade,free,digital,24.0
u_03593,2026-02-11,start,,premium,39.0
u_03594,2025-01-01,start,,free,0.0
u_03594,2025-09-28,upgrade,free,digital,24.0
u_03594,2025-11-27,upgrade,digital,premium,39.0
u_03595,2024-12-02,start,,free,0.0
u_03596,2026-06-29,start,,digital,24.0
u_03597,2026-03-29,start,,digital,24.0
u_03598,2026-04-07,start,,digital,24.0
u_03598,2026-06-06,cancel,digital,,0.0
u_03599,2026-05-27,start,,free,0.0
u_03600,2025-08-05,start,,free,0.0
u_03601,2025-04-18,start,,free,0.0
u_03602,2025-01-15,start,,free,0.0
u_03602,2025-02-14,upgrade,free,digital,24.0
u_03603,2025-09-09,start,,free,0.0
u_03604,2025-03-01,start,,print,59.0
u_03604,2026-03-26,cancel,print,,0.0
u_03605,2026-05-15,start,,digital,24.0
u_03606,2024-11-03,start,,free,0.0
u_03606,2025-01-02,upgrade,free,digital,24.0
u_03607,2025-01-19,start,,free,0.0
u_03608,2025-03-20,start,,digital,24.0
u_03609,2025-02-14,start,,free,0.0
u_03609,2025-03-16,upgrade,free,digital,24.0
u_03610,2025-03-05,start,,free,0.0
u_03611,2025-12-03,start,,free,0.0
u_03612,2025-05-17,start,,digital,24.0
u_03612,2026-04-12,cancel,digital,,0.0
u_03613,2025-11-04,start,,digital,24.0
u_03613,2026-05-03,cancel,digital,,0.0
u_03614,2026-04-13,start,,free,0.0
u_03615,2025-10-26,start,,free,0.0
u_03615,2025-11-25,upgrade,free,digital,24.0
u_03616,2025-12-31,start,,digital,24.0
u_03617,2025-06-14,start,,digital,24.0
u_03618,2025-01-25,start,,digital,24.0
u_03619,2025-05-12,start,,free,0.0
u_03619,2026-05-07,upgrade,free,digital,24.0
u_03620,2026-06-05,start,,digital,24.0
u_03621,2025-11-08,start,,premium,39.0
u_03622,2025-04-11,start,,digital,24.0
u_03622,2026-03-07,upgrade,digital,premium,39.0
u_03623,2025-08-14,start,,free,0.0
u_03623,2026-02-10,upgrade,free,digital,24.0
u_03624,2026-03-04,start,,digital,24.0
u_03625,2025-12-12,start,,free,0.0
u_03626,2025-09-28,start,,free,0.0
u_03626,2026-06-25,upgrade,free,digital,24.0
u_03627,2026-04-09,start,,free,0.0
u_03627,2026-06-08,upgrade,free,digital,24.0
u_03628,2025-12-15,start,,premium,39.0
u_03629,2025-11-23,start,,free,0.0
u_03629,2026-03-23,upgrade,free,digital,24.0
u_03630,2025-02-07,start,,premium,39.0
u_03631,2025-01-07,start,,free,0.0
u_03632,2026-06-05,start,,free,0.0
u_03633,2025-10-23,start,,free,0.0
u_03634,2025-07-20,start,,digital,24.0
u_03635,2025-10-16,start,,free,0.0
u_03635,2026-03-15,upgrade,free,digital,24.0
u_03636,2024-12-15,start,,free,0.0
u_03636,2025-04-14,upgrade,free,digital,24.0
u_03636,2025-05-14,upgrade,digital,premium,39.0
u_03637,2026-02-23,start,,free,0.0
u_03638,2025-02-27,start,,free,0.0
u_03638,2025-10-25,cancel,free,,0.0
u_03639,2026-02-10,start,,free,0.0
u_03640,2025-09-20,start,,free,0.0
u_03641,2025-04-11,start,,free,0.0
u_03641,2026-02-05,upgrade,free,digital,24.0
u_03642,2024-11-22,start,,print,59.0
u_03643,2026-02-18,start,,free,0.0
u_03644,2025-01-30,start,,free,0.0
u_03644,2025-12-26,upgrade,free,digital,24.0
u_03645,2024-12-08,start,,free,0.0
u_03645,2025-01-07,upgrade,free,digital,24.0
u_03645,2026-01-02,upgrade,digital,premium,39.0
u_03646,2026-01-20,start,,free,0.0
u_03647,2025-06-02,start,,digital,24.0
u_03647,2025-07-02,cancel,digital,,0.0
u_03648,2025-07-01,start,,free,0.0
u_03648,2025-10-29,upgrade,free,digital,24.0
u_03649,2025-03-21,start,,free,0.0
u_03650,2026-03-21,start,,digital,24.0
u_03651,2025-04-26,start,,free,0.0
u_03652,2025-02-22,start,,premium,39.0
u_03652,2025-08-21,upgrade,premium,print,59.0
u_03652,2026-06-17,cancel,print,,0.0
u_03653,2025-05-04,start,,print,59.0
u_03654,2025-02-17,start,,free,0.0
u_03654,2025-10-15,upgrade,free,digital,24.0
u_03655,2025-05-10,start,,free,0.0
u_03655,2025-09-07,upgrade,free,digital,24.0
u_03656,2024-12-30,start,,free,0.0
u_03657,2025-01-24,start,,free,0.0
u_03657,2025-03-25,cancel,free,,0.0
u_03658,2025-07-20,start,,free,0.0
u_03658,2025-08-19,upgrade,free,digital,24.0
u_03659,2026-04-05,start,,digital,24.0
u_03660,2024-12-12,start,,free,0.0
u_03661,2025-02-24,start,,free,0.0
u_03661,2025-05-25,upgrade,free,digital,24.0
u_03661,2025-09-22,cancel,digital,,0.0
u_03662,2026-04-26,start,,free,0.0
u_03663,2026-04-13,start,,print,59.0
u_03664,2025-12-20,start,,premium,39.0
u_03664,2026-02-18,cancel,premium,,0.0
u_03665,2025-03-16,start,,free,0.0
u_03665,2026-01-10,upgrade,free,digital,24.0
u_03665,2026-03-11,cancel,digital,,0.0
u_03666,2025-07-22,start,,digital,24.0
u_03666,2026-05-18,cancel,digital,,0.0
u_03667,2025-02-23,start,,free,0.0
u_03668,2025-01-15,start,,digital,24.0
u_03668,2025-08-13,upgrade,digital,premium,39.0
u_03669,2025-06-24,start,,digital,24.0
u_03669,2026-02-19,cancel,digital,,0.0
u_03670,2025-10-06,start,,premium,39.0
u_03671,2025-06-10,start,,free,0.0
u_03671,2025-10-08,upgrade,free,digital,24.0
u_03671,2026-03-07,upgrade,digital,premium,39.0
u_03672,2025-11-01,start,,free,0.0
u_03672,2025-12-01,upgrade,free,digital,24.0
u_03673,2025-04-25,start,,print,59.0
u_03674,2025-05-30,start,,free,0.0
u_03674,2025-07-29,upgrade,free,digital,24.0
u_03675,2026-01-31,start,,free,0.0
u_03675,2026-06-30,upgrade,free,digital,24.0
u_03676,2026-04-04,start,,digital,24.0
u_03677,2025-05-13,start,,digital,24.0
u_03677,2025-08-11,upgrade,digital,premium,39.0
u_03678,2025-10-03,start,,digital,24.0
u_03679,2025-04-12,start,,digital,24.0
u_03680,2024-12-09,start,,digital,24.0
u_03681,2026-01-14,start,,free,0.0
u_03682,2025-01-29,start,,digital,24.0
u_03682,2025-05-29,cancel,digital,,0.0
u_03683,2025-07-27,start,,digital,24.0
u_03684,2025-09-04,start,,premium,39.0
u_03685,2025-02-04,start,,free,0.0
u_03685,2026-04-30,upgrade,free,digital,24.0
u_03686,2025-01-04,start,,free,0.0
u_03686,2025-10-01,cancel,free,,0.0
u_03687,2025-06-01,start,,digital,24.0
u_03687,2025-12-28,upgrade,digital,premium,39.0
u_03688,2026-05-27,start,,free,0.0
u_03689,2025-11-04,start,,free,0.0
u_03690,2025-06-25,start,,digital,24.0
u_03690,2025-07-25,cancel,digital,,0.0
u_03691,2024-11-28,start,,free,0.0
u_03692,2025-10-24,start,,free,0.0
u_03692,2026-05-22,upgrade,free,digital,24.0
u_03693,2025-01-03,start,,free,0.0
u_03693,2025-07-02,upgrade,free,digital,24.0
u_03694,2025-09-22,start,,free,0.0
u_03695,2026-01-19,start,,digital,24.0
u_03696,2025-07-25,start,,free,0.0
u_03697,2025-04-27,start,,free,0.0
u_03698,2024-12-04,start,,free,0.0
u_03698,2026-04-28,upgrade,free,digital,24.0
u_03699,2024-11-18,start,,free,0.0
u_03699,2026-03-13,upgrade,free,digital,24.0
u_03700,2025-07-30,start,,free,0.0
u_03700,2025-12-27,cancel,free,,0.0
u_03701,2026-04-08,start,,free,0.0
u_03702,2025-03-18,start,,free,0.0
u_03703,2025-10-05,start,,free,0.0
u_03703,2025-11-04,cancel,free,,0.0
u_03704,2025-12-23,start,,free,0.0
u_03705,2024-12-14,start,,free,0.0
u_03706,2025-01-23,start,,free,0.0
u_03706,2025-09-20,upgrade,free,digital,24.0
u_03706,2026-01-18,cancel,digital,,0.0
u_03707,2025-05-20,start,,free,0.0
u_03708,2025-12-13,start,,free,0.0
u_03709,2025-08-05,start,,free,0.0
u_03709,2026-05-02,upgrade,free,digital,24.0
u_03710,2026-01-13,start,,free,0.0
u_03711,2026-03-28,start,,digital,24.0
u_03712,2026-01-21,start,,free,0.0
u_03713,2026-06-25,start,,digital,24.0
u_03714,2026-01-20,start,,digital,24.0
u_03715,2026-03-16,start,,free,0.0
u_03716,2026-03-02,start,,free,0.0
u_03717,2026-01-12,start,,free,0.0
u_03718,2026-02-08,start,,free,0.0
u_03719,2026-05-15,start,,free,0.0
u_03720,2025-08-31,start,,free,0.0
u_03721,2025-11-20,start,,digital,24.0
u_03722,2025-09-13,start,,free,0.0
u_03722,2026-04-11,cancel,free,,0.0
u_03723,2026-03-16,start,,digital,24.0
u_03724,2025-07-31,start,,digital,24.0
u_03725,2026-02-21,start,,free,0.0
u_03726,2026-02-07,start,,premium,39.0
u_03727,2026-06-03,start,,print,59.0
u_03728,2025-03-22,start,,free,0.0
u_03728,2025-05-21,upgrade,free,digital,24.0
u_03729,2026-01-05,start,,free,0.0
u_03730,2026-01-20,start,,free,0.0
u_03731,2026-05-16,start,,free,0.0
u_03731,2026-06-15,upgrade,free,digital,24.0
u_03732,2026-04-25,start,,free,0.0
u_03733,2025-10-05,start,,free,0.0
u_03733,2026-01-03,upgrade,free,digital,24.0
u_03734,2025-10-09,start,,free,0.0
u_03735,2025-01-27,start,,digital,24.0
u_03735,2026-06-21,upgrade,digital,premium,39.0
u_03736,2026-06-13,start,,free,0.0
u_03737,2025-03-26,start,,free,0.0
u_03737,2025-06-24,upgrade,free,digital,24.0
u_03738,2026-01-10,start,,free,0.0
u_03739,2026-02-04,start,,digital,24.0
u_03740,2025-08-07,start,,digital,24.0
u_03740,2026-05-04,upgrade,digital,premium,39.0
u_03741,2025-02-23,start,,free,0.0
u_03742,2025-02-07,start,,digital,24.0
u_03742,2025-04-08,upgrade,digital,premium,39.0
u_03743,2026-03-20,start,,free,0.0
u_03743,2026-06-18,upgrade,free,digital,24.0
u_03744,2025-09-12,start,,digital,24.0
u_03745,2025-01-02,start,,digital,24.0
u_03745,2025-05-02,upgrade,digital,premium,39.0
u_03746,2026-01-07,start,,free,0.0
u_03746,2026-03-08,upgrade,free,digital,24.0
u_03747,2025-03-23,start,,digital,24.0
u_03747,2026-01-17,cancel,digital,,0.0
u_03748,2026-04-03,start,,premium,39.0
u_03749,2025-05-04,start,,digital,24.0
u_03749,2025-07-03,upgrade,digital,premium,39.0
u_03750,2025-02-15,start,,free,0.0
u_03750,2026-03-12,cancel,free,,0.0
u_03751,2024-12-31,start,,digital,24.0
u_03752,2025-09-12,start,,free,0.0
u_03753,2025-08-14,start,,digital,24.0
u_03753,2025-10-13,cancel,digital,,0.0
u_03754,2026-01-19,start,,digital,24.0
u_03754,2026-03-20,upgrade,digital,premium,39.0
u_03755,2025-08-24,start,,free,0.0
u_03756,2025-05-29,start,,free,0.0
u_03756,2025-06-28,upgrade,free,digital,24.0
u_03756,2026-06-23,cancel,digital,,0.0
u_03757,2025-03-31,start,,free,0.0
u_03758,2025-04-12,start,,free,0.0
u_03759,2026-05-10,start,,free,0.0
u_03760,2025-01-27,start,,free,0.0
u_03761,2026-06-22,start,,digital,24.0
u_03762,2025-05-17,start,,free,0.0
u_03762,2025-06-16,upgrade,free,digital,24.0
u_03763,2025-01-02,start,,free,0.0
u_03763,2025-12-28,upgrade,free,digital,24.0
u_03763,2026-01-27,cancel,digital,,0.0
u_03764,2025-03-22,start,,digital,24.0
u_03764,2025-08-19,cancel,digital,,0.0
u_03765,2024-12-12,start,,free,0.0
u_03766,2026-01-31,start,,free,0.0
u_03766,2026-05-31,upgrade,free,digital,24.0
u_03767,2025-09-13,start,,digital,24.0
u_03767,2026-03-12,cancel,digital,,0.0
u_03768,2025-05-24,start,,print,59.0
u_03769,2025-12-07,start,,digital,24.0
u_03769,2026-05-06,cancel,digital,,0.0
u_03770,2025-11-15,start,,free,0.0
u_03771,2026-05-18,start,,free,0.0
u_03771,2026-06-17,upgrade,free,digital,24.0
u_03772,2026-06-03,start,,print,59.0
u_03773,2025-12-21,start,,digital,24.0
u_03774,2026-02-20,start,,digital,24.0
u_03774,2026-04-21,upgrade,digital,premium,39.0
u_03775,2026-02-02,start,,digital,24.0
u_03775,2026-04-03,cancel,digital,,0.0
u_03776,2025-09-06,start,,free,0.0
u_03776,2025-11-05,upgrade,free,digital,24.0
u_03777,2026-01-03,start,,free,0.0
u_03778,2024-12-27,start,,digital,24.0
u_03778,2026-04-21,upgrade,digital,premium,39.0
u_03778,2026-05-21,upgrade,premium,print,59.0
u_03779,2026-01-21,start,,premium,39.0
u_03780,2026-06-03,start,,free,0.0
u_03781,2024-12-31,start,,digital,24.0
u_03782,2026-03-05,start,,free,0.0
u_03783,2026-05-13,start,,print,59.0
u_03784,2025-03-06,start,,free,0.0
u_03784,2026-04-30,upgrade,free,digital,24.0
u_03785,2025-09-17,start,,digital,24.0
u_03786,2026-05-10,start,,free,0.0
u_03787,2026-06-02,start,,digital,24.0
u_03788,2025-01-14,start,,digital,24.0
u_03788,2026-06-08,upgrade,digital,premium,39.0
u_03789,2025-06-02,start,,free,0.0
u_03790,2026-01-01,start,,digital,24.0
u_03791,2025-03-02,start,,premium,39.0
u_03791,2025-12-27,upgrade,premium,print,59.0
u_03791,2026-06-25,cancel,print,,0.0
u_03792,2025-05-15,start,,premium,39.0
u_03792,2026-03-11,cancel,premium,,0.0
u_03793,2024-11-17,start,,free,0.0
u_03794,2025-01-23,start,,digital,24.0
u_03794,2025-03-24,upgrade,digital,premium,39.0
u_03795,2025-09-29,start,,digital,24.0
u_03795,2026-01-27,cancel,digital,,0.0
u_03796,2025-12-01,start,,digital,24.0
u_03796,2026-01-30,upgrade,digital,premium,39.0
u_03797,2025-11-28,start,,free,0.0
u_03797,2026-03-28,upgrade,free,digital,24.0
u_03798,2026-01-27,start,,digital,24.0
u_03799,2025-07-19,start,,free,0.0
u_03800,2025-04-09,start,,free,0.0
u_03800,2025-06-08,upgrade,free,digital,24.0
u_03801,2024-11-12,start,,free,0.0
u_03801,2025-03-12,upgrade,free,digital,24.0
u_03801,2026-01-06,cancel,digital,,0.0
u_03802,2025-02-20,start,,free,0.0
u_03802,2025-08-19,upgrade,free,digital,24.0
u_03802,2025-09-18,upgrade,digital,premium,39.0
u_03802,2026-05-16,cancel,premium,,0.0
u_03803,2025-05-06,start,,free,0.0
u_03803,2026-01-31,upgrade,free,digital,24.0
u_03803,2026-05-31,upgrade,digital,premium,39.0
u_03804,2025-01-31,start,,free,0.0
u_03804,2026-03-27,cancel,free,,0.0
u_03805,2024-11-15,start,,digital,24.0
u_03805,2025-06-13,cancel,digital,,0.0
u_03806,2025-01-24,start,,free,0.0
u_03806,2025-10-21,upgrade,free,digital,24.0
u_03806,2025-11-20,cancel,digital,,0.0
u_03807,2025-12-10,start,,free,0.0
u_03808,2025-11-14,start,,digital,24.0
u_03809,2026-05-15,start,,premium,39.0
u_03810,2026-02-06,start,,premium,39.0
u_03810,2026-05-07,cancel,premium,,0.0
u_03811,2025-10-01,start,,digital,24.0
u_03811,2026-01-29,cancel,digital,,0.0
u_03812,2025-01-18,start,,print,59.0
u_03813,2025-09-29,start,,digital,24.0
u_03813,2026-05-27,cancel,digital,,0.0
u_03814,2024-12-15,start,,print,59.0
u_03815,2025-07-30,start,,premium,39.0
u_03815,2026-02-25,cancel,premium,,0.0
u_03816,2025-07-01,start,,free,0.0
u_03817,2025-07-28,start,,premium,39.0
u_03818,2025-04-13,start,,digital,24.0
u_03818,2025-11-09,cancel,digital,,0.0
u_03819,2025-12-24,start,,digital,24.0
u_03820,2026-03-08,start,,premium,39.0
u_03821,2026-01-24,start,,free,0.0
u_03822,2025-11-13,start,,free,0.0
u_03822,2026-01-12,upgrade,free,digital,24.0
u_03822,2026-03-13,cancel,digital,,0.0
u_03823,2025-09-21,start,,digital,24.0
u_03823,2026-03-20,cancel,digital,,0.0
u_03824,2024-11-23,start,,digital,24.0
u_03824,2025-02-21,cancel,digital,,0.0
u_03825,2026-01-09,start,,premium,39.0
u_03826,2025-09-23,start,,premium,39.0
u_03826,2026-04-21,cancel,premium,,0.0
u_03827,2025-04-07,start,,digital,24.0
u_03828,2025-05-17,start,,print,59.0
u_03829,2026-05-15,start,,free,0.0
u_03830,2025-11-10,start,,print,59.0
u_03831,2025-09-01,start,,free,0.0
u_03832,2025-11-08,start,,digital,24.0
u_03832,2026-01-07,upgrade,digital,premium,39.0
u_03833,2025-07-18,start,,free,0.0
u_03834,2025-08-28,start,,digital,24.0
u_03835,2025-04-21,start,,free,0.0
u_03836,2025-08-06,start,,free,0.0
u_03836,2025-10-05,upgrade,free,digital,24.0
u_03836,2026-06-02,cancel,digital,,0.0
u_03837,2025-12-24,start,,digital,24.0
u_03837,2026-06-22,cancel,digital,,0.0
u_03838,2024-11-29,start,,digital,24.0
u_03838,2025-05-28,cancel,digital,,0.0
u_03839,2026-02-03,start,,free,0.0
u_03840,2025-04-15,start,,digital,24.0
u_03841,2025-12-22,start,,free,0.0
u_03842,2025-11-23,start,,free,0.0
u_03843,2025-11-30,start,,free,0.0
u_03843,2026-03-30,upgrade,free,digital,24.0
u_03844,2025-10-30,start,,digital,24.0
u_03845,2026-06-01,start,,digital,24.0
u_03846,2025-09-11,start,,digital,24.0
u_03846,2026-04-09,cancel,digital,,0.0
u_03847,2026-01-12,start,,digital,24.0
u_03848,2026-01-04,start,,digital,24.0
u_03849,2025-03-13,start,,digital,24.0
u_03849,2025-12-08,cancel,digital,,0.0
u_03850,2025-04-16,start,,print,59.0
u_03851,2025-07-25,start,,free,0.0
u_03852,2025-04-12,start,,free,0.0
u_03853,2025-06-14,start,,free,0.0
u_03853,2025-09-12,upgrade,free,digital,24.0
u_03854,2025-07-02,start,,digital,24.0
u_03855,2025-10-27,start,,free,0.0
u_03856,2025-03-01,start,,free,0.0
u_03856,2025-06-29,upgrade,free,digital,24.0
u_03857,2026-02-10,start,,premium,39.0
u_03858,2025-08-04,start,,print,59.0
u_03859,2026-01-04,start,,free,0.0
u_03860,2024-12-29,start,,free,0.0
u_03861,2025-08-27,start,,free,0.0
u_03862,2024-11-21,start,,free,0.0
u_03863,2025-12-17,start,,premium,39.0
u_03863,2026-04-16,cancel,premium,,0.0
u_03864,2025-05-29,start,,digital,24.0
u_03864,2025-07-28,upgrade,digital,premium,39.0
u_03865,2026-05-25,start,,free,0.0
u_03866,2025-05-15,start,,free,0.0
u_03866,2025-10-12,upgrade,free,digital,24.0
u_03866,2026-01-10,upgrade,digital,premium,39.0
u_03867,2025-09-29,start,,free,0.0
u_03868,2025-03-28,start,,free,0.0
u_03868,2026-02-21,cancel,free,,0.0
u_03869,2025-11-07,start,,free,0.0
u_03870,2025-08-25,start,,digital,24.0
u_03871,2025-06-17,start,,free,0.0
u_03872,2025-02-17,start,,premium,39.0
u_03873,2025-01-09,start,,free,0.0
u_03874,2025-01-12,start,,digital,24.0
u_03875,2026-06-30,start,,free,0.0
u_03876,2025-07-17,start,,free,0.0
u_03876,2026-01-13,cancel,free,,0.0
u_03877,2024-11-02,start,,premium,39.0
u_03878,2026-05-28,start,,digital,24.0
u_03879,2024-11-15,start,,free,0.0
u_03879,2026-03-10,upgrade,free,digital,24.0
u_03880,2025-07-22,start,,free,0.0
u_03881,2026-01-08,start,,digital,24.0
u_03882,2026-04-30,start,,premium,39.0
u_03883,2026-01-06,start,,digital,24.0
u_03884,2025-08-23,start,,free,0.0
u_03884,2026-05-20,upgrade,free,digital,24.0
u_03885,2026-06-12,start,,free,0.0
u_03886,2024-11-29,start,,free,0.0
u_03886,2024-12-29,upgrade,free,digital,24.0
u_03886,2025-04-28,cancel,digital,,0.0
u_03887,2026-06-21,start,,free,0.0
u_03888,2026-03-14,start,,digital,24.0
u_03889,2026-05-11,start,,digital,24.0
u_03890,2025-03-26,start,,free,0.0
u_03891,2025-01-19,start,,digital,24.0
u_03891,2025-10-16,upgrade,digital,premium,39.0
u_03891,2026-01-14,cancel,premium,,0.0
u_03892,2025-12-08,start,,digital,24.0
u_03892,2026-04-07,cancel,digital,,0.0
u_03893,2025-09-14,start,,digital,24.0
u_03894,2025-09-16,start,,free,0.0
u_03895,2026-05-07,start,,free,0.0
u_03896,2025-11-07,start,,free,0.0
u_03897,2025-05-05,start,,free,0.0
u_03898,2025-07-08,start,,free,0.0
u_03899,2025-01-16,start,,free,0.0
u_03899,2026-05-11,cancel,free,,0.0
u_03900,2025-02-09,start,,free,0.0
u_03901,2025-01-20,start,,free,0.0
u_03901,2025-03-21,upgrade,free,digital,24.0
u_03902,2026-02-14,start,,premium,39.0
u_03903,2026-01-03,start,,digital,24.0
u_03904,2025-09-18,start,,free,0.0
u_03905,2025-06-20,start,,premium,39.0
u_03905,2026-01-16,cancel,premium,,0.0
u_03906,2025-12-12,start,,free,0.0
u_03907,2026-02-16,start,,free,0.0
u_03907,2026-03-18,upgrade,free,digital,24.0
u_03908,2026-04-06,start,,digital,24.0
u_03909,2025-09-24,start,,free,0.0
u_03910,2026-02-21,start,,free,0.0
u_03910,2026-03-23,upgrade,free,digital,24.0
u_03911,2025-09-12,start,,free,0.0
u_03911,2025-10-12,upgrade,free,digital,24.0
u_03912,2025-08-31,start,,free,0.0
u_03913,2026-03-26,start,,digital,24.0
u_03914,2025-06-28,start,,free,0.0
u_03914,2026-04-24,upgrade,free,digital,24.0
u_03915,2025-07-05,start,,free,0.0
u_03915,2025-12-02,upgrade,free,digital,24.0
u_03915,2026-05-01,cancel,digital,,0.0
u_03916,2025-05-01,start,,free,0.0
u_03916,2026-01-26,upgrade,free,digital,24.0
u_03917,2025-09-15,start,,free,0.0
u_03917,2026-06-12,upgrade,free,digital,24.0
u_03918,2025-09-23,start,,free,0.0
u_03918,2025-11-22,upgrade,free,digital,24.0
u_03919,2025-12-06,start,,premium,39.0
u_03919,2026-03-06,cancel,premium,,0.0
u_03920,2025-07-30,start,,digital,24.0
u_03921,2025-02-28,start,,free,0.0
u_03922,2026-03-27,start,,digital,24.0
u_03923,2025-05-31,start,,free,0.0
u_03923,2026-04-26,upgrade,free,digital,24.0
u_03924,2026-05-06,start,,free,0.0
u_03925,2025-02-20,start,,free,0.0
u_03925,2026-04-16,upgrade,free,digital,24.0
u_03925,2026-05-16,upgrade,digital,premium,39.0
u_03926,2025-09-28,start,,free,0.0
u_03927,2025-09-20,start,,digital,24.0
u_03927,2025-10-20,upgrade,digital,premium,39.0
u_03928,2026-02-28,start,,print,59.0
u_03929,2025-01-18,start,,free,0.0
u_03929,2025-06-17,upgrade,free,digital,24.0
u_03930,2026-04-27,start,,free,0.0
u_03931,2025-09-19,start,,digital,24.0
u_03931,2025-10-19,cancel,digital,,0.0
u_03932,2025-10-14,start,,free,0.0
u_03932,2025-12-13,upgrade,free,digital,24.0
u_03932,2026-04-12,upgrade,digital,premium,39.0
u_03933,2025-09-12,start,,free,0.0
u_03934,2024-11-26,start,,print,59.0
u_03935,2025-09-08,start,,digital,24.0
u_03936,2025-04-01,start,,print,59.0
u_03937,2025-05-28,start,,free,0.0
u_03938,2025-11-28,start,,free,0.0
u_03939,2025-09-08,start,,free,0.0
u_03939,2025-11-07,upgrade,free,digital,24.0
u_03940,2025-01-03,start,,premium,39.0
u_03941,2024-12-23,start,,free,0.0
u_03942,2025-02-04,start,,free,0.0
u_03942,2025-04-05,upgrade,free,digital,24.0
u_03943,2025-02-08,start,,free,0.0
u_03943,2025-05-09,upgrade,free,digital,24.0
u_03943,2025-08-07,upgrade,digital,premium,39.0
u_03944,2025-10-30,start,,digital,24.0
u_03945,2025-01-31,start,,digital,24.0
u_03946,2026-04-07,start,,digital,24.0
u_03947,2025-02-22,start,,free,0.0
u_03947,2025-03-24,upgrade,free,digital,24.0
u_03947,2025-12-19,cancel,digital,,0.0
u_03948,2025-01-02,start,,digital,24.0
u_03948,2026-05-27,cancel,digital,,0.0
u_03949,2026-04-02,start,,free,0.0
u_03950,2025-04-24,start,,free,0.0
u_03950,2026-04-19,upgrade,free,digital,24.0
u_03951,2025-07-26,start,,free,0.0
u_03952,2026-06-01,start,,free,0.0
u_03953,2026-05-22,start,,free,0.0
u_03954,2026-01-07,start,,print,59.0
u_03955,2024-12-20,start,,free,0.0
u_03955,2025-07-18,upgrade,free,digital,24.0
u_03956,2025-10-19,start,,free,0.0
u_03957,2026-06-23,start,,digital,24.0
u_03958,2026-05-23,start,,digital,24.0
u_03959,2025-01-07,start,,free,0.0
u_03960,2025-07-05,start,,digital,24.0
u_03961,2025-05-09,start,,free,0.0
u_03962,2025-01-15,start,,free,0.0
u_03963,2025-12-31,start,,digital,24.0
u_03964,2025-04-09,start,,digital,24.0
u_03965,2025-05-30,start,,free,0.0
u_03966,2025-01-02,start,,free,0.0
u_03966,2025-04-02,cancel,free,,0.0
u_03967,2025-09-08,start,,free,0.0
u_03967,2026-02-05,upgrade,free,digital,24.0
u_03968,2025-01-24,start,,free,0.0
u_03969,2025-07-31,start,,premium,39.0
u_03970,2025-01-20,start,,free,0.0
u_03970,2025-06-19,upgrade,free,digital,24.0
u_03970,2025-12-16,cancel,digital,,0.0
u_03971,2026-05-28,start,,premium,39.0
u_03972,2025-01-20,start,,free,0.0
u_03972,2025-09-17,upgrade,free,digital,24.0
u_03972,2026-03-16,upgrade,digital,premium,39.0
u_03973,2025-09-16,start,,digital,24.0
u_03973,2026-02-13,cancel,digital,,0.0
u_03974,2025-02-13,start,,free,0.0
u_03974,2025-09-11,upgrade,free,digital,24.0
u_03974,2025-11-10,cancel,digital,,0.0
u_03975,2024-12-25,start,,free,0.0
u_03976,2025-02-16,start,,free,0.0
u_03977,2024-12-10,start,,free,0.0
u_03977,2025-10-06,upgrade,free,digital,24.0
u_03977,2026-03-05,cancel,digital,,0.0
u_03978,2025-01-18,start,,premium,39.0
u_03978,2026-01-13,downgrade,premium,digital,24.0
u_03978,2026-02-12,cancel,digital,,0.0
u_03979,2025-09-06,start,,digital,24.0
u_03980,2025-11-30,start,,digital,24.0
u_03981,2025-01-01,start,,free,0.0
u_03982,2025-08-07,start,,digital,24.0
u_03982,2026-04-04,upgrade,digital,premium,39.0
u_03983,2025-10-10,start,,digital,24.0
u_03984,2025-03-11,start,,digital,24.0
u_03985,2025-06-18,start,,digital,24.0
u_03985,2025-11-15,cancel,digital,,0.0
u_03986,2024-12-22,start,,digital,24.0
u_03987,2025-03-01,start,,free,0.0
u_03987,2025-06-29,cancel,free,,0.0
u_03988,2025-08-25,start,,print,59.0
u_03989,2026-06-24,start,,free,0.0
u_03990,2026-06-28,start,,free,0.0
u_03991,2026-06-16,start,,premium,39.0
u_03992,2025-07-25,start,,free,0.0
u_03992,2026-01-21,upgrade,free,digital,24.0
u_03993,2024-12-28,start,,free,0.0
u_03994,2025-05-14,start,,free,0.0
u_03995,2025-03-14,start,,free,0.0
u_03996,2024-11-11,start,,premium,39.0
u_03997,2025-01-04,start,,digital,24.0
u_03997,2026-06-28,cancel,digital,,0.0
u_03998,2025-08-15,start,,free,0.0
u_03999,2025-05-26,start,,print,59.0
u_03999,2026-05-21,cancel,print,,0.0
u_04000,2025-02-01,start,,digital,24.0
u_04001,2026-01-07,start,,premium,39.0
u_04002,2025-06-07,start,,free,0.0
u_04003,2026-03-16,start,,free,0.0
u_04003,2026-05-15,upgrade,free,digital,24.0
u_04004,2025-03-16,start,,free,0.0
u_04005,2025-09-21,start,,free,0.0
u_04005,2025-11-20,upgrade,free,digital,24.0
u_04006,2025-02-03,start,,digital,24.0
u_04006,2026-04-29,upgrade,digital,premium,39.0
u_04007,2025-09-07,start,,free,0.0
u_04007,2026-01-05,upgrade,free,digital,24.0
u_04008,2025-01-22,start,,free,0.0
u_04009,2025-01-25,start,,digital,24.0
u_04009,2025-03-26,upgrade,digital,premium,39.0
u_04009,2025-06-24,cancel,premium,,0.0
u_04010,2025-11-02,start,,free,0.0
u_04011,2025-04-02,start,,free,0.0
u_04011,2025-07-01,upgrade,free,digital,24.0
u_04011,2026-05-27,upgrade,digital,premium,39.0
u_04012,2025-01-29,start,,digital,24.0
u_04013,2026-05-11,start,,premium,39.0
u_04014,2024-12-01,start,,free,0.0
u_04014,2025-01-30,cancel,free,,0.0
u_04015,2025-09-30,start,,print,59.0
u_04016,2025-09-24,start,,digital,24.0
u_04017,2025-03-23,start,,digital,24.0
u_04018,2025-08-15,start,,free,0.0
u_04019,2025-01-01,start,,digital,24.0
u_04019,2025-01-31,upgrade,digital,premium,39.0
u_04019,2025-08-29,cancel,premium,,0.0
u_04020,2026-01-09,start,,digital,24.0
u_04020,2026-05-09,cancel,digital,,0.0
u_04021,2025-03-02,start,,free,0.0
u_04022,2025-02-10,start,,print,59.0
u_04023,2025-05-08,start,,premium,39.0
u_04023,2025-09-05,downgrade,premium,digital,24.0
u_04024,2026-04-21,start,,free,0.0
u_04025,2026-02-04,start,,digital,24.0
u_04026,2026-05-23,start,,free,0.0
u_04026,2026-06-22,upgrade,free,digital,24.0
u_04027,2025-11-30,start,,digital,24.0
u_04027,2026-01-29,cancel,digital,,0.0
u_04028,2025-12-08,start,,digital,24.0
u_04029,2025-09-02,start,,free,0.0
u_04029,2025-12-01,cancel,free,,0.0
u_04030,2026-04-23,start,,free,0.0
u_04030,2026-06-22,upgrade,free,digital,24.0
u_04031,2025-09-12,start,,free,0.0
u_04031,2026-03-11,upgrade,free,digital,24.0
u_04032,2025-06-06,start,,premium,39.0
u_04032,2025-11-03,upgrade,premium,print,59.0
u_04033,2025-11-22,start,,free,0.0
u_04034,2025-09-24,start,,premium,39.0
u_04034,2025-11-23,upgrade,premium,print,59.0
u_04035,2025-01-13,start,,free,0.0
u_04036,2025-07-03,start,,free,0.0
u_04037,2025-05-07,start,,premium,39.0
u_04038,2026-03-13,start,,digital,24.0
u_04038,2026-05-12,cancel,digital,,0.0
u_04039,2025-06-23,start,,free,0.0
u_04040,2026-02-22,start,,free,0.0
u_04040,2026-03-24,upgrade,free,digital,24.0
u_04041,2025-08-08,start,,free,0.0
u_04042,2026-01-19,start,,free,0.0
u_04043,2025-01-17,start,,free,0.0
u_04043,2026-02-11,upgrade,free,digital,24.0
u_04044,2026-05-07,start,,digital,24.0
u_04045,2025-09-02,start,,free,0.0
u_04045,2025-12-01,upgrade,free,digital,24.0
u_04046,2025-03-30,start,,free,0.0
u_04046,2025-07-28,upgrade,free,digital,24.0
u_04047,2025-03-17,start,,free,0.0
u_04048,2025-04-02,start,,free,0.0
u_04049,2025-06-14,start,,print,59.0
u_04050,2026-01-08,start,,free,0.0
u_04051,2026-05-25,start,,free,0.0
u_04052,2025-12-12,start,,digital,24.0
u_04053,2025-09-24,start,,premium,39.0
u_04053,2025-11-23,cancel,premium,,0.0
u_04054,2025-08-12,start,,digital,24.0
u_04055,2026-02-27,start,,digital,24.0
u_04056,2026-03-15,start,,premium,39.0
u_04057,2025-04-23,start,,digital,24.0
u_04057,2025-09-20,upgrade,digital,premium,39.0
u_04057,2026-04-18,downgrade,premium,digital,24.0
u_04058,2026-05-28,start,,print,59.0
u_04059,2025-07-05,start,,free,0.0
u_04060,2026-02-07,start,,digital,24.0
u_04061,2026-06-07,start,,premium,39.0
u_04062,2026-01-03,start,,premium,39.0
u_04063,2025-01-25,start,,free,0.0
u_04064,2025-10-14,start,,digital,24.0
u_04065,2025-01-12,start,,free,0.0
u_04066,2026-01-31,start,,digital,24.0
u_04067,2025-04-14,start,,free,0.0
u_04067,2025-06-13,upgrade,free,digital,24.0
u_04067,2025-12-10,cancel,digital,,0.0
u_04068,2025-12-31,start,,digital,24.0
u_04068,2026-05-30,cancel,digital,,0.0
u_04069,2026-04-27,start,,digital,24.0
u_04070,2025-02-01,start,,free,0.0
u_04071,2025-07-03,start,,free,0.0
u_04072,2025-11-27,start,,free,0.0
u_04073,2025-07-22,start,,digital,24.0
u_04074,2025-01-30,start,,digital,24.0
u_04074,2025-09-27,upgrade,digital,premium,39.0
u_04074,2025-12-26,cancel,premium,,0.0
u_04075,2024-11-21,start,,digital,24.0
u_04076,2025-07-13,start,,free,0.0
u_04076,2026-04-09,upgrade,free,digital,24.0
u_04077,2025-11-28,start,,digital,24.0
u_04078,2025-10-05,start,,digital,24.0
u_04078,2026-03-04,cancel,digital,,0.0
u_04079,2025-01-24,start,,free,0.0
u_04079,2025-08-22,upgrade,free,digital,24.0
u_04079,2026-06-18,upgrade,digital,premium,39.0
u_04080,2025-08-14,start,,free,0.0
u_04081,2025-06-16,start,,free,0.0
u_04082,2025-04-09,start,,free,0.0
u_04082,2025-11-05,upgrade,free,digital,24.0
u_04083,2026-01-11,start,,free,0.0
u_04083,2026-03-12,upgrade,free,digital,24.0
u_04084,2025-05-04,start,,free,0.0
u_04085,2025-09-22,start,,free,0.0
u_04085,2026-05-20,upgrade,free,digital,24.0
u_04086,2026-05-06,start,,free,0.0
u_04087,2025-09-21,start,,free,0.0
u_04087,2026-02-18,upgrade,free,digital,24.0
u_04087,2026-04-19,cancel,digital,,0.0
u_04088,2025-11-05,start,,digital,24.0
u_04089,2024-12-23,start,,free,0.0
u_04089,2025-02-21,upgrade,free,digital,24.0
u_04089,2025-12-18,upgrade,digital,premium,39.0
u_04090,2025-01-31,start,,free,0.0
u_04091,2025-01-06,start,,digital,24.0
u_04091,2025-05-06,upgrade,digital,premium,39.0
u_04091,2025-08-04,upgrade,premium,print,59.0
u_04092,2026-01-23,start,,free,0.0
u_04093,2026-03-05,start,,free,0.0
u_04094,2025-02-05,start,,free,0.0
u_04094,2025-03-07,cancel,free,,0.0
u_04095,2025-03-01,start,,free,0.0
u_04095,2025-05-30,upgrade,free,digital,24.0
u_04095,2025-09-27,cancel,digital,,0.0
u_04096,2025-05-14,start,,digital,24.0
u_04097,2025-10-17,start,,free,0.0
u_04098,2025-11-08,start,,free,0.0
u_04099,2025-12-25,start,,digital,24.0
u_04100,2026-04-23,start,,print,59.0
u_04101,2025-04-24,start,,free,0.0
u_04102,2025-12-05,start,,free,0.0
u_04103,2025-09-28,start,,free,0.0
u_04103,2026-02-25,upgrade,free,digital,24.0
u_04104,2025-05-02,start,,digital,24.0
u_04105,2026-04-25,start,,digital,24.0
u_04106,2025-01-04,start,,digital,24.0
u_04107,2026-01-06,start,,free,0.0
u_04108,2026-01-11,start,,free,0.0
u_04109,2026-05-01,start,,digital,24.0
u_04110,2025-09-15,start,,free,0.0
u_04111,2025-05-13,start,,print,59.0
u_04112,2026-02-27,start,,free,0.0
u_04113,2026-01-25,start,,free,0.0
u_04114,2025-09-09,start,,free,0.0
u_04114,2025-11-08,upgrade,free,digital,24.0
u_04115,2026-01-24,start,,free,0.0
u_04115,2026-05-24,upgrade,free,digital,24.0
u_04116,2025-04-04,start,,digital,24.0
u_04116,2025-06-03,cancel,digital,,0.0
u_04117,2025-10-16,start,,free,0.0
u_04118,2026-03-26,start,,digital,24.0
u_04119,2025-05-10,start,,digital,24.0
u_04120,2025-09-03,start,,premium,39.0
u_04121,2026-05-26,start,,digital,24.0
u_04122,2026-02-06,start,,print,59.0
u_04123,2026-04-10,start,,premium,39.0
u_04124,2025-06-28,start,,free,0.0
u_04125,2026-06-28,start,,premium,39.0
u_04126,2025-01-23,start,,print,59.0
u_04127,2025-09-15,start,,free,0.0
u_04128,2025-09-02,start,,digital,24.0
u_04128,2026-03-01,cancel,digital,,0.0
u_04129,2026-02-06,start,,free,0.0
u_04130,2026-04-26,start,,digital,24.0
u_04131,2026-01-12,start,,free,0.0
u_04132,2025-11-12,start,,digital,24.0
u_04133,2025-07-28,start,,free,0.0
u_04133,2026-02-23,upgrade,free,digital,24.0
u_04134,2025-09-12,start,,digital,24.0
u_04135,2025-09-11,start,,free,0.0
u_04136,2024-11-15,start,,digital,24.0
u_04136,2026-01-09,upgrade,digital,premium,39.0
u_04136,2026-04-09,downgrade,premium,digital,24.0
u_04137,2025-09-09,start,,free,0.0
u_04138,2026-03-19,start,,digital,24.0
u_04139,2026-01-05,start,,free,0.0
u_04140,2026-02-04,start,,free,0.0
u_04140,2026-04-05,upgrade,free,digital,24.0
u_04141,2025-07-01,start,,free,0.0
u_04141,2025-08-30,upgrade,free,digital,24.0
u_04141,2025-10-29,upgrade,digital,premium,39.0
u_04141,2026-02-26,upgrade,premium,print,59.0
u_04142,2025-09-18,start,,premium,39.0
u_04143,2024-11-25,start,,free,0.0
u_04143,2025-10-21,upgrade,free,digital,24.0
u_04144,2025-06-26,start,,digital,24.0
u_04144,2025-09-24,cancel,digital,,0.0
u_04145,2025-08-31,start,,free,0.0
u_04146,2025-03-26,start,,digital,24.0
u_04146,2025-06-24,upgrade,digital,premium,39.0
u_04146,2025-08-23,cancel,premium,,0.0
u_04147,2024-11-23,start,,free,0.0
u_04147,2025-02-21,cancel,free,,0.0
u_04148,2025-12-28,start,,free,0.0
u_04148,2026-06-26,upgrade,free,digital,24.0
u_04149,2025-08-02,start,,free,0.0
u_04150,2025-07-20,start,,free,0.0
u_04151,2025-03-23,start,,free,0.0
u_04152,2025-09-21,start,,free,0.0
u_04152,2026-03-20,upgrade,free,digital,24.0
u_04153,2025-08-05,start,,free,0.0
u_04154,2025-08-30,start,,print,59.0
u_04155,2025-10-10,start,,free,0.0
u_04155,2025-12-09,upgrade,free,digital,24.0
u_04156,2024-11-05,start,,premium,39.0
u_04156,2025-03-05,cancel,premium,,0.0
u_04157,2026-04-25,start,,free,0.0
u_04157,2026-05-25,cancel,free,,0.0
u_04158,2024-12-21,start,,free,0.0
u_04158,2026-01-15,upgrade,free,digital,24.0
u_04159,2025-08-14,start,,free,0.0
u_04160,2025-02-20,start,,free,0.0
u_04161,2025-09-16,start,,free,0.0
u_04161,2026-06-13,upgrade,free,digital,24.0
u_04162,2025-04-13,start,,premium,39.0
u_04162,2025-10-10,cancel,premium,,0.0
u_04163,2026-03-22,start,,digital,24.0
u_04164,2025-07-06,start,,digital,24.0
u_04164,2025-12-03,upgrade,digital,premium,39.0
u_04165,2025-11-21,start,,free,0.0
u_04166,2025-03-22,start,,free,0.0
u_04167,2024-11-14,start,,digital,24.0
u_04167,2025-08-11,cancel,digital,,0.0
u_04168,2025-07-11,start,,free,0.0
u_04168,2025-10-09,upgrade,free,digital,24.0
u_04168,2025-12-08,upgrade,digital,premium,39.0
u_04168,2026-01-07,cancel,premium,,0.0
u_04169,2025-09-20,start,,free,0.0
u_04169,2025-12-19,upgrade,free,digital,24.0
u_04170,2025-08-20,start,,free,0.0
u_04171,2026-06-03,start,,free,0.0
u_04172,2026-01-04,start,,digital,24.0
u_04173,2026-06-27,start,,free,0.0
u_04174,2025-04-24,start,,free,0.0
u_04174,2025-08-22,upgrade,free,digital,24.0
u_04175,2026-01-31,start,,premium,39.0
u_04176,2025-09-27,start,,print,59.0
u_04177,2025-11-01,start,,free,0.0
u_04177,2026-03-31,upgrade,free,digital,24.0
u_04178,2026-06-20,start,,free,0.0
u_04179,2025-12-01,start,,digital,24.0
u_04179,2026-05-30,cancel,digital,,0.0
u_04180,2026-04-19,start,,free,0.0
u_04181,2026-01-10,start,,free,0.0
u_04182,2025-01-14,start,,free,0.0
u_04182,2025-04-14,upgrade,free,digital,24.0
u_04182,2025-08-12,cancel,digital,,0.0
u_04183,2026-01-02,start,,free,0.0
u_04184,2025-09-03,start,,print,59.0
u_04185,2026-05-03,start,,digital,24.0
u_04186,2026-02-12,start,,print,59.0
u_04187,2025-01-07,start,,digital,24.0
u_04188,2025-01-16,start,,digital,24.0
u_04188,2025-11-12,cancel,digital,,0.0
u_04189,2024-12-20,start,,digital,24.0
u_04189,2025-06-18,upgrade,digital,premium,39.0
u_04189,2026-02-13,downgrade,premium,digital,24.0
u_04190,2025-09-06,start,,digital,24.0
u_04190,2026-03-05,cancel,digital,,0.0
u_04191,2024-12-28,start,,free,0.0
u_04191,2026-04-22,cancel,free,,0.0
u_04192,2026-01-10,start,,free,0.0
u_04193,2025-09-26,start,,free,0.0
u_04194,2026-03-05,start,,free,0.0
u_04195,2025-04-13,start,,free,0.0
u_04195,2026-01-08,upgrade,free,digital,24.0
u_04196,2025-09-15,start,,free,0.0
u_04196,2026-03-14,upgrade,free,digital,24.0
u_04197,2025-01-11,start,,digital,24.0
u_04197,2025-05-11,cancel,digital,,0.0
u_04198,2026-04-09,start,,free,0.0
u_04199,2025-01-30,start,,free,0.0
u_04200,2025-01-06,start,,free,0.0
u_04200,2026-03-02,upgrade,free,digital,24.0
u_04201,2025-02-18,start,,free,0.0
u_04202,2026-02-11,start,,print,59.0
u_04203,2025-01-07,start,,free,0.0
u_04203,2025-11-03,upgrade,free,digital,24.0
u_04204,2025-11-03,start,,free,0.0
u_04205,2026-01-17,start,,free,0.0
u_04206,2026-01-19,start,,digital,24.0
u_04207,2025-02-08,start,,digital,24.0
u_04208,2024-12-15,start,,free,0.0
u_04209,2025-08-12,start,,free,0.0
u_04210,2025-02-17,start,,digital,24.0
u_04210,2025-10-15,upgrade,digital,premium,39.0
u_04211,2026-01-02,start,,premium,39.0
u_04212,2025-06-07,start,,free,0.0
u_04212,2026-01-03,upgrade,free,digital,24.0
u_04212,2026-04-03,cancel,digital,,0.0
u_04213,2025-08-13,start,,free,0.0
u_04214,2025-01-10,start,,free,0.0
u_04214,2025-02-09,upgrade,free,digital,24.0
u_04214,2025-06-09,cancel,digital,,0.0
u_04215,2025-09-30,start,,free,0.0
u_04216,2025-02-04,start,,digital,24.0
u_04217,2025-12-19,start,,print,59.0
u_04218,2024-12-22,start,,print,59.0
u_04219,2026-06-13,start,,digital,24.0
u_04220,2025-12-23,start,,free,0.0
u_04220,2026-04-22,upgrade,free,digital,24.0
u_04220,2026-05-22,cancel,digital,,0.0
u_04221,2025-02-02,start,,print,59.0
u_04221,2026-01-28,cancel,print,,0.0
u_04222,2024-11-11,start,,free,0.0
u_04222,2026-01-05,upgrade,free,digital,24.0
u_04223,2025-05-22,start,,free,0.0
u_04224,2025-01-23,start,,digital,24.0
u_04224,2025-06-22,upgrade,digital,premium,39.0
u_04224,2025-09-20,upgrade,premium,print,59.0
u_04225,2025-02-28,start,,free,0.0
u_04226,2026-03-31,start,,digital,24.0
u_04227,2025-10-26,start,,print,59.0
u_04227,2026-03-25,cancel,print,,0.0
u_04228,2025-01-30,start,,digital,24.0
u_04228,2025-06-29,cancel,digital,,0.0
u_04229,2025-09-27,start,,digital,24.0
u_04230,2025-03-27,start,,free,0.0
u_04230,2025-10-23,upgrade,free,digital,24.0
u_04231,2026-06-13,start,,free,0.0
u_04232,2024-11-24,start,,digital,24.0
u_04232,2026-02-17,upgrade,digital,premium,39.0
u_04233,2026-01-12,start,,digital,24.0
u_04234,2026-01-26,start,,premium,39.0
u_04235,2024-12-19,start,,free,0.0
u_04236,2025-01-29,start,,free,0.0
u_04236,2025-05-29,cancel,free,,0.0
u_04237,2025-06-27,start,,free,0.0
u_04238,2026-03-28,start,,digital,24.0
u_04239,2025-09-21,start,,digital,24.0
u_04240,2025-12-02,start,,print,59.0
u_04241,2026-01-29,start,,free,0.0
u_04242,2026-02-27,start,,free,0.0
u_04243,2025-09-01,start,,free,0.0
u_04244,2025-09-11,start,,free,0.0
u_04244,2025-10-11,upgrade,free,digital,24.0
u_04245,2026-01-08,start,,free,0.0
u_04246,2025-04-01,start,,digital,24.0
u_04247,2026-03-18,start,,free,0.0
u_04248,2024-11-15,start,,free,0.0
u_04249,2025-02-12,start,,digital,24.0
u_04250,2026-02-07,start,,digital,24.0
u_04251,2025-05-26,start,,free,0.0
u_04252,2025-01-22,start,,free,0.0
u_04252,2025-05-22,upgrade,free,digital,24.0
u_04253,2025-02-05,start,,digital,24.0
u_04253,2025-03-07,cancel,digital,,0.0
u_04254,2025-09-18,start,,digital,24.0
u_04255,2026-03-12,start,,digital,24.0
u_04256,2024-12-21,start,,free,0.0
u_04257,2024-11-22,start,,free,0.0
u_04257,2025-03-22,upgrade,free,digital,24.0
u_04258,2025-08-24,start,,premium,39.0
u_04258,2026-05-21,cancel,premium,,0.0
u_04259,2026-05-30,start,,free,0.0
u_04260,2025-04-12,start,,free,0.0
u_04261,2026-06-01,start,,print,59.0
u_04262,2026-04-11,start,,free,0.0
u_04263,2025-04-15,start,,digital,24.0
u_04264,2026-02-19,start,,premium,39.0
u_04265,2025-12-24,start,,free,0.0
u_04266,2025-09-12,start,,digital,24.0
u_04266,2026-03-11,upgrade,digital,premium,39.0
u_04267,2025-07-25,start,,free,0.0
u_04268,2026-02-18,start,,premium,39.0
u_04269,2026-02-02,start,,premium,39.0
u_04270,2026-01-20,start,,premium,39.0
u_04271,2026-06-29,start,,free,0.0
u_04272,2025-09-01,start,,digital,24.0
u_04272,2026-06-28,cancel,digital,,0.0
u_04273,2026-02-12,start,,premium,39.0
u_04274,2026-03-24,start,,digital,24.0
u_04274,2026-05-23,cancel,digital,,0.0
u_04275,2025-02-23,start,,digital,24.0
u_04276,2024-12-01,start,,free,0.0
u_04277,2025-07-12,start,,premium,39.0
u_04278,2026-03-20,start,,free,0.0
u_04278,2026-04-19,upgrade,free,digital,24.0
u_04279,2025-04-20,start,,free,0.0
u_04280,2026-01-02,start,,premium,39.0
u_04281,2024-11-06,start,,premium,39.0
u_04282,2025-06-06,start,,print,59.0
u_04283,2025-11-04,start,,free,0.0
u_04284,2025-01-15,start,,free,0.0
u_04284,2025-03-16,upgrade,free,digital,24.0
u_04284,2025-08-13,cancel,digital,,0.0
u_04285,2026-04-17,start,,free,0.0
u_04286,2025-01-24,start,,free,0.0
u_04287,2026-04-27,start,,premium,39.0
u_04288,2025-02-27,start,,digital,24.0
u_04288,2025-12-24,cancel,digital,,0.0
u_04289,2026-06-26,start,,free,0.0
u_04290,2025-10-27,start,,free,0.0
u_04290,2026-04-25,upgrade,free,digital,24.0
u_04291,2024-12-31,start,,free,0.0
u_04292,2024-12-17,start,,premium,39.0
u_04293,2024-12-24,start,,digital,24.0
u_04293,2025-04-23,cancel,digital,,0.0
u_04294,2025-10-16,start,,free,0.0
u_04295,2026-02-14,start,,free,0.0
u_04295,2026-05-15,cancel,free,,0.0
u_04296,2025-07-10,start,,free,0.0
u_04296,2025-10-08,upgrade,free,digital,24.0
u_04297,2025-08-09,start,,free,0.0
u_04297,2025-10-08,upgrade,free,digital,24.0
u_04298,2025-10-16,start,,premium,39.0
u_04299,2025-09-19,start,,digital,24.0
u_04299,2025-12-18,cancel,digital,,0.0
u_04300,2025-12-26,start,,free,0.0
u_04300,2026-04-25,cancel,free,,0.0
u_04301,2025-08-29,start,,digital,24.0
u_04301,2025-09-28,cancel,digital,,0.0
u_04302,2026-01-06,start,,free,0.0
u_04303,2026-06-29,start,,free,0.0
u_04304,2025-06-03,start,,digital,24.0
u_04304,2025-10-31,upgrade,digital,premium,39.0
u_04305,2024-11-09,start,,free,0.0
u_04306,2025-01-14,start,,free,0.0
u_04306,2025-10-11,upgrade,free,digital,24.0
u_04307,2025-09-26,start,,digital,24.0
u_04308,2025-05-29,start,,premium,39.0
u_04309,2026-05-18,start,,free,0.0
u_04310,2025-11-12,start,,digital,24.0
u_04310,2026-06-10,upgrade,digital,premium,39.0
u_04311,2025-09-15,start,,free,0.0
u_04312,2026-02-06,start,,digital,24.0
u_04312,2026-06-06,cancel,digital,,0.0
u_04313,2025-03-29,start,,free,0.0
u_04314,2026-02-21,start,,digital,24.0
u_04315,2024-11-03,start,,free,0.0
u_04315,2025-08-30,upgrade,free,digital,24.0
u_04315,2025-10-29,cancel,digital,,0.0
u_04316,2025-11-07,start,,premium,39.0
u_04316,2025-12-07,cancel,premium,,0.0
u_04317,2026-05-15,start,,premium,39.0
u_04318,2026-01-31,start,,free,0.0
u_04319,2026-03-17,start,,digital,24.0
u_04319,2026-05-16,cancel,digital,,0.0
u_04320,2025-07-06,start,,free,0.0
u_04321,2026-02-24,start,,digital,24.0
u_04322,2025-09-25,start,,free,0.0
u_04322,2025-12-24,upgrade,free,digital,24.0
u_04323,2025-11-06,start,,free,0.0
u_04324,2024-12-13,start,,digital,24.0
u_04324,2025-04-12,cancel,digital,,0.0
u_04325,2025-02-16,start,,free,0.0
u_04326,2025-09-25,start,,free,0.0
u_04327,2024-12-13,start,,free,0.0
u_04328,2026-01-15,start,,free,0.0
u_04329,2026-03-08,start,,free,0.0
u_04330,2026-05-04,start,,digital,24.0
u_04331,2025-01-06,start,,digital,24.0
u_04331,2025-10-03,cancel,digital,,0.0
u_04332,2026-05-18,start,,free,0.0
u_04333,2024-12-19,start,,free,0.0
u_04333,2025-04-18,cancel,free,,0.0
u_04334,2025-08-30,start,,digital,24.0
u_04335,2026-03-08,start,,digital,24.0
u_04335,2026-05-07,cancel,digital,,0.0
u_04336,2024-12-21,start,,digital,24.0
u_04336,2025-03-21,upgrade,digital,premium,39.0
u_04336,2025-07-19,cancel,premium,,0.0
u_04337,2024-11-14,start,,free,0.0
u_04337,2025-06-12,upgrade,free,digital,24.0
u_04338,2024-11-18,start,,free,0.0
u_04338,2026-02-11,upgrade,free,digital,24.0
u_04339,2025-09-12,start,,digital,24.0
u_04339,2025-10-12,cancel,digital,,0.0
u_04340,2026-02-15,start,,free,0.0
u_04340,2026-06-15,upgrade,free,digital,24.0
u_04341,2025-01-14,start,,free,0.0
u_04341,2025-03-15,cancel,free,,0.0
u_04342,2025-01-13,start,,free,0.0
u_04342,2025-04-13,upgrade,free,digital,24.0
u_04342,2026-03-09,cancel,digital,,0.0
u_04343,2025-10-01,start,,digital,24.0
u_04343,2026-03-30,cancel,digital,,0.0
u_04344,2025-03-11,start,,free,0.0
u_04344,2025-09-07,upgrade,free,digital,24.0
u_04344,2026-02-04,upgrade,digital,premium,39.0
u_04345,2026-01-12,start,,digital,24.0
u_04346,2026-05-25,start,,digital,24.0
u_04347,2026-01-23,start,,free,0.0
u_04348,2026-04-03,start,,digital,24.0
u_04349,2025-09-15,start,,digital,24.0
u_04349,2026-02-12,cancel,digital,,0.0
u_04350,2026-03-02,start,,free,0.0
u_04351,2025-02-03,start,,digital,24.0
u_04351,2026-06-28,cancel,digital,,0.0
u_04352,2024-12-20,start,,free,0.0
u_04353,2025-12-03,start,,free,0.0
u_04353,2026-05-02,cancel,free,,0.0
u_04354,2024-12-08,start,,digital,24.0
u_04354,2026-01-02,cancel,digital,,0.0
u_04355,2026-04-14,start,,digital,24.0
u_04356,2025-12-28,start,,free,0.0
u_04357,2026-05-27,start,,print,59.0
u_04358,2025-05-07,start,,digital,24.0
u_04359,2025-09-04,start,,digital,24.0
u_04360,2026-01-15,start,,free,0.0
u_04361,2025-03-17,start,,free,0.0
u_04362,2025-09-22,start,,free,0.0
u_04363,2025-12-05,start,,digital,24.0
u_04363,2026-02-03,cancel,digital,,0.0
u_04364,2026-06-15,start,,free,0.0
u_04365,2026-01-16,start,,digital,24.0
u_04366,2025-01-11,start,,free,0.0
u_04366,2026-01-06,upgrade,free,digital,24.0
u_04366,2026-06-05,cancel,digital,,0.0
u_04367,2025-08-31,start,,digital,24.0
u_04368,2025-10-16,start,,digital,24.0
u_04369,2025-01-21,start,,digital,24.0
u_04369,2026-06-15,cancel,digital,,0.0
u_04370,2025-07-31,start,,digital,24.0
u_04371,2025-04-16,start,,premium,39.0
u_04371,2025-09-13,downgrade,premium,digital,24.0
u_04371,2025-12-12,cancel,digital,,0.0
u_04372,2025-01-12,start,,free,0.0
u_04373,2025-09-12,start,,digital,24.0
u_04374,2025-01-27,start,,print,59.0
u_04375,2025-10-17,start,,digital,24.0
u_04376,2025-01-28,start,,free,0.0
u_04376,2025-08-26,upgrade,free,digital,24.0
u_04377,2026-01-10,start,,print,59.0
u_04378,2025-02-11,start,,free,0.0
u_04378,2026-01-07,upgrade,free,digital,24.0
u_04379,2026-04-17,start,,free,0.0
u_04380,2024-11-19,start,,free,0.0
u_04380,2025-08-16,upgrade,free,digital,24.0
u_04381,2025-09-16,start,,free,0.0
u_04382,2025-05-12,start,,free,0.0
u_04382,2026-02-06,upgrade,free,digital,24.0
u_04382,2026-03-08,upgrade,digital,premium,39.0
u_04383,2025-03-05,start,,free,0.0
u_04384,2025-08-29,start,,premium,39.0
u_04385,2026-03-09,start,,free,0.0
u_04386,2026-05-01,start,,free,0.0
u_04387,2025-04-30,start,,premium,39.0
u_04387,2025-07-29,cancel,premium,,0.0
u_04388,2025-01-23,start,,digital,24.0
u_04389,2026-01-08,start,,free,0.0
u_04390,2025-10-11,start,,free,0.0
u_04391,2025-02-16,start,,digital,24.0
u_04391,2025-03-18,cancel,digital,,0.0
u_04392,2026-01-22,start,,digital,24.0
u_04392,2026-02-21,cancel,digital,,0.0
u_04393,2025-09-15,start,,digital,24.0
u_04393,2026-03-14,cancel,digital,,0.0
u_04394,2025-12-01,start,,free,0.0
u_04395,2025-06-09,start,,digital,24.0
u_04395,2026-01-05,cancel,digital,,0.0
u_04396,2025-08-05,start,,digital,24.0
u_04397,2025-02-01,start,,digital,24.0
u_04397,2025-11-28,cancel,digital,,0.0
u_04398,2026-01-20,start,,premium,39.0
u_04398,2026-02-19,upgrade,premium,print,59.0
u_04399,2025-01-24,start,,digital,24.0
u_04400,2026-01-27,start,,digital,24.0
u_04401,2026-02-06,start,,digital,24.0
u_04402,2026-01-17,start,,digital,24.0
u_04403,2024-11-14,start,,free,0.0
u_04403,2025-06-12,upgrade,free,digital,24.0
u_04403,2026-03-09,upgrade,digital,premium,39.0
u_04403,2026-06-07,upgrade,premium,print,59.0
u_04404,2025-04-08,start,,free,0.0
u_04404,2026-03-04,upgrade,free,digital,24.0
u_04405,2025-08-26,start,,digital,24.0
u_04406,2025-10-21,start,,digital,24.0
u_04407,2026-05-04,start,,free,0.0
u_04408,2025-06-21,start,,free,0.0
u_04409,2026-04-02,start,,digital,24.0
u_04410,2025-01-26,start,,digital,24.0
u_04411,2025-06-18,start,,free,0.0
u_04412,2024-12-08,start,,free,0.0
u_04413,2026-01-16,start,,free,0.0
u_04414,2025-01-22,start,,print,59.0
u_04415,2025-03-28,start,,premium,39.0
u_04416,2026-01-26,start,,digital,24.0
u_04417,2025-09-20,start,,free,0.0
u_04418,2024-11-11,start,,digital,24.0
u_04418,2024-12-11,cancel,digital,,0.0
u_04419,2024-11-02,start,,free,0.0
u_04419,2025-05-01,upgrade,free,digital,24.0
u_04420,2025-09-12,start,,print,59.0
u_04420,2026-04-10,cancel,print,,0.0
u_04421,2025-05-01,start,,free,0.0
u_04421,2025-07-30,upgrade,free,digital,24.0
u_04421,2025-09-28,cancel,digital,,0.0
u_04422,2025-02-01,start,,free,0.0
u_04422,2025-09-29,upgrade,free,digital,24.0
u_04422,2026-03-28,cancel,digital,,0.0
u_04423,2025-11-02,start,,digital,24.0
u_04423,2026-06-30,upgrade,digital,premium,39.0
u_04424,2025-03-07,start,,free,0.0
u_04425,2025-10-18,start,,digital,24.0
u_04426,2025-06-23,start,,digital,24.0
u_04426,2026-03-20,upgrade,digital,premium,39.0
u_04427,2025-02-05,start,,free,0.0
u_04427,2026-06-30,upgrade,free,digital,24.0
u_04428,2025-01-18,start,,free,0.0
u_04428,2025-03-19,cancel,free,,0.0
u_04429,2025-03-13,start,,digital,24.0
u_04430,2024-11-22,start,,digital,24.0
u_04431,2025-05-03,start,,free,0.0
u_04431,2025-08-31,upgrade,free,digital,24.0
u_04431,2026-04-28,cancel,digital,,0.0
u_04432,2026-04-21,start,,free,0.0
u_04433,2026-03-02,start,,digital,24.0
u_04434,2025-06-18,start,,free,0.0
u_04435,2025-10-06,start,,digital,24.0
u_04436,2025-09-30,start,,digital,24.0
u_04437,2026-02-28,start,,free,0.0
u_04437,2026-04-29,upgrade,free,digital,24.0
u_04438,2025-03-13,start,,digital,24.0
u_04439,2025-04-25,start,,free,0.0
u_04440,2025-04-29,start,,free,0.0
u_04440,2026-04-24,upgrade,free,digital,24.0
u_04441,2024-11-30,start,,digital,24.0
u_04442,2025-05-08,start,,premium,39.0
u_04442,2026-02-02,cancel,premium,,0.0
u_04443,2026-04-04,start,,digital,24.0
u_04444,2026-04-28,start,,free,0.0
u_04445,2025-01-09,start,,digital,24.0
u_04446,2025-08-19,start,,free,0.0
u_04447,2025-06-25,start,,free,0.0
u_04447,2025-10-23,upgrade,free,digital,24.0
u_04448,2025-09-05,start,,free,0.0
u_04448,2026-02-02,cancel,free,,0.0
u_04449,2025-09-26,start,,free,0.0
u_04449,2025-12-25,cancel,free,,0.0
u_04450,2024-11-15,start,,free,0.0
u_04450,2026-01-09,upgrade,free,digital,24.0
u_04451,2026-03-09,start,,premium,39.0
u_04451,2026-05-08,downgrade,premium,digital,24.0
u_04452,2026-06-12,start,,free,0.0
u_04453,2025-12-01,start,,digital,24.0
u_04454,2025-12-06,start,,digital,24.0
u_04455,2025-09-18,start,,free,0.0
u_04456,2025-05-22,start,,free,0.0
u_04457,2025-01-21,start,,free,0.0
u_04457,2025-10-18,cancel,free,,0.0
u_04458,2025-10-12,start,,free,0.0
u_04458,2026-02-09,cancel,free,,0.0
u_04459,2024-12-03,start,,digital,24.0
u_04459,2025-08-30,cancel,digital,,0.0
u_04460,2026-02-25,start,,print,59.0
u_04461,2025-07-23,start,,premium,39.0
u_04462,2025-07-19,start,,free,0.0
u_04463,2025-05-17,start,,free,0.0
u_04463,2026-05-12,upgrade,free,digital,24.0
u_04463,2026-06-11,cancel,digital,,0.0
u_04464,2026-06-09,start,,free,0.0
u_04465,2025-01-30,start,,print,59.0
u_04466,2025-01-22,start,,free,0.0
u_04466,2026-05-17,cancel,free,,0.0
u_04467,2025-01-27,start,,free,0.0
u_04468,2025-12-05,start,,digital,24.0
u_04469,2026-06-25,start,,digital,24.0
u_04470,2025-03-12,start,,free,0.0
u_04470,2025-05-11,upgrade,free,digital,24.0
u_04470,2025-09-08,cancel,digital,,0.0
u_04471,2026-04-24,start,,digital,24.0
u_04472,2025-04-12,start,,free,0.0
u_04473,2025-11-27,start,,free,0.0
u_04474,2024-11-30,start,,free,0.0
u_04474,2025-05-29,upgrade,free,digital,24.0
u_04474,2025-07-28,cancel,digital,,0.0
u_04475,2025-09-07,start,,free,0.0
u_04475,2025-12-06,upgrade,free,digital,24.0
u_04475,2026-05-05,upgrade,digital,premium,39.0
u_04475,2026-06-04,upgrade,premium,print,59.0
u_04476,2025-12-02,start,,print,59.0
u_04477,2025-09-20,start,,free,0.0
u_04478,2025-03-14,start,,digital,24.0
u_04478,2026-05-08,cancel,digital,,0.0
u_04479,2026-02-27,start,,free,0.0
u_04480,2026-06-09,start,,digital,24.0
u_04481,2025-08-20,start,,print,59.0
u_04482,2025-11-19,start,,free,0.0
u_04482,2026-01-18,upgrade,free,digital,24.0
u_04483,2026-01-31,start,,print,59.0
u_04483,2026-05-31,cancel,print,,0.0
u_04484,2025-03-17,start,,digital,24.0
u_04485,2026-03-25,start,,digital,24.0
u_04486,2025-04-13,start,,free,0.0
u_04486,2025-07-12,upgrade,free,digital,24.0
u_04486,2025-09-10,upgrade,digital,premium,39.0
u_04487,2026-01-27,start,,digital,24.0
u_04488,2025-01-09,start,,free,0.0
u_04489,2025-04-19,start,,print,59.0
u_04489,2026-06-13,cancel,print,,0.0
u_04490,2025-09-19,start,,premium,39.0
u_04491,2025-09-17,start,,free,0.0
u_04492,2026-03-15,start,,premium,39.0
u_04493,2026-06-28,start,,premium,39.0
u_04494,2025-01-08,start,,digital,24.0
u_04494,2025-03-09,cancel,digital,,0.0
u_04495,2025-04-07,start,,free,0.0
u_04495,2025-11-03,upgrade,free,digital,24.0
u_04495,2025-12-03,cancel,digital,,0.0
u_04496,2025-06-08,start,,free,0.0
u_04497,2025-09-02,start,,free,0.0
u_04497,2026-04-30,upgrade,free,digital,24.0
u_04498,2025-09-06,start,,free,0.0
u_04499,2026-03-19,start,,print,59.0
u_04500,2026-01-25,start,,free,0.0
u_04501,2024-11-14,start,,digital,24.0
u_04501,2025-12-09,cancel,digital,,0.0
u_04502,2025-08-17,start,,digital,24.0
u_04503,2025-11-06,start,,digital,24.0
u_04504,2025-08-21,start,,free,0.0
u_04504,2025-10-20,upgrade,free,digital,24.0
u_04505,2025-01-15,start,,digital,24.0
u_04506,2025-07-06,start,,digital,24.0
u_04507,2025-07-17,start,,digital,24.0
u_04508,2025-02-06,start,,free,0.0
u_04508,2026-02-01,upgrade,free,digital,24.0
u_04509,2026-01-20,start,,digital,24.0
u_04510,2025-05-13,start,,free,0.0
u_04510,2025-11-09,upgrade,free,digital,24.0
u_04511,2025-10-16,start,,digital,24.0
u_04512,2025-09-14,start,,free,0.0
u_04513,2026-04-04,start,,free,0.0
u_04514,2025-01-13,start,,digital,24.0
u_04514,2025-04-13,cancel,digital,,0.0
u_04515,2025-01-10,start,,free,0.0
u_04515,2025-05-10,upgrade,free,digital,24.0
u_04515,2025-06-09,cancel,digital,,0.0
u_04516,2025-04-28,start,,premium,39.0
u_04517,2025-07-31,start,,premium,39.0
u_04518,2025-04-26,start,,free,0.0
u_04519,2026-01-22,start,,free,0.0
u_04519,2026-05-22,upgrade,free,digital,24.0
u_04520,2025-03-19,start,,free,0.0
u_04520,2025-11-14,upgrade,free,digital,24.0
u_04521,2024-12-31,start,,premium,39.0
u_04521,2025-03-01,cancel,premium,,0.0
u_04522,2025-07-18,start,,digital,24.0
u_04522,2026-02-13,cancel,digital,,0.0
u_04523,2026-01-26,start,,free,0.0
u_04524,2026-03-15,start,,free,0.0
u_04525,2026-01-13,start,,free,0.0
u_04526,2025-09-27,start,,digital,24.0
u_04526,2026-03-26,cancel,digital,,0.0
u_04527,2026-01-10,start,,free,0.0
u_04527,2026-05-10,upgrade,free,digital,24.0
u_04528,2025-12-21,start,,free,0.0
u_04529,2025-03-11,start,,digital,24.0
u_04529,2026-05-05,cancel,digital,,0.0
u_04530,2025-09-25,start,,free,0.0
u_04531,2026-01-25,start,,free,0.0
u_04531,2026-03-26,upgrade,free,digital,24.0
u_04532,2025-05-10,start,,digital,24.0
u_04532,2025-07-09,cancel,digital,,0.0
u_04533,2025-12-01,start,,print,59.0
u_04534,2025-09-02,start,,free,0.0
u_04534,2025-12-01,upgrade,free,digital,24.0
u_04534,2025-12-31,cancel,digital,,0.0
u_04535,2025-09-09,start,,premium,39.0
u_04536,2025-01-02,start,,free,0.0
u_04536,2025-04-02,upgrade,free,digital,24.0
u_04536,2025-07-01,upgrade,digital,premium,39.0
u_04537,2025-12-10,start,,premium,39.0
u_04538,2026-03-26,start,,free,0.0
u_04538,2026-06-24,upgrade,free,digital,24.0
u_04539,2025-01-19,start,,digital,24.0
u_04539,2025-06-18,cancel,digital,,0.0
u_04540,2025-06-14,start,,free,0.0
u_04540,2025-11-11,upgrade,free,digital,24.0
u_04540,2026-01-10,cancel,digital,,0.0
u_04541,2024-12-05,start,,print,59.0
u_04542,2024-11-22,start,,print,59.0
u_04543,2026-06-23,start,,free,0.0
u_04544,2025-09-06,start,,free,0.0
u_04545,2025-06-06,start,,digital,24.0
u_04545,2026-01-02,upgrade,digital,premium,39.0
u_04546,2025-04-09,start,,free,0.0
u_04547,2026-06-16,start,,digital,24.0
u_04548,2025-03-24,start,,digital,24.0
u_04548,2025-12-19,cancel,digital,,0.0
u_04549,2026-01-10,start,,free,0.0
u_04550,2025-04-16,start,,free,0.0
u_04550,2025-07-15,upgrade,free,digital,24.0
u_04551,2024-12-21,start,,premium,39.0
u_04552,2025-12-22,start,,free,0.0
u_04553,2024-11-02,start,,digital,24.0
u_04553,2025-05-31,cancel,digital,,0.0
u_04554,2025-12-17,start,,free,0.0
u_04555,2025-03-23,start,,free,0.0
u_04556,2026-01-17,start,,free,0.0
u_04556,2026-03-18,upgrade,free,digital,24.0
u_04557,2026-01-25,start,,free,0.0
u_04558,2026-01-10,start,,digital,24.0
u_04558,2026-05-10,upgrade,digital,premium,39.0
u_04559,2024-11-18,start,,free,0.0
u_04559,2025-10-14,upgrade,free,digital,24.0
u_04559,2026-02-11,cancel,digital,,0.0
u_04560,2026-01-03,start,,digital,24.0
u_04561,2026-06-23,start,,digital,24.0
u_04562,2025-03-17,start,,free,0.0
u_04562,2025-08-14,upgrade,free,digital,24.0
u_04563,2025-04-09,start,,free,0.0
u_04563,2025-10-06,upgrade,free,digital,24.0
u_04564,2026-02-17,start,,digital,24.0
u_04565,2025-01-25,start,,digital,24.0
u_04565,2025-10-22,upgrade,digital,premium,39.0
u_04566,2025-12-06,start,,digital,24.0
u_04566,2026-02-04,upgrade,digital,premium,39.0
u_04567,2026-01-20,start,,free,0.0
u_04568,2024-11-27,start,,digital,24.0
u_04568,2025-03-27,upgrade,digital,premium,39.0
u_04568,2026-02-20,upgrade,premium,print,59.0
u_04569,2025-09-26,start,,free,0.0
u_04570,2025-10-06,start,,digital,24.0
u_04571,2025-04-30,start,,free,0.0
u_04572,2026-04-03,start,,digital,24.0
u_04573,2025-01-26,start,,free,0.0
u_04573,2025-07-25,upgrade,free,digital,24.0
u_04573,2026-03-22,cancel,digital,,0.0
u_04574,2025-06-13,start,,digital,24.0
u_04575,2026-03-14,start,,free,0.0
u_04576,2025-02-08,start,,digital,24.0
u_04577,2026-02-22,start,,free,0.0
u_04578,2024-12-27,start,,digital,24.0
u_04578,2026-01-21,cancel,digital,,0.0
u_04579,2025-09-05,start,,free,0.0
u_04579,2026-05-03,upgrade,free,digital,24.0
u_04580,2024-12-25,start,,free,0.0
u_04580,2025-10-21,upgrade,free,digital,24.0
u_04581,2025-12-19,start,,digital,24.0
u_04581,2026-01-18,cancel,digital,,0.0
u_04582,2026-01-31,start,,free,0.0
u_04583,2026-03-15,start,,free,0.0
u_04583,2026-04-14,upgrade,free,digital,24.0
u_04584,2026-06-17,start,,digital,24.0
u_04585,2025-12-14,start,,digital,24.0
u_04585,2026-01-13,cancel,digital,,0.0
u_04586,2026-01-24,start,,premium,39.0
u_04587,2025-09-10,start,,free,0.0
u_04587,2025-12-09,upgrade,free,digital,24.0
u_04588,2026-04-29,start,,free,0.0
u_04589,2025-11-24,start,,digital,24.0
u_04590,2026-04-08,start,,free,0.0
u_04591,2025-03-12,start,,digital,24.0
u_04591,2025-10-08,cancel,digital,,0.0
u_04592,2025-09-07,start,,free,0.0
u_04593,2026-01-12,start,,premium,39.0
u_04594,2025-02-17,start,,digital,24.0
u_04595,2025-02-23,start,,free,0.0
u_04595,2025-03-25,upgrade,free,digital,24.0
u_04595,2026-03-20,cancel,digital,,0.0
u_04596,2026-06-15,start,,free,0.0
u_04597,2025-08-02,start,,free,0.0
u_04597,2026-03-30,upgrade,free,digital,24.0
u_04597,2026-05-29,cancel,digital,,0.0
u_04598,2025-02-02,start,,free,0.0
u_04599,2025-05-20,start,,digital,24.0
u_04600,2025-07-06,start,,free,0.0
u_04600,2026-04-02,upgrade,free,digital,24.0
u_04601,2025-11-09,start,,free,0.0
u_04602,2026-05-06,start,,free,0.0
u_04603,2026-06-21,start,,digital,24.0
u_04604,2025-11-30,start,,free,0.0
u_04605,2026-01-02,start,,free,0.0
u_04605,2026-02-01,upgrade,free,digital,24.0
u_04606,2025-05-13,start,,premium,39.0
u_04606,2026-01-08,cancel,premium,,0.0
u_04607,2026-03-20,start,,free,0.0
u_04608,2025-02-28,start,,free,0.0
u_04608,2025-09-26,upgrade,free,digital,24.0
u_04608,2026-06-23,upgrade,digital,premium,39.0
u_04609,2025-01-07,start,,print,59.0
u_04610,2026-06-11,start,,free,0.0
u_04611,2026-03-25,start,,premium,39.0
u_04612,2025-04-30,start,,digital,24.0
u_04612,2026-06-24,cancel,digital,,0.0
u_04613,2025-12-17,start,,digital,24.0
u_04613,2026-02-15,cancel,digital,,0.0
u_04614,2025-08-25,start,,free,0.0
u_04615,2025-05-14,start,,free,0.0
u_04615,2025-09-11,upgrade,free,digital,24.0
u_04616,2025-04-18,start,,free,0.0
u_04617,2025-01-17,start,,free,0.0
u_04617,2025-08-15,cancel,free,,0.0
u_04618,2025-09-25,start,,free,0.0
u_04618,2026-04-23,upgrade,free,digital,24.0
u_04619,2025-08-11,start,,digital,24.0
u_04620,2025-09-12,start,,digital,24.0
u_04621,2025-02-26,start,,free,0.0
u_04621,2025-04-27,cancel,free,,0.0
u_04622,2026-05-17,start,,digital,24.0
u_04623,2025-11-20,start,,premium,39.0
u_04623,2026-03-20,upgrade,premium,print,59.0
u_04624,2026-04-19,start,,digital,24.0
u_04624,2026-05-19,cancel,digital,,0.0
u_04625,2025-01-08,start,,digital,24.0
u_04626,2025-11-09,start,,digital,24.0
u_04626,2026-05-08,upgrade,digital,premium,39.0
u_04627,2026-03-15,start,,free,0.0
u_04628,2025-05-20,start,,free,0.0
u_04628,2025-09-17,upgrade,free,digital,24.0
u_04629,2025-02-11,start,,premium,39.0
u_04630,2025-04-02,start,,digital,24.0
u_04631,2025-04-08,start,,digital,24.0
u_04632,2025-08-11,start,,print,59.0
u_04633,2025-05-16,start,,free,0.0
u_04633,2026-05-11,upgrade,free,digital,24.0
u_04634,2025-04-07,start,,free,0.0
u_04634,2025-09-04,upgrade,free,digital,24.0
u_04634,2025-12-03,cancel,digital,,0.0
u_04635,2025-11-28,start,,digital,24.0
u_04636,2024-12-09,start,,free,0.0
u_04636,2025-03-09,upgrade,free,digital,24.0
u_04637,2025-05-26,start,,digital,24.0
u_04637,2025-08-24,upgrade,digital,premium,39.0
u_04638,2025-12-27,start,,digital,24.0
u_04639,2025-01-30,start,,digital,24.0
u_04639,2025-03-31,upgrade,digital,premium,39.0
u_04640,2025-03-02,start,,free,0.0
u_04641,2025-02-15,start,,digital,24.0
u_04641,2025-10-13,upgrade,digital,premium,39.0
u_04642,2024-11-01,start,,free,0.0
u_04642,2025-04-30,upgrade,free,digital,24.0
u_04643,2025-08-30,start,,premium,39.0
u_04644,2024-11-28,start,,free,0.0
u_04645,2025-04-08,start,,premium,39.0
u_04645,2025-10-05,cancel,premium,,0.0
u_04646,2026-06-27,start,,free,0.0
u_04647,2026-05-03,start,,free,0.0
u_04648,2025-02-26,start,,free,0.0
u_04649,2025-05-05,start,,free,0.0
u_04650,2025-08-23,start,,free,0.0
u_04651,2026-03-11,start,,digital,24.0
u_04652,2026-02-09,start,,digital,24.0
u_04652,2026-03-11,upgrade,digital,premium,39.0
u_04653,2025-01-14,start,,free,0.0
u_04653,2025-03-15,upgrade,free,digital,24.0
u_04653,2025-11-10,upgrade,digital,premium,39.0
u_04654,2025-01-13,start,,digital,24.0
u_04655,2025-07-20,start,,premium,39.0
u_04655,2026-03-17,downgrade,premium,digital,24.0
u_04656,2026-03-29,start,,digital,24.0
u_04657,2026-04-07,start,,free,0.0
u_04658,2025-01-08,start,,free,0.0
u_04659,2025-10-05,start,,premium,39.0
u_04660,2025-01-24,start,,free,0.0
u_04660,2025-12-20,cancel,free,,0.0
u_04661,2025-12-25,start,,free,0.0
u_04661,2026-03-25,upgrade,free,digital,24.0
u_04662,2026-05-02,start,,digital,24.0
u_04663,2025-08-17,start,,free,0.0
u_04663,2026-01-14,upgrade,free,digital,24.0
u_04663,2026-05-14,cancel,digital,,0.0
u_04664,2024-12-30,start,,digital,24.0
u_04665,2025-10-09,start,,free,0.0
u_04665,2026-02-06,upgrade,free,digital,24.0
u_04666,2025-07-14,start,,digital,24.0
u_04667,2026-02-15,start,,print,59.0
u_04668,2025-05-26,start,,print,59.0
u_04668,2025-12-22,cancel,print,,0.0
u_04669,2026-04-02,start,,premium,39.0
u_04670,2025-04-09,start,,premium,39.0
u_04671,2025-01-24,start,,free,0.0
u_04671,2025-07-23,upgrade,free,digital,24.0
u_04671,2026-04-19,cancel,digital,,0.0
u_04672,2025-05-02,start,,print,59.0
u_04673,2024-11-26,start,,premium,39.0
u_04674,2025-04-14,start,,free,0.0
u_04675,2025-12-06,start,,free,0.0
u_04676,2025-01-19,start,,free,0.0
u_04677,2025-01-09,start,,digital,24.0
u_04677,2026-03-05,cancel,digital,,0.0
u_04678,2025-01-16,start,,digital,24.0
u_04678,2025-02-15,cancel,digital,,0.0
u_04679,2024-12-26,start,,free,0.0
u_04679,2025-03-26,upgrade,free,digital,24.0
u_04680,2026-04-02,start,,free,0.0
u_04681,2026-05-21,start,,digital,24.0
u_04682,2024-12-04,start,,free,0.0
u_04682,2025-12-29,upgrade,free,digital,24.0
u_04683,2026-01-21,start,,print,59.0
u_04684,2026-01-14,start,,free,0.0
u_04685,2026-06-28,start,,free,0.0
u_04686,2025-06-01,start,,free,0.0
u_04687,2025-04-17,start,,premium,39.0
u_04688,2025-08-15,start,,premium,39.0
u_04689,2026-03-20,start,,free,0.0
u_04690,2026-01-11,start,,free,0.0
u_04690,2026-02-10,upgrade,free,digital,24.0
u_04691,2025-08-29,start,,free,0.0
u_04692,2025-03-19,start,,free,0.0
u_04693,2026-01-11,start,,digital,24.0
u_04694,2026-03-18,start,,free,0.0
u_04695,2025-07-08,start,,free,0.0
u_04695,2026-02-03,cancel,free,,0.0
u_04696,2025-12-12,start,,free,0.0
u_04697,2025-07-08,start,,free,0.0
u_04697,2025-08-07,upgrade,free,digital,24.0
u_04697,2026-04-04,upgrade,digital,premium,39.0
u_04698,2025-09-01,start,,free,0.0
u_04698,2025-11-30,upgrade,free,digital,24.0
u_04698,2025-12-30,cancel,digital,,0.0
u_04699,2025-09-17,start,,free,0.0
u_04700,2026-01-27,start,,free,0.0
u_04701,2026-06-14,start,,free,0.0
u_04702,2025-08-09,start,,free,0.0
u_04703,2025-05-28,start,,print,59.0
u_04703,2026-05-23,cancel,print,,0.0
u_04704,2025-06-19,start,,free,0.0
u_04704,2025-07-19,upgrade,free,digital,24.0
u_04705,2025-01-16,start,,free,0.0
u_04706,2025-04-25,start,,free,0.0
u_04706,2026-01-20,cancel,free,,0.0
u_04707,2025-01-01,start,,digital,24.0
u_04708,2025-07-28,start,,premium,39.0
u_04709,2025-01-27,start,,digital,24.0
u_04709,2025-04-27,upgrade,digital,premium,39.0
u_04709,2025-12-23,cancel,premium,,0.0
u_04710,2025-05-31,start,,digital,24.0
u_04710,2025-08-29,upgrade,digital,premium,39.0
u_04711,2026-02-02,start,,digital,24.0
u_04712,2025-03-20,start,,free,0.0
u_04712,2025-07-18,upgrade,free,digital,24.0
u_04713,2025-11-01,start,,premium,39.0
u_04714,2026-04-21,start,,digital,24.0
u_04715,2025-09-30,start,,free,0.0
u_04716,2025-02-10,start,,free,0.0
u_04717,2025-05-30,start,,free,0.0
u_04718,2025-10-17,start,,free,0.0
u_04718,2025-12-16,upgrade,free,digital,24.0
u_04719,2025-09-11,start,,digital,24.0
u_04719,2026-06-08,cancel,digital,,0.0
u_04720,2025-01-21,start,,free,0.0
u_04720,2025-02-20,upgrade,free,digital,24.0
u_04720,2026-05-16,upgrade,digital,premium,39.0
u_04721,2025-08-11,start,,digital,24.0
u_04722,2025-09-22,start,,print,59.0
u_04723,2025-04-04,start,,free,0.0
u_04723,2025-09-01,upgrade,free,digital,24.0
u_04723,2026-04-29,cancel,digital,,0.0
u_04724,2025-11-02,start,,free,0.0
u_04724,2026-06-30,upgrade,free,digital,24.0
u_04725,2024-12-21,start,,digital,24.0
u_04725,2025-09-17,cancel,digital,,0.0
u_04726,2025-05-24,start,,digital,24.0
u_04726,2025-06-23,cancel,digital,,0.0
u_04727,2026-02-10,start,,free,0.0
u_04727,2026-03-12,upgrade,free,digital,24.0
u_04728,2025-03-29,start,,free,0.0
u_04729,2025-10-27,start,,digital,24.0
u_04730,2025-07-15,start,,premium,39.0
u_04731,2025-05-09,start,,free,0.0
u_04732,2026-05-01,start,,free,0.0
u_04733,2025-05-29,start,,print,59.0
u_04734,2025-03-13,start,,free,0.0
u_04735,2026-04-26,start,,free,0.0
u_04736,2026-01-17,start,,digital,24.0
u_04736,2026-06-16,cancel,digital,,0.0
u_04737,2025-12-21,start,,free,0.0
u_04738,2024-12-06,start,,free,0.0
u_04739,2025-01-16,start,,digital,24.0
u_04740,2025-11-20,start,,digital,24.0
u_04741,2025-02-22,start,,free,0.0
u_04741,2025-03-24,upgrade,free,digital,24.0
u_04742,2025-03-05,start,,free,0.0
u_04742,2025-04-04,upgrade,free,digital,24.0
u_04742,2026-02-28,cancel,digital,,0.0
u_04743,2026-01-28,start,,digital,24.0
u_04744,2025-04-17,start,,digital,24.0
u_04744,2025-08-15,cancel,digital,,0.0
u_04745,2024-12-22,start,,digital,24.0
u_04745,2025-03-22,cancel,digital,,0.0
u_04746,2024-11-27,start,,digital,24.0
u_04746,2025-01-26,cancel,digital,,0.0
u_04747,2025-08-08,start,,digital,24.0
u_04748,2025-11-05,start,,premium,39.0
u_04749,2026-03-28,start,,digital,24.0
u_04750,2025-01-09,start,,free,0.0
u_04750,2026-04-04,cancel,free,,0.0
u_04751,2025-02-12,start,,print,59.0
u_04752,2025-09-18,start,,premium,39.0
u_04752,2026-02-15,upgrade,premium,print,59.0
u_04752,2026-05-16,cancel,print,,0.0
u_04753,2025-06-13,start,,free,0.0
u_04753,2025-08-12,cancel,free,,0.0
u_04754,2025-09-03,start,,free,0.0
u_04755,2026-05-07,start,,digital,24.0
u_04756,2025-09-23,start,,free,0.0
u_04756,2026-06-20,upgrade,free,digital,24.0
u_04757,2025-07-19,start,,digital,24.0
u_04758,2026-06-23,start,,free,0.0
u_04759,2024-12-17,start,,free,0.0
u_04759,2026-04-11,cancel,free,,0.0
u_04760,2026-05-13,start,,free,0.0
u_04761,2025-09-09,start,,premium,39.0
u_04762,2025-09-10,start,,free,0.0
u_04762,2025-11-09,upgrade,free,digital,24.0
u_04762,2026-04-08,cancel,digital,,0.0
u_04763,2026-05-06,start,,digital,24.0
u_04763,2026-06-05,cancel,digital,,0.0
u_04764,2025-09-11,start,,free,0.0
u_04764,2026-04-09,upgrade,free,digital,24.0
u_04765,2025-08-05,start,,free,0.0
u_04765,2025-10-04,upgrade,free,digital,24.0
u_04765,2026-03-03,cancel,digital,,0.0
u_04766,2025-04-08,start,,free,0.0
u_04766,2025-05-08,upgrade,free,digital,24.0
u_04767,2025-12-05,start,,free,0.0
u_04768,2025-10-02,start,,digital,24.0
u_04769,2025-02-25,start,,digital,24.0
u_04769,2025-10-23,cancel,digital,,0.0
u_04770,2026-01-05,start,,free,0.0
u_04771,2025-11-24,start,,free,0.0
u_04771,2026-02-22,upgrade,free,digital,24.0
u_04772,2025-07-06,start,,digital,24.0
u_04772,2025-12-03,cancel,digital,,0.0
u_04773,2024-11-04,start,,digital,24.0
u_04773,2025-09-30,cancel,digital,,0.0
u_04774,2025-08-11,start,,free,0.0
u_04774,2026-05-08,upgrade,free,digital,24.0
u_04775,2024-11-05,start,,digital,24.0
u_04776,2024-12-24,start,,free,0.0
u_04776,2026-03-19,upgrade,free,digital,24.0
u_04777,2025-07-30,start,,free,0.0
u_04778,2024-12-29,start,,digital,24.0
u_04779,2025-04-10,start,,digital,24.0
u_04779,2025-05-10,cancel,digital,,0.0
u_04780,2025-12-03,start,,digital,24.0
u_04780,2026-06-01,upgrade,digital,premium,39.0
u_04781,2025-05-04,start,,free,0.0
u_04781,2026-03-30,upgrade,free,digital,24.0
u_04781,2026-05-29,upgrade,digital,premium,39.0
u_04782,2026-06-29,start,,free,0.0
u_04783,2026-05-01,start,,digital,24.0
u_04783,2026-05-31,upgrade,digital,premium,39.0
u_04784,2025-10-13,start,,free,0.0
u_04784,2026-06-10,upgrade,free,digital,24.0
u_04785,2026-06-07,start,,free,0.0
u_04786,2026-03-28,start,,digital,24.0
u_04787,2025-05-11,start,,free,0.0
u_04787,2025-09-08,upgrade,free,digital,24.0
u_04787,2025-10-08,cancel,digital,,0.0
u_04788,2026-01-18,start,,free,0.0
u_04789,2025-01-17,start,,free,0.0
u_04789,2025-04-17,upgrade,free,digital,24.0
u_04789,2025-09-14,upgrade,digital,premium,39.0
u_04789,2025-12-13,cancel,premium,,0.0
u_04790,2025-12-23,start,,premium,39.0
u_04790,2026-03-23,cancel,premium,,0.0
u_04791,2025-09-06,start,,free,0.0
u_04792,2024-11-13,start,,free,0.0
u_04793,2025-04-09,start,,free,0.0
u_04793,2025-12-05,upgrade,free,digital,24.0
u_04793,2026-04-04,cancel,digital,,0.0
u_04794,2026-05-29,start,,free,0.0
u_04795,2025-05-09,start,,free,0.0
u_04795,2025-12-05,upgrade,free,digital,24.0
u_04795,2026-06-03,cancel,digital,,0.0
u_04796,2025-02-01,start,,digital,24.0
u_04796,2025-07-01,upgrade,digital,premium,39.0
u_04797,2025-02-06,start,,free,0.0
u_04797,2025-09-04,upgrade,free,digital,24.0
u_04798,2025-09-02,start,,free,0.0
u_04798,2025-12-01,upgrade,free,digital,24.0
u_04799,2026-03-10,start,,free,0.0
u_04800,2026-01-21,start,,free,0.0
u_04801,2025-08-04,start,,free,0.0
u_04801,2026-04-01,upgrade,free,digital,24.0
u_04801,2026-05-01,cancel,digital,,0.0
u_04802,2025-02-21,start,,digital,24.0
u_04802,2025-03-23,cancel,digital,,0.0
u_04803,2024-12-04,start,,digital,24.0
u_04803,2025-04-03,cancel,digital,,0.0
u_04804,2025-08-22,start,,digital,24.0
u_04804,2026-06-18,cancel,digital,,0.0
u_04805,2026-02-18,start,,free,0.0
u_04806,2026-01-12,start,,premium,39.0
u_04807,2025-07-14,start,,digital,24.0
u_04807,2025-12-11,cancel,digital,,0.0
u_04808,2025-10-20,start,,free,0.0
u_04808,2026-04-18,upgrade,free,digital,24.0
u_04809,2025-08-03,start,,free,0.0
u_04810,2025-10-09,start,,digital,24.0
u_04810,2026-06-06,cancel,digital,,0.0
u_04811,2025-09-14,start,,free,0.0
u_04811,2026-01-12,upgrade,free,digital,24.0
u_04812,2025-12-21,start,,free,0.0
u_04813,2025-09-11,start,,digital,24.0
u_04814,2026-05-19,start,,free,0.0
u_04815,2025-07-28,start,,print,59.0
u_04816,2024-11-12,start,,free,0.0
u_04817,2025-03-13,start,,free,0.0
u_04818,2025-09-09,start,,free,0.0
u_04818,2026-02-06,upgrade,free,digital,24.0
u_04819,2025-09-22,start,,free,0.0
u_04819,2026-01-20,upgrade,free,digital,24.0
u_04820,2025-09-26,start,,premium,39.0
u_04820,2026-06-23,cancel,premium,,0.0
u_04821,2026-01-07,start,,digital,24.0
u_04821,2026-04-07,upgrade,digital,premium,39.0
u_04822,2025-04-09,start,,premium,39.0
u_04823,2025-12-09,start,,free,0.0
u_04824,2026-01-03,start,,free,0.0
u_04825,2025-07-16,start,,free,0.0
u_04826,2025-07-10,start,,free,0.0
u_04826,2025-11-07,upgrade,free,digital,24.0
u_04827,2025-01-31,start,,premium,39.0
u_04828,2025-07-18,start,,free,0.0
u_04829,2026-01-30,start,,free,0.0
u_04830,2026-04-26,start,,free,0.0
u_04831,2025-10-19,start,,digital,24.0
u_04831,2026-06-16,upgrade,digital,premium,39.0
u_04832,2025-04-27,start,,free,0.0
u_04832,2026-04-22,upgrade,free,digital,24.0
u_04833,2025-12-22,start,,digital,24.0
u_04834,2026-01-15,start,,digital,24.0
u_04835,2025-05-21,start,,digital,24.0
u_04835,2025-09-18,upgrade,digital,premium,39.0
u_04836,2026-02-26,start,,free,0.0
u_04837,2024-12-23,start,,free,0.0
u_04837,2025-11-18,upgrade,free,digital,24.0
u_04838,2024-11-08,start,,free,0.0
u_04838,2025-10-04,cancel,free,,0.0
u_04839,2025-01-13,start,,premium,39.0
u_04840,2025-01-24,start,,print,59.0
u_04841,2026-04-05,start,,digital,24.0
u_04842,2025-07-26,start,,free,0.0
u_04843,2025-04-10,start,,free,0.0
u_04843,2025-06-09,upgrade,free,digital,24.0
u_04844,2025-07-29,start,,digital,24.0
u_04845,2025-07-05,start,,free,0.0
u_04845,2025-09-03,upgrade,free,digital,24.0
u_04846,2025-04-29,start,,digital,24.0
u_04846,2025-08-27,cancel,digital,,0.0
u_04847,2025-01-18,start,,digital,24.0
u_04848,2025-12-03,start,,free,0.0
u_04848,2026-04-02,upgrade,free,digital,24.0
u_04849,2025-01-17,start,,free,0.0
u_04850,2026-01-26,start,,free,0.0
u_04851,2025-02-16,start,,free,0.0
u_04852,2026-01-12,start,,digital,24.0
u_04853,2026-02-11,start,,free,0.0
u_04854,2025-01-14,start,,free,0.0
u_04854,2025-04-14,upgrade,free,digital,24.0
u_04854,2025-07-13,upgrade,digital,premium,39.0
u_04854,2025-09-11,upgrade,premium,print,59.0
u_04855,2025-01-01,start,,free,0.0
u_04855,2026-06-25,cancel,free,,0.0
u_04856,2026-05-25,start,,free,0.0
u_04857,2025-08-22,start,,digital,24.0
u_04858,2025-11-14,start,,digital,24.0
u_04858,2026-03-14,cancel,digital,,0.0
u_04859,2024-11-17,start,,free,0.0
u_04859,2025-02-15,upgrade,free,digital,24.0
u_04859,2025-09-13,upgrade,digital,premium,39.0
u_04860,2025-04-12,start,,free,0.0
u_04860,2025-07-11,upgrade,free,digital,24.0
u_04860,2025-11-08,cancel,digital,,0.0
u_04861,2025-09-10,start,,free,0.0
u_04861,2026-02-07,upgrade,free,digital,24.0
u_04862,2026-04-10,start,,free,0.0
u_04862,2026-06-09,upgrade,free,digital,24.0
u_04863,2025-04-07,start,,free,0.0
u_04863,2026-04-02,upgrade,free,digital,24.0
u_04864,2026-01-26,start,,premium,39.0
u_04865,2025-12-07,start,,free,0.0
u_04866,2025-01-10,start,,free,0.0
u_04866,2025-03-11,upgrade,free,digital,24.0
u_04866,2025-12-06,cancel,digital,,0.0
u_04867,2025-04-23,start,,free,0.0
u_04867,2025-08-21,upgrade,free,digital,24.0
u_04867,2025-10-20,cancel,digital,,0.0
u_04868,2025-03-14,start,,digital,24.0
u_04868,2026-02-07,cancel,digital,,0.0
u_04869,2025-08-08,start,,free,0.0
u_04869,2025-10-07,upgrade,free,digital,24.0
u_04869,2026-06-04,cancel,digital,,0.0
u_04870,2025-11-18,start,,premium,39.0
u_04871,2025-08-01,start,,free,0.0
u_04872,2025-03-19,start,,digital,24.0
u_04872,2026-06-12,cancel,digital,,0.0
u_04873,2026-01-01,start,,digital,24.0
u_04874,2025-10-13,start,,free,0.0
u_04874,2025-12-12,upgrade,free,digital,24.0
u_04875,2025-09-15,start,,free,0.0
u_04875,2025-10-15,upgrade,free,digital,24.0
u_04876,2025-09-26,start,,free,0.0
u_04876,2026-02-23,cancel,free,,0.0
u_04877,2025-03-02,start,,digital,24.0
u_04878,2025-12-20,start,,premium,39.0
u_04879,2025-06-29,start,,free,0.0
u_04879,2025-08-28,cancel,free,,0.0
u_04880,2025-06-12,start,,free,0.0
u_04881,2025-01-22,start,,free,0.0
u_04882,2025-10-21,start,,free,0.0
u_04883,2025-10-26,start,,digital,24.0
u_04884,2025-05-26,start,,free,0.0
u_04885,2026-03-22,start,,free,0.0
u_04886,2026-03-12,start,,premium,39.0
u_04887,2025-01-08,start,,digital,24.0
u_04887,2025-04-08,cancel,digital,,0.0
u_04888,2025-12-31,start,,digital,24.0
u_04889,2025-07-04,start,,free,0.0
u_04889,2025-12-31,upgrade,free,digital,24.0
u_04889,2026-03-01,upgrade,digital,premium,39.0
u_04890,2026-06-30,start,,premium,39.0
u_04891,2025-03-05,start,,digital,24.0
u_04891,2026-02-28,upgrade,digital,premium,39.0
u_04891,2026-05-29,cancel,premium,,0.0
u_04892,2025-04-14,start,,free,0.0
u_04893,2025-08-07,start,,free,0.0
u_04894,2025-04-05,start,,premium,39.0
u_04895,2025-12-29,start,,free,0.0
u_04895,2026-03-29,cancel,free,,0.0
u_04896,2025-09-02,start,,digital,24.0
u_04897,2025-03-02,start,,digital,24.0
u_04897,2025-06-30,cancel,digital,,0.0
u_04898,2025-09-11,start,,digital,24.0
u_04899,2026-04-12,start,,digital,24.0
u_04900,2026-02-02,start,,premium,39.0
u_04901,2025-09-08,start,,free,0.0
u_04901,2026-04-06,upgrade,free,digital,24.0
u_04901,2026-06-05,upgrade,digital,premium,39.0
u_04902,2025-04-19,start,,free,0.0
u_04902,2025-06-18,upgrade,free,digital,24.0
u_04902,2026-02-13,cancel,digital,,0.0
u_04903,2025-01-31,start,,digital,24.0
u_04904,2026-04-04,start,,free,0.0
u_04904,2026-06-03,cancel,free,,0.0
u_04905,2026-01-05,start,,digital,24.0
u_04906,2025-10-04,start,,digital,24.0
u_04907,2026-04-05,start,,free,0.0
u_04908,2025-01-12,start,,digital,24.0
u_04908,2025-11-08,cancel,digital,,0.0
u_04909,2025-12-22,start,,free,0.0
u_04910,2025-02-27,start,,premium,39.0
u_04911,2025-01-12,start,,free,0.0
u_04911,2025-06-11,upgrade,free,digital,24.0
u_04911,2025-08-10,upgrade,digital,premium,39.0
u_04912,2025-08-24,start,,digital,24.0
u_04912,2026-03-22,cancel,digital,,0.0
u_04913,2025-06-29,start,,premium,39.0
u_04914,2026-05-19,start,,free,0.0
u_04915,2025-05-15,start,,free,0.0
u_04915,2025-09-12,upgrade,free,digital,24.0
u_04916,2026-02-18,start,,free,0.0
u_04916,2026-04-19,upgrade,free,digital,24.0
u_04917,2026-01-18,start,,digital,24.0
u_04917,2026-06-17,cancel,digital,,0.0
u_04918,2025-12-11,start,,free,0.0
u_04919,2026-05-04,start,,free,0.0
u_04920,2025-07-14,start,,premium,39.0
u_04921,2025-07-01,start,,free,0.0
u_04921,2026-02-26,cancel,free,,0.0
u_04922,2025-01-25,start,,free,0.0
u_04923,2025-04-10,start,,digital,24.0
u_04923,2025-06-09,cancel,digital,,0.0
u_04924,2026-04-05,start,,free,0.0
u_04925,2025-08-31,start,,free,0.0
u_04925,2026-04-28,upgrade,free,digital,24.0
u_04926,2025-05-27,start,,print,59.0
u_04926,2026-02-21,cancel,print,,0.0
u_04927,2025-02-26,start,,digital,24.0
u_04927,2025-11-23,cancel,digital,,0.0
u_04928,2025-09-04,start,,free,0.0
u_04929,2026-01-07,start,,digital,24.0
u_04930,2025-04-18,start,,free,0.0
u_04930,2025-06-17,upgrade,free,digital,24.0
u_04930,2025-07-17,cancel,digital,,0.0
u_04931,2026-01-21,start,,free,0.0
u_04932,2025-11-14,start,,digital,24.0
u_04932,2025-12-14,cancel,digital,,0.0
u_04933,2026-01-30,start,,free,0.0
u_04934,2025-03-23,start,,free,0.0
u_04934,2025-04-22,upgrade,free,digital,24.0
u_04935,2025-11-15,start,,premium,39.0
u_04936,2025-01-23,start,,free,0.0
u_04937,2025-06-12,start,,free,0.0
u_04937,2025-11-09,upgrade,free,digital,24.0
u_04938,2026-01-10,start,,free,0.0
u_04939,2025-11-15,start,,digital,24.0
u_04940,2025-02-06,start,,digital,24.0
u_04940,2025-06-06,upgrade,digital,premium,39.0
u_04940,2025-08-05,cancel,premium,,0.0
u_04941,2026-03-21,start,,premium,39.0
u_04942,2024-12-09,start,,free,0.0
u_04942,2025-12-04,upgrade,free,digital,24.0
u_04943,2025-10-20,start,,digital,24.0
u_04944,2026-06-19,start,,digital,24.0
u_04945,2025-09-19,start,,free,0.0
u_04946,2026-02-08,start,,free,0.0
u_04947,2025-10-20,start,,digital,24.0
u_04947,2026-04-18,upgrade,digital,premium,39.0
u_04947,2026-06-17,cancel,premium,,0.0
u_04948,2026-01-29,start,,free,0.0
u_04948,2026-04-29,upgrade,free,digital,24.0
u_04949,2025-12-03,start,,digital,24.0
u_04950,2025-12-28,start,,free,0.0
u_04951,2025-03-07,start,,free,0.0
u_04951,2026-06-30,cancel,free,,0.0
u_04952,2026-01-15,start,,print,59.0
u_04953,2025-03-14,start,,digital,24.0
u_04953,2025-04-13,cancel,digital,,0.0
u_04954,2026-06-17,start,,free,0.0
u_04955,2025-03-07,start,,digital,24.0
u_04955,2025-08-04,upgrade,digital,premium,39.0
u_04955,2026-03-02,cancel,premium,,0.0
u_04956,2025-03-13,start,,free,0.0
u_04956,2025-12-08,cancel,free,,0.0
u_04957,2026-03-21,start,,digital,24.0
u_04958,2025-03-18,start,,free,0.0
u_04958,2025-10-14,upgrade,free,digital,24.0
u_04959,2025-06-10,start,,free,0.0
u_04959,2026-06-05,upgrade,free,digital,24.0
u_04960,2026-01-07,start,,free,0.0
u_04961,2025-01-25,start,,free,0.0
u_04961,2026-03-21,upgrade,free,digital,24.0
u_04962,2025-01-25,start,,free,0.0
u_04963,2025-09-04,start,,free,0.0
u_04964,2025-03-18,start,,print,59.0
u_04964,2025-06-16,cancel,print,,0.0
u_04965,2025-03-12,start,,free,0.0
u_04966,2024-11-07,start,,free,0.0
u_04967,2025-06-17,start,,free,0.0
u_04967,2026-04-13,upgrade,free,digital,24.0
u_04968,2025-05-11,start,,digital,24.0
u_04969,2024-11-23,start,,free,0.0
u_04969,2025-03-23,cancel,free,,0.0
u_04970,2025-11-08,start,,free,0.0
u_04971,2025-11-12,start,,digital,24.0
u_04972,2024-12-21,start,,free,0.0
u_04972,2025-01-20,upgrade,free,digital,24.0
u_04973,2025-05-10,start,,print,59.0
u_04974,2026-03-31,start,,free,0.0
u_04974,2026-05-30,upgrade,free,digital,24.0
u_04975,2025-10-11,start,,digital,24.0
u_04976,2025-07-17,start,,free,0.0
u_04976,2026-04-13,cancel,free,,0.0
u_04977,2025-08-24,start,,digital,24.0
u_04978,2025-02-21,start,,digital,24.0
u_04978,2025-03-23,cancel,digital,,0.0
u_04979,2026-02-16,start,,free,0.0
u_04980,2026-04-30,start,,free,0.0
u_04980,2026-06-29,upgrade,free,digital,24.0
u_04981,2026-04-27,start,,free,0.0
u_04982,2025-03-04,start,,free,0.0
u_04982,2025-04-03,upgrade,free,digital,24.0
u_04982,2025-08-31,cancel,digital,,0.0
u_04983,2025-05-05,start,,print,59.0
u_04983,2025-12-01,cancel,print,,0.0
u_04984,2025-01-25,start,,digital,24.0
u_04984,2025-07-24,cancel,digital,,0.0
u_04985,2025-05-03,start,,digital,24.0
u_04986,2025-05-21,start,,print,59.0
u_04987,2025-11-16,start,,digital,24.0
u_04988,2025-02-07,start,,digital,24.0
u_04989,2026-05-04,start,,free,0.0
u_04989,2026-06-03,upgrade,free,digital,24.0
u_04990,2025-01-06,start,,free,0.0
u_04991,2024-11-05,start,,free,0.0
u_04992,2026-03-18,start,,free,0.0
u_04992,2026-04-17,upgrade,free,digital,24.0
u_04993,2026-01-03,start,,free,0.0
u_04994,2025-06-06,start,,free,0.0
u_04994,2026-04-02,cancel,free,,0.0
u_04995,2025-10-21,start,,free,0.0
u_04995,2025-11-20,upgrade,free,digital,24.0
u_04996,2025-03-04,start,,free,0.0
u_04996,2025-06-02,upgrade,free,digital,24.0
u_04996,2026-06-27,upgrade,digital,premium,39.0
u_04997,2025-01-28,start,,free,0.0
u_04998,2025-08-28,start,,free,0.0
u_04999,2025-06-05,start,,free,0.0
u_04999,2025-08-04,cancel,free,,0.0
u_05000,2025-11-04,start,,free,0.0
