user_id,signup_date,initial_plan,country,acquisition_channel,email_hash
u_00001,2026-01-26,free,DE,paid_search,9fbe88eb06662b4466441d3b0bd3eb247661647765b03e8fafc6203d0c0b35f2
u_00002,2025-08-05,digital,DE,organic,35e16e3180d36302079f0d03af90c1c8b832fddf65b702be3b7c6f9eaa8dac95
u_00003,2026-03-21,digital,CH,paid_search,41a274c293a9de545929f4997e9b975e1e09eeb3f52b34d7057e030fc89abd3b
u_00004,2026-01-01,free,CH,newsletter,737484de011993ed14e23b09bf6298af82762b7ea4de6d94ed46cfcb6c524dc0
u_00005,2025-01-03,free,CH,paid_search,10329b6ec67a8ce87c0a3a5a033be51f74c393a8ea09f686907a6e087e003209
u_00006,2026-06-13,free,CH,organic,008454eb914098d92c0cef54f0134eb0fce30999b5510fdc055dd7775a048009
u_00007,2026-01-22,digital,CH,paid_search,6c9d9d2f23fc82ae666d7d723cd8c987a2475c3601dd7eab8ca6199d5f34b26e
u_00008,2026-01-30,digital,IT,direct,76063a491a25913e9b07567121996aeff391c3df3ffa26b6e099bc3abb35badf
u_00009,2025-01-15,digital,CH,paid_search,d37b257f43ccae118bd7b5de1eb906e8db168b528976558ac20bae515627cbf0
u_00010,2025-08-13,free,CH,paid_search,5aaa589babf89e03b37888f3fe62ca47f7a6428869947f64a76cb25a40d40a45
u_00011,2025-06-17,free,DE,organic,c64c5c09a1dde7b076750e526b304c2ca57d2484913b028aeec252633865849e
u_00012,2026-05-09,free,CH,paid_search,592b8aae9ec76ec0fedfc6b950531bb1a534337fd0ef0d01f30bf11b7a893bad
u_00013,2025-11-24,free,CH,newsletter,3a6c64b37b1ea0c3aebf96f54b075fbffa051cc00e3ce0d0f4a9732091d3264c
u_00014,2026-02-23,digital,CH,newsletter,cf840b82029db1c2bd4ad5c6ab6ff26345adbe516fa51bc75e30eb39a972848c
u_00015,2025-08-08,free,FR,paid_search,97545c812794b319af5c692cd2a1519f0b04c4d8f2ec7b914bee00e75f381e16
u_00016,2025-03-06,free,CH,newsletter,e4d5db2e0f33e88b7e1dcd9bf763dc8f38dfa6fdef7f19cf7fc2101cc4fa9e4f
u_00017,2025-09-26,free,CH,paid_search,40421790c03f51092402b2bdb138d1c975291e56521cd95993e70d26bb68ee65
u_00018,2024-12-16,free,DE,newsletter,3c024bd7bb2f59de8c6241078e7cc161e35c6e151278066ea041c60de95e17ad
u_00019,2026-02-27,digital,CH,organic,87a3000a102d471dea57ab20c867562b7a2ea688a71c29abd75d632a462b7b20
u_00020,2025-11-15,free,DE,paid_search,c6cc789a6ac225c2f4d2b982e9970dd885ca57342ba80a51463e92f459bbe8fd
u_00021,2026-01-21,premium,CH,newsletter,639f2dec68558236d9671198faf072ccf54d66a232319b40a78fb25402e60d19
u_00022,2025-06-06,digital,CH,direct,960189ef4f921181aa2d0d9be8b81e5114e97d5c0a589e3ba571d6ef0c84801d
u_00023,2026-06-09,premium,CH,referral,686841c069a0abea8f4e6c16ab47ce5a19d83745e8a281bd2dd50a5d0528e998
u_00024,2026-04-15,digital,OTHER,paid_social,668df53d79dd00f06d00eb0011bbabe788225faa97d661be66edeb9c54c6a81c
u_00025,2026-01-27,digital,CH,newsletter,82e7d3f2416e486234fedcb7fba1a7380b47e13302f714931b802407062a1996
u_00026,2025-02-11,digital,CH,referral,c5b33ea25583c4fdf2d6539c54db5f13e13b925adf616a96e97ad464e1689258
u_00027,2025-08-25,free,AT,organic,a6aae70c072fcaf2f6b7e26012197e8a464e20d0074d3a7f8d61a6ff6d1c7890
u_00028,2024-12-02,free,CH,paid_search,64d69a9d1fdda10ea2797ea97cf9285100769a1fbddc6bc172a654a1b3a2e52a
u_00029,2025-01-23,digital,AT,paid_social,6cd5cb9b2abc7fb248e75bb370e2f58f505d38a6a6ed5ab817cd2cb4d584d298
u_00030,2025-12-22,free,CH,paid_social,31bb941507276f69f3fcb8bed744d25c456ec844c44270c0b569a58629971abc
u_00031,2026-01-16,free,CH,newsletter,a34c61a879f86dd1c87ace9157b19ff59a8e62a4b1fe622a1b70f8d0eef4a913
u_00032,2026-06-07,premium,DE,paid_search,c11752981570332b0c00403e05d02d2a82fb1b5d64869ed4818f5c9cdaa8be34
u_00033,2025-05-16,free,DE,organic,3a4067e08eb17b564ed7427c53424ea1ad90d0d68f11c19f92d959e1807d9acf
u_00034,2025-06-17,free,CH,organic,fe5235de6cf258e45b9e060789beddd7c8ac809839d8cb9f9953d13147f03d02
u_00035,2025-08-27,digital,OTHER,newsletter,0db8a579786adcc5cfdb5c82b2c874ac12a4e9034374b9c91c4af43d521fe3a1
u_00036,2025-02-07,free,FR,organic,0e25c07c219aedfbf4cfc7a032aa60327f0c5bd3d7a2e3e9038d0d75cbe44113
u_00037,2025-01-15,premium,AT,newsletter,a59762c133010a38753d3feb9c6b5e12b9491dfc796d65073e2df14cd1819e6c
u_00038,2025-09-01,free,CH,organic,299a9888478ab06c54bc7964dbdfe35da0e0b02f156c77d76f048f3fefa40a88
u_00039,2025-03-06,premium,CH,paid_search,f401a56bdb3ec22741cdc43057f547b364108e92a226995b87f2040c75784326
u_00040,2025-12-13,digital,CH,newsletter,2e5a22a162eb6d5e4169e2e81ec465fcc72af78df45e1e7af3cda2eb663add78
u_00041,2025-08-04,free,CH,paid_search,f12d70b3e869135d3dcc3e5641d4cbe92f51b97189396572ac6c2558c0ecb312
u_00042,2026-03-02,free,CH,newsletter,5623ff1fe23fdcfac862eaccdefa06eda7576bd6e338ee51a06b97a5d8192047
u_00043,2026-01-02,free,CH,organic,092e071c6f971ff69870e8bfe0eb2b240e843550eca24f09c0b633230b55667c
u_00044,2025-05-06,free,CH,paid_social,da5ef9d3c8eb689c1ffee755e49ccbd4a71c6c375e5117eda43256dac3070ee8
u_00045,2026-03-02,free,CH,paid_social,463afc2c2c2cb712b47cec1f46b46550a82082c20f7255c7ce04bf6cd5b5f755
u_00046,2026-02-10,print,CH,newsletter,0fff055634766aa537c650517d1b664a8446cc725804b17cb0761f77fdac8dd2
u_00047,2025-06-29,free,CH,organic,533bd3dd2d15bc6f7e3879494883045eb1454e27233e2e7f6fed0c25fc8e7bde
u_00048,2025-04-19,digital,CH,paid_search,7880895f629d16bb784ec6a20be65cc7c2ab50dab7b76a0aa355b3290ec539a2
u_00049,2025-12-22,free,IT,paid_social,0fb7e23e147421d3d00e377fbf69ff8d786a47b6126bfefa579952db79942998
u_00050,2025-01-18,print,DE,direct,ec40014359ce903c7b8fe748c6a9cab8bfa916b2e79bdc09f3d7e54eab87156a
u_00051,2025-02-15,free,CH,newsletter,6f9c8cf07a1cfc3a9484f896266ee9aa7709b42f891364274eb1f40268abc5c9
u_00052,2024-11-06,free,CH,newsletter,ce1b8aa137ffc9d843636ff42f025d0cefdf6ef4dd41ffd3a1f6a76180b189e2
u_00053,2026-01-30,digital,CH,paid_social,c4ceae491de01857173b7d5aef541d8f85ff5389ead0783119eefc3101eb0809
u_00054,2025-12-09,free,CH,paid_social,94310c239c1516d0614ada6a45398af5c381e53dadd973f7f2f785274c1e857f
u_00055,2026-01-04,digital,DE,newsletter,bde774f82225d056fef698dba4147940653ce659385b41b50f5f7b6c4ba2dc6e
u_00056,2026-01-28,free,CH,newsletter,b9e739348f3f8b3e3c2df9ae4355480fb2198e5bf1614ede33d0a1ee5f49e4fa
u_00057,2025-08-20,free,CH,newsletter,326e1f9fb3dc13dca28ef770ab3fe561632dd6276a7097a8cd98b063492e4a44
u_00058,2025-10-01,free,CH,newsletter,7d55c61be7f16cc1f2e5153ba0923e73f8640824db37f4559794d226237feeec
u_00059,2025-01-18,digital,DE,newsletter,359caae86c1dd0fa52637fedf1d3ecb28ca52531217cb96d076b773ddce31dc5
u_00060,2025-01-10,free,IT,organic,7361d5bbd47314b5f2544cb7c24ffe5cbd79e14c7f02f87d3b5e7696625cd4d5
u_00061,2025-12-12,free,AT,paid_search,4f680527971cc5244c107e7dc2c5533c583603f2bfcef2c3e853004f3f371525
u_00062,2025-08-28,free,CH,direct,308e0f632a7323457c0d662fec7adcab590974ffbaad31dac255f0a1b1b91f58
u_00063,2025-09-30,free,DE,paid_social,66cafb01c81912d70388cde4b15d557fdf2e2f4fcb184695653651d1d9861bd1
u_00064,2026-01-23,free,CH,organic,70c1f29762734adac88227eb518818bfc195c79f27557f7325966b4d0b306c1d
u_00065,2025-11-18,premium,CH,paid_social,cefc22ab7bfde83b0877f49b9ddbc32492920cbf14841710203f7714c5584454
u_00066,2025-09-26,free,AT,paid_social,f34769ac95ed5ea8491036164b5367e0a8a7bbd206358f5b30f93e1b9d55818b
u_00067,2025-09-28,digital,CH,newsletter,1cb2c355c701b365e12acd019b89d1073c68c5e636f191f0ff11eb929ac3d57c
u_00068,2025-04-30,free,IT,newsletter,e1893d5dda3527268041eb6eedb3045ab133a07f80620cecc66f835ecffbfccb
u_00069,2024-11-23,free,CH,organic,5411d8d201903b57b3e7eefbc887865a1a44c1554f9594b2684196e2cce7dc7e
u_00070,2025-08-04,free,CH,paid_search,0ada324d842b29ea1317f2304a91a7844ecae05e94bf58118649f018ab94a59f
u_00071,2025-02-25,free,CH,organic,a705af9a171b8059c2ce004960766e9d1ce7064840e22ca025f61e45f22ef86a
u_00072,2025-07-14,free,AT,newsletter,6a74d4e87bb7f0383f4a724726c8d440246d5eea293de4aadb9032a4915c2a0e
u_00073,2026-03-17,free,CH,organic,4d764957a8e7fbb994b71f84ee4c44a3bdfc52bd803bb1d83439ac5083cfa912
u_00074,2025-03-11,free,DE,paid_social,a8791b31ac9f6f7601f33f8c6d923f6226131eb93448b66c409fbf262920e1a3
u_00075,2024-12-12,print,CH,paid_social,a69fc598131a64a686e34a81caf346016b40faba70948e129986b0f05dd520f1
u_00076,2025-04-14,free,DE,paid_social,309c67e33e38e14ab12563de221bdeeb130035c5367fdf67f9ea149d05a1978a
u_00077,2025-04-23,free,CH,paid_social,b97e164c39b37bf86b4ea3743b9daf1e27889192f16cc93adb9d743dc37e6648
u_00078,2025-12-07,free,CH,referral,0595cac9b1542bcc1be665ef0a06effce5a2439d40c593edd41578b6a2fad90e
u_00079,2025-09-27,free,DE,paid_social,04a3392998c9c1baee786a0a60746fbe0d52feb3d4e2226486a7e35c9e4cb3b8
u_00080,2026-01-29,digital,DE,organic,08628d14157a064f6495d74e954c9a1270afd6a58933d8f5930f5776e6145b3f
u_00081,2025-12-09,free,CH,paid_search,5a340bd7a809b28107858bc798cd64fdec03d947990de23521db84892bde988f
u_00082,2025-07-13,digital,CH,paid_social,86f073de5edb796880309f71acf2b13e2a9a96c0198b2f4d44108419c59af367
u_00083,2026-02-17,free,CH,paid_search,02df14fc3fcd923ae0e56c9159ad9bc8400242b08a3f3d451a1ec32d44f44b84
u_00084,2025-01-27,free,FR,referral,dc07133949fa14f873ad43c2a2ef0a67d903124364d1bc871d731e866e1adc9b
u_00085,2024-11-17,premium,CH,paid_search,acf13f48f8e9ee67129ac067417d6923eab5d03d1ae1f14163fd1dbc356a8d79
u_00086,2025-01-02,free,DE,newsletter,743dd7e537bc32ca7411bb40bb833ffc0026d0017bc909326dfa0e6c2338c629
u_00087,2026-01-09,digital,CH,organic,e0782d9c87d1a2b80b05261ee9e7b1b8e6869812f38a7ccb618f0f01da545b6a
u_00088,2025-08-22,free,DE,referral,08b9ea2b4fdf69b5c3545e09c93df7bee17b2f4c0709db5ba64122f60b8aa947
u_00089,2025-01-25,premium,CH,organic,c92e7704fed311a6f1dad69e4ac38f0893539333d9488645dc490159bffb05a8
u_00090,2025-09-09,free,CH,paid_social,9ec406a42f72db7d382cc3bcce9a38d8768cbc4c15554361b3ed9320ae2e219b
u_00091,2025-01-22,free,CH,paid_search,4d756fce955aa294bb309933cc81fbbf04a93fba064f9b4333526e7c510aac64
u_00092,2026-01-01,digital,CH,paid_social,0e7bc47b903c1fcab33ccc2908a13dcb9fdac914c22787d14024c8e36b993df0
u_00093,2025-08-10,free,CH,organic,505d5fd4ae58c22e01543b7f5b600f84de945a4fabc6d71be680bc0cc214fc22
u_00094,2025-06-25,free,CH,newsletter,73e712fea071cc6f1db841b1ae3c9a3299bdc2308079129410f6bea9254bfaf7
u_00095,2025-04-29,print,AT,paid_social,c8369c1270bd7337f9339962517ba7891988b015507221c29e5517f326314e78
u_00096,2025-11-14,digital,CH,direct,e1d5edf3b835c044e912391a08451dcf6f233ece66d8592cd64c4bddddc2c43d
u_00097,2025-06-11,digital,CH,referral,a8c87493a6435fbfc57c83eb8d2f9cafaa47a178894a9b6fc092e148e227d5b6
u_00098,2025-01-01,digital,IT,paid_social,42b0923638678f28d43ab29872654392c3fa23de3046061c081143461f30bd22
u_00099,2025-01-11,digital,CH,newsletter,1f55adb6f18827f80d05abf23f8518b2e45bd7fd62fd54329c2f1976e017127c
u_00100,2026-06-03,premium,CH,organic,d1e7df442f5ea06ecfd59a60281b0945fd060940b1bc7713f68835b07ceac5ca
u_00101,2026-04-26,digital,IT,paid_social,398930641573f5a1a374376dccdf8cfdb6c922844b285e3d2a4dd72370725633
u_00102,2026-01-02,free,DE,paid_search,6bda89cbea3469652e7efb2ae1d2f3a65c0946d7b23ef07efe8509154c6a98c6
u_00103,2025-04-03,free,FR,referral,465e20de4c27c9456dd65a427d3aa74515259bd5ca169cd1279c14c08d87c75e
u_00104,2026-06-08,digital,DE,organic,b0dea2b666f425892191746a5191ebe911ac05812351dc4d70f7345af79319f8
u_00105,2026-01-28,digital,CH,paid_search,eebaf9ed130152f5bf35503f698b845dece8b3f375eead6f24ea4eb902b5464d
u_00106,2026-01-07,free,CH,paid_social,058f7da6c52552d200876662635391f195579f5fcfce89b715f054f6c10f33f9
u_00107,2025-08-13,free,CH,paid_search,a1ad93ff7c6516964298715724f2b11bb6296f44b695c3b382a06f4f6b59f7ba
u_00108,2025-04-08,free,FR,organic,e870269cf6cee6d046d1fec8aac743bde3e54d7f97e6ae53247233824a8ed472
u_00109,2025-01-04,free,AT,paid_search,94e63d1d170110fc2f05637a6ce5f22a707fd329bf774f3a9d29fdfd1339571a
u_00110,2026-04-22,digital,CH,newsletter,2ad814cfd42c6266fda67368b4e4ffe0e4c2ffa0beb1aaa9a805c6716d67da55
u_00111,2025-08-17,free,CH,organic,defb6260a7435729fd5f10673da76dbc4d510e618d4dd6e74e2ebc6c7e4d8c0b
u_00112,2025-02-16,digital,CH,paid_search,0b0082b64bba09f6a57450f138d33579997e9f7960292cdd0fc88bd59c85cd57
u_00113,2025-05-02,digital,CH,direct,6e6d57f89196adb2365cbe0d8f3ebbba591afa79938555dd9434d266bd8e1d7d
u_00114,2025-10-09,premium,AT,direct,2071bf10ea2ef163c886aaded34075b6192b402714079b4bcf39648f2f686e96
u_00115,2025-01-30,free,CH,organic,a9373bc86fedfa5d10ef79d48b6e0edd2ee72050ba71527538dc47aca347882b
u_00116,2026-03-20,premium,CH,paid_social,d325682327d4684bec099d54303a1fd7b7a89d23b2f7ffa1c691b7060415a0d3
u_00117,2026-01-21,digital,FR,organic,568c4d686876ab622d43ad02a43c2ec1f422e5b28fc789d8a4b721c00c0294be
u_00118,2026-01-08,digital,CH,direct,963e126374b2c347d40435366abec88bd94c03ce1ea34593edfc4d40884272d1
u_00119,2025-07-31,free,CH,paid_search,2c7c56692ab3ee08d2cd6d3966c9600b4df907260dd8971c3cd6abb5403b796f
u_00120,2025-11-12,free,CH,paid_search,5fa20896814daebb8a8797559608467441d9c3e6e66d35c4abda6396d8bee017
u_00121,2025-10-12,digital,CH,organic,f80247470d5ae977c7f17bd697098f63f9a8ddffa6259592a494d4ced1df4082
u_00122,2025-11-28,free,CH,paid_social,73ad234aece6450d8c0c9864b97c253ae4889489e3a99f8aed01a746433c0938
u_00123,2024-12-31,free,CH,organic,8fb2cd39a36c57d8f1d41abf7bf6eb204470f2c328c231b29075d1d2575a3dac
u_00124,2025-07-20,digital,CH,newsletter,785d4b639001c40c2fcaeba681c238244317c2d9ccb29744d0e356bf0445a606
u_00125,2024-11-30,digital,CH,paid_search,6b84fa690b6de71dd508501809f57eb8569a58a8adfe893f20da6c5d504dbe3c
u_00126,2025-09-06,free,CH,paid_social,1a2596d3a18539dc3f0f1975b4dc7b26b63e652a26150ab7dcb39858d544ec74
u_00127,2025-05-19,free,CH,newsletter,3aeab05898521031d10578f915990d45160fab398027a24a7e8c2d452ea991e6
u_00128,2025-01-20,free,FR,organic,978828c7989542d8ebd96881365c1b815260cd5fa3716c68368cbf5d398d9bca
u_00129,2025-01-06,premium,CH,organic,300f126fc2a4d0b15e34a1e493693b9b470cb5a2706928ec01d2fcea34a9b805
u_00130,2025-10-15,print,CH,paid_search,53eb41c1b598b5e30a7763befff3ca266dc719b84d95030460bb90b69a1bfbfe
u_00131,2025-01-28,free,AT,newsletter,eab1395aef727c9c985948cfb44aa3ceea8495657fa72da68f99a7ca73ad42fa
u_00132,2026-05-08,free,CH,organic,080c30ca96a48fb2a37f9b91bdc910ca138c0ee8de929acff3c7226213e8783e
u_00133,2025-10-10,free,CH,newsletter,b4f103d734cb1ffff59826d2f28a2954f6fd370396ceaa012f2cb66054161596
u_00134,2025-05-31,free,DE,paid_social,30e3fc634e9d020c5cc1481d8cd9f31c265a4f9a90ded201e326764e08eaa7b9
u_00135,2025-10-17,premium,CH,paid_social,e42cfe7db08b8e2f3db21a48cd93e7e87612f9d1d2ef64abf37c23e09de965d4
u_00136,2024-11-17,free,CH,paid_social,f2dbefcaff7578a80bad97749594ea0e9a97c2114c2a46fd576eef3e3c3c93f6
u_00137,2026-06-01,free,DE,organic,7f5983a0df36ba2c27dd6d1f7927dd47be1d0feb3990d13796e50057d772cac5
u_00138,2025-09-03,free,CH,organic,3368f948101f039664d7c4beb7b015a7e07c4d5cb8c9e4feebf0ceed6b8e1162
u_00139,2026-01-29,free,CH,referral,280926949da6c2fb7032b734df5cb01d12bde89bb2ef00060978b56e19cd465e
u_00140,2024-12-30,digital,CH,paid_search,4656dac82bb4570c27e766c77161e110012ff193669fcc79f103cdd8fe9c5cf9
u_00141,2025-09-04,digital,CH,paid_social,e7fb9865647f516424b2acaa018c4a2171d848fd8df8ba50605551e31e860d32
u_00142,2025-09-05,digital,DE,direct,1be8e573163190433c02341e1975af4229a8dd5c018c894f91598c02b0e964b3
u_00143,2026-05-17,free,CH,organic,415aa551cc75f7020f171d9193133f0d64288f0f3e731a0c192d8b11a3ce2ec9
u_00144,2025-10-03,premium,CH,paid_search,17b1f6732301b092a3f3a5198917ffbfcb3d1aadb25a90e0350f220e8cea90f7
u_00145,2025-08-30,free,CH,paid_search,352a5065c690b6cb9ecd85f4000a76a8441492cb678e63afe77f8f8b420172f3
u_00146,2025-04-04,digital,AT,organic,2bbff89c10f8b87d158e5935833d9011f5f4e6b27917c24879c9378f458de23a
u_00147,2025-05-20,premium,CH,direct,0a4a3e9d45779b56062c8b6a083c3354f7cf29c5241e4606a3015f22e11cfc94
u_00148,2025-09-15,free,CH,direct,113a340fe1051de570c76a0bce4fbfad8e1afa4a21974ef04a588fdc19874298
u_00149,2025-08-05,premium,CH,paid_search,32ee91f97438d39e20658f8019d8275d277d0354a35b0b8eef13c6fd4d50cbc1
u_00150,2024-11-16,free,CH,direct,6343d78c7041257cb44285596e494b41981894a18aabc1829e9c68264d2653b6
u_00151,2026-02-26,digital,CH,organic,61299ecafa7944f0e3a09c26b7c26fbac8ca10aa358cff8ae707f9edeb59b035
u_00152,2026-04-17,free,AT,direct,5bc3dfde2261da18e69be728f9fd17b23844bf3b8b9a22f43a292be8a161a04b
u_00153,2025-01-19,free,CH,newsletter,9418f5a590be99785c8196be9ee57f58a063b0033bdf865c73f1bddbfbfa62b8
u_00154,2025-09-26,free,CH,organic,2f12930196d1e37ed3af607b0822ea89371470540cba05d8f83951beafddad75
u_00155,2025-01-08,free,CH,paid_social,5c8f5d94ad4c1fe7bb3f50124dde4fac8d889d24be763a3ecd12413f77fa885f
u_00156,2025-12-15,free,CH,newsletter,07fa0ac8783a9637d9558f9b94616dde71c3111f0f70516cba6275d7e588e65c
u_00157,2025-04-14,free,CH,paid_search,69b11e8d7fead22ecc5c3ae3d2db91fd289708777e66f4994f04e181e4d902b4
u_00158,2025-12-05,digital,DE,paid_search,c5c3e31ee215b158666f8fa5bafe735320d3bb21b1b088bb5ef7d67b5c0f3cc1
u_00159,2026-01-11,free,CH,paid_social,d0947d08d4aee393496abfebd881f516fc9b3fec22e8aa19a3dc75794e6ebbf9
u_00160,2026-01-24,free,DE,organic,c1ca414c43d6d921f4d6f196bd5c2c3614092b60e05634276ae6fd2fe6270197
u_00161,2025-01-08,print,CH,organic,a5f8dd5eb88e3b1ba6df64393f36d7f278bbe7cc51e72e72a08294722d61f641
u_00162,2026-05-01,premium,CH,organic,4377729bf3bf6b6db8aadf20f1a3933eef37c16d3135c57f28013c9ba1352a8b
u_00163,2025-03-08,free,CH,referral,dc6ce6926c2300af2e0f0ee665bd7a1386f099d368c31b2da46fff05483492f2
u_00164,2024-11-27,free,CH,paid_search,d1cd986f35a24a7bcb70db2c5726928ff200b589ba6a6b784a98af4d80da0fb2
u_00165,2025-09-26,digital,CH,paid_social,f3df54f3c332d3b290567e21f42cca7633609f70a7cea4b3243a7b96abf8a7b8
u_00166,2025-06-17,digital,FR,organic,9905a6d3625e80bb2f2556ace32631b71cbb9e91dd240445421e8f0140c02235
u_00167,2026-02-28,free,AT,organic,2bd91d7825ab7f00c8dc395c026cbe71f5b50b1c700c3377e710ff90049d3420
u_00168,2026-02-13,digital,DE,paid_social,cd32cea20e389776dac8f6917074d380b2fe4c17be6bba676a90f2a76b79255c
u_00169,2025-05-10,free,AT,organic,4969b1bcd266a7bb67aeb6c0e09049014446ef00c231fa9fbada6dceb2477d21
u_00170,2026-05-28,free,CH,paid_social,030c705784b7c4f1da4838b7f40525e980f2683ced8fac61287df477b97c9f4e
u_00171,2025-04-21,digital,CH,paid_search,a40a2f797fdf9cf2cd16700058ec7c4088182940c03911af8730ac80f164bf5b
u_00172,2025-09-13,digital,CH,paid_social,e80066d1974acb9c070686d3e09f51637eabdef5c1101b642dc770d856c8f5ca
u_00173,2025-03-27,digital,AT,paid_search,9e0a347fa14a88644a884ba016a6dad4b6f23ecf9b73fcface97c88dbb79107e
u_00174,2026-05-16,free,CH,newsletter,56915cdbb14c55f77d476ef514bee7e7e7056d9f6dc72090837df70043f3ca6e
u_00175,2025-01-26,free,CH,organic,29811784668d58096d711e2b4f1538f68de04e794dad7808ee80c716f6bce993
u_00176,2024-12-03,free,CH,newsletter,3fbe915d09e29b44a52c0b1e5a6492b027b2b602186c125c8669de9edc18af4e
u_00177,2025-08-02,free,CH,organic,eec2ab3e1b194e692f075c53a5bf86ec5da57d3521938f2c4131c3172faccfd7
u_00178,2026-06-25,free,DE,organic,0d257ed0ad214630d67d5146ba9d45869ce3f3fd7f708268b6449bd6feb2651b
u_00179,2026-04-14,free,CH,paid_social,fe1889c9fb98e7d688012366a7a860abbcfaac9eb952ccf1c8001cfaf4d3ede0
u_00180,2026-01-18,free,CH,organic,a89893ed44dbd100af85df7438edd942e7437e4047ef117f989c9d2d91b6ee0b
u_00181,2026-04-13,digital,AT,paid_search,7979ea2f9747db19a2ef6194892366c6b39d3941f1304084443b422f295e323b
u_00182,2026-04-15,free,CH,newsletter,1770458531963e59aa7151d31bbeef02ab51d0743886c6391bd499c046ef5992
u_00183,2025-09-15,free,CH,newsletter,34dbce3243985b34e2c591af55fd1efcdf7eab4c4bb295d2762b4583807b54bf
u_00184,2025-05-09,digital,CH,paid_social,b80ab96996f681e034634e190894f845b9278369a344bac234cb0510c7d9cff2
u_00185,2026-01-25,free,CH,direct,d8378ca0578d8702df497287574cfb766021e54f1c3fb5df635e571cb9fd5cce
u_00186,2025-12-07,premium,CH,paid_search,8a1148f6ef215a62c69a66c86380bb9c7f2833908eb0a357c1bffe7e58215d11
u_00187,2025-06-19,free,CH,organic,542e9a51b165f66cb50f8223961d41bde113dac1c3e541a5b04e912db9f2bac0
u_00188,2025-01-04,free,CH,newsletter,f8834a8526416354329a900df6cb39ba9bb576ceecedf4e289c785eb0b604ec6
u_00189,2026-01-17,premium,CH,organic,32890ccbf89a95839634ded1f9676f782248787370290ec6b0e0ac8c60fbb2c2
u_00190,2025-04-01,digital,CH,organic,73d38f7badc715c061009a37f6297d30b8f98d91f4ab48bfd7af78d7a601e0b2
u_00191,2026-05-16,digital,FR,organic,2185ead744475bebb287b98e48eca3bcfec7b2b053f1ff3ff7a43158b5f27a30
u_00192,2025-03-16,digital,CH,paid_search,a3843f86cf55727a2a60de1b8de8dd6488a8ded81be9023fdf6361b7b73e24ca
u_00193,2025-01-13,free,CH,paid_search,5ad78975283fa4a831ee9a7c5500467bc659d237643295acc47ef84c7ade5c51
u_00194,2026-03-01,digital,CH,paid_search,566de709fba5a3c27a256a7758c1dde94fcefc11cf1517d1f505b3f144e7550a
u_00195,2025-01-23,premium,CH,paid_social,5edc462dfeffceff9f3876a9f02d6402018cf6669ca9d7989f951b7c5f64ec89
u_00196,2025-01-31,print,AT,referral,d63583e91932eb4c36de6aadc2c106435113a84fe0d47d83aeb6f3af0a8b37da
u_00197,2025-10-23,free,CH,direct,d5abbf1b6958128e260285ba3af712b95a5d30ab75df94f9b6f0d4a67fac3346
u_00198,2026-04-02,free,CH,organic,f101bb32eb70bf34c517b5abb477f6de39a206d4c15ec010552a7a2ede330580
u_00199,2025-02-12,digital,CH,organic,8c974f2f5f73fb845447470f1c431fda1eba73ecf54e6d31e97017a88c5c81c7
u_00200,2025-05-05,free,DE,paid_social,d03110fae3bf9bcdfb131dd14a7f10b590a8aeed3b11ffef04c70e408e521a1e
u_00201,2026-01-27,free,CH,organic,e512effb9ad48f3d97735379e0d5e08b887e5f8451c3502901269a7ec6fde978
u_00202,2026-06-10,free,DE,paid_search,ca32fedd5ca8176df0d7a887f4c3d3d66543b317d6c30daebc7dd78a479c7633
u_00203,2025-09-09,free,CH,paid_social,42e66e0884fca679bcf5235637d4faa6e8ae42f7740fe8fdd8ccd6ebed415f64
u_00204,2025-01-20,free,CH,newsletter,f7df1e74639e9ce84082c8ee68d551ca938ac9b306f1a8a6b0f4440484afcc3b
u_00205,2024-11-10,free,DE,organic,18e75960c9d3819cf3636b2037c7e38d9eb072101ff2f570bda0873a973b0e4f
u_00206,2025-03-08,free,CH,paid_social,903922300d9a47a6cf383f8e723e6aed9b1b23e9f58cafe41e275843421990b2
u_00207,2025-01-16,free,CH,paid_social,f1b11f714be89a74962763b2536d1a1b5552988cbab3ea8063bd7726106d2a15
u_00208,2025-12-18,premium,CH,newsletter,d3e2ac8d63bb4a345cbcd70a189e57997291c1e80226c21f8b5daa2f1e50b139
u_00209,2025-01-13,free,CH,paid_search,19565086d434fd3fca565723ccef5adba7142157423add118b14e3dd041c2ea6
u_00210,2025-09-11,free,CH,referral,6286c9677ba54f1a8d8047b73396d416bcf1cdb827217030271b5d550cb65fa8
u_00211,2025-12-30,free,CH,referral,8185709cbc7f38dcc585a524b2910f0c54bda0ac53a111c8845b2869d08a7e03
u_00212,2025-10-10,free,CH,organic,d1363976321b2a579905856afc6f8f275a823a4d4e83cea8cc757c60b3de4f2c
u_00213,2025-02-15,print,CH,paid_social,d1753ae49491d55ad7151de17dadeb9c59c88b5ed19636a5b3d06e7c3c55636a
u_00214,2026-02-10,premium,CH,paid_social,59876fa89ea681d8a44a2384785d4ed5fc4f4ca684325fb0556922bf57feb29c
u_00215,2026-01-07,free,DE,organic,d48ced03c902c3472d27a19c965bd8e27c3c905b1c6d913c3d9cfffd9000e26a
u_00216,2026-01-15,free,CH,paid_search,b1c855fd39db15f9a1d7a395df450b5f757584bad7faef51055300398e3046b3
u_00217,2025-01-16,free,CH,paid_search,effff7220132eb3e64e736b64c385863685a443696717787f8138347e40f1bb3
u_00218,2025-01-13,free,CH,referral,d8d35457be65d74be6b3c11859f7664573a2114cf4c05171680e661f24a46da5
u_00219,2026-05-10,free,CH,organic,69991e0b419f681163d0443ed748c75d2b6bf552663d3a8a7b3dde6586bc4ac0
u_00220,2025-07-07,free,CH,paid_social,e7394fd2d8ce2b8f06d122cf9752d9752addb05400b287f0488dd935688de650
u_00221,2025-04-28,free,DE,organic,2263ef5e3167270b947e1c7d9e32e935ac8505015af6b1c730e98a6518ff861f
u_00222,2025-09-05,digital,DE,paid_social,55fd0a0a04fdf3f90bd16199d8549f586378cdd77510d0088cbda444b8af2f58
u_00223,2025-12-08,free,CH,referral,ac814ded063ad73be1a311562fedbbd179af48ce9e013ee86ff6f409d9c45da4
u_00224,2026-05-30,free,DE,paid_social,ce91b239ef83e53435d3b2d0d7dcc5d9d71077e012538b30fbfdc4f0ade845af
u_00225,2025-04-18,free,DE,paid_social,68730c0110bc94f26c18e75655bbb2dbc19aaf582cab354c3f6efe449dcb0df8
u_00226,2026-05-08,free,DE,paid_search,81eb1f2eade46db3d8db9d31e98ce49f6c76f4ac2d01faf119ea59828efbf9f2
u_00227,2024-11-18,free,DE,paid_search,6f638c7a3a9508a5a525b9601047dc35521cb780aac5c1af6527f2e34530a9d7
u_00228,2025-09-26,free,CH,referral,009ff0d4b8507b4736ee19065f4d4a274d01bf1b9790228ab0617a005a980555
u_00229,2025-11-17,free,CH,organic,6f0f5bc2c7f5ce32277c7e1f0bebd3f6f9d1b8a4102114d5f2a830f86803a7cd
u_00230,2025-01-07,free,CH,referral,48d008e60dd2a1cf28f8a3144160622583a37f16a3639a48a88c6c42110c205b
u_00231,2025-01-19,digital,CH,paid_social,2fc72d6c386d94f2f879d5a691fc7a53fb0abc50ab6d8d125bcbfe059fec87eb
u_00232,2025-07-22,premium,DE,newsletter,6d8d39184602b1c7ba73b7e84d929434fcc1006ac73c4bb0c3080ddd42eb45a4
u_00233,2026-06-06,free,CH,organic,493b2416e0166db63abe021c8d849d2297170fc749f78f0f11066f7da994ed23
u_00234,2025-10-21,free,CH,paid_social,19e7ba05070ba4268ab3743ac324c974dca6d69381e175b441bd7028d4da9011
u_00235,2026-05-13,digital,DE,organic,ef85f178b7930cc0756ce235e05114789418126ef1615618e3626db07e8b59b0
u_00236,2026-02-10,digital,CH,direct,d6a986b6a71e1da59e2cb38039cccae663561da37f9793fee5d28d85c718a343
u_00237,2025-08-26,free,DE,paid_social,4542898d31fb0045b89b4685990bff4cdf5c563ad549f1d888fb5e390d8b18bb
u_00238,2026-01-29,free,CH,paid_social,daf06869312646bfa1d8c1c509d7e98858474f7342b79b641b6a633190e33a68
u_00239,2024-11-13,free,CH,referral,19f9e9526e1d1148d20dfbbb743a0c6676640b807244180fe75a7366347bf54e
u_00240,2025-01-08,digital,CH,paid_search,2a6ba3c86673e6c417eca6455b2bc983833048a591c64a4c036a1080554e55cd
u_00241,2026-02-28,free,CH,paid_social,34adea2a3d4964fa1264c07d6c5a7c054d404b2e482b9b039f6696d514550317
u_00242,2026-02-05,free,CH,newsletter,c9a0e1a92f029b65d3e00c505f36edb15aabce970edfa92ca2912719fb92fe66
u_00243,2025-03-10,free,CH,organic,381b0518bf2aa9884db103fc42ce30bbb75783fe3e88e84ef75b251be0e5ffff
u_00244,2025-09-18,free,CH,direct,7a6cf1b1c50fe4225c2ea36d88939e7147000c81a33ba95f657dad0de0b57f9a
u_00245,2025-10-28,free,CH,newsletter,64fe46e5b1c38bcba50140b084f987c9ebd8e8f536e24cdc56712d28829ce9a9
u_00246,2026-03-28,digital,DE,direct,e2dfa32f4fca33dd26a8b956146c0e7a92a7c48f314b13429c56acb51fe5413f
u_00247,2025-10-26,free,CH,newsletter,17fd878b2bce5d38447fe1616e6fffd6efa41b5754d6a8341b3b58c7d58262bf
u_00248,2025-07-17,free,CH,paid_search,5fb91c62d0e6d23e1957caa5f8cada99f5813b08895101400abd505c6420b4ea
u_00249,2025-06-20,free,CH,paid_social,b75e410faee8b8ac00bf7dd7fa89f42f56b27f6bfce2e88c97ecb5c580ccdfa6
u_00250,2025-07-27,digital,FR,organic,71b407a45d7833bed14298b792c9fc217564110f6fad4883bf99305b60afeb00
u_00251,2025-11-30,free,DE,referral,74f6241928bb10b3465c53b3a796800c9215cbc558d583868d78bd4f991941c2
u_00252,2026-03-27,free,OTHER,organic,aeafe4f9f833131618c199dfc51db62069396766ee88adc64de473f60a2e310a
u_00253,2025-08-16,free,AT,newsletter,daa62435107769785fc229c1d7bcfd3886deefeede89b6ad5e31d2d997cd6501
u_00254,2025-03-21,digital,CH,organic,471ad4bf70441674d100f46c8f09b258ff4ae1f0dd03fb05dc700a4e571e594a
u_00255,2025-03-13,digital,CH,organic,3d4e84618bf59e47edacece564bffa070dda99975ce4d84fb308d20d68dbcfa9
u_00256,2026-01-17,premium,CH,organic,1893f06466f024a1bcffa36a060d87f4fe083d200ee5df869e23b8acad25de31
u_00257,2026-02-19,digital,AT,referral,04581fcf341b98cc8b5a82931695a75497357ecf870f70a29c04e0a10d2193d0
u_00258,2025-01-07,free,CH,organic,1cb09959fcd6fb14a4b08849228767310bbdfbc8f55911ee45d98241c8b1ec05
u_00259,2024-12-18,free,CH,organic,e0decf56b44a9689de80dedb565d0c77e3b3fcca978843bb773e2cc56fb2eb4c
u_00260,2025-10-20,free,AT,organic,65df5531e9118b58cc8e92781cbec8fd5655aa630cf08f87638cf9288075ae58
u_00261,2025-01-20,digital,DE,paid_search,1d984eb7c7b84d793d669f9efe066737a7d61252137c6e1985617b1bbb18dda3
u_00262,2026-02-25,digital,IT,direct,7846629f53b6d0513022d786e943a7bc9d37851f2a5f21571b7e10ba1f2fbf98
u_00263,2025-05-05,free,CH,paid_search,b356cde2fd77210a14a6fb0d2c499a52c228e58c7c7b27388a9c6f1bec27c114
u_00264,2025-01-20,premium,CH,organic,d747dc50c8181f9d9768ef7c957ae41356db4912401a1abd3923073cb49f74c2
u_00265,2026-05-05,free,CH,organic,c50c76594dd3f5d08a017c591da9b9fe5d2346a53da0c20442d964b02bd281cc
u_00266,2025-01-27,free,CH,organic,eaff77293315b8d7d8ac4deff424e2339a6dbe7acf80f000738ea2c76b1769f8
u_00267,2025-04-17,free,CH,paid_search,613342b9c25ac69432ff3cfd3ea854ff4b722c35be07d0e3d7186772bbc623ee
u_00268,2025-01-23,premium,CH,organic,5ad46c1b76c952368941da0fa275bd36f087757fa982dd8338af724f2f8f1e7d
u_00269,2025-01-10,premium,DE,organic,77eb55f81c919d0f33f4f28c38aa379fc37de15a2bc155d1a7291eb0fa2e73b2
u_00270,2024-11-16,free,CH,organic,92ee13b7a30cd92353943894f28d062fae34252e206edbc931bd984ede0777d7
u_00271,2024-12-10,print,CH,paid_search,bf84d9bd909a7d80d8f83d7909a34812b9e8ab637d516f5641240c22b21cbde3
u_00272,2025-01-30,premium,AT,referral,a0649ec386f782471853461c9e8383a521c72e38576d63ada0ec4247b7640bc5
u_00273,2024-12-09,digital,CH,organic,438136a518e5edf7b83f3fd8677c176430a0d1a2461948d65654022bafc4b2eb
u_00274,2025-10-17,premium,CH,paid_social,246df66e35472f1a5101c938e0013938935cbf45790e3b920d87889e3ce6cd4d
u_00275,2025-12-21,free,CH,paid_social,415fd568bfd0d5b16cbfe1e08bff7a0a2b14e93c0787cf7ce0ec0719497c8bac
u_00276,2025-07-04,digital,CH,newsletter,419c75739552cfc1ff299e8a44ea24f0669c4e1491a76c9ec4e8ea09742db369
u_00277,2025-05-10,digital,DE,organic,1deec137f57e98dcbf119f11215b9fd6a20c28add7a27ff7bb153abb1c0517b6
u_00278,2025-09-10,digital,CH,newsletter,2905a88fe8b5b79b567a96d90a7341d4dbd24150906fe66fa28083c5ea1618c6
u_00279,2026-04-02,free,CH,newsletter,075516a3288ebe0a3bc9b92aaad7eca7092915b75f8a1fc39cd0516df131d2ef
u_00280,2026-03-16,digital,OTHER,direct,421e757fb9ebe10cc0f69eee84e38031e8eb6b557e043f18405590f5feaf1327
u_00281,2024-12-02,print,CH,newsletter,388e3f595dd7013011ba94faf418062aee5d887067ccdc91b407a699d32eba51
u_00282,2025-02-02,free,DE,organic,a9ac7e1098bd6ccb7bc908907a07fc3fd42cd8bf0b1ef9bf68a238aad443dd99
u_00283,2025-03-13,print,CH,direct,dcd57ca9cb84dd779e479a5d82f5000264bf66a904ada25007d311db32aa0549
u_00284,2025-03-22,free,FR,newsletter,04a571449822faec60af7dea29249f38a76303b1e5b43c4f98062c4007296655
u_00285,2025-10-03,free,CH,organic,9c58e19ea6114de2723399802f86dcfefac0fd5919219bd391245b88a754a978
u_00286,2025-07-20,free,CH,organic,af1cc3c60a266b20075fc67bb58dde7a29b3bfcef3a662ebcbe5605dad85e0c2
u_00287,2024-12-06,digital,AT,direct,e88c851f41f40a128dfb9fb450d4919cba8137f514905f0372f3b73efe50b6b9
u_00288,2025-06-19,digital,AT,organic,d208f1d354b99368eb69933c39d78caf6bd8f59a8171d23dcc2e8f0d6604b2c1
u_00289,2025-09-16,free,CH,referral,42b50d96d1fec9cb9f0218140a9212e152ada7c4c8c0e6bb85010b1d4828cbed
u_00290,2025-01-06,digital,CH,paid_search,3f1cd45c63b4fd35c7e35bfa765e88c445a427e5fc659a5cf43dbbfd04af0ffc
u_00291,2026-03-03,free,CH,referral,766a150c773e9b11a2d396054a39800a6f474af11baecd81903e67b202acf801
u_00292,2024-12-08,free,DE,organic,245d1e461ff371693a0cdf85014ce060dfa23189c53b287249eb4d09bee3cb9e
u_00293,2026-05-08,premium,DE,referral,3521b578318084104a1c841a7d97d435f2e9e42b3c062d9a5139fd7d61daa2d9
u_00294,2025-01-05,digital,CH,paid_social,8e2aed7c9b2085924684bcd6fda2d9a7d2129bbf5a0a2e429c03b9849bad79df
u_00295,2026-03-10,digital,CH,direct,44441d840650ca65d7e72dd4182f1e1afdcf1be870cb33d561d865a22ec6b3eb
u_00296,2026-04-22,digital,CH,organic,6b6b1b0df7ca0f2c5c1189048d229dc6153ae9006cb0ba01ac4595800cb3a4f5
u_00297,2026-06-16,print,DE,organic,562d548c3bba32006009a24f8a1d6e7c58c8606a2a09ba178f93d0edc7992300
u_00298,2026-02-08,free,CH,organic,7e96db3223fc5f02a87688847afa868bd79a673f527813230416bb922509b3c6
u_00299,2026-01-28,free,CH,organic,1e77c38a4976f6939f5ed33e847dc2c3c49034fa60f469d3984b6211b35e3526
u_00300,2025-11-23,free,OTHER,direct,12b2a87d647050dfecf1cf9f07ffac8fa4814ee61a1a392ebefe58a41e49b01b
u_00301,2026-01-28,digital,CH,organic,41735445a81405534f0cf1abbbb45df6aba1db6159457f4895421ec8fc266625
u_00302,2025-01-17,digital,CH,organic,18ca790e0989e688626c4edcd48bebc351bbdc8bda91681d668afe4a9ba5399a
u_00303,2025-09-20,digital,CH,newsletter,775f2488148111cffe29d9b79a84e0052ec8d41ea60144ad85c25b086b0bb1b9
u_00304,2025-09-13,free,CH,organic,841e3978e5396e573cec6dd0840480c5c0a623fb4cef62b83f56d4990f97b9a5
u_00305,2026-03-20,free,AT,organic,4f5cf1755b8f27eec7d0bb54eb39d23dd6527a9c57b304f277b1048a3ac03710
u_00306,2025-08-22,digital,CH,paid_social,e470d1686b2cf7d2c31ae9de62a54ce2e265264bbd039e7420888d0fbe66a33d
u_00307,2025-06-28,print,CH,paid_search,ced19c28391291ce38fcb0c5c6f10843453051a6cf58f54d448bfc5d6d2092e9
u_00308,2025-11-21,free,CH,newsletter,a3b4c4bc9f83e93f545a72128644008150af1eb11d92bb27184aafd1c9d0e0c8
u_00309,2025-04-03,free,DE,paid_social,0faaf83cc8032f4feb36be89bede4d08ba23c8528e6ed8d0738018cb21e9cc68
u_00310,2025-01-18,free,CH,paid_search,814fd04d43f0c0f84aa9beb4dc30baa97019eb415f3718316354b32ae81e4025
u_00311,2025-09-01,free,CH,paid_social,c9604fdcb8b90a671c4221c8f0089588a6c60317ba045b42cdf1285e940dd2fc
u_00312,2025-07-20,free,CH,newsletter,55f051b23dc5aab5aa6e518b770ea9c8fbaa85203f5fae7789aab2d3c7b7894c
u_00313,2025-03-10,free,CH,paid_search,d6c2189bee8d95916cfeb565d6c14006ab09c09056a03782fd6d9d4eeecdc87c
u_00314,2025-06-15,digital,OTHER,referral,039dcb582dd9976403bf0f599af97fb20236b75a4dd74db2166cef9486a869ad
u_00315,2025-06-14,free,DE,paid_search,aec44b4d73a28360d9af84a0bb1c170c2db8bab2462504f682cf078a94c9c7d2
u_00316,2025-05-17,free,DE,paid_social,5c66b8bb569aa67866d5527d8159fcb14abae1914e96597f48b6aade71a126db
u_00317,2025-06-24,free,CH,referral,5c87e9729449c2db9607180af86a813d8b2d0c86714a0174a27bfffd51c6cc13
u_00318,2025-12-24,premium,CH,organic,ff2f52d07d3e2a50ffcce5df847338b247b7b7a0958f9018c58fcef3c9808ac5
u_00319,2025-04-25,free,IT,paid_search,1c9c2758a7695d2675d7f1bdcbbc720b77ca3a95e75ce2bf6d869f9c17a328c6
u_00320,2026-05-25,free,CH,organic,ca1feca9c2a10731f8e33bb193b1b4b15735aa93511995616ce35f532f065221
u_00321,2026-05-01,free,DE,referral,6a282bfca356d53360cf2b18cd580e49d763bb746114de672870f4912d4780ba
u_00322,2025-09-02,digital,CH,paid_social,a8ab878e2cbeb8c55b100230948ca9f6ec2c48783df788fab832a0e91efa1765
u_00323,2025-05-18,premium,CH,paid_search,c010614aeddc693a3360781222bb02c4b8e83f230400ddcaed89d7ea2d5ebdec
u_00324,2025-09-20,free,CH,organic,e093be32a9dafa157bae05722c49de50381a9ca0e232cd7275e37ad04d54a4dd
u_00325,2026-03-14,free,CH,direct,a3dce2c9cd45c723a7cef1db55f3ddc9d6d77bb9a24cf67e9c859b663b32da14
u_00326,2025-11-30,free,CH,paid_search,25e3b3b8278fa5d63259341e4d2124bb16b2f8936c5a4b44ec513ca3d48afdd7
u_00327,2026-02-10,digital,CH,organic,5a1f3ba7ae1077dad56973a9c885e4c0224d9b2db452db890e78602e0383f320
u_00328,2025-09-19,premium,CH,organic,ce482dcc1be387b6c965ecf03773b78b1379d1b88031ae3a4f2db7f1446482eb
u_00329,2025-11-16,free,CH,paid_social,235ef2973a90427ac705f660381b6057552ed2fcf4b85f8763e8bf049a2206b2
u_00330,2025-04-19,free,AT,organic,2c0a0b39d456f3027c92f7eebc688d6b8e833219a401fba145e628be7a15a046
u_00331,2026-01-13,digital,CH,newsletter,5fb0ea6753d7bac90953bf2802c7cb8600964c3f602f86960953b85c4bffaf0a
u_00332,2025-02-17,digital,DE,referral,af9bc303ae8ddff47e0f832770307a8e251772d219658ba38d780830c31fac21
u_00333,2025-12-31,free,CH,organic,773b878e89a70a6edd244ea39c95d96bddec6c4039b9d21c94984a4f962a689d
u_00334,2026-03-23,free,CH,paid_social,15d06556da6ea3eccc48c4e2ceac504c111b4aab050219ebcaccda9dbd2f61cb
u_00335,2025-01-16,free,CH,organic,c2940a00db29a2685032ffabda5ea0637a9559d65fedea1adbd3e70320e9c4eb
u_00336,2025-11-03,digital,FR,organic,ff1f8afd0d2f52f3724d9aaa69eeb9fdcc307a7f9fd728ba833910c79913b444
u_00337,2025-01-04,digital,CH,paid_social,9fd474505c70f11e09144f94a1d2d9679606acd2225e451c40de0a58e380b7e6
u_00338,2026-01-10,digital,AT,organic,a846f0279069a9c7785866f5d61a9c28c70f5ee79f143655cca872634473d63b
u_00339,2024-12-31,digital,CH,newsletter,a8750bae0eca4af11e631e0c330ac7410a3b1ebf0c62f5a52596cac8db965f75
u_00340,2026-05-16,free,DE,paid_social,80bd23d08fa36be49faa09ad5470ba0029ddccf500aef66bf41623da83998a01
u_00341,2025-01-18,free,DE,organic,a9024c062a7b03eaf1ddf53a1e73ce81dbba73446f70753a1b6ce107b3ba6b10
u_00342,2026-06-01,free,IT,direct,3476f187e1114bf0951e87300aab5de2d3c88b1935f6de2fd17001ad9a770568
u_00343,2026-02-08,premium,CH,paid_social,96942436ac4ff3cfc40a42d49b18a5f9f2878a1695b22dc1516eb1d2cf1a1587
u_00344,2025-10-19,digital,FR,organic,c238c3957687ef6192a0dc9c097ffcb5e2a674d594d895f759175bc3022f4b03
u_00345,2026-01-29,free,CH,paid_social,4dd13aebff942357d7382f6221cb0485b5ef3560b0a71fabb5e6f20349f28b28
u_00346,2026-02-04,free,DE,direct,ef7d20768d977e0200d909a168dd0bf737a33453619c17b79f6b04d624c10963
u_00347,2026-05-23,digital,CH,paid_search,d21251a5ade115703504136b1b6543b4cd826674e886e99f4feff9dd139ca215
u_00348,2025-03-25,digital,CH,paid_search,58e0e13f69669ddbc503afbdc27e6d0ad900b05a1b86d29916265c33d6fbd79b
u_00349,2025-10-17,digital,CH,paid_search,54201f4edb2acf99d1735e8731c41d57e59e3e7906ebceef656f73f2a1f25c01
u_00350,2025-01-04,free,DE,paid_search,27d43c175123980ca4780bcd608fb55e387653e33ce72596acc54f7be7a3f216
u_00351,2025-11-04,premium,CH,organic,551926b48fd25fe4f2f61e2aad20adbae0dad9fcbfc28260ef572d325a76246f
u_00352,2025-01-29,digital,CH,paid_social,c2f6288ce136c8daa3fa70934fed8db9795991a43d1e3bd1aa40c05ccadcdd56
u_00353,2025-09-30,digital,CH,newsletter,f00c17ce9f043839b064b721dc38254389fe8e22d5110a1e1dde05b160a69280
u_00354,2025-10-04,digital,DE,referral,f95b5fd0d2573a100ad08ec40bd0499277f9abc688d6ab15992b999bf61c0290
u_00355,2025-08-25,premium,CH,organic,53e9df9ffe4ad24ee9afcbbf088363df8d58c3e3cc3c0eb75fd995d549c21bc4
u_00356,2025-09-16,premium,CH,paid_search,d60da29b3597d0afa3cd8744a789375d943c33faa1b298dfeba93cebf5913f78
u_00357,2026-01-23,digital,CH,organic,6a7576047005788c1606d34b1af14061193e499a897d6c1f9fe92179dcccc14d
u_00358,2026-02-06,free,CH,paid_search,d12e8d55788b51a8918cd544189d8b469ca89df0eefb831af4a06779490d4a0b
u_00359,2025-09-06,free,CH,paid_social,63261541f617e326751c9766f961103507753239cd65e7938edb6155cbdd4060
u_00360,2025-10-23,digital,DE,paid_search,6f3b4d864503825af83d86f6b2d37dbbdea1c25bdc4e6d2f2605fce12427b1bb
u_00361,2026-05-12,digital,DE,newsletter,a8fd1bcca87dbcb41e9f4d2ac650526b321ea290cc283ff02eafc90825058c54
u_00362,2025-01-12,free,CH,paid_search,c29c341dd91888602f1792b43e4a3a8bec8922b18c4ad7b2aa27d7a290ef0c3a
u_00363,2025-01-11,free,CH,paid_social,f0a6e57363d87ceb45654575e25a5b79e8fc305993c79fa8a1ad93540b519c91
u_00364,2025-01-01,premium,CH,newsletter,1b94ee0003e1d46c3136f2353365382a2fc008bc8a07485476bfc77bd2f67b2f
u_00365,2025-12-04,premium,CH,referral,a868af426d275d573e8f179e02b0f92add3ba35d9c934d613455154560c55954
u_00366,2025-07-22,print,CH,newsletter,f11edbb09ee5b3ecbfd1352d1b90cdbb009f35a0509ffa33031e022bd27f5ddf
u_00367,2026-01-26,free,DE,newsletter,7269ad200626255592f26f3fb643ba4227f6bc84a79e438ce49407a8c9cdb3c6
u_00368,2025-12-14,digital,CH,paid_social,9d94fef0663c91a55eb26e82f1228ffd839c3e8df5b59c4ac477d9e4ee93ac3a
u_00369,2025-05-22,digital,CH,paid_search,7137298bf3acffb4bf4594811307745a4b0674cf2ac9b4adaa96bcd51bb0180c
u_00370,2026-04-19,free,OTHER,paid_search,1f8b634d371fa65e63a74ee392bf7ec9d5ae16a3ec367ebf99b4ed6cf43655bc
u_00371,2026-01-22,free,CH,newsletter,76e4ec0d02370e68a36b8c2721c4af96b63c48acef4249cab561c4bce529c267
u_00372,2025-04-06,print,CH,organic,12e78ba4193c2b4068164af635c42b539bb8c42f367f77abada6d5eed1091136
u_00373,2025-06-13,free,CH,direct,01f7d67c1b4c86d2ada1f75097f07de3596facf73ffa105886800a12ab2af416
u_00374,2025-05-08,digital,CH,paid_search,620cb0785d5bf597385ab4d898db03fe03de925515d775d77ba2c36d2ffb2329
u_00375,2025-01-24,digital,DE,referral,cb2f48381334eabac66db10906f5f76dc7dc44a59316a2c50803763786d52c07
u_00376,2025-01-21,digital,DE,paid_search,4a94a6a7f5381b729d699c577846ba8c9e080faa9939504bacdf1057ddf149a2
u_00377,2026-05-16,free,CH,direct,91ffe8bf7d88f513f2cb6bd67855bcea6645781495ced7cfa6328e1bd253687e
u_00378,2025-08-04,digital,CH,organic,989d0e55fd7bc39ebb6bbaba9927b39cb3af4634c2694095d6e235292512a3cb
u_00379,2025-06-26,free,CH,paid_search,b8b6857262f05fb997c8d96b98788cf5648f89580835c72b2396b55728038745
u_00380,2026-01-12,digital,CH,newsletter,16c2cc088420b980008f124821c53cfa2d9cb723232ca8f4c75c6f6d27644db5
u_00381,2025-09-26,free,CH,organic,bd4aff78eee7bda04cb51fea37fb0a61ccaa76a63bc4cd31d21df89ffdcb6873
u_00382,2026-05-16,digital,CH,organic,fa594a760415f20f31d32492c72ae63e30313f06ccccdc233ca7dc93ec781073
u_00383,2026-01-28,digital,CH,newsletter,180b71336fa540c93673c9b8eeeaceb164d9a4177b79049ee76d60df4041a404
u_00384,2025-09-02,free,DE,newsletter,e490aa0abd5552ca11c9056f370695c5a98fb1d7c5ddf3c794b28ee0b67a6747
u_00385,2025-06-21,free,DE,organic,ed8bcbda51a760897778554d68372270e2f7228c17ec7d3dd6a0666bc6a46c1d
u_00386,2026-06-21,digital,CH,paid_social,709d14c80fdeb4f812b1f325ed6a26ec8dbf9cb555efc5cc1c5e3767e7cbc2f3
u_00387,2026-01-08,free,CH,organic,4d152557f98c49d71024d7edaa4a5d8bb99e4e30e4508c7c6dfb62392c8e7b0e
u_00388,2026-05-26,free,CH,organic,558d93905a4a1edefa47c79c94d4d478bc011a851a08efc61923d1f6bb65f3b6
u_00389,2025-01-11,free,CH,paid_social,a704b764ee418ec39f8c5bc3d6e3c0e3c5bc1be8c8ef770c54040bddbbf93b42
u_00390,2026-03-15,premium,CH,organic,902f5df35b31bd9a41154aefe65401ea38ce6a43aaf3aa3f2bb0cebb18a9c9fe
u_00391,2025-11-19,digital,CH,paid_search,a4d6c421c945021b580207cb831243064c49e88d299e05139fede95d29dd82be
u_00392,2025-01-13,free,FR,organic,fa163d0766f2dfac3586b904ab21eeda48c3408eaac51bc4f00e16ec580acf7e
u_00393,2025-10-15,print,CH,newsletter,4b6c7679e2314350daed188b404e08cbc3017d1ea693b6ebb0bb16a77e2ddb4c
u_00394,2025-12-25,free,CH,paid_social,ba11f11ba26357e9d93261695d4b4ee60fc7e9b1ddd17661026af4a004b39229
u_00395,2024-11-09,free,CH,organic,72b489dadd34caf04be57f1128f0c694d389e6cc1d6084c4dddd8b5b1a280381
u_00396,2025-08-16,free,CH,direct,71266d852125243ae388178039f31aebfac1fde34308c056978f6e22c979ca4b
u_00397,2026-02-25,free,CH,newsletter,daa240fc8d92887015cf39ff1b98f76b3a9413edda9fafe190f4209fae83eb50
u_00398,2025-04-24,free,CH,organic,c1ed3e078fb930bad56a288cd88e108ccc96beff30f2ef7e45ba5b230f856cc5
u_00399,2025-08-19,digital,AT,direct,b64f0f4313d6a0839ff2f758ad9b0548e531f2a5fcae3893458db79eb4306462
u_00400,2025-08-08,free,DE,organic,64684a06c02459f346635282dde3cf417e8242ee95a0f4715ed9ba85b62ccb74
u_00401,2025-04-29,digital,AT,paid_search,82e7b137b3195df4d2dd39a03a66682c3c3a25b4e556a23d9ef136500360c742
u_00402,2026-05-03,free,CH,paid_search,5afc4b8f8d88671bb816d27f5e629452b3f6fc4a5e34efa9cbae673f9ef80ca0
u_00403,2026-01-28,free,CH,organic,ae0366ccfbe82af0972764b9a92903f4816f778d85ae648563bcf060c7bad7e5
u_00404,2025-01-09,free,CH,referral,981aa04488bd31a08337caaa239b48091f8ee4b87d845c4f3b2dcabd62cf4fc5
u_00405,2026-06-28,digital,CH,paid_social,73aa3ed0f75827ebc055e144facb6d9cfc82cec40accd7a72e1666ed2d14df3b
u_00406,2026-04-05,digital,CH,newsletter,1195847349927f7eff02d9e026d1ee6028e3c044f399dadf42751a1646fe76b2
u_00407,2025-04-16,free,DE,organic,2c4d8ca64441d8d1d4568b1dfb2030ab164c134e17edad03188b78626797ec80
u_00408,2026-03-05,free,CH,organic,eaa8a2e4966fae19ecb895b2665ad9d15d2423b2dd1c4295490249973d8006ab
u_00409,2025-01-07,free,CH,paid_search,c64c7f3ef621c517b934e62a2675058260ee64eef34ab15ffc0368c56c133853
u_00410,2026-06-30,digital,CH,organic,baca2585b9e92e39881796d7a097f6c1078e98a18d02e5f28592bb8b04d27337
u_00411,2025-12-10,free,CH,direct,766e3bc0da6977ccbbc6141838e84f468e986ef0f3ad8ece7defa7f4137f2b7b
u_00412,2025-11-29,digital,CH,referral,c9c59ee4102f93bb8700373d30fe625d05973491232240fd94c3c7ebf54045ff
u_00413,2025-01-02,free,CH,newsletter,d9df19952473521cd353a50dea23ddef01227e9c06e6d4b32afab083eba1dcbe
u_00414,2026-04-18,free,CH,referral,3726acd840367deb55a84bad35f1db2a075a55557fa4fc47dda91a5f08ac7514
u_00415,2024-11-21,digital,CH,organic,7a492c7ba173e06f97196ac3ca73e25574878780eb2c49ad924c54add3833d3e
u_00416,2025-03-16,free,IT,organic,112252f252f068c1bace5c0eba5dca8b1be79d921e2e48ebc1092a570cfafaeb
u_00417,2025-01-19,free,CH,paid_search,5b82d4da79d3954790c90d338c733dbbae1111bb53bda22f99665fee7285dfb3
u_00418,2026-01-27,print,CH,newsletter,a484bb80135b8ffacddcb75c355e9892506c7ce90c2a4f787004677c808fff91
u_00419,2025-02-13,free,CH,paid_search,f5e79e9cf326ad021207736abf77b15c1b96232c575c606826331f93c33b33eb
u_00420,2026-04-27,free,DE,organic,f1452b3cfc3f982e440949af865891bf7b19188d9f5e2d469563344d24cf31cb
u_00421,2025-12-03,free,CH,paid_social,d3e33b41866fbdac63b08485a3c5739b46e8ded298b70d3501e922eb7fa06b1b
u_00422,2024-11-26,free,CH,organic,137f05cf044e0cd4dbf53d943cf20cfdad4ec71ed54b881fbc028965e7603c1b
u_00423,2024-11-04,digital,CH,paid_social,ffb83f8bab6006e6289cc9f32863ba048eac0d3d5e1abdd4840f9ec40920376b
u_00424,2024-12-08,free,CH,organic,58847dc602670e145583210a0be14cda3c765303db9f462143dd7c908900b111
u_00425,2025-10-28,premium,CH,paid_social,8685f55a5c653748b7b74df0e957c2847154699a087ca5326c5266be68831dcb
u_00426,2026-02-08,digital,CH,paid_search,f9173e9b0411f74c461f8bf14289abed02c568a9cbaab34419f5f1a61cd49203
u_00427,2025-03-14,print,CH,newsletter,f5bd3cfaca1bfaccab1a81dc397078850e624a2679b166ac938e3375ad28a359
u_00428,2026-03-14,digital,DE,referral,a3f8214cf1761b8f0f1ce02c3035c2d7339dc2f8a2a45c024b3e8c99b3638bc3
u_00429,2024-12-12,premium,CH,organic,b17e281e9cff888537fc3d77944ff978a65df2cfb7723d3ad50b92ac30f9b0e0
u_00430,2026-02-08,digital,CH,newsletter,54ba41c36c4906c6f5bdd52d443250f5981ec987d754eda54d58a7c6fdfe1f92
u_00431,2026-05-10,free,CH,newsletter,1d71191a5f107d672de5a6d8a2472bf648101fb325bc2615e0039b6c844a4d89
u_00432,2026-01-25,free,CH,paid_social,3f444ca7b74f7b3720af794a6bb5d3d31cbc47ed7dc761fe0ace4086858965ed
u_00433,2026-01-01,digital,CH,direct,702a063707803b65713e9a2f1ade31644135dd51ef71e3167ede5e81c836227f
u_00434,2026-03-06,free,CH,newsletter,3114b55b902fa3dc577c262ed982604819edca0584b939ecaa1abdca422b22cd
u_00435,2024-11-29,digital,CH,organic,76636cb798f2349583355ddcd36b1f7926bd0464efd27a09a6e4d26193352e42
u_00436,2025-02-16,free,OTHER,paid_search,1525fb1751dceccb67dc1d922924e41cbf3c385bec1629f67726261658d9ee69
u_00437,2025-01-14,digital,CH,paid_search,7541dd7f1066266411be1f0b5fa25fd92ae4f7b09ff329f991a47a24b60fe58c
u_00438,2025-09-10,free,AT,paid_social,3209d183c6b71951b2349b9dc50787361beedc9c12b4255ba892c46e2e1aef7b
u_00439,2026-01-17,premium,AT,direct,b3f7b441c0f721d7f0b89594a561bc25750d54cab3a9f83ebc02dbab62935044
u_00440,2025-11-14,free,CH,paid_social,870598b5c414050f64e123cd1fbecdbc239b29e988f1418db1a641ff51d962c7
u_00441,2026-03-16,free,CH,paid_search,22e2b98c80b0447c247358ac278a28b904288627287af9bab4e66689ad1bcbd8
u_00442,2025-01-23,digital,CH,direct,144e8c1cbac8cb8aa9a4781568af03976f5e17f2db3df2c0b7f2428d6e80b6c5
u_00443,2026-01-13,digital,OTHER,referral,da89454143d4ea21d96f60a4372b2ed722fe2b1d46861d7034b81db86291464c
u_00444,2025-02-10,digital,CH,organic,8907aa7a134865223551e4facc5079b147ff9e3415c89a6bdb417df2ad7b2143
u_00445,2025-04-07,print,CH,direct,cfe803806a6f0a4285a73fb2053015669003272478b540dc3c09681a09736053
u_00446,2026-01-05,free,CH,paid_search,c6b2549f67557d63bbcb2bd4a091323c4db4525b1f2e9bd4f43983c69310ee73
u_00447,2026-06-16,digital,DE,paid_social,9469663c4c6014c75cf8581f14822a9d10bcb8df2f8a6c7dddd242f43d828db3
u_00448,2025-11-01,free,CH,paid_search,beab44353d832ca464708a9c65d2e6a19ba4bdf38e18f9a285b69782125db12c
u_00449,2024-12-10,free,CH,direct,3fc0dcfa87ec0020b10e19efc026b7ff83d083579db98ce70231b73173a541e3
u_00450,2025-11-04,free,CH,organic,6e66bf0233e409fff3b11c629854bcbae66a6648f25646caf388b53c99aa1982
u_00451,2024-12-01,free,CH,paid_search,82e757ea084e9faee5e201d03424a6e22945b0780f27d80f0ecd357e575561cf
u_00452,2026-04-08,digital,AT,paid_social,1494d63b82ed5695939c677a0e53708d5a16a5ed14a32b3481c135466bfb75e9
u_00453,2026-01-05,digital,DE,newsletter,b3bd772133a0244352d334b2a06f2a8a84e4bc1c70f181bda0d5ff5b257f852c
u_00454,2025-01-29,free,CH,organic,0e76a3ac211829a03fb2050bd7041df002534c54399fbe035ed49a6d41a4193f
u_00455,2025-01-03,premium,CH,organic,b4ed72682bb209632d3ade22286c56468386d2fd5016007ed42fae4ab35672c0
u_00456,2025-02-03,free,DE,direct,541340765f816c8c6120607c38ea5d085bd3527bd3cecac2c0838e18742f6e94
u_00457,2026-06-16,free,CH,referral,cc0fe4be7e70eaf01dffd09858cedefa679e57bd0ca41699e5aed939d67e30f5
u_00458,2025-08-19,digital,CH,paid_search,ba7e39a528d8fced9f0328730b640ffe3c204a12fbe986377c084c242f7958ac
u_00459,2026-01-29,free,CH,paid_search,9cc5a72a49d782534725f6da8c027e4f4cbedd00e517432aeecec8e68e44b833
u_00460,2025-11-19,free,CH,paid_search,1dff0ef8aa9dbde3e1963fe0b7bd49a8f917d67a8ad859359c385a3cc67f9b51
u_00461,2025-10-04,digital,IT,paid_social,edb23ecebbb50ce649aeb63c636670e9f59e60f53680e01771876e190d86dc7b
u_00462,2025-01-20,free,CH,paid_social,833a7bb5f83a992c173300056d2a2983de4c8001bfa6f7c464094a428a806d2e
u_00463,2026-05-23,free,CH,referral,e4d85b8e74fbc65b0f1a806899fa9a3feadd02b9bd4bf692c8b45746a1019171
u_00464,2025-04-28,digital,DE,organic,2154a89303cf6e114e9ba780ab2d234ed8606f78030f832e349c98631f232ae7
u_00465,2025-10-08,free,CH,newsletter,180a21dac389141fd070593558ee747f8c153501bec20d021b21a2925a6b3211
u_00466,2026-01-02,digital,AT,organic,4cbb3561e0bf9927d0b2cc9fb24b394415159f66f807e29dd81202efc4af156a
u_00467,2025-11-28,digital,CH,newsletter,0756e0bad78180952dcfe3b7a8645bf253428158f37e62e54d208dd4ed8e6357
u_00468,2026-05-19,free,CH,organic,8f2fbced0482e22b77fd16e37bc6b1966967cc66f4f3ea00e068d9c0dcd72c4e
u_00469,2025-01-21,free,CH,organic,5f1ac54f6454db87bdd24fef1d0faa3eff3fd92c5050af3b8bce59b9986e5ffa
u_00470,2025-09-11,free,CH,organic,45f723f70b05688a47e83e2b11af295bd62d85869518d8ba0c6e03556902a792
u_00471,2025-07-11,digital,CH,organic,857eecf3c9a111d7f16fec95806ee136d2d96faa966f64408429c5ab080615c2
u_00472,2025-08-30,free,CH,paid_search,d6c999bb97979b51b70cdc276633796bd58f3b64c9957ab3e72530e50b9b2abc
u_00473,2025-01-12,premium,DE,paid_social,985272e735806e82d12ba949debf33858e84f6dd3a81dc2a2e5fe52037e6433d
u_00474,2025-01-16,free,DE,newsletter,00d48911c562468af3ab6e2472bb2c7d1857a612e559a1898e23b9c206e557c4
u_00475,2025-04-12,digital,CH,paid_social,dcae66e651e31d5ba0458d66b75368874c928ebd3cf47b96a55dc9e22c4b9fb1
u_00476,2025-05-01,free,CH,paid_social,9d82d02f20c8d6a8f8df4fe53da1035a623afd4839985e6b1910c29918eb56fb
u_00477,2025-07-28,free,CH,paid_search,afcf844510b83c7f44574b215cead1b51d799f920c9ca090c315e211840d0245
u_00478,2025-11-01,free,CH,newsletter,c07882b72629d821b013d04a04451c2ae87f2c1731067d16ec49d423d7763ce9
u_00479,2025-11-18,digital,CH,organic,ef2e484300edc8c5b384ea535428ecadb78aa0add9b119c0c7d9dca847ed96dd
u_00480,2025-07-17,print,AT,paid_search,e140dcf176a9c0fa698f50cd15ef61a6d2a02076356d7e78952058d07b46fc6d
u_00481,2025-07-15,free,IT,organic,25d7e4d5a336821c6ec8ad7d3bfb4269bc9dd5ade92b92a81630ff84471e5295
u_00482,2025-02-27,free,CH,organic,37cdb247b7a7ba5abdc20fe0a192de945cae32ca94081119fb3ed7a25b1655ff
u_00483,2025-10-15,free,DE,paid_social,30fd9814fa66adb2b72fcabf31195806e509bf74a389a80dbac55af318fd3bd3
u_00484,2025-05-10,free,CH,organic,13df4067c0b5b0d0d8a23953c36a923b1e105241fbb83fa2f517a46f8a9c3761
u_00485,2024-11-26,premium,CH,organic,3ee37dd7ad2eb4dc5ee8b7b779a0bfd956bc93766f74f90fa5a37f48c3e97bed
u_00486,2025-07-21,premium,CH,newsletter,7009df0ce206f17ea6fead95a8d21a589ca2937b7bf3c3957d76ea57d8d1f215
u_00487,2025-08-30,premium,CH,organic,a91ad90925870387ffd0d48a935f7dd70ccbd23e87467028fbb51e3b19f970cb
u_00488,2025-03-05,free,CH,paid_social,23f8033c67e179bb87884473c03711194d8d49628dd2ab619f94becccd1a6df6
u_00489,2025-10-04,free,OTHER,paid_search,1a5b9eae5e24c0ccf81c65c1123f684386603bd57a552516a7c3d61d1a6c0ad0
u_00490,2025-09-30,digital,CH,newsletter,5ec056125d8bd138e40f50d14f212280064d1384764a37669707c9a0351370a4
u_00491,2026-01-03,free,CH,referral,d87288eb5dd26e86a453c73c23f5372ff6a60f77cedecddb42621a23cf7f9965
u_00492,2025-11-27,digital,CH,organic,270827df0fd1282da1ae5031800fb8d917f64a7e61653db28aeffaf912543dfd
u_00493,2025-11-30,free,FR,newsletter,08981d1c729e746b124404bccf024fd3960e310753d19635143e8dec327a55f8
u_00494,2025-05-09,free,CH,paid_search,84cf0d6c4e410d62b49becd3f39bd67dd683a435ec1c7e4c3fd8fb6dbdc78b8c
u_00495,2026-01-30,premium,AT,paid_search,18af7dded837f0c86036eacf1421690e9011f688bb19801f80237409d50b8010
u_00496,2025-09-24,free,AT,paid_social,672b24ec2c9b1eb3fd1bf8356337efda6efb3cd595af6adf9fea9c1323d2c514
u_00497,2025-07-31,print,CH,referral,84925482a8d426ed14e9179e50f8cc5382e3ba23323e31e35385f5185349ab79
u_00498,2025-11-11,free,CH,paid_search,9097f985090129d0057d1ad2b75525991b686a6b015762b29034ad013868e6d7
u_00499,2025-06-10,free,CH,paid_search,a23fc680e0eebbd5887edab5d830d786fadc444b3789631879578ceadab3a763
u_00500,2025-09-13,free,DE,organic,6f73725ae66db9b8e15aa624d2f4b54e59795333c7ae71718e525cdeb5f4dfbe
u_00501,2026-01-14,free,CH,paid_social,478ea3682be2403c495d88b6a3c021fd4a178a5fcc1ad029bb7ce52486289ac2
u_00502,2026-04-10,free,CH,direct,68c0f6228e3e07db7378b307a405f9ef74461ee885a6aa9c0c97ab3444c81a10
u_00503,2026-05-05,free,CH,paid_search,7357447a84e5b4e7e52d8c25654a877c43217e42700716fd8543b12fea50744f
u_00504,2025-09-10,digital,CH,direct,26b2a548b8e080861b2a35ca0f44ea841ee91e4380982828ec34a15c3c769978
u_00505,2025-09-15,premium,DE,organic,4962eac8ef4cad7fef86ccf05c5defe56761e0c05b2cff62402ada5d9eb27034
u_00506,2026-02-07,free,DE,newsletter,12fdce2e3d47b1efdf54764c4a7f319d62b5886c6ac5889303df51d64b73ed0b
u_00507,2025-05-08,free,CH,direct,5f69310630410493cc6604ec4f7b19a96f179fc176b4c40d7d3abbc478bdd5ad
u_00508,2026-03-06,free,CH,referral,426794808afe718b29f5e56bf94036b7bcb8b8b68ceaf1c041c852c3ca7a8d15
u_00509,2025-09-07,digital,CH,organic,32a9503597c158c1d5e8473345a5f6607d9ee7fbdbd934e438dd0249b29bc9c8
u_00510,2025-01-11,digital,DE,paid_search,6dc82bbe36aa7be08968a185104e50fa93158865f5819046da2e058c7e14e81e
u_00511,2024-12-22,free,CH,organic,dd53d28f798965aa90f402c4a7773e0a7fce96303b4e48f13b3107b387f0d46c
u_00512,2026-03-09,free,DE,paid_social,c02799308a6b022f23a549825cfdc28855fee17ae9c1ef9678772870df180655
u_00513,2024-12-10,free,CH,direct,35dcbef52956a822a363843327e5904989130cf48756ffbad4d2a8793caa7526
u_00514,2025-04-14,free,CH,paid_search,8969fbccbcb9c83042d7e565a14bc00c4432a067b6125006a7467486ec0d0230
u_00515,2025-05-22,free,AT,organic,9d1fc6d1ae4a1ce55508df676d66d9a658b9f0ed55a3e75e517c03651c7089a0
u_00516,2025-01-29,print,CH,organic,ae74cb364d3e1e0bcd8e62f171a2f944016752d493493e856e4010ee062f83e7
u_00517,2025-05-07,free,CH,paid_social,2cdf50735fb8d2c9679ff827b8421f29996ec0deb827f867e9b7a6cf976d95a4
u_00518,2026-01-16,free,CH,paid_social,398fbb88fb14053dd8cfbd9ca0cbc42954f145f5dcc86f6891a110857bf90347
u_00519,2024-11-11,free,CH,organic,d83db69d473ea8b8dd8bf2deb62deba5134978389ffa2fc8f613df604952c87f
u_00520,2026-02-27,digital,FR,referral,fd63f7639303f811b689afde556b771efd415b33b1cf2b418b3f741a688cc575
u_00521,2026-03-20,free,AT,organic,0d78c695e43a064a420c5b6066db9167e0c2b3c4d587af78da8a30cac9552b92
u_00522,2025-06-18,free,DE,paid_social,b7c877fca36a7a105b7f8a632229a3b79903e623bbfad00202a758f1da4f9bc9
u_00523,2025-01-23,free,CH,paid_search,6515ad777242b35fea3ef1d29c68bbfb6664e7afe10f9ad11af3df3a3a0f2a64
u_00524,2025-10-24,digital,CH,organic,9687ad65349f2c242173dcc481138dc6eb4e2ff1afde8e39c3b83fbdde02295d
u_00525,2025-01-12,free,AT,paid_social,2c3948de792333c6394728d37ac506d3c18f4cdcd2ae9ce99d2a4ad4b775276d
u_00526,2025-06-13,premium,CH,paid_social,f5fcafc3b8125785f34ba6892b348879a74e4739bfc560a555d58185a52c0cc1
u_00527,2026-06-01,free,IT,paid_search,cc3bded0243a36afa1674688bf1b612fce5c44615d61e6d8d10ca25ea0b7d143
u_00528,2026-06-27,free,CH,newsletter,d00c00e086a635dbf5d05a0e7fc2d7c1df2294af94db00f08c23b74438510ac7
u_00529,2026-01-25,print,CH,paid_social,b5eaa687c0d78670f2d102e508296bb94237017e6b4d6987e3a38dee5bef826d
u_00530,2025-05-05,digital,CH,paid_search,18c43959036e808dfd8b6c7264a19ab5ec3dbbb024fc5eadd2065966fc62c1b8
u_00531,2025-12-26,free,CH,direct,05a900561961b12b2c6af50eb8eb7a70f28771ea5865779bc52e7b16e057ba61
u_00532,2026-01-04,digital,CH,direct,3b70ce29232d64318ed5c49eac6fd50fcb7a828e617bb23b7e8b3865063e742c
u_00533,2025-06-30,free,CH,organic,141df3f4b1623728f9fba02e06ca4832a3970386beb8070ba093581038b4def6
u_00534,2025-11-22,free,DE,direct,73f91e72b389e391befa31567fcfae231740234b9b1cd93e444f5cd75e4df7ec
u_00535,2024-11-08,digital,CH,referral,42a4b033527ddba6bb88ec33c23d4756ddba4083a2bcbfc94ac318d2e1bdb3e0
u_00536,2025-02-21,digital,CH,organic,79a8cd6268b31535f312afb45d8e077d861031aef3fd2f4960866f4c7b9d335a
u_00537,2025-09-17,free,CH,paid_social,ecc62e631d957904c6b301d5cac9b0c5e656481fd819470efb811742c6606dbd
u_00538,2025-01-26,digital,DE,organic,60fefb53f8520d1d5f894be643b018a63c6ea54924204f9b9e4bd556b0e341b4
u_00539,2025-01-27,free,CH,paid_social,1915a02a5363157b5ec29755591bb28946fb7c2d014b6b4a9e12e34562f6a982
u_00540,2026-03-05,free,FR,direct,8ec55b641cd91e5996f893230eda35989a86f27ea2bbc0642b7b0e09f960f0d4
u_00541,2026-06-23,print,AT,paid_search,c04173ab8f0f79a3f5c8ce16f9e9ed44239fb4ec24cb37459bd453461c14560c
u_00542,2025-09-27,free,CH,paid_social,1b9707900c5d170a22dcae5957642e1be63f876c959c2e6e5c4b2f68bc701de1
u_00543,2026-03-07,digital,CH,organic,6ebb676ad8f586152ca892c3bb298ca240aa882a25e4f8fcd5b43098e00726d4
u_00544,2026-06-24,digital,DE,paid_social,32339f4359624963056da23518cc0c10c8ce7b938ae0737279d47ccad1d13aea
u_00545,2025-01-19,digital,CH,newsletter,9fec2fca8e0de1c615f6e19c3edae4d142a43e8da2e1b7b4de474faa8bd51bb8
u_00546,2025-08-12,free,DE,organic,5e93a378c1c426a0f344610a7ea396fdf41e91e91d65d59d22b5aada3e459465
u_00547,2025-07-03,print,CH,paid_social,f132418280f95d0dd5023f5f85cef19b5c621229f99b964309b8cd5da2720701
u_00548,2024-12-28,digital,CH,paid_search,22231505d3ae208276ad3d2659e4165cd9bec2a9aaad576aebb25e6ebe39211e
u_00549,2026-01-20,digital,CH,referral,c9f8eb04778ab03dcfa81d29c67fc1dd02050605df4472c18515336dc86366d1
u_00550,2025-08-01,free,CH,referral,569725e1d86bc868d28b69f04517619abc9b57bc5988cf7c641755f9e142bd2a
u_00551,2025-08-27,free,AT,referral,ca6002fb0d1ee15afa729eee5dade23f0e834e7a9158d5b9277004c0d53f1c2d
u_00552,2025-01-22,free,CH,paid_search,73b1956144b3b44fbbf2eda9de8c75ad9243d834503370012fc006ac715d0a16
u_00553,2025-02-01,free,AT,paid_social,9c1b00ed21bd7fe99db4b1e5c4f5e979f899a1553ec131afacd54ae7c4778365
u_00554,2026-04-25,free,CH,paid_social,a64b281fb0c11b82d3cb7e9885c11d4cbd14441d45437278cdb80c87fb501e4d
u_00555,2024-12-03,digital,DE,referral,805677cb227f4ec1b3864a5bf3338ae199e40df6d72f91c845c9cdf5ba88254b
u_00556,2025-03-10,premium,AT,paid_social,428a8ec51d137a9478d54afca763b135152d9c06e05bc6d8d5e303bbb9852b9e
u_00557,2025-04-22,free,CH,newsletter,6e36e0e5df15c974a50eabfabd7f28e33ee752ccda2db8591774148479f3803a
u_00558,2025-09-05,free,CH,organic,6643ce115de898a1059cff846a21f74d379daefdfab93767824831266659058d
u_00559,2025-10-14,digital,DE,organic,13a0846b936ee616705e585463ba7be26ecc4a5d516ef184299133a5985e46fa
u_00560,2025-09-06,free,DE,direct,0910161df55550ad2d52d3246a6fa51905e83269c73fdeb60f5c26aa13efc4c1
u_00561,2024-12-31,premium,CH,organic,2c39b03512031c99a8bd17ab354aad20f3f82e3ca916c1918b6b1522e17bb480
u_00562,2025-03-18,free,CH,direct,61aec08f156b22f44bf012226bff9f9db8c52e37d91d37f95edf14dd82120adb
u_00563,2026-03-10,free,DE,paid_social,ab3b5ad2d0ef219ff25a8b467f716f214512be3f7645f5de60fd82f301f5e805
u_00564,2025-11-20,free,CH,direct,ded33c416e6513ec63614c8699620faefd72099cabc588a8d34592dfcba60a5e
u_00565,2025-11-28,premium,CH,paid_social,2bc24d2c3db44b203158c7855e037f17bd533b5c87cd938df50bdb020b33139c
u_00566,2025-12-13,free,CH,newsletter,c6b5a45e2771beba46e3261fab4e8d2b9a80c265c3f2fdfbf74f9495d33614f5
u_00567,2026-01-22,digital,CH,referral,9f8ad3fe71e18a264612d43d289261889c4eacab285b01939c18b9a340c2b1e0
u_00568,2024-12-12,free,DE,paid_social,f0a902a9a8183a8b2cb1d5f9426789901829f99179b2e0fd35a36f4d33126d3d
u_00569,2025-06-14,free,CH,paid_search,b0cd669153f92a3fd4caeb708219eb69a8788313d61807afc778c792920af345
u_00570,2025-09-21,premium,FR,organic,1939e90e76a77d3a51d9bb50f737619c785552a48a2469dfd39db0368624b6ae
u_00571,2025-05-25,free,CH,organic,c700ba80e4e2fa021da0aaff06152cb4690ed867bbd227a2ba71ed9fc5d3f9d5
u_00572,2026-03-11,free,CH,direct,e2d34aabc7718072b7faac445609c9f49baabcd7ada93ccda6d218bb333a26bc
u_00573,2025-09-03,free,CH,organic,b075b2073d8abda96aa49d6e583c204955e79146cbf8877da7770d1292c0f014
u_00574,2026-01-24,premium,CH,referral,88718288cdfcca49b4638b23203e5c7af822d73398a29f2d37f888a454939a1a
u_00575,2026-03-16,free,DE,paid_social,4a201e58e22b80dfe4fe05cfba035d7b2abd4c0a0cb7a9ae03592407b8b52bc0
u_00576,2025-09-10,free,CH,paid_search,9fcb25fe4873994416d500f3fc432b8225045ab6c29295e696559613f87517a2
u_00577,2026-04-27,print,DE,direct,2c0726876d8d9bbdf41fa113b57fa9640558664d0bcb31919bcfda2d6b3eeffb
u_00578,2025-10-15,digital,CH,organic,f51df756005a56d55c1dc482a61bb30a5754f2459c550b8127021cdbe60b5a16
u_00579,2026-03-15,premium,CH,paid_social,b1884883b3a042c16d06f823819ff0bd2317fbf12ce33ec276f9ad5b85b37e33
u_00580,2025-05-27,digital,CH,paid_search,60542812dea2a64510d2a03e4507fb3d399c107960d71b7d61ffb383f201ac2a
u_00581,2025-09-08,digital,DE,organic,41220e744f739f8bc8fd7484179e5db0cb0b53a6dc338526d3e58483c2ee2eba
u_00582,2025-09-19,free,CH,organic,92bce8cb795a38a6ed6021cbd220c566cb87e2abec52e1400581c529f50df11b
u_00583,2025-01-07,free,CH,referral,e2474665ec52f001052740f934980bac5677d056c18c005a7899beaa1010e27f
u_00584,2025-07-07,digital,CH,organic,341fda50717f408b08a77d1cda77e0b455046e077efaec0c702fc18dcd64b851
u_00585,2026-05-02,digital,CH,newsletter,ff21617cd068302ecf480126b17367a80a144800ed824eb3383c8d238b4c5c62
u_00586,2025-11-15,print,CH,paid_social,850ea0abb749bc6bfd8836fb8ca73e6a7fb359e2f4a79838ce6aaabf17fda10f
u_00587,2025-01-31,digital,CH,organic,e9f897ea68fe60b4024de290ede18fc84a66570ceee8e6a6e969e2c0f6725a7d
u_00588,2025-05-25,free,IT,paid_search,c9b9e9a84a4ba24472e219ed30db124aad2b75cfd59f4bddab2695132d94e685
u_00589,2025-02-09,free,CH,organic,846dfe7a2314d0cb44e415a252bcdc2c532bbe219c4b099fa294b0efb0c014c7
u_00590,2024-11-18,digital,CH,newsletter,dcd03bfc91fbd655cd905794feda9b59ab2ef107ca7d5dc48b820d38992aca2f
u_00591,2026-05-09,free,CH,paid_social,9f5f95881e1adfb61528649340838e427b1a296ee6fb61dbd76518f4a45a0295
u_00592,2025-08-12,digital,DE,organic,134a25b676f1ecfa6e2ec23d344587e669b33fae2d0e4217c14301dc001728b8
u_00593,2025-05-03,digital,CH,paid_social,802c1404a7403260ddeaa909131f0e7b2aee7c4d5818c66aacb93addb0b7ecbd
u_00594,2025-10-23,free,CH,paid_search,0a5be5a3dc4a44faddaffb94956753a9c7508ee208d9454f62e3f158bf1b1471
u_00595,2024-11-06,digital,DE,paid_social,7c53a94ade08977fa2ffd0ff195767d24bea112dc7d0e02b3e3a2603752233e2
u_00596,2025-04-12,digital,CH,organic,c2cbfed9b961683ebd455d3a21d2dad99095f1fa7ded34ff4cff04d5645e42af
u_00597,2026-01-03,premium,CH,organic,ee0bd447504354947042a396e136d0ad584728abaed4f343205e2830e1af5476
u_00598,2025-11-17,free,CH,paid_search,d6fdafc1d738fe1ced69026c714630e9004257228c0cc06205b3543308f38e32
u_00599,2026-06-17,digital,CH,referral,8069b4a5949a07679226538b45aa7313f43394e0026d930f5d12ba4b053b3bfb
u_00600,2025-11-07,free,AT,paid_social,51e91eede47056bbc7afe41ac8b5ff62199b24618912f7b6ce172b872722dead
u_00601,2025-09-01,free,DE,organic,ee8dbbbeb808bb726aaa23d9d87574f20ab9950b6cf8fbdcced49e917f58dd78
u_00602,2026-01-22,free,DE,organic,2aa179c0279a813806d8711897e0621997a652646bbce006304c55f2c9a2025e
u_00603,2026-04-22,premium,AT,referral,de8eb64a2443fc66d2e8e46aaa499e9e7781a9d38639087ace79d57d143d5bbf
u_00604,2026-01-09,premium,DE,organic,533756a8cc7356730eac9833e2b332b3f1c6e0f310a85aba6396c6175cab6d27
u_00605,2026-06-04,free,CH,paid_social,0c7c0b68d21690317a37fbf9d0ae18b9b4abdf82687b06443a7e726f192d9f43
u_00606,2026-01-29,digital,CH,paid_search,38dcc147be0141c03be5f2b3d58d02a630dd5a355668b37b6ffa816bb85f4a38
u_00607,2026-03-27,free,CH,organic,37b3a8565610b85cddfd13ec785ba1b1b0c7c981d5b6613ba10f7a97a9f9341f
u_00608,2025-01-10,digital,FR,paid_social,ff3bcbe2ef94c928917963ea55523ee1846890ad4eaa94158d4a80d3c25dfcae
u_00609,2026-01-12,free,FR,organic,288c5ff2cc81469c1d7a9b9ec83a8cb5f82ab69673bfaa3fcbae6a0f7e26ec7b
u_00610,2025-08-06,digital,DE,paid_social,5927337b7f08dea2942a069611d9e071c50608d693c80bc5e5a28c368b88e897
u_00611,2025-09-26,free,CH,organic,7e656c6a22762c12c9936af39097813db4b333b96869b16cc47686c196aa49d0
u_00612,2025-12-02,digital,CH,paid_search,e35415252f38ac872c120079714a66f06717db14346145c7eb2687d1791753e3
u_00613,2026-06-09,free,AT,paid_social,f76da54b75fd25a7ddfbcfd663ac150e0d7c7d2e531ee3772f8d3a6bb5025cb4
u_00614,2026-06-19,digital,CH,organic,07d58569047bf3048f38d4cd63bcc1e2944e7c1bfaa49bcc7cdc0c027af28922
u_00615,2025-04-19,digital,CH,paid_social,21dee88f4a342f025653742e7b9ebba1265c94a4a474ed3f667e33d991506cea
u_00616,2026-01-13,free,CH,referral,793d5f272f881956207b9d80a83597f3e19c0391786f70f2a95ebe31f5e53ab7
u_00617,2026-01-18,free,CH,direct,01b99baf52d1f43af66aec03807cb6c112b05a673c53a979d9231bec20749a27
u_00618,2025-05-31,digital,CH,organic,c92863ee7afd76db5aa6473ea629a969fd17966ee19171caa3672917ddc8f96c
u_00619,2025-01-13,digital,FR,organic,acfa1a88769299969af7b3044119b0c193a2e0628e39629e76cb83d3568f2863
u_00620,2024-11-30,free,DE,paid_search,211021d831974166643d28e4bde7cddf9d4318692fa6261030438bfc5cc303f4
u_00621,2026-01-27,free,CH,newsletter,d4777a6bd284f16ce38b62b907b0cdb778ec28e4ae4f8ca1f344045f64bd1173
u_00622,2025-09-05,free,CH,paid_search,312db1e7e8320b31333c886c5cfff7757e3159e2e5ce2dfc9604a05c390a37f3
u_00623,2026-06-20,digital,AT,paid_search,9c6d103dd1388508b8d579ee090ac33749a5c99b6786963922e9c3a435222e0a
u_00624,2025-08-24,digital,CH,referral,081f9a28a039e9da9e268556d4e331bbcfcabfc9654abd2f48a1c654802e365c
u_00625,2026-06-15,free,CH,organic,6289a776a4fb0fc64ec65c327e1f9483e6aaf911aaeb37ddfa49c3772378168b
u_00626,2025-07-17,digital,CH,paid_social,4f46dd5e1a46a102520f5b6aa9033424c9f53faf154741bb0b6dbd102ed6fcf6
u_00627,2026-02-02,digital,CH,paid_search,4ae553608124aa5478a11c6eb0f4ef6c89944e44638a8ead9827bf136208a0ee
u_00628,2024-12-31,digital,CH,paid_social,d2ffe54b15dae8f68a1d2f359cbb2c003a9d208858b66ace0c62e948ef961dbd
u_00629,2025-09-27,free,AT,referral,fa5226663391069211ed8d299a3c12d8b9f6044618025fcd5565f422efebf9a5
u_00630,2026-02-08,free,CH,paid_search,3280fbbb11faff192c84efcdb713227569182c324e6db03406d4f9eb871c66e8
u_00631,2026-05-07,free,CH,paid_social,59a2c15f74f57b3603d2782d1c2f166f1beebd1678bb0413608f856ceaa88f6a
u_00632,2026-02-23,free,CH,paid_social,f71d0b910b1da09bd65226b25f662e6a6cdfdef4fa9982618942f6641c008cca
u_00633,2024-11-27,free,OTHER,organic,025a113b47e8f110c548eb202d6735ccdbfa30072226e24f9034f31a8a241b5a
u_00634,2025-06-19,free,CH,newsletter,c61a890c20fa7cafbc3b6ff76c02440da47007bc70ccdf85da2d37f12b1f0457
u_00635,2024-12-05,free,CH,referral,9f0add065136d3521d8173b52ee98c44879fbb90904fcd0f546246d1fcfd2dc1
u_00636,2025-01-08,digital,CH,direct,3da829ca0c6ce9ce1fc3a3b13d9384e3b9bf341f01ef735395083a75c77a694b
u_00637,2025-12-17,free,IT,referral,253cc63e1a98a95c509184d97cb8f8525c634779b0e037a6344f11252d22514f
u_00638,2026-01-06,digital,AT,organic,6d534c8d1e89d57e0c2bb0ad11d9831937b41efa21063aa5c0d3d87846d4f785
u_00639,2026-01-26,free,CH,paid_search,2489c9ec7e8d85c30c9af97cd563dbeb573783721364bc1fc6e6aa3d280ffa98
u_00640,2026-03-26,digital,CH,paid_search,ad7d8ccbdc3e36c810db344cac1e97b2898c221417b55e39d72c0db460bbecea
u_00641,2026-01-15,free,CH,organic,8751bc7cb26e6b5c327cc1217d1d19a7189638b503021d27d4a36d4b47c9dcc9
u_00642,2026-02-08,digital,DE,paid_search,44016a1f20cb1f0ed00a5d75a7f179a3636d4f365cc75df7275e1f9b6368c4c5
u_00643,2024-12-06,digital,DE,paid_search,84775a2cd16f85ec7ce3ab924b9a2c9bb852a916e6cedbc6f81489ca1f8c2e9a
u_00644,2025-03-12,free,IT,organic,5206a70ad5cf8cab86c232f4ed52e91a315967fd17de16237037661634c5bb25
u_00645,2025-11-08,digital,CH,newsletter,096830b392310e82f0562b6ad27d9705df52906700cbbbce639cae7a937c1e1a
u_00646,2026-03-21,free,CH,organic,1e4926c7ed7f1c69459578bff532cc73e6a4a5d5778a1ad53ad6dc968e079f75
u_00647,2024-11-04,digital,CH,paid_social,7ffa3dc7d482b4d391b384aa71f33a0414d74e0676aeaad3c060dbf848e1664f
u_00648,2025-09-13,free,DE,newsletter,4d3f02aa93ee85e1241cdee15acd4ea9f2d587440d7ba63fb383ca7aae33dc8a
u_00649,2025-12-18,free,CH,paid_social,6a6ab72d5db9d056e22c3133e2887001ec5683599d5ca9b307cc3bc56786706e
u_00650,2024-11-22,free,CH,organic,c6ccb8c17cf1824deca17018d2f9fb5558e094c3edb55d290459b34a1328a90e
u_00651,2025-07-09,premium,DE,paid_social,580ab76ff09ca09325861c8c76fab80927261a8ed378a2f9e563d8a65872fbe8
u_00652,2026-04-17,free,CH,referral,4caa2c93cdc58a1819b6c8240b82c85ed56da92fdad7a14bf8a9f0d4f87aa1cb
u_00653,2025-12-14,digital,DE,newsletter,92b680fffb5051e5c8392c4464ac1cfce985435507de66e04422293f1ffd0e10
u_00654,2025-03-14,free,CH,paid_search,9611df9798d758b6b2032227b6aa4ac0b920f9ae4bd99fb97548402e0e32f58e
u_00655,2026-03-17,free,CH,organic,d813e153b92696a4a0be8b7984ccbb066e85d54be30dc484356bf1d47b58e99d
u_00656,2025-06-01,free,CH,paid_social,5256c36163da78cefa82ff03b191b5fd3cbe02dacab9761b379458b9de9349bc
u_00657,2026-03-17,premium,CH,organic,c164d46136edfd4bd3f07f834ba63eb406683a9c4973ba8652f52042c5d2391a
u_00658,2025-04-27,digital,DE,newsletter,b92215ba111ac2f27555ae7541378b3865afc74cb718418a89e7c26c7fc77e13
u_00659,2025-10-17,free,CH,paid_social,9cb6a1cef87eea39027b1563212f588e1af48b19316a02c657467d80fd1b4300
u_00660,2025-07-06,digital,CH,referral,f8617c6afdd315a64f99767e74cf4417699202f6c505d544eb8da5bb2d3dcadb
u_00661,2025-04-09,free,CH,direct,b07063f233b195b0bb4fe470e78ddd8c0934842862ea5bb983664cd2895370a4
u_00662,2026-04-10,free,DE,paid_social,94d44f964a5c5fa54306ebdb2994d20cd8936451af1733e9e59d4ae16f8475c0
u_00663,2025-02-06,free,OTHER,direct,9d65dd9bb5521b43e6d3ed04d1bfcddda94ba3827d4fdf6960392525a5af1968
u_00664,2024-12-31,free,DE,paid_social,27a0bb6d1c7ac5fafb2d8ad02adfe3ac63dd8df7ca72b97bfa7402974ec8e00a
u_00665,2025-05-28,free,CH,organic,56fb2a0c2cbba6b8accb8f7c50cc7460fc47d3e76887b5b6af8cef0e8fdb5c47
u_00666,2026-01-08,digital,CH,newsletter,dd99b6632407b93144e2af12d3d8e74b1ffbb94015d459d8103b7e94728be3d3
u_00667,2026-02-12,free,CH,referral,7b009c794ea93366b767ffedf7048eefc2fc0f9d61b57c381db918bd701c80c1
u_00668,2026-06-30,premium,CH,direct,433f3e74db50bf3e20b0273bb64cf03f0f00851c25ddba63a26056f568e793cb
u_00669,2025-04-25,digital,CH,organic,24afbefa99562a7c2ee36e939412853fd054b04cf8adf6aa8807af688439d93f
u_00670,2025-07-14,digital,CH,paid_search,017bcf2e21013963eb4b35073931cdc5412b94c12967b7ffc005858e4f2093ad
u_00671,2025-01-17,digital,CH,newsletter,b60e62d6b9d75336d86d041ca6b703aa9329e51e7c10357fecdbdd9a89e0806d
u_00672,2025-10-06,premium,DE,organic,55e7b38cad03812e03d3f661f793bb9cbf1f6866903ec02058eacaf4e714761d
u_00673,2026-06-29,free,CH,paid_social,8cecef34569f0ac56fd4004b69b8bbf80d8996626db9c371d07fe72138d3b8c5
u_00674,2026-01-02,free,DE,paid_social,5440871d64cc24f37937870bcdf11e86339e25e8004bf2e8445d1996acd6bef6
u_00675,2025-10-20,free,FR,organic,aa1b3b24559d8625c9c5802434c034ae82e7f4351e701bec86a126b16d9498ec
u_00676,2025-07-03,premium,CH,organic,818905a412944f3c03eeda7296ae6454bf3411c27a555e773a5b29968c9472d3
u_00677,2026-05-01,free,CH,newsletter,a007d278d54592bd5abc4bc4fffe82032b9575070afb5d2fbb3dac9ca05cdab3
u_00678,2025-09-07,digital,DE,organic,574641e2c8576f8e31934d996b0520a225bbd2571fc160d17366c793b67f65d6
u_00679,2025-01-17,digital,CH,referral,0c8869115040ce260e0e9e0a9712da2a31a81137d3b630bea9a4232bea6b9766
u_00680,2025-06-13,free,CH,referral,12b4613fa33463bdcf97e5be492f433881084c2960615f5893aae870664d5c30
u_00681,2024-12-19,premium,CH,paid_social,aaa2e190859bc23072efe08812038d760916f16e3df404f099bc84c38b0e057f
u_00682,2025-02-16,free,DE,paid_search,94ab8a4bfafcf9e29439b7bdf5fa0a35fcbfdb02568f3d15d47e99b4b0e4fed5
u_00683,2024-11-13,free,DE,organic,ce97a5739eb6c8f615a98d1a7568fd8dbbbafa659372f5ea7dfa4494347dd75f
u_00684,2025-08-15,digital,DE,newsletter,6baba124da5e3049b143bc00281338b80c851936d4a313bf0e049eca362f7fdb
u_00685,2025-11-18,free,CH,organic,2477be0d96ea25c13439ca99dad02cef1e465bee5b1437ef6848e39ff844eb63
u_00686,2025-05-29,free,CH,paid_search,5d1e6630cf13c57d048c20e85fa85c522116f2453fca3dfcb33c08ffac505c48
u_00687,2025-07-23,free,DE,direct,ebf5e2f07fce4495e24459a659fc3189d6e038135600800bbbd5654b820e274e
u_00688,2026-06-01,free,AT,paid_search,609d256a8ea3fdb1db71f4d4f36e2fe28d0b3a091db47a005a682467bf41ed72
u_00689,2026-01-19,digital,CH,organic,922d1659871d15876252dcc4cdb35b40f2879ecccf5bd54ff8d4cc6fd49a2625
u_00690,2025-09-22,premium,OTHER,direct,6e904fbf687791a29fb5199ae2cca87a6e778c6fd57c5cfdb308b04822348c0b
u_00691,2025-04-16,free,AT,organic,08acd20a851ea1234516ef0237ebc0c554929a8d92377a1f39e4ad1cbb0f6046
u_00692,2026-04-18,free,CH,organic,1bc776444b5e9784af76932da95ea8539419fdd0f83f5331e6b327c3ad86bb9d
u_00693,2025-03-12,free,CH,paid_search,cc243958dc65d7e810f954d303f195651508106a4dde0b3c6e9317ec2922d72c
u_00694,2025-05-16,premium,CH,newsletter,2f8e7662f12f3f4c5ef8052e662d5080109965e63069891753e8f6dc9a89d5d3
u_00695,2026-04-26,digital,DE,newsletter,49546790f54a747b323074ca0e0460f13d542ee7cdf4f0e7c92eccdee087b2f9
u_00696,2025-09-18,free,CH,referral,5ffd328deb6d9e6cafd671c2d64ea429a29eb11c92ca0f4a52aa9d9a241a51ba
u_00697,2026-01-16,free,CH,direct,0b98670aad2ef5f650b3b734597732505c5decf1d7a96977df58b0cd32b9ff4e
u_00698,2025-10-17,premium,CH,organic,c3c5fa954fcc0b382f07ccc897c0adbed180961afbfe5bbc3cbc29fc223fefa2
u_00699,2025-12-01,premium,AT,paid_social,c12032d00212450bf69dc5d0588c8ce359a930e2c07ff49a5c5aedfc4154f9bc
u_00700,2025-04-27,free,DE,organic,cb9c00a474ab5b5aaf2d4987484191db7cf1fad15f14a1fa3261ebb975145560
u_00701,2025-03-16,digital,DE,direct,205f87d720daecee0b08062130ce426be1163e5045c8dfa15955bb7e6804a15a
u_00702,2025-05-14,free,CH,direct,f24ba42f8e807d1412b9f9cddd39fc7dfb4c136261979fc6265601749c550c5c
u_00703,2025-01-23,free,CH,paid_search,d7e89d57d5016328f88e98a03ecde1bb8fd2c057bcf93a7ddb17b20da550a9e7
u_00704,2026-04-01,digital,CH,newsletter,3ce5a5c749bbd401c4e38407fcab8ff602e45efc31211a0ce2cefe5ccf71b441
u_00705,2025-04-16,free,CH,paid_social,a0620417db806d452b26c9cfc8b189f0f9ebed48cc9942c091412521c5072993
u_00706,2025-09-29,free,CH,organic,2144698a7c358c549ba6a5e1c62baa4d04697970eb0c37f9041c3f4cca9afcb7
u_00707,2026-02-01,premium,OTHER,paid_social,bf6a928196473392654cb7881749da0d575b8f55da97b3138978f78347c38495
u_00708,2026-01-29,digital,CH,direct,e1b21d51ff35931efb03a3aee5923e59e996a966ddc3f7e985e9afc8eeb5beab
u_00709,2025-08-05,free,CH,paid_search,c0f389366c65b9049161c3acc9a094e33c3ab0e2df7cdc777a2bb122d343dc60
u_00710,2025-09-01,digital,CH,organic,bef0dbaefe2b7ac89d4a95420f2a711e9ab9b9b627bd0ec09c15ca78795ec07d
u_00711,2026-06-27,digital,DE,direct,e3811ea4c659fd844ea7ba02df2619435b2bcaba498bc926edc5f76568dbabd8
u_00712,2025-12-16,digital,CH,paid_search,25f2d538e4ad7110d0dc6494bc3a25123f7acde7bea5540f63adf46f5429271e
u_00713,2026-02-18,print,CH,paid_search,fa2c299813872aabeeb4552515a042b81d3a7369e67c326517f6bf691919d4ca
u_00714,2026-04-22,digital,CH,referral,3ba4779c7e0085fa40d05762b11fa96ea0fbe7ef8b2437f9481fbcdda6ff9583
u_00715,2026-01-30,free,CH,paid_social,ee9b44db7b0e7cb821b1773801b8db875d5375dbd16b4ca22cece76f3dddb595
u_00716,2025-02-04,free,CH,paid_search,f39eeb4277481c93ba97fb8cb16816cbc5b0cfbe27a62287d7ccb8cb4522e13c
u_00717,2025-09-29,digital,CH,organic,169253a73c9d0437d16e437d395d7bb12aead3c5e4016211567176373dd7c4e7
u_00718,2025-01-06,print,DE,newsletter,97ac80ca66fab32adf79fa7819cfc3c2f223b36b10af452c6c6655ac349940fe
u_00719,2025-12-01,free,CH,paid_search,5267d378a85016a54fde5289af665ada9c51f0e4d10e0101b64e50b05ab48816
u_00720,2026-05-29,free,CH,paid_social,8c7c19f6d9396ee5cec188cc1ac6514cd1372398de6338ba0278253a0c0bd473
u_00721,2025-09-13,digital,CH,newsletter,e3cc955ef44876ac46378963ac211fd95fb6158cf0ace08f4810e6fae0c69444
u_00722,2025-08-01,free,CH,organic,34cc22f5c18dda9f93263912e9a30dbbeeca37ff5d54d85cf0fde99c2041f737
u_00723,2024-11-26,free,CH,newsletter,fd863e1df539787c9b4788c4ed1f43e170732aac1c8d1927edb8b98117ebce3d
u_00724,2026-06-02,premium,CH,referral,161b3ce19ca8c52454e710ef057e17c14683b3158a1c959a59cd09bbcdd67bd0
u_00725,2025-01-06,digital,OTHER,direct,b9c18b52ce27f24c0d40f87a3b8877da0d5fd79e90b59fc6c96c57afe33e7794
u_00726,2024-11-30,premium,OTHER,organic,2b915695d622b9271fb397344b626c3aed73927f62e133511df1a0d5d60f9af7
u_00727,2025-03-20,digital,DE,paid_search,0cbdc98411552c8004b1073bf19e9470966d5736bf0d4c60ce9f90dda06bbaad
u_00728,2024-12-18,free,CH,paid_social,5ef81f3a9af5c5a983ce62d7387549715b8342d5128d7c367e973839c853a41d
u_00729,2025-08-17,premium,DE,direct,478fc31f7fbcc3b6fc5c9d12e20053c8a7a450229d518401807109cda310e2c6
u_00730,2025-09-14,free,AT,direct,fb8024450736ca0f3184f99961f52ad389d9224de70d6dfb6d30772404ea3faa
u_00731,2025-05-07,free,CH,paid_search,d8b28372fcbfd62a309715c6b923e3ea79824b163d918df28bb3d121a4be57e4
u_00732,2024-12-07,premium,CH,paid_social,7374b05a2cb46bba849bfbe62ba21959e080cd3224f2a22a2e6830212a8baf2a
u_00733,2025-01-09,digital,DE,organic,52aaf1dd8d74a6165322e4c1682bea7415c32f21d44c807259f5143fd468bf22
u_00734,2025-06-27,premium,OTHER,referral,a0dca13d46c036e10a772c2351dd8d6155531e8df03fae3f1a6ce65978bedee4
u_00735,2024-12-14,free,CH,newsletter,4afbf82f32d79c2770ebebd82e610f6e9543994791a645977d16a7a60e9c0d33
u_00736,2026-01-01,print,CH,newsletter,6d3448fd765c3f7b5619fb93955dce37d71eb128d8213f1bde7a6eb6aab275df
u_00737,2025-02-20,digital,CH,paid_search,629009138ea74f8434587037f28e6e5048039d00b8c24c2c5760723e08dbaa80
u_00738,2025-04-29,digital,CH,direct,22542e3c7363f0efc54e55b51ab0ee6694cc00d4373c531c61e159e92f0ccaa8
u_00739,2025-07-04,premium,DE,organic,b7ff1f26e6131d2979e147ef6a851f2fba583e0523310475db553d5641231e93
u_00740,2025-07-20,free,CH,paid_search,1bb61e3f0d53cb520c27716a895c05d8d140deb140b15005790c5a01a6892525
u_00741,2024-11-02,digital,FR,paid_social,927829d10327579335f1b2599bbb10a9738e1ff1fe3c789c442ce102a8f46f1f
u_00742,2025-01-09,digital,DE,paid_social,b24347b9703d6c4ede5af8803984fa12682011e02375a52e569584c01e334df6
u_00743,2026-03-24,digital,CH,referral,dbb17eaf315b9bb7cdc0186ae4aeb5b1f01df1d83c836c6bf6361c5ba15f7ae0
u_00744,2024-11-01,premium,DE,paid_social,00b5316a8b4ae583c6326efdcb936ade1fd4d6e631a7bcc37783b48360d010fc
u_00745,2025-09-11,digital,DE,organic,6f97b106b57a4099c7e01194694071441f4934bb524c263faa509ed402543a81
u_00746,2025-09-05,free,CH,organic,7beabe4e2e371cfffa5ee2ee2985bc985b3f33cf89d3a09223fdd0e2338ffe1e
u_00747,2025-05-21,free,CH,paid_social,a635a8c8ca520e69292469fc9c624d7cf7cee9a2b38517386880e6f697023407
u_00748,2025-07-31,print,DE,referral,27ee8c1e9ae97198b2ab29e678ba8d9fcb6d594c92c083666323964dbfb78037
u_00749,2026-01-28,print,CH,paid_social,0f904ea6f1515689f8fd23cb8c9df0118991730e66580120aed9b3392c8dafe3
u_00750,2026-03-09,print,CH,paid_search,b136b10f9be0e0cec733351d6ee8c164999c1444047476e72eb8911defcb7228
u_00751,2025-03-30,free,CH,organic,c2dcfeb4a46cae7272c4685b5d4a38b693e2600f1171c8043b36801de4baa224
u_00752,2025-05-14,free,CH,newsletter,ec2d0f76fa30e0b0c52651333b4204b42ce6580984bcafafbadcbff1ac90310d
u_00753,2025-03-17,digital,CH,paid_search,8cc1e903261c95819de406afc56a40c4adfcfa98cd294b68b841c8ca66c078f4
u_00754,2025-09-02,digital,CH,paid_social,09f8646c25c461e18ce7a17028b6b3fb6589a0c35340eca65e9240fcc0468dee
u_00755,2025-12-22,free,CH,paid_search,db26b07e3bf3d5a2fb4871537b67f05b6e84702083c3a242f554b7b5ad2a9a79
u_00756,2025-03-07,digital,CH,organic,48ded5f9a966efe5f1e208084e3f6c4f7f27e7f34372769695c8399b81de9f47
u_00757,2025-05-20,free,DE,organic,23e05d63809adbdee48deae9fe98d07577809d0b267d9e0143f3e23eb87c991e
u_00758,2026-05-12,free,CH,organic,d9031e9f856f8f40bcb64984cffeb3e97954f92452b34075ffd19b99bbbf67d4
u_00759,2024-12-05,free,AT,referral,e333b643cf0e9cc5b18d1e27d6c3ed26155541130913a48802a17ee8cd116c5c
u_00760,2025-08-21,free,AT,organic,482187aa9e8dfbd204342183eae619038e0c350b14a387d174bfc066dc7c2395
u_00761,2026-01-06,free,CH,paid_search,371b2c934d6dd947321f151606b9a811f20662a9f9e04ecaccf8deb48dc4dc5f
u_00762,2025-01-22,premium,CH,direct,6b02942eef6f9e4e93bbc0a516bb580772cc5491bf775b7bd876441085ff10eb
u_00763,2024-12-04,digital,CH,paid_search,e3db449e12cfdf608c3a223b64a0c4dd501b267eea332728f80bc7283921e0e4
u_00764,2025-01-18,premium,DE,paid_social,2b21dd9f5259720deb43fd6d71220ecf140c51625eb46634a2d5176b6d1ff326
u_00765,2026-05-03,free,CH,paid_search,a7ea47f6dacc4729360eee47afe063ee0a3915c094a19488800aed4c93f409c8
u_00766,2024-11-07,free,CH,paid_search,f1a946fac57ea211ec8930033f5a54ae3ec61aaed341121bb61d358a57a5394c
u_00767,2025-02-06,free,CH,organic,17478e1edf6ed0f86666ccabc5a1c20f97320a9784f69b9cba0f135df10b93b0
u_00768,2024-11-23,digital,CH,newsletter,11019c11a1522b9bc1c68202bc024065257cebcfc099f7160bd914456e23ba59
u_00769,2025-01-09,free,DE,paid_search,4c5f52dba82ae77f3d931229df6ce18403b507e60d50bd667960ec88b5718175
u_00770,2025-11-07,digital,DE,referral,bdafdada35671e0edc3d84489511d1c9e6bca65af049dbdf31f453085f508f22
u_00771,2025-03-17,digital,CH,direct,5cf03c783985c0b2d74273e68c34ce24d29a22cafaaa17a9b7bbd789074094d5
u_00772,2025-10-02,premium,CH,organic,01bee87ad5da7866d3a8877d9b9421de8f271a60d4a3e57644c02e24fa76dc99
u_00773,2025-10-17,free,CH,paid_social,7e6a7c5160fad3d20ca158c7cf6188267fd84b063123c32a387851d3f0cb85bd
u_00774,2026-03-14,free,CH,organic,ebfb1f5630d258d8cfcaf1a314d0ee4a0b4c6dc6904875142a187936db496a9a
u_00775,2024-11-04,free,CH,paid_search,02cbdc7e7f6892081a9f62128982748f11b5c901701d6a1fc012e0a5d882f6cf
u_00776,2026-03-17,free,CH,newsletter,e1801385d0ab2f67e30f66bff2d8ca18686bce12eeff0c712880e95bc16c78fb
u_00777,2025-11-06,digital,AT,organic,000811319036806035d7cd204619f389439bff748c5af8e5683059d6bb9dc09f
u_00778,2025-01-26,free,CH,direct,b34e1c3a79b1c339048c2d8fb7fd3ed4a97c52cb0b19bb3b618eb8cafbb7082e
u_00779,2026-01-26,digital,DE,paid_social,a8506d5b92aa62b177558ccdbd9200cdf445df035a91ef95cc80ffcd85534a60
u_00780,2026-03-19,free,CH,paid_search,e377d96666f1187373542d9a01ecc5b9841c4ce31230c93db304705821439a69
u_00781,2025-03-26,print,CH,organic,f2feec6bb156a9daee751a719829fb12d6403922b9ae2f1592a5df6ff3e49547
u_00782,2026-05-03,print,CH,paid_social,c5ac421b9d32dda0910ac8566af1beda498cbccc6731eb18a35d625f999e8728
u_00783,2025-08-16,free,CH,paid_search,ee5e9f428c593a04178f42d4f5259389094c4c26a69e740fe4b3506e53adb2c9
u_00784,2025-10-26,premium,CH,organic,c995401664892c9827f0cb58242f015503b21bbd617e1da61195081bf35c97db
u_00785,2026-06-19,free,OTHER,paid_search,fc65e5e1b336e5d72d54fef85973e94ee74b8f3c17323639d86930f8eff5b3e2
u_00786,2025-06-11,digital,AT,organic,95903e9f98eb9799090d9bfbc6d56452b174b4889d8066a25fcead89ba74fd06
u_00787,2026-02-16,premium,DE,direct,abfac65a03249179a9d19f6df821179508ec460c917125c61724667d4354897a
u_00788,2025-05-11,digital,CH,paid_search,e0fd76d25596c569bee83e90e18672a8ae5c10609980bdc765b695001729baf3
u_00789,2026-02-06,digital,CH,paid_search,c43308fa31495d1dadda81147f1b93ba328d209ce2b96a0e65c5a6e6e1c75b9d
u_00790,2025-10-24,free,CH,newsletter,e13b557fc81f718429306f657530946bae1da4dd00aca986be0cfbd6113eb0d5
u_00791,2025-02-27,digital,FR,referral,bbeba265a0876d8f379f228534159107824c0be55d8ecb34dae58866040f7a9c
u_00792,2025-07-18,digital,DE,newsletter,ac6ed361ba804bfe278f3a92b24ddac0cd1e28623bb1aca548d570203a563337
u_00793,2025-05-10,free,CH,direct,45a1479b959532e8d7aebcacfc848a8fedb4a00ac13499c252e70638deaa6da1
u_00794,2024-12-27,free,IT,organic,1cfe721de02e65cc8edccedeee341312f481cb0bfd8b5767cc0f1f17fcd3fc6e
u_00795,2024-11-22,digital,CH,paid_search,fafc338f927138522f70e9a6b7509be34f059251551c023375e2672e4393d559
u_00796,2025-05-31,digital,CH,referral,8165d4740cae4aff212e6199be58ff5675438cdd10ae9f4a6adb9f863ce34a09
u_00797,2024-11-14,free,CH,organic,e7af73a4a1c5a9f396af543ee406cf5c37c23b1db405abc0f1740ef765a62cd7
u_00798,2025-01-27,premium,CH,referral,cb2de5c4c755c6e5c2fb108e5355c8b39eaee625b263418bf9a58ecc104a9160
u_00799,2026-01-10,digital,FR,organic,60aa94b06e393eebbb24435f75fa8284cecc8c35c7edc8f7aa194d847f902dbc
u_00800,2026-01-04,free,AT,direct,4be413bc30976385916a7b282491b9b203c26ac5132f248324d25c44377be08c
u_00801,2026-01-14,free,CH,referral,e881e25a0c353676d24a22c90b141ff03d3beea032c9805eb8d3e2c913b4ef05
u_00802,2025-05-10,digital,CH,paid_social,cb1e28bf650b1c4fc5400243c6ac22089557a8861faa875b58068ef5688bb3c3
u_00803,2026-04-13,digital,CH,paid_search,03a33cdafafaa50a0e3338eedb8ac63191393896d30a65fef99dead2592c01c8
u_00804,2025-10-19,digital,CH,direct,728e12433a5bbb68285df0732ed7912878918e190422437967e6d8d80a9571ae
u_00805,2025-01-14,free,CH,referral,f1b66f69a5e4cb97c5cb7a98ba87bf20c29406b018c4e223d86334965f90fa25
u_00806,2025-01-20,digital,CH,newsletter,f8b1ad72c3b121037560049a53b9200324b8a770909bcbae322d01602e3695d9
u_00807,2025-12-30,digital,CH,newsletter,aa71991923a2034321ef2bfbb46c40cdfea6f30ea5c545c3c23736cc88493514
u_00808,2025-01-29,digital,CH,organic,58063af6e1fc29eefa42ae5fb4bb73d7e09680a0c3851c849ce8d1121432b2ba
u_00809,2025-09-11,free,CH,organic,170523f69933d2b03a533f3a32cc21cc810625a9f4a9852e3bc332bb35979fa9
u_00810,2026-06-25,digital,FR,organic,5368d850769e04e84266a05839016d83af39b8fc6e35f7cab257c636a49241fa
u_00811,2024-11-03,free,CH,paid_social,4c2b8d060df983a406f9f21264190c696145f2e3de1b731cfbd017fc6bf44f2c
u_00812,2024-11-12,free,CH,paid_social,e99613f56a424bcec7246ee450a09ff7dc53b4270d1750c56e6c68228fdd6b5c
u_00813,2026-06-26,digital,CH,paid_search,11489de5ecc0fadfc5ddd7db65df6ec24cd0d9370ceb211899b445a78a1e21a9
u_00814,2025-10-13,digital,DE,direct,5d6ae7d35bd96f784dfde4e698671ba7b0ce059aae521f2e9f18be731e3f4f95
u_00815,2025-01-14,free,CH,organic,c0f78071f30d94eb33ad7d7f98c47ecb595610931ab4d40e59c2457606afa8e4
u_00816,2026-04-18,digital,CH,referral,0cd6a0a7fe8cc3263e68e0c33b9d81dc10bc1a9b70a4e16540796a54d19638ed
u_00817,2026-04-06,free,DE,paid_search,64c8f70368458935019b1bea3d023913c733415f29e11949dd0a8988ff10a897
u_00818,2025-09-20,free,DE,paid_search,94e2f1aa719bee6e8d940b4b57029b5fc440fbd33d1e360ae22ebc3be02447d5
u_00819,2025-11-08,free,CH,organic,87f810c12236e3f09805bceeec71a569507a340320f6ee25f13eaa736ca7c61e
u_00820,2025-04-08,free,CH,referral,79331c18116c2b4bc4d826c016aa2a580024468959cdd205f9a14924ae9dd633
u_00821,2024-12-07,digital,FR,referral,01f4a661ef6e470edbb75d070df85a67b835a83aac58983074ff61678d0d82c8
u_00822,2025-10-20,digital,CH,paid_search,9ab3d1732a35086d48aaf086fb397678c39f5706c8762a3d2b1e5dbd00437087
u_00823,2025-04-24,digital,CH,paid_social,c50f057035cc8223fb872f86d50b28d1dc4d30617a232773d3efa94c3ae81c49
u_00824,2025-12-08,free,CH,paid_social,4d8e269510f5308439555a6614670682cd2d0079d9453f83e8c7b14ba4e900b8
u_00825,2026-03-05,free,CH,paid_search,df789bc948320e0f1b2106c34a6b7bd31433ed351252953072791676b25a3262
u_00826,2024-11-14,free,CH,paid_social,4bb1e2e9b4c35b92c65d75f797ad271f7ad2fcef1e3ef92d84b6d27a00db1fd1
u_00827,2025-10-21,digital,CH,paid_search,7746190cfe2850321e130f6e18303c34a78b6ee881af98931d69ab28a32dec2f
u_00828,2025-03-09,free,CH,newsletter,c1c73b49652d738181685909ce449d14637ad450679ffd3ce4690146afb3dbb1
u_00829,2026-04-01,free,CH,referral,fce97d2633b24685e69d473d8661470bd90709080674014ed0d55314deb7c520
u_00830,2025-03-25,digital,CH,organic,3653ce4cb47c5e926fc49645cc9168c993264cb54e7de7b9e4abc21cfe4eca52
u_00831,2025-10-31,digital,DE,newsletter,3ce33f2a4654ee67ed0d45b7749ad06aae5f503c62b08773cd47610e7d3d5719
u_00832,2025-09-26,free,CH,paid_search,78a21cc457e5c9e402445ba80c23be0a392e69c2e420a55142ab9d52b86a02d7
u_00833,2025-07-06,free,CH,direct,52ef4ae71c803835edfe28e8326a4c688e915c9a4a5ad25e8101a4840dd0806b
u_00834,2025-12-18,digital,CH,paid_social,6364681bb6e535ba6fe40a98613cafc0428b9fe2e95350ea08ebed0ce34601d9
u_00835,2026-01-10,free,CH,organic,60a3432d053b61a899536393f710e8bc96bcbf6bf9772f5aef0946c41a62299e
u_00836,2025-09-30,free,CH,referral,9953f175e47a2a142852a1ae7974dc0d048e6d1d7a90f17d12ff5ceb1b2cc5e6
u_00837,2026-01-21,premium,CH,organic,ecf73e4a93876bd551c48007d1ea952ade85f4a65ea06edd99ee9b7f3c07eab3
u_00838,2026-06-19,free,DE,newsletter,6b8ed370167af7867ad14605bd58311cbe4b032e1338850b45f59ad36bdc088f
u_00839,2025-07-22,free,CH,direct,9ea8cce93dc16312204452272b262326a432e61ea0281dcf762629e6e7220545
u_00840,2025-09-13,free,DE,referral,ff4155f00c850d93d33e5f164a1838d4a872795eb2fee124952605ea3d6df412
u_00841,2024-11-09,free,DE,paid_social,88de444e2c0105c9ed1f555f8028f7d4fff5214311eea1286cc301fa744027fb
u_00842,2026-02-04,free,CH,paid_social,8e12193fbf42c27495f595b877a5bfedcbb075a2a7481648c239e872278269c5
u_00843,2025-09-15,free,CH,paid_search,d5825359ae034adba4d5eb1c767c6ac05fe93a21d68e8e95503bde793e8bdecc
u_00844,2025-07-14,digital,DE,organic,805a5174c3571046ee5b65582de83676c0b00adf3f932d7b2abeab6ab194f6f2
u_00845,2025-01-03,free,CH,direct,da98ada9ae5f77acc68bf8c04f8f9e8e60430c1cc48ca0329b939ebf7adb798b
u_00846,2026-04-12,premium,AT,paid_search,dc22d0d11e3dec83367084f999a5feb6355db6d6fce4e7166f32c0f73a4fa680
u_00847,2025-07-05,premium,DE,paid_search,331c4d616ab267a0718c540b864ec33663b1894140529626d2a961c430c1c8ce
u_00848,2025-12-22,free,CH,organic,762d7d64e9fa48f82bb052f73e7d117cfb5a905030a25a99d7eb15cb97cbc705
u_00849,2025-01-21,free,DE,direct,2d02bd18c89cb5a7bed1c5e7c6defc563ff944ce9c02074d58108e3206d73b97
u_00850,2026-06-03,digital,CH,direct,52e8b9713f667aa31c857b8b42597166dd2f54232f0b3917abe8f8aefe667e34
u_00851,2025-01-31,print,CH,paid_search,29caca12f223f95d23f38178320be4550ecac8a7832e42473c439a04a1aa796e
u_00852,2025-02-14,premium,CH,organic,a274177c25d551ad538d9ef461954699bed60b8926cbde518cca949c0881fab4
u_00853,2026-03-21,free,CH,newsletter,27354cd6749da13409584a8f75ab929e16b06562083f1a24d7816b46f84624bb
u_00854,2026-04-29,free,DE,paid_search,06e4a2ef356a88ab794019d103708b4935e850ae3a218b452417454ec68fcbfe
u_00855,2025-02-23,free,AT,direct,3d1eeb6803e038d54ee012c65e1ab9af2ca38a5fc5b71a267622c434891ac73b
u_00856,2025-08-27,digital,CH,direct,4cb4cf242a01ca8f72843b64133a3c64fa70dffcb0f99b4119c210712eaa0521
u_00857,2026-01-13,digital,CH,referral,65b2af5a6c89734a238cf12f72ac7c05e8a39ae7a23ff13dec470ffed3f9ac2b
u_00858,2026-04-04,free,CH,organic,303eb77359ad86e6c52f29bfbf66f4332b1fe3f138288fc3b7f4d47a4ba2c40b
u_00859,2025-06-23,digital,CH,referral,d3bbd1f223871aa23d7b2ca179b78df4d1f1d11fd10780c3d4948692817ca68d
u_00860,2025-09-14,free,CH,direct,033511b1220d47043100ac1481ab830175d01104451882cc3f651c03ebe3845f
u_00861,2026-01-15,digital,CH,paid_search,f87d1488ae9f1a3f3fd3edfd7602f17989b7ac84af27d8dcfc2fa51ae0f615f0
u_00862,2026-01-12,free,DE,newsletter,895094e26680b62ea9db4c6a1a382b30bc42c4af29311495c2270672a0df5d90
u_00863,2026-01-29,digital,CH,paid_search,bd9ceee7850c202c0ad64690c924ed3ed2b446e608908501fd18dc9274110b99
u_00864,2025-10-02,digital,CH,direct,36aab071234cb8cb3064f58a3561a772a5ee969f8dd493da85fbfde885fd5f7f
u_00865,2025-01-07,digital,CH,paid_social,aa197e683a959ac13478aa2230363a3ea056302612d350e101b3e884aa160010
u_00866,2026-04-23,free,CH,organic,c630cfee41172713c16df48583ebf3d86169491d35b818790bbf03d7217c8b39
u_00867,2026-03-26,digital,CH,paid_search,c53310afbf8ba0ab2154cb7f50e55203ac7fa8436a22f7bae25a2a44b69c8940
u_00868,2026-02-06,digital,CH,organic,36bc7f08bf99728c4d0b7750e5e39924075aefd754c6c83e65fb39c3bae968e0
u_00869,2025-01-05,free,CH,paid_search,7cf8ca1ebb09863d8c8271fa9ba0d8e37f314af35b61384e9f11a265c5727139
u_00870,2025-02-18,free,IT,direct,519ebb1d02d23f59e53c0b746791ad4b78a6f7810453c9a39270e9bd42b547ea
u_00871,2026-01-16,digital,CH,organic,08dfe93d2bc185e36214c103cddb94088c95a2eb96672ddb5b3af483520a9809
u_00872,2024-11-17,free,CH,direct,c49080bd5849003d2459c778642bbce5e7a12cbccb084b1028c071891ac92ee4
u_00873,2026-06-16,free,DE,organic,f8843dec255ce66f3e21ffebb6af14990a6adcd7fa5c68a0ef493e59f80162a1
u_00874,2025-06-22,free,CH,paid_social,b7691e44d18d8a40cdf3a72fccdb27458067845b837dad12ba3db89a6dc13328
u_00875,2026-01-08,free,OTHER,direct,5a1cb9828e90576a03e2998496ac92d2eeb94b839eec4a8cb1246baa95be6b86
u_00876,2026-04-11,free,CH,paid_social,b0f2365786397d886a94b3b3d1876eed9fd7422c852161dd062e00f30f4ab920
u_00877,2025-07-04,digital,CH,newsletter,a585fd69359df66ae768f0a16351694eeb8bbfc45b3c37f386bec8f40a4ec702
u_00878,2025-05-11,free,CH,direct,658fc54d4b7815085a1062205b27adc25266a8c28378bd7f12a24f3692159e08
u_00879,2025-10-30,digital,CH,paid_social,46082da97e7736638897f448bf5684a6d5ccbd316b44e514a7e9871ae171f4db
u_00880,2025-10-10,free,DE,newsletter,4411a2f9b3262f0548735865cffc44dd47c48f766472ab547c3d4ec0209cb4ae
u_00881,2025-07-15,free,CH,organic,9041fd8ffa70f37175850f9be00ec89fbaa422ab90484031e3cbb5e7e5c30338
u_00882,2025-10-25,free,AT,paid_search,c6173f4427b48226d7afadde8c3284a5aeb26af29c564cecd2cbc5d1d3ccc7cd
u_00883,2026-05-15,digital,DE,paid_search,cc287e1e23bfbed5b8f560e3bc56f83682644f7f2773e3ca86174bf24713fbf3
u_00884,2025-08-26,print,AT,newsletter,a9d261b84d1a61f80c12e6d7a6e10947198d74bb8bb28b823d1be9c76db4d7bb
u_00885,2025-02-12,free,AT,paid_social,c9dd2a6ca58bef7ae0425e5e002ecac9940f6b81540364265657de5f20c68054
u_00886,2025-06-22,free,CH,paid_social,b096f9dec0880036386cbfd89e8a32f5bca6d69f64253b71b273299a39f5abce
u_00887,2025-07-04,free,CH,direct,79e3f7a5511ed3bcf5a295e861d3176b333a940f03ae2d9e834f937f242ca063
u_00888,2025-01-16,free,DE,organic,d2c459714bacaeb35e7ed8abef0cc3fc7bb85e6b2248d8ef7e12f3c6c78853f8
u_00889,2025-01-26,digital,CH,direct,12816d4684caecb2977ece4fc59901714a8d69c244edecfebab095ae685cda5e
u_00890,2025-12-23,free,CH,organic,efebcc256cc3d0c068be90cc641580f0151e6e5d6c94826c8eac6b11a9c6aa6f
u_00891,2025-05-26,print,CH,paid_search,f3770dba6a09417b6ad31c17827702773bdd091b231dc4a9bfa557b0bef86d93
u_00892,2026-05-29,digital,CH,paid_social,344f5b8a0d06d29f5aea44d3cedbf93bddc0f022cf29128534ddc1cbd752de5c
u_00893,2025-03-18,free,AT,paid_search,c1dc4d6f71128063cf1086a364ad407d589047b9468113053c358f54a1993727
u_00894,2025-01-05,digital,CH,referral,2f74e0e888df5810b123924ef42935ed42427d87f0f00b130e1f1a7a80b7d7ad
u_00895,2026-01-19,free,CH,referral,822fa12f04ee7c4293c72e44d6826bb21f9d0cbfff6a9dfa5c62feebaa8e395b
u_00896,2026-04-06,digital,IT,newsletter,b1bb4cfc309424163785a90aa85da6aaf2c110f84cdab71d2bbe77642249de12
u_00897,2025-04-12,free,CH,organic,756358fc3c3b60ea5c28a97e6b9b96b19cd2890eb3219ee1ac7b719bbcc7e7c6
u_00898,2025-02-16,digital,DE,organic,561c032ae5e62b4e601aea4bf2805c22f774c55a0dc98900c4ece72b60dfdd24
u_00899,2025-02-05,free,CH,organic,e32c580b4335da6d8d6a260dea296a3bfa6a93678149fd141b5afd0e2ee7c5ba
u_00900,2025-09-16,free,CH,paid_search,49e5a0eb67f70a592fef33790744404113d58d6790bcfe77edee8393fc6db292
u_00901,2025-08-26,digital,CH,organic,c1776818bbdbfccde55bf3bd4bcafaee8bc820dbb20ff17c6c5728a13fa7e83c
u_00902,2025-03-29,free,CH,paid_search,58606995f695090b47b536fed7d07ab60b630806bc008b95a81c69211de67b2e
u_00903,2024-12-03,free,CH,newsletter,dbaabe3b1503b86d3a1c47dec88ed293abe04da3d597fd90331f26c74deeb23a
u_00904,2025-09-02,digital,CH,direct,aeebe37633c99e62084b6fb6accd722101de23173d4d7693a256c14055a94d1d
u_00905,2026-06-01,free,CH,newsletter,519eb4979203f6e1913efbf15c6246c033fa979c1d58ee9375a6b04059883b34
u_00906,2025-11-30,premium,CH,organic,0b4cf34ff22f87d35a2022211db75562a0457a5c7853d022e5cf78c6717871c7
u_00907,2025-09-07,digital,CH,paid_social,c3145435f0c35885c4fa484bd9dcb26321bb73f5e27b13ea3424c2064dcfcb06
u_00908,2025-01-09,digital,CH,organic,97f2351640dfcc142033e83d8adaddb29ea4ccdcbda5ee35c63f9c2e20f565f9
u_00909,2025-03-24,free,DE,paid_search,f7528de3458bef7e8bd93b16be9f3f4933968bd3af36de1aec3fba5e071632b8
u_00910,2025-04-24,free,AT,paid_search,21baa5f798f2a71516cd50706ca1ef1d76ee2a6adf69e3f1f9cfb985f0aa24bc
u_00911,2026-01-23,print,DE,direct,4440580afefeb9cba942507694219d59be47b96f7c6e9d6d646bb9e9af54716a
u_00912,2026-04-03,free,CH,paid_social,785adad6a2100e8cdd9f5dc9ab03bfb0833fa44d634954a366730c33b275c788
u_00913,2026-04-21,free,CH,organic,d72e4cc6e44d2e7463e43842cdb4e246e2ae51ac5542055b84bd56c224f65f76
u_00914,2026-06-19,free,CH,paid_social,70f28234667a19f0065736c0c07d2cd4d1caa5264788bbcb81588c4ceb97aa4f
u_00915,2026-06-18,free,FR,direct,1dce232ae3f6c994b1e3a6a2d496eac1aef372ed83c3199c3e606f6aba05e70a
u_00916,2026-05-28,digital,IT,organic,2928f4fd9665122b3aada288da4610dd9c19bebcf15e4932579107b1ebdc1240
u_00917,2024-12-22,digital,CH,newsletter,9305becb97cad3922897d5b3482f1c68d9426746de241b9a5a0999cba380c446
u_00918,2025-01-18,digital,CH,organic,ba2d2fabd71b4878caf86e5ed0ada7cd9961285b5097063620923c1584f47477
u_00919,2025-05-01,premium,DE,organic,7814eb883835720960146d1de580155a6c3fcd33d6b755918ebaf6ec9782e3da
u_00920,2025-09-26,free,CH,newsletter,84b87c674c6c28df3813c89885bbf879d73e8492a0990fa3a8c26808ec3cacfd
u_00921,2025-01-04,free,CH,organic,80b2716d4ff5726ecdfe0106459635dca742262cc1779804f1676794300971a9
u_00922,2026-03-12,free,CH,referral,c6ee4e5bfff0089e604809691507e0e173733131b7c67bafbd8112954b3225d1
u_00923,2025-11-05,digital,DE,organic,1efffd190a0962d7945f210637e7827efb9961eb2a4499a1ab1ae93c712ea6ae
u_00924,2025-09-22,free,CH,paid_social,993c50e363b6ebaf1b2e4dd154911e2a0d55ca10e72446a659246a87d81ea974
u_00925,2025-01-27,digital,CH,paid_social,c56b55ecab1a9e9c35812002d98daa7422cd97a3f9cf05a95c8c679c9087bd39
u_00926,2025-03-25,free,CH,newsletter,b1b62c8d72bdfd4414157a15b069f834853eff34c152ee92108ad9d84c626dda
u_00927,2025-01-25,digital,CH,newsletter,9d235748374369368c2cb14da8910118bb187b940cac74fdd7b57a0b67a8b41c
u_00928,2026-03-16,digital,AT,referral,3c18ae866f1b2004b6417a95b3ac1a7c02d87cd4991f2fd86d7624f91d848dd7
u_00929,2025-10-12,premium,AT,paid_search,b26b5eee03a65910f78fc7734ddfa45d15c32eef4254de5e64543808af006b81
u_00930,2026-01-13,free,CH,organic,8137f837cec09d3d1406273ddeb5667a7c0e3022b81831b8434529e9b4e282ce
u_00931,2025-04-25,print,CH,paid_social,59e41ae3b49803fa118223216bd928e75a32edc5417e1cb9666669692c1fa8e5
u_00932,2025-06-18,free,DE,paid_search,c731f5f3ea8e708fbca25aa0b37955e5e7f19bc50eb387f4500cd9598d646113
u_00933,2025-07-12,free,DE,organic,b5e9662f559967a9ce2f02890c25a9752dd51a652ae4e2a26ea5d81d003f3727
u_00934,2026-01-21,free,CH,direct,6d751d23bb94ae6637f00d648b4dcf51fa4f277d82ae22a4deb27cea64a88af6
u_00935,2026-01-25,free,CH,paid_search,2211520999b52332d0b9dcc816fa70569cf076a8551c1afe2c30aba5ff25d5e2
u_00936,2025-02-20,digital,CH,organic,b8a5cf28ab919b3d6a5a74be7a038959333212a32ff9feac73621c8f07291833
u_00937,2026-05-20,free,DE,direct,af66429c84a8b36bf2639784db30719049d8d9a5f9abd190095022ec5b69dfff
u_00938,2025-01-12,free,CH,paid_social,9a514928ec53ae67a41929f725d56f4c45ada57c75595c3c0693e587d67a28a6
u_00939,2026-04-17,digital,CH,referral,b3acab8eb6bf0abab003f41e29b39b4e4d5c37de6c5327d08c17345b182f038c
u_00940,2025-01-06,digital,AT,organic,47737d66b7faf7b3add1c6f1f84a9284804d5896d89e8d3ede34b528b86a3356
u_00941,2025-04-02,digital,CH,paid_search,1ebb5c4819c78280b327a22977604c0032fd74d0e6c6a0b2ef6ff9082d8704b4
u_00942,2026-03-12,digital,AT,paid_social,96e532e688c75b05cd478f89822b69630b679bd80763480697fa7e542beb052f
u_00943,2025-01-31,free,CH,organic,123768ff611f1f20c9dc5bf38fa897967ee8e9f6d156c67a3cbb8d918c729b31
u_00944,2025-07-18,digital,CH,referral,6b49ecb6c7b3513922f5c43984bce93bbdf93cc159d6f7ddeb945443d95d2847
u_00945,2025-08-13,free,FR,organic,40e5a39bdb21d75bd917ba41ea0190c9e8df3f6bbf1eca42756d17613e379904
u_00946,2025-03-19,free,FR,organic,a77956bdfa192e707531b0b50808f4af269fadff11c95a640430b445f0b3c8b7
u_00947,2026-01-05,free,IT,organic,5b73acba3d565c9aae0396aa674c7df6d1c1eac69ed666e4cc3b56f239bf8be3
u_00948,2026-03-16,digital,DE,paid_search,ddbb9d59fed77f9900a087330fbd908b3045f4bfa01908f4dc7dec6c94736563
u_00949,2026-04-02,free,CH,organic,7df756178bc4c2a8328aa8af3daf49cedc1eed624817964693a6a50c699d02d3
u_00950,2025-05-26,digital,CH,referral,c943b81095a3ee2d15168170c2a71f08d4427212fdd645c6aad0a6cdf7709d6c
u_00951,2025-09-19,free,CH,paid_social,22a88c28e1ff8042abb2fff396178f13f57fb097d2325c12ec6561237250b81e
u_00952,2025-03-22,free,FR,organic,d544f94fa519beff761240052a8018b9c3cf9a96eaaef21ffa934428cca85891
u_00953,2025-03-19,free,CH,paid_social,5893bbdb6305a911c6c7bba7ec239dd2e9ff7172d11f1dc1d808e7623fd61a90
u_00954,2025-01-25,free,DE,organic,c890ec4c9b1ba367443902f3871339a7f03c4dcc54e0bf02f5286842ff500ff1
u_00955,2026-05-18,free,AT,paid_search,43d6046db0bdb51fd2db7070687cef92af7744fc5a969bf55510c71846f6c60e
u_00956,2026-04-11,digital,IT,newsletter,af0d680f52854503e7e173e50f77dd9bf386a47b02e27af9af8eff121c9b649e
u_00957,2026-01-27,free,FR,referral,87cd1285dccdc994932777619b530008e62da8864551b8f0538b67409513266e
u_00958,2025-09-14,free,CH,paid_social,bb264b19a7e725f77fa49da15b9c76aebe8f4a868a93ded77005402a72d72cca
u_00959,2025-09-05,digital,CH,paid_search,e99d0761a3756a82a8961a6944e701e09228112e9e797d4ca6e838788b70e7b3
u_00960,2025-09-18,free,OTHER,organic,70b716983c109a2b66a2bd58e429a422bc8e3b23e28a7a20cd0364a1c6b58d21
u_00961,2025-09-20,free,CH,referral,3593f63893e23f34d0d5bb37da49ff64a7b0184eeca4b3c0de433263e45d3342
u_00962,2025-08-02,free,CH,paid_social,f46c9b18932ea75d6b7e92692337b6bdd4d29fd5d6d86daf026854be7df4d8cc
u_00963,2025-01-16,free,IT,paid_social,448e1106c3ce2564de7133ed4d52972542171fc7767f363aaccec0e6e1b86b9b
u_00964,2025-01-14,free,CH,direct,d7faa0d1782c9b5c260b8f287514e24d4885b7bdf8cfa3d7b5172900f337c5a5
u_00965,2026-05-27,digital,CH,paid_search,2e01819d7e84c4f7d3b4e149a65647c76299dd6913e272d9550a5c73227cc847
u_00966,2025-09-03,free,CH,newsletter,fe89648a431f50a3fd7f70ef8dc4bc47e3da2a1fc41d307b71e1777e4ff861b6
u_00967,2026-05-28,digital,CH,paid_social,62e3b4d6b9a5cad97e9578471df84c5d7c6895ddda88b8c55796d63a8d604d19
u_00968,2025-01-26,free,FR,organic,35311be28c190b7e2bf090fc6bb3dea61fa8375dff2b8ebb9348acc2391b9c2b
u_00969,2025-09-26,digital,CH,organic,fb8c3d06b3fc26db01537618c3d8e0ab86cc8efd7daa302d9697cb1cc1ea3940
u_00970,2025-02-20,digital,CH,paid_social,215bac2e7473daa95499e604da95db2c5c62064f1268515396526777a4c22125
u_00971,2025-03-25,free,CH,paid_search,02e77b80eab5fe8ca93aae8cdf4ee03ee18732947f820f6ebd75673397552d13
u_00972,2024-11-22,free,AT,referral,301eee3b3c00673860e4cdec0e2e0c91651e91681ccb0131ffe1115723ced27e
u_00973,2025-01-12,free,AT,referral,5938061add9b063ff89ef2f3190e813cd8da064e7faffaedff95ed21ead21003
u_00974,2026-05-02,print,CH,paid_search,467e4c600af05913a8c67b0ce8e6a2900b9f2eb4b14272a685336bd9b45e7586
u_00975,2025-05-13,print,CH,paid_social,a06818f21abc98048bbecf27aaaa56019dfe9d5e13b18df39184562d1b1fbbc0
u_00976,2025-10-30,free,CH,paid_social,086a31219ef2b808290fbd96e4183768bd3298512546d8c2982efc14ccd82c0d
u_00977,2025-08-24,digital,CH,paid_search,2199257ecd818bc5f1ea97adbc3eda04e9e261d0f8c85cc62c4ded2facd5f835
u_00978,2025-07-09,free,CH,newsletter,402882cc75e21358734fa7f641dd9b8282b06f4c0b3012ce9fa26114a16cc285
u_00979,2025-09-19,free,CH,organic,d9a413d02fdd238c913ae892ac8983def8ff232fff7b70c0db5ff3cf5d21f1a8
u_00980,2025-02-06,digital,CH,direct,f8d7eba3f971b47c250fb3e208ae143422a4720832eeb6ca17e3347a00ab7155
u_00981,2026-06-22,free,CH,organic,1505709544e523de071225959b4ae94eb21244f706fc90c2321e66181992f348
u_00982,2026-02-20,free,CH,organic,a40274037f54b818d7d049e844ae6dda8b9fb4dbd600df3689b8e5eb3d3cb974
u_00983,2026-01-15,digital,CH,referral,f849faba26b9913c86fb3a50ac548c5245aed4a36084c0292dcfc8b419709d83
u_00984,2025-08-27,free,CH,organic,8f549fcdbd1bc021a1905ed1390be6cd058d626aa807e737f5b28d4c46d20ae7
u_00985,2025-01-23,digital,DE,organic,a65ae5bd4e40a527439b77021758fd4d41f73ef03cf17b6db3dfe63a9339fced
u_00986,2026-05-05,free,CH,organic,8acee7a0e6250b455336d2c9b2062f4db144f1ec0ad2f6620d433457cae07eb2
u_00987,2025-05-27,free,CH,referral,d76bcbf1dccafc7a82b45de30e3ef86aa1dd43ca8401ecd1940b7a00e5e31007
u_00988,2024-12-06,free,OTHER,paid_social,306104ea3340675c3b5226f06cc4cf03b1a4e740b66e22c155067f2e9e6c9b12
u_00989,2025-05-28,print,CH,organic,a54c6bba2ca044910e6e0d7325f99144fce61dc553928ce8f3e088fb849a4859
u_00990,2026-02-03,free,AT,paid_search,4fb3daf3426014b7672936d805789d000577853bbfaffb957a74cb891047cdd2
u_00991,2025-11-09,free,CH,organic,83e329aea668e653dcd56f79bbbe718af3a67d67370e9e7d56a267b772f6e1de
u_00992,2026-01-18,digital,DE,direct,b879c9ffa98dbb26a441ebac6cd512fb49b3fb16f839b7a3f8ab85acedc68675
u_00993,2026-02-02,print,CH,organic,41db0ecb3fbb3b5a34267909131cc9bbed21a536fa25c4b87e1b8824aceeb1e6
u_00994,2025-02-23,premium,CH,paid_social,59b095781705b7252089d240794a9a7450f33d79a1c06b1c8b744fe58b05b108
u_00995,2026-05-07,digital,DE,paid_search,e2a8fce47e2dbc8ad74bedfced4f972e1c3c143c2af386b560c240142060d9ae
u_00996,2025-08-05,free,DE,paid_social,b85ca601610861dbd9d9eb11d8713eab568ae6d7230ad126f639720e69aef69b
u_00997,2025-11-21,digital,CH,direct,5589a46d9b0048be3d52dbd216457fdc95e3f0b0ef2a2ecb14a67e13faade273
u_00998,2024-11-02,digital,DE,paid_search,af61181947eb749f376501cda310922e4022608e27272928fc87410eaf403dfe
u_00999,2026-06-26,premium,CH,referral,d32521c2e82edebeecbc302bb42b0bd3801038f982d59eb96ec8feb96159fd03
u_01000,2025-04-14,digital,AT,paid_search,6dcb653b47e33f3f879402cb6a8b156b091ea6249ac3e6118d37dccc2d84df52
u_01001,2024-12-15,free,DE,paid_social,bae3cb71141b4c1accc78992c6e1915f3777b3e59e52f3e6e30ecb2ca7ddfdb1
u_01002,2025-08-19,free,CH,paid_search,a341f99cb6650d3a3fd1a909f1c2e5c6b6b92970d86aaa4df0a7dba4f7956640
u_01003,2025-01-15,digital,AT,organic,57314a5c3c9435ce43d439bb444f8595108bb2a1c0e65bc558b8e8c06b0bb0da
u_01004,2025-01-22,free,IT,organic,2559df7fb3b4c269479b158cb04612c74fb273629c711da8678b3a49f2e91f47
u_01005,2025-11-16,free,DE,organic,c7a5566253e1b599ff26665a86149503eb914a19d253e52176771225bfbb8b7c
u_01006,2025-07-03,free,CH,direct,a84a150f3d7f4f4df3f94801dca25a61faa050836542cbee3c8ada5d4175ad04
u_01007,2026-05-05,digital,DE,newsletter,0fcbffb23a1a77005fc41287ce915ce5706a4a44b7ec281e73bab780b9e3d1d2
u_01008,2025-05-11,premium,CH,organic,642ff02bb31e907f7cb19ef10fbb65054602ab56f3aab0430c1cfce040cc0738
u_01009,2026-01-10,digital,CH,paid_social,5bed5d2049dde626f4aedddc91a631408737bb475fa2c33062e7a3c9941719e1
u_01010,2025-08-21,premium,AT,referral,17c5ffd0a7c0f3fdbd7145be79eba99bc4254f5d2d7b5befd315c93055290be3
u_01011,2025-12-06,digital,CH,paid_search,b2ca5c77adf94dd28f9f30d52d0c7da124dc7fab686ddfe4ff3720efa1991973
u_01012,2025-10-24,digital,AT,paid_search,b5703f8c891e1191e3d4a9a116d4d902a1c17706e4a0bcdc3473448920fb8e15
u_01013,2025-08-29,free,CH,referral,e03058f3d87f2192595a016dc0d1af2f3a67585ae65d2b6dfbc3b6fe1ecb305e
u_01014,2026-05-26,digital,CH,organic,c1d5ffdc74ad9adc8c0b8d1dc6b0072940dbd4715e2452b2fe3f82e2fc3139e4
u_01015,2025-05-28,free,IT,paid_social,fe30283ea5dcf7dd2c743a761a271d284f1fbd4f8d278a0e90747f1223c24304
u_01016,2025-01-31,free,CH,organic,df35145fc91ca32df4aa8a2c826f51ded1f02814a979251e833a89953bf827a4
u_01017,2025-12-19,free,CH,organic,5b6087a9c106249c118cb1a93608f949ea24bde711cef0d089f48f9045a52f75
u_01018,2026-03-12,digital,CH,referral,88729f3e94a3344812d7f560af5027dcd0f5e55d610e8b9599938956241e9c6f
u_01019,2024-11-29,digital,CH,referral,6acce8ae790f74b5d01d8f5be7f205439d7bb7ffdfd4866d51060b61ab602180
u_01020,2025-08-13,premium,CH,direct,bc9c5532895ca996dd0690af9fa4388e42e4d0ca31030f37196ed420ca2dae1b
u_01021,2026-04-14,print,CH,organic,887d144700121094162ea9169c6146b86b086a25f0e551b48b99cee1c4285d21
u_01022,2026-01-18,premium,FR,referral,6ee84901407b85ddfc32fa7cf140f6763dcfd2bb25044f8bc65b2ad32203842c
u_01023,2026-06-25,free,IT,direct,76390a36e611a7b76ed7ce6291d85a458bd6800c0daad311ebbc75db85e996ae
u_01024,2025-09-19,premium,DE,paid_social,c8fe5eea94f62472904e2ad1f62635c2a9ad52bde621e32ecab8637dce00a906
u_01025,2025-12-06,digital,CH,direct,95a8d74603df8a3dc1e02512759e2ec2e38be16e8668e2b7473a65163d414298
u_01026,2025-04-29,premium,DE,direct,c2170ea4b6c84d938a54d5e8d24dac0b0ca3def3ec00ed182bccb871252af471
u_01027,2026-05-24,free,CH,newsletter,96bd24dbd900219f97fa26761f6e9070089910bf188361771e8f242332456573
u_01028,2025-06-14,free,DE,direct,01293c105397495710ef6a3966349a47f56c746bf714fa911a68e380b557ca8c
u_01029,2026-01-14,premium,CH,paid_social,aee7dc0544ed47fae525b8be006377174bde3032124ca8aa199a90f6422e6b92
u_01030,2025-07-11,free,FR,paid_search,1c0d8b60d58891c6baaa0fd7fc3cce1bef5322f370a407fc0f05bf03e8aab498
u_01031,2025-09-29,free,CH,direct,e849f43f2bd4bf304c138364edae0432ba48dae3e66b1f744b0c1ac8a90ec814
u_01032,2026-01-08,free,CH,newsletter,6b93c833b6a34322e2c01632166dbaac29b28cb7b057f0574ed7a34b4b64dd4b
u_01033,2025-09-11,free,OTHER,organic,cbe4271b347173a14df18f0e21003e1d9744d2803636f9df61b0552598f07ff7
u_01034,2026-04-25,free,CH,paid_search,97c8952698030ce1006570189c0873df2684b157a9c79a036c18bc48654f68cb
u_01035,2025-07-22,print,AT,organic,b9d8ecbce19cb4e5a2d8490c2d3842e8a8dc1f215060c798e359030917f954ce
u_01036,2025-11-27,premium,AT,newsletter,5e05839281ca22dcedce41aedfc85e886573e88c7a1758c53637b1416678f98f
u_01037,2025-05-28,premium,CH,organic,00e9b1bd8f860ed55d7422338c00557682e7d2d5e27a27de30d72b99b662832d
u_01038,2025-07-14,free,CH,paid_search,1b1a9760c612603a271bb656970711d8b55491098f60fffeb5e639fa96f5ae8b
u_01039,2025-08-06,free,CH,paid_social,27bba4774de7a0ad4950843df6c43bbea872f69c75dda66562c0180183828d8b
u_01040,2025-01-14,free,DE,organic,41eabe749d8271585ede99627a6e8b602abd3b1e1870ddd5a31bca5d1ef3a7bf
u_01041,2025-01-03,free,IT,direct,fcd45ead077db20f5ddafe6ea5eb156fe5ee06489dd9173e96bd36f04e5f0694
u_01042,2025-12-11,free,CH,paid_search,d80c1a1b50b0c210e2c304fd0bb2d5950d1c6e9ab364216b972de7597186774f
u_01043,2025-12-03,digital,DE,organic,63d9269a3a270b0794214958fb5399feee70131b16258d76dc09e6c0ce13d86c
u_01044,2025-12-08,print,CH,organic,f1c1330280f379552ac6ec3bae7c63c6cd952cf69c9f132d8b1dab0b5ba06b08
u_01045,2024-11-15,free,CH,newsletter,489cf23360e833a586618d8fa6eede2d549a8599f8cae5da762c1218f449b0c3
u_01046,2025-05-17,free,DE,paid_social,83cf242ef91b9e056c4ad5750f119397ee4081f3788189f9258669df3f70c666
u_01047,2025-02-13,free,AT,paid_search,8c8519553745903e8bb5d9232e64a42c08b650e1a8817db8eb53358ea4adb874
u_01048,2026-01-27,free,CH,paid_search,1be50c9edf4fd80bdaf175d6923efc7b1da50ac9c8cb9e9cdfe778efe6d707bd
u_01049,2026-03-23,free,CH,direct,7d086ac93e9e7b2b32c1d9920e1338dd85a5575ac2278b9325185367f95d91b2
u_01050,2025-03-20,free,CH,referral,d473db87bd70f3a2657e0fd58cce52cfc8c95fd485f12f9425334027808093d4
u_01051,2025-12-11,free,CH,referral,3b855fc664e74bd77829db45b23d8156898d7e070b8771c2f76807ecff744bc9
u_01052,2025-01-15,free,CH,paid_search,f5acccc105e4d0dd203b702739907e62f4a2ea26fbe241aad86a76330fe34c87
u_01053,2025-04-10,digital,AT,direct,e7118d41788301d37ef34c7072256eabd09721bc158152469bb82abb2a55479a
u_01054,2025-01-18,free,CH,referral,3de990208d1f3dc1eddb45c26421a1db6d417023134417cd2a9657cbc2eeaf39
u_01055,2025-04-16,free,CH,paid_search,a41c0ec3afbe764dc8bc44be2ac7488d40629d834c24b49f690984bc2d41e2ce
u_01056,2025-12-16,free,DE,direct,127edc33efd33356f38886322ffa076b5c15570ebdea198bfe7b49435b3c51b7
u_01057,2026-04-27,free,CH,newsletter,20c02df4124df13faeaf836e4f590f5193c72954f10f274cfcf54bc4452f7717
u_01058,2025-02-17,digital,CH,referral,1300d4dea2ff36bccc5837f4d915a83e722f8e6e312d1d1ee7925124a7e9aeeb
u_01059,2025-09-22,digital,FR,referral,8e557cfa598bda77375708c99e20bc0a73980ad5351bf023f64754bcaeec3bd2
u_01060,2026-01-02,premium,CH,paid_search,cb7d755f0edf5a4875e7de2d79f2aa472ceba28a66d0b12bd0748dbc8bed65a7
u_01061,2026-05-28,digital,CH,paid_social,52bdcfb93bce1aff984f5f5122757a41907bb1f0a5170284357afe28d7a786e3
u_01062,2025-10-31,free,CH,organic,70afa5dafa4ce3ef96741c25644e4507c48b882931863aae53f80a04df0a1db1
u_01063,2025-03-26,free,CH,paid_social,68d9971fa165b04b28aa74f920e3c6d2df6dbf0ca28df31b86bc1fe5abac93e6
u_01064,2025-11-11,free,CH,paid_search,512836c420fed617f00fa49730feb5ab49e854319333c79372d622e7bb408f45
u_01065,2025-05-12,free,CH,paid_search,4d53f86a5eb53774259f8bc5b14e96b436cde2492027dfdfa704d729981d0099
u_01066,2026-06-13,premium,CH,direct,1bef2d0f8dc28983b52dbffb9f0cd3ad0a89646313ab935bf1ee2f0e11b821c0
u_01067,2025-07-08,free,AT,organic,c47d2b1112b00c6bd5ea5dbdbb2dedcec3cb43a6783b5975f4810b191110ce74
u_01068,2025-12-24,free,CH,newsletter,43af4fa4bf63100492870d33340b30e5498b21e0048b4df85354accdfc5a984d
u_01069,2024-11-17,free,CH,paid_search,34c0bb00dd3dd0b26858fea598f79144c301fe131c2937240c372ae49dcd8ab5
u_01070,2025-07-08,free,CH,organic,d5534566482519a980c6c7625b04b994da6a62c09bcdfb2e0781c411a20da6b8
u_01071,2026-04-02,premium,IT,organic,f476f4bec86f1a926e301875e48004d4fe60638549dcf312145e09679e46ab96
u_01072,2025-10-31,free,CH,paid_search,897dcacb9bef7d36c4d9360b1ea88e685fa7fe83178d08762231f8add2602673
u_01073,2025-08-09,free,AT,paid_search,2f7ac746692fb1070f80c7982489e94f7070782c8559c27a46481506742841c5
u_01074,2026-05-16,free,CH,paid_search,f6cc8c1e8e87be77c348d136f60a86a44fbe6bab9cc76ce86e81883329c8e6d4
u_01075,2026-03-18,digital,FR,paid_social,685ae3346ed61504d27b98ea76afc328c794e7b56d0f9d43c32b8755344dda1a
u_01076,2025-05-13,free,CH,paid_search,870369d85ff288ade2dfdcc34b125a03afe1a438b9c00a7a3364dcd1db386b98
u_01077,2025-09-23,digital,CH,organic,e312ca4268f9616e57a6fcb3bb7a8abf0bee0af7d933d662f1ea2e3757ba6a47
u_01078,2025-09-05,free,CH,paid_search,ac8968b1514679e3ae45fa56c8f82d9b7d25fbaa4b5be7ac4b28f23566eb8608
u_01079,2025-11-16,free,CH,organic,6a4b3f4858c44a8cc272de26fb7bafa25280158e2b0a3b7676e67ac44acee008
u_01080,2025-05-22,premium,DE,organic,856855ebce83201572951181ea1a09fe4dbaa56a64df56b77c3fa4f2ae8fcac2
u_01081,2025-03-18,free,CH,organic,c6d8eae732a395af609a6b71970c4872c8d8fc0abfc15077b7ea9b3c6b5acec3
u_01082,2026-04-29,free,CH,referral,8d617a90f2b1e51bc29439c8646967d9dc52d6eaa1d015829f8d71bc5f23a369
u_01083,2026-05-07,digital,CH,referral,70124a2a790d0f25aa48ff2862ae17168c703b0861fa77713503994de41fd776
u_01084,2026-03-10,free,DE,newsletter,d1b71b7ab6e524c5ef12ca580e427ddf8e42aa54e9ba9c8fffe196d34406972f
u_01085,2026-06-15,free,CH,referral,2951ae70134279a4a232a9ff814cce32172a89d739b65a10839fa756d3ba792a
u_01086,2026-01-17,digital,OTHER,paid_social,47c1f62b7a6c7d72b6efe17d88d6040133abe76b5caee81751b2805dbd77dcc3
u_01087,2026-01-23,free,DE,paid_search,db09d14fbe0aadfbe5b0f36f1f930da107e70c5d12869c4a0cf1a251d012fcc4
u_01088,2026-01-22,free,CH,organic,842ddbdac11e289167f631297697f9d5a7a05d941b1df9bee7c15018086f5927
u_01089,2025-09-02,free,AT,paid_social,e3b0261083a190832f1ebdfd53b9cb9ec220e4331e9c41b3100003cbb288b0be
u_01090,2025-08-18,digital,CH,paid_search,17905b78b065bdd8c263c6a8186e18b4aa3bba9c6aa15a3cb30f7fc44a4cb9c5
u_01091,2025-03-16,free,CH,organic,cd94e668e4ee28eaa56070336e89efbac811cfb03f02bf95092a37c3e700d648
u_01092,2025-11-25,free,CH,direct,74f3ddafdb7ab67569c216f8f4f138767f9240e745f91d55299980be6bd5f782
u_01093,2025-04-20,digital,CH,organic,d99fcb11ea23efc74026c192d63c1fb979b1b42ebfb688213776afd97564a6e2
u_01094,2025-03-28,digital,CH,organic,0e79b6d5feed2013105c0f6db86000a681369945899193948bc3d67dc278cdd7
u_01095,2025-10-14,print,CH,direct,98c1515ca2f48417a6124f8adeb0ca09e5d9cd0eaa7d93d467d8c2cdc14df2da
u_01096,2025-07-15,free,DE,paid_search,117b98a3ec6c88e983ad7fd60dfdd362a8724bd58d6bd71c6603304b4c44a466
u_01097,2025-02-28,free,CH,paid_search,3bb167c68e3be4486a6ca4c7e69d2247df322f2e1b0acc052001ea7e0c46a358
u_01098,2026-02-19,free,CH,organic,ddc90e07c4be724b165eeb2d88e285fdc5dd3a8498c775812474ca52e404a153
u_01099,2026-03-22,digital,CH,paid_search,f5302f4c7db804d3ab40159321c9442e57749e9e6d1efdce18f910ba055e2b27
u_01100,2025-01-27,free,CH,direct,5f523716841048c673a6571cb75978dbce5d18165f368f7409e91807da79f979
u_01101,2024-11-06,digital,AT,referral,3b9969da105df3e0cc05f4e0d0c44dd82bd562572a61dd78f53aabc407a9b31b
u_01102,2025-05-23,free,CH,paid_search,29a0b110202ceb1ec3e1e39e660ef00c57edf7e1a9f77cbc3b0a9f14d6f2c477
u_01103,2026-02-05,digital,CH,paid_search,61bff77c54f3e3e1f7b4a3b3065558da95aaa43199ff6c45244482ccdcab4cb4
u_01104,2026-03-07,digital,CH,paid_search,b3c8d4c24751ef8a01afd8a6f4b9e4453622b87de3e1726c055ef42d2d2dd71e
u_01105,2025-01-18,free,AT,paid_social,1b18d0ada1e0084338e9b19544cd101382a3110f757a9c4063f9d3d17233d5d7
u_01106,2026-01-26,print,CH,organic,20ed677db7ec5dc725837f23f1c5442984a00c0508ec945e823aab26b657d7e3
u_01107,2025-01-11,print,DE,organic,eb03ee7c40a52bca7b59a5d50cd9f06cb124556cd8dd473c284ebc07040b6b46
u_01108,2025-07-01,free,CH,referral,337216628d758d9d59e9812dea28a118ede14fe0301c7d8954f6de4f57c57e41
u_01109,2026-06-30,free,CH,newsletter,0e182cd10d6d814684d0af84577358ab8a2a1514ff2fb0a3a8b35fd8ac5426f2
u_01110,2025-02-09,digital,CH,direct,d204249c98c6d7dd058a806720825c7808edcab5ed60152772dbfa8b8d8be7f5
u_01111,2025-01-23,free,CH,newsletter,26ac07cff57d01b1d1776a9b5e44043c203e37966a0c71f468b8ace673747d19
u_01112,2025-07-25,free,CH,paid_social,2d47cec41668cbc451506057f67a133d84a65958250999108201a1ef652acb21
u_01113,2025-11-07,free,CH,newsletter,207d6cf13ca7c3daca145c6648a75df837cdda82c9638ef730536b80d260fbd0
u_01114,2026-05-13,print,CH,direct,1483e2840b5cfe90d86d50ba6e228afda020220fa1b09a3ac435e5695f946775
u_01115,2026-06-17,free,CH,organic,b2d3578a6d1bd7d369ed7faf5419599c84324b0e9cca58d8a06c1d7e7f02b896
u_01116,2024-12-20,digital,CH,paid_search,1b7ae508cdb1d12e85ab724923e2b7e94a68cb5dd507301b0114f2b038539cc3
u_01117,2025-01-18,free,CH,organic,0760e40d1bc4859c8e6d9c562f59d36215b14483804fcd5c3fde6ef4d95e2627
u_01118,2026-01-31,free,CH,direct,acce6ad28a9004e448416f03f1f1055fc7b877ee523d9901855aa4486a1e9ccc
u_01119,2025-04-06,premium,CH,direct,68defc702927f596a5a8648fe1222e0a13127c05bd1d7d179d40e697cbd70752
u_01120,2026-04-09,free,CH,newsletter,53bcc6e1a28576b3c8a5a2cd4bfbbe720c6b4638b153dcbdc4845b024ce23510
u_01121,2025-12-08,free,AT,paid_search,3cd19be497114e6a4d5c690f8c741b05f855dd3fff4b65176c22f3c36dae0ed4
u_01122,2025-01-09,free,CH,direct,d20bcfd10f1f94f657549988452c9378edc6bd13c65423cb6174cd581cd01b17
u_01123,2026-03-02,digital,CH,organic,b5c4392ad77e249c90ba8ad98c67b5f1d251d49d271eac205158cbdef894de83
u_01124,2025-01-30,free,CH,organic,b0130ebcec533c8d9b38fdbb1634914aa36ad1eccb0e58fc8fc89e8d1b8abf96
u_01125,2025-07-25,free,FR,paid_social,d5858be633167e7520f95120b8b667a4fa2e758d8fe85f38816fa7f75a6e9a36
u_01126,2025-09-25,free,CH,newsletter,11a3e22dcff1172d362efdaff4cb46c49a063174883dc5a9c1dec937c78fe80e
u_01127,2025-09-09,free,CH,newsletter,104fd7e62b66b512aa4a06c47d87c82a5083b0bf7d27de4f7429ac5559eb14b3
u_01128,2025-12-25,free,CH,paid_search,bb2d2a7a9c8883b095b29d40fcc60b439ed044745bb6393538de3ca845c77941
u_01129,2025-12-01,free,CH,paid_search,bd57b94a25382547dbc8c763cb715a575d2e3a9b750ad82abfbd818c3bd4cbeb
u_01130,2026-06-25,free,DE,paid_search,5224e6593b50e2214bd858a3158502c4d9c56401f3523046c62a895a262b299d
u_01131,2026-06-30,free,CH,organic,6fbce1a567a7f2ea172427181fe9ce85f74f6abaabb9e66a6abf5ab818da3041
u_01132,2025-09-14,digital,CH,newsletter,d901237e031e702e0f09d778ac7cb3801056ba2c4d81091546a6cc94a5d48b5b
u_01133,2025-01-04,digital,CH,paid_search,ba4cb94babee1e0f8c27482dfde9ef89c347eae044a11317217ecc92ae9bf3c2
u_01134,2026-01-11,free,IT,organic,b5ae1fed8945b803ac9ddabefbd94e0fb09c30f06ef17849a7ca5c72de42ca97
u_01135,2026-06-14,free,DE,paid_search,49427878f729e851ea5f3088c9f15105f77fac976429b0da53495456767e1f50
u_01136,2025-05-11,free,AT,referral,da762086ee3cd908da93753d69fc2299092d31fee8434ec7f5792639ca831f74
u_01137,2025-08-21,print,AT,newsletter,7b76bd48da9a1a23f60bd355a646647491b8cf63b77ed01d5fd97dd45ddd6a28
u_01138,2025-07-26,free,AT,organic,9f55e44f86661001cf8430518da0fb66317116ff473b249c281b0e850ac8a5c1
u_01139,2024-12-07,free,CH,organic,d6f7b8d1dbeb316247bcd9b0227fedfc2f3caff2f423d2e9d779dc5dc8629618
u_01140,2025-12-15,free,CH,direct,a89ea66451ede2b277c21bf2bac27efcd7f8fd76bf5e460c5d5096cfb61622a7
u_01141,2025-06-05,free,CH,paid_social,71cd75728eeca030f9fc96a83edaf01486f3be79a2a55ab44941eb6ac9d78b62
u_01142,2026-01-30,free,CH,paid_search,a41cab8890510de487bef4ab3688c05ed79576d7d6466a0f595585198c35deed
u_01143,2026-03-02,free,DE,organic,e584edfd4dad5165d17654ecf1b808758f087aca76341fd0f9cb8f1fd75d8ddc
u_01144,2026-02-22,digital,CH,direct,bd3bf6454c37171f36a874ad2bdafa76af2061e1794031a01d59a72ae9943011
u_01145,2025-07-20,digital,CH,referral,1c278954955345b199542906e2bbfb33bca89860997374bec61ca2c8f7215751
u_01146,2025-05-13,digital,CH,organic,5b77dc3b06909d9a275077680219cfc4e38deeb8ce32cfe50baa14bf34994448
u_01147,2026-01-18,digital,CH,organic,8686845d7e1830a99cce2f74e05836d5535fcc811c8cfb1308371523d0b77a29
u_01148,2026-02-08,free,CH,organic,f173d2a036f269cc47d7ccfe26d99bbc10d6921de3e41581432b23baa76d27da
u_01149,2025-09-06,premium,CH,organic,fb245f7d80d6309c550a8cddfe2656d395401120a56ae122625dcdb43b1a849c
u_01150,2026-04-15,digital,CH,organic,ce4c957f36f95ed317ee24f98d31ba4b29874f08033c1004fb46b61b2c4e4454
u_01151,2025-01-20,digital,CH,organic,a14cc3892c053fb70378fe12045f0f4cbe7c1387287b600f3161c3f395ca2e56
u_01152,2026-04-05,digital,CH,organic,b80d1044fc357827d9ae7a6ac2ab820e41ccdcdf3f178706822c3013331b6bf8
u_01153,2025-01-04,free,CH,paid_search,b77e89b2d26f3eb876bf16949de36f9677224d9063da3959238b4f2683af4951
u_01154,2025-01-23,free,DE,paid_search,c4124e2af27dd749926787133d8930e25593a8558ecf9048e83ca339fd458cd2
u_01155,2025-09-19,free,CH,paid_search,ce035ef40020685055f90ef16b9fc32d9590a9ce97aebc4e5aecbbb80b19737d
u_01156,2024-12-19,free,CH,newsletter,0b10c3d2034363a1acb6e5a6235f9171fac9ed0f2d87888ce98ae1a8b356ddb7
u_01157,2024-12-08,free,AT,organic,065738821838b908ce9c371356fddd4e9f9fbffc088549834f3bea55fce6a600
u_01158,2024-11-01,free,AT,newsletter,6af55d163cdfb275f3fc1d7c75d5f42ba12d02f314d9519e8fc043046c91a064
u_01159,2025-08-03,free,CH,direct,a326531671f6f8f9bf323409bfe2dc6dd07bd31ce46470eadba82b5f552472df
u_01160,2026-01-26,premium,CH,direct,5f36f15b8ca4a9139bb4e4b399dee02d4f5132b8507a539d8f35e6706f7b9333
u_01161,2024-11-25,digital,CH,organic,94c8d8c7bb8bde60704679ffd818510a82344d176bf578490bccfe896041e75b
u_01162,2025-11-30,digital,DE,organic,ea3c84f58ef9716171fa5549a440cce96a9a6d9793a90542568ad2ed7bc47635
u_01163,2026-02-24,free,CH,paid_social,3307b94f295c6ae66f726789d69b783c0a62c9c4d354440b5983bb88257c2533
u_01164,2025-01-28,digital,FR,organic,faf154eeab69bec12cc275fe12f9f9b62d3ee51d4a770295e2d706580bfdd876
u_01165,2025-01-21,premium,DE,organic,74889e8cae48693bd312d45e6307d21b340174a34dfd52f1ea0580daabe5227f
u_01166,2026-03-23,digital,CH,organic,7a6db537083e6c601753ac5f9bea810007ab0490b5584229a2c17e1e094cf9e9
u_01167,2026-02-24,digital,CH,paid_social,13f550d446a1a1470b5c0ec293acdb502b3e33239466d52efe6a1f153752a5c2
u_01168,2025-09-21,free,AT,newsletter,10f80cfd6814292073a02d2f2ce717e68a898a5e633716ef17577ea88d23584f
u_01169,2026-02-21,free,DE,organic,37c59469a3a617a85e7938b99843a5ead40bb761e35ce1c6606d50bdeb18c350
u_01170,2025-01-03,digital,DE,direct,4b1dbb762c5819ad21b3dbab231a1767423876b66f77edc0989f67ff0f0fef1b
u_01171,2025-07-04,print,CH,newsletter,472005965ddab4ae5410938a2d027b1583761650cda47fb92a81a5d1127f8633
u_01172,2026-01-14,free,DE,organic,f9d72ac4805a793f3769214d5c3308292038ed653a4bb0e47097143eda3d71fa
u_01173,2025-03-28,free,DE,paid_search,3ef308fa983699612caf4cc7b0311b3027ada6adf86ea1a66c8f8eb397ab449c
u_01174,2026-01-19,free,FR,organic,61d883569b874d0e03d857c5f20cebdd7264a564169a4497ad007dd556522ae2
u_01175,2025-09-10,free,CH,direct,58ccd2fca13e91ec455dad642946e9ef4767376bbbae6d75b4d825514c4cb75b
u_01176,2026-01-18,print,CH,referral,0e176800a1a08ca1b1afd393a9b036784aee5c5f08bfd77bdec92505a2791e59
u_01177,2025-08-24,digital,CH,referral,debe8f821bc9e9a9b0dc3fd93a289d98d7bde8f942bf41aebaa1c5b9aa34b0e7
u_01178,2025-06-15,free,DE,referral,ada1df9bc40360a16a6b5cffe1084ff963227e384fa3340d0e5c31059b1f21cd
u_01179,2025-03-01,free,AT,paid_search,30f5594b29a536f31d52fe0455ddd1976668173e414e02fe95edb8505c55843b
u_01180,2025-02-21,free,CH,direct,947429759570799646ff477dcb7ec605fc4c3c5d45c68252126c060f41ac4672
u_01181,2026-01-19,free,CH,direct,7de9b32d5db893ddfaa115e5622f75a8e8f8ed00961db8698795aacc81ecead7
u_01182,2025-01-12,free,CH,referral,a3f4a75cd59a2600a54ab7086595f90d9026ff90d764abc619afbe496f46872d
u_01183,2025-01-01,digital,CH,paid_search,7ac21b1d57b2b4f01eb15ea4866912f94e9089d271a4be7807ac2d90e4d544aa
u_01184,2025-01-30,digital,AT,organic,a27661700c980037a13a992815afdd164066723568758c119ca6224b8e9d37b0
u_01185,2025-01-30,free,CH,organic,c8adee7061099bd173be947abb8c19844e79d4b9a4853c110b97b1c14caca021
u_01186,2026-02-24,digital,CH,organic,b354d0765db5b0e3de0ec548c977311dfc6ecb4d36033065c0744ec9ac6b0063
u_01187,2025-07-07,digital,FR,paid_social,185a26f6c0244c7606f988bbf2d03fa78161b88bd708b17c3298c53ede86e94e
u_01188,2026-06-24,free,CH,newsletter,f3f66d5e2c343246bb79085060f49deda6103f0abd93eef4cca9bd4841429e83
u_01189,2025-01-18,digital,CH,direct,1de304dfb8705ef323af212f368bf0fbafa93cfdb36a2ded16681f21543a9f51
u_01190,2025-12-01,digital,CH,organic,97301142e5d0751ebd6eab47849234365ecb032b23c134f06f30b65db74b01fc
u_01191,2025-08-12,digital,CH,organic,027f26ddef9f5c850333b5e4014ff9cfd9941a7883f5aa49bcfdef6fbcfa8edc
u_01192,2025-07-03,free,CH,organic,58c0728effac9c907f7fb47f4444917d484139251ec45d30aba88d7cc3f92b9f
u_01193,2026-04-02,free,CH,direct,3a04d0c9ed7a6fe05889187c69437877ed2e69d192f4abebc16bdaeac0b13cfc
u_01194,2026-06-13,free,CH,newsletter,d397dd5708af347f267566bcfc6d7b671e504047342344a2cf3d010d4676fe23
u_01195,2026-03-31,free,CH,paid_search,349e22823d3eea74acd6be172937aff5eef42d7af04ff933efb1203ff7fbd98f
u_01196,2025-02-09,free,CH,paid_social,9304bb35d54f5dae30beb9b4ae60cf5c6681c36f7a1e85a2eb6a1aa5f735416d
u_01197,2025-03-02,digital,CH,paid_social,acfbe339855f417303cb980ae0859565d9a812ef57635d2d7b39d98e0b1f9af7
u_01198,2025-12-03,free,CH,organic,dfbee913aca986f2ee125035f03736613d1ce555108f1e98adc0713110a03d76
u_01199,2025-04-20,free,CH,organic,12be32f5f9e4dc0f839cd91442d0a5483c7f584a0316da559d0606c95402028b
u_01200,2026-01-13,print,CH,paid_search,8773b860d2a129d9fe1858f83bc3e7896a69f045b4425d8664a5e11df2eaa28c
u_01201,2025-09-30,free,DE,organic,707744841800b95151e2126dc51d0856d796bd7d7be969c4242e8eec5fc00f52
u_01202,2025-09-25,free,CH,paid_social,0c8a96e968428d4d3153055cd14f0a9be2591b888ff9e1691b902dfca77f578d
u_01203,2026-02-27,digital,CH,paid_search,6b9974ea125b4558bf5a718165ebb3c8f0b8b162e58ec59b6a732cd5367e659f
u_01204,2026-01-05,free,CH,referral,7521629f47ca468509973ed5fe3d6007687618c2f02abccb03a815b3ea2e02d4
u_01205,2024-11-20,free,CH,paid_social,f0e52ce99c5d69f55cdb1a68c8fb9836855a3b0eab02d04af0bb2ec8c282d140
u_01206,2024-12-06,digital,CH,paid_social,5ed4641622561da3bee42b4c4d802cab8cabbceeb7eae24063e75d6abd6ab041
u_01207,2025-10-25,free,CH,direct,b9b3f1aa9729418163a8364556bceaea4e0d8c050105e852df78ae2ee50a3614
u_01208,2025-09-04,free,CH,paid_search,ac55321cffdaab8ab1070b966eb4c3ed46faa2f1f0d410f6b421bc7213b5f293
u_01209,2025-03-30,free,DE,paid_social,76a5d7d482dce8d9d957c351cb8e1ea6239c99fda04afe0f68d409cc7d6f87ba
u_01210,2025-07-22,digital,CH,organic,33da7f0626bae2027084c5285f6feb74ca800c8cce1599824a486b8f04e671f5
u_01211,2026-01-21,free,CH,referral,94da6267bc3d0493720981c80fd69e27f9907b7d12159b9ed35d32e0305b9076
u_01212,2026-02-26,digital,DE,paid_social,5d2c77a5e8b358da4101889f7a233101a01f16e08f23c38b0e7f754a39a0a07e
u_01213,2025-09-28,free,CH,organic,0bdc74447b0117c38ca034d6b1610dbc5a963210c56d6e6ee80fdc96dc67680f
u_01214,2025-06-28,digital,CH,organic,83fb74f258c131157f4be40b368b257aa7b740f7843a469219b9716a5a5906ef
u_01215,2025-04-06,free,CH,referral,7f1bfd773c68f5ed8eb4d0a0c397343eac8d466ede6e1ab006ebad4634f816c9
u_01216,2025-09-16,free,CH,paid_social,4b45c1878537a90d8477035c5fdf241d601c7f255e73e00efc498d8aa5a382d9
u_01217,2025-05-08,free,AT,paid_social,0557c0ab13755fb13617a1e76d95b5fcdf456f93cac747d3b68e2030b1ab7c94
u_01218,2025-09-29,digital,CH,paid_search,6b89f30fe648f368801eec62f2bd5eb38423b794a0d69159d30b3b83c4e8b80d
u_01219,2025-12-18,free,CH,paid_social,8e97ce35da6598b0aec4039f7d3279c499ed936c50a30d4a9bcd54f921313bed
u_01220,2024-12-18,free,DE,paid_social,203e39dfb64615befab68a8392cd9e08b386a6540573b3a46a3561e115a78bcf
u_01221,2024-11-01,free,CH,organic,861f34bda9ade875dc13d1f7b8ff8caf49c9d6ab16d78e1f560ef84acbda77a5
u_01222,2025-02-24,free,CH,paid_social,41e15bcfd9e181a2f66b4cc92ad4cbf230e876f5941135bbef19411b2061697a
u_01223,2026-04-16,digital,CH,paid_social,641126c79b4be87e93e2aa4d82692a5a87a1f2c2fc2e7f978bdcf7254b70503e
u_01224,2025-11-26,free,CH,newsletter,052c0fb664cd972f584f67c802af0cc084a1353d233ba696455cc6aed47afb57
u_01225,2025-01-29,free,CH,paid_search,a67a95ce4af8c16e4c0f2e5f936e4add914a56491b6077d0fa7659737c7ed814
u_01226,2026-04-13,free,CH,paid_search,02f1d498489e95084c1858a8839293b71b90c3f51c8aa830ecceef2f5066d6ef
u_01227,2025-08-27,free,CH,direct,bb066b4360136f1b4d08d33e3ade39f9304cabe051a9b80814d35b7c1b5fbd58
u_01228,2025-09-01,free,DE,newsletter,efcc5d033f26266348f5828782f7557e326efea88133b1b7ffac7be409ddcc36
u_01229,2026-05-15,free,CH,organic,745f2f0815e791632f784bee3bf4fa9bcd6a5d18dbf0b1e087cbe2133c724385
u_01230,2024-12-13,free,DE,direct,fe338a6dcb1bb68b2e819b0f3dcbda635fc18d88f3b78563e4048739c1c85175
u_01231,2025-02-26,premium,CH,organic,261b206728a4978411cb363e4465436874d1db55e93c0e56bde2b5c5b92e9cff
u_01232,2025-10-14,free,OTHER,newsletter,cc5ec5993287e038e173820173303d6d2e3fe63e9fbae2ab9d60893f769f500d
u_01233,2025-02-12,digital,CH,organic,1ef10e7f06f32bcb3f91399cdee7e510786d25c1e6bb244c0734d57661d8c950
u_01234,2025-12-20,free,DE,paid_search,d1b2f44d62255cf74e4d586d817b52d07b78266c4faeee8ca79a43a154cd802d
u_01235,2025-02-25,free,DE,direct,1b72d090ded4e3d92f7b77db65593f74b7b8414b16b67cdf3bb1b44063424faa
u_01236,2025-01-05,free,CH,organic,b84f78e39fa265447796a06c0fd049388b4142a0166f32b2dfc0008e9908cdcc
u_01237,2025-02-20,free,CH,newsletter,f1805496005a2c3d9aeda2c614815a5bea417b753af216b5c2bde76fee84270c
u_01238,2025-07-25,digital,DE,paid_search,fae31b8a7dd8bd09ad02d623051c116b6d69cdf80b249000a8186d6ee69fde1a
u_01239,2025-01-30,digital,DE,organic,cb0333c6fb321940132e6b381c2f7234030f61d53d2b629e7bc0a0e5bba25cd5
u_01240,2025-01-17,digital,CH,direct,ae0ae0f2db21344b5e56ebb1c94eec2a36367eb8746c5c15e2a2819b7ebd20ea
u_01241,2026-03-22,digital,DE,paid_social,642e9e320254c4a9a92d379581fa7122318886d86cea3a6cfd9d73c26177bbf1
u_01242,2025-05-12,free,CH,newsletter,0b40e3f6a5e8b287802bdd2ca106e4940b2d2c971cf58d18741f938b81e1036d
u_01243,2025-06-10,free,CH,newsletter,12f2561f943546ea8751cd5fad16ea3117b934e6b36c8d4bb1ca9fb49a879bb0
u_01244,2024-12-10,digital,CH,organic,407f1918628bfc09affce7fb8fdb088065da94e46df65139d8537f7818c0845a
u_01245,2025-06-08,free,DE,organic,8eae56f1471e48b07fcc0e13ad5dda4ace1136eebdc5cd2335d55ecfa1798e40
u_01246,2025-04-02,free,CH,paid_search,44eaeab8859c523911e3f2f6f00fa476465d5a261b139bc8ac0aa41598ca5c3b
u_01247,2025-10-31,premium,CH,paid_social,7fbb031df171465253a1909e34a222eff14e26a7dc39f5705aabcf2c2d4da8e7
u_01248,2025-02-19,print,CH,organic,bd665546fa7faa2e55ce1fcbe41e4f49977c4683377fb24bd2f3af5a1a04c5fe
u_01249,2026-04-11,digital,CH,paid_search,185c1ee28301b3a7a59f8cdb830200afdf32ef9adcffc3ab6a8a725a5df153e5
u_01250,2026-05-11,free,CH,newsletter,82032fec5c1e3ccd7f7febef2a3ad4a83b7cde02d833f557339ca43dafd98f2d
u_01251,2025-01-05,digital,CH,organic,0bdbfca87a0c852fcc85bd0ca205b979cf26bcd4396f7b2225a7ba7ccfb9266a
u_01252,2025-01-08,free,DE,referral,ad21c7f641c08e7d5f69cf7cffdfd68cbfaa5da83406e882a9a236a77e2bb3a4
u_01253,2025-01-10,free,CH,paid_search,fbd86c837dab40178fa9ee9967f4551458eb95960e18fdad8d63c9e511994b22
u_01254,2025-11-07,free,CH,organic,cb8c6e5eed5f7fc50ba2d7e873c4ec8c415a542bfcd18d258dcff5da64146402
u_01255,2025-01-13,premium,CH,organic,27e785595285e89181cbd77d5bfe22824a926f6ff5b42832ddf16397ac1f05a2
u_01256,2026-03-17,premium,CH,organic,173387a3c1f9abe9a6e86a3025f67d85b530850ca562ed7969bc88aec3e3199b
u_01257,2026-01-20,digital,CH,paid_social,6644fc4231cb2bacadaa405e0eb739cae4e4c39fad8c68666765e1970e532c24
u_01258,2026-02-21,free,CH,organic,906730c7c3425db4b565009f96a784db9a4a950ec546ca8d87536ddf85cb9321
u_01259,2025-09-17,free,CH,newsletter,55b292b9d24bf0dd1020a1782632dc8f807bd90ac2fd27ce6dd5a1d2c03f1e79
u_01260,2026-06-28,free,CH,newsletter,758987d4f5da0235fb47a16ce9fb533abff7942e681b2279a2b1e0bc575df676
u_01261,2024-12-02,premium,CH,organic,4f3ec0a28a8f4f459c1dd3b9fc378581660bf7459c8bf9427946c8bd94ba62cc
u_01262,2025-07-09,free,AT,newsletter,6e5c8258a0644e1def7c51de1a807b9913289a10979186b634097de9f60c9743
u_01263,2025-05-15,free,CH,direct,e74ca5fe73db48291986183bdc95bbb01c06e4ad35787392283861d5a6711f0a
u_01264,2026-05-25,digital,CH,organic,5651b83dc01a074260a8722b8825f3fe82b24389439cdce2a07fe37470155222
u_01265,2025-10-07,free,CH,direct,ad6791a05f73c85fd3dc7a24cd078cc51f186d55cdc47e41a020576550a56047
u_01266,2026-02-11,digital,CH,organic,12605ace2cad082721a980cadda3bec5a2ca9f3a737885818f5e3c6df97e71e2
u_01267,2025-01-28,free,CH,paid_social,5d169b0d76a8c3300c873b113fe9ad624b9918c2b735da61fed18c063b94fd77
u_01268,2026-06-15,digital,CH,organic,92ffb5881095b88be19b034ca4afd0c676cadcf769136aab29d3eb9bb24568be
u_01269,2025-09-08,free,CH,newsletter,84069c5843594786b873133fd86540b5ec303d62314a1cff1456e464b7b4e683
u_01270,2025-09-06,free,CH,newsletter,7df31574835207b04df07e2165e8e52923a45b69d532ee4d23302aa6725879f9
u_01271,2026-06-10,free,CH,direct,a7532507ad3fb4eb00e11193a1b183ecf8502ca197b0c78a3c998007c2e2973a
u_01272,2025-06-24,free,CH,direct,a26c5afcf035c2e3159436c546622d2febd860336d397b33e657eac3ff56bb11
u_01273,2025-07-06,digital,FR,organic,570b634a6b0b40804076649f0c4688823c1c0ed76facd0c18dce396aa4558e7d
u_01274,2025-10-13,free,CH,paid_social,0348730a2a90d677afcd5a9a3015851df6309de6e287de0c83f232fa6e441572
u_01275,2025-01-15,free,CH,organic,0045b96381c687af9f4d3517552c732cc1da1bf9b55e391e58d49ab57f00247f
u_01276,2025-05-13,digital,CH,organic,c700168aa0e5f499bb9b799c2c443a475d89e50c79476bf31bb30af93744a088
u_01277,2025-02-10,free,CH,organic,7f2a52310cb1bcb7c926e2dac2982f61537d7180e080a92df7d58edc6f6deacd
u_01278,2025-01-06,digital,CH,direct,dcab5b100383336de0016e6767a557185a6600afa0ed3e4de6e81ea4be8e0957
u_01279,2026-03-26,digital,CH,referral,b8e40200961e43ceaa49f96f6a8ad6134b089730543427757a6a38915f420a91
u_01280,2025-10-16,free,CH,organic,e5e3e6fabcd11ae096fac2be60854e35408fdc777364dd85e8a35706e2ba5987
u_01281,2025-06-09,digital,CH,direct,183935cd0485f2122209bdfcdd3cbc8647eb54fdebc26b9cbed2701d13fcd254
u_01282,2025-07-14,free,CH,newsletter,eb2b186f2322a0983697cb2f2ca2da914e3ad3c07b1f1c53fde915d92ca6ce54
u_01283,2025-07-31,free,CH,paid_search,e72bf2e810a60372d28fc4d52dcad11f28d0f69aba7972086f0f2729550acedb
u_01284,2025-11-17,free,CH,paid_search,5054945c5b3a382b7b0a06f80f81e320f181c06cd878cd962a87b4f011de1de9
u_01285,2026-05-09,digital,AT,referral,6f20b7979f8f3eb75625631f902db3c1d67a3604e5c474b3403781f670183d4a
u_01286,2026-05-13,digital,CH,paid_social,4d7961f9c8683da2a0e3633c9a8e51e3df6f453f9140090eb91e38ae01e801d1
u_01287,2025-07-02,free,IT,paid_search,c6b583207852ae16f645ed65f220f5069c560ded6df4e78a44a900430d7a11d9
u_01288,2025-05-19,print,FR,paid_social,32cf3529bc554017b08351aea8c8a01d131e2d2a0e303689539546af65462277
u_01289,2025-08-14,free,CH,organic,1665fe22107acb9bc5f6e9a979ff012fbdedc15f8a0c4d548078841dcfbb9ec3
u_01290,2025-10-01,premium,CH,paid_social,5fb48a602416286c3e999ff896306a145fc70ce64159eb32707f0acbc317b8d8
u_01291,2025-08-22,digital,DE,paid_search,348c363cd033bc4f225824b1026e84d4b5a2f00263731b66df8c1961724f12b6
u_01292,2025-12-05,premium,CH,paid_search,a10299acc3521a1b7b98d4afa163dcec35c97880a25929d1bf0725e134440ecc
u_01293,2025-09-26,premium,CH,organic,3bf8b334f7ff89d23a571161611345a76ee3e1ef88681db9c61e7d87c6636527
u_01294,2025-05-12,print,CH,paid_social,3b11102b519a6353090f7e13eaeb4fc51e06bc535faa0bde9685116213cd860e
u_01295,2025-05-30,free,CH,paid_search,61b6bb16ac7eff37972951427bd1a4ac6bc35ba11fba726b95c3a39c6540df35
u_01296,2025-06-23,digital,AT,paid_search,4df3de5c67405e19d635aa5cb656040c34c88ab6f3ff116e0a055f0132059550
u_01297,2025-01-04,digital,DE,organic,0bcd801233f1a1f152fed9b260eefd727c059b4e21e7a953e9a4fd3309e3c9ff
u_01298,2025-01-27,digital,AT,direct,4cae736242538523210b4e2a4d79ae54a9aa823d001d9b545d86e983e0178e59
u_01299,2026-01-09,free,DE,organic,085c52f5a68990cf267dbf63905a2799acd9c3fe854ba5c35eca9f0d1696c796
u_01300,2025-06-30,print,CH,paid_search,5c99a495bc0cb6030ab5754c5544c9de237fbecec262b10a190823c429956a1a
u_01301,2025-02-25,free,CH,organic,04bc4a69cc98a0668bfda37d4539eef669b7c654dedf31d616d407c0a6d15fb1
u_01302,2025-09-29,free,OTHER,referral,e163c5bef0dc70fab3fc297c524fa6dd0bc605e153dcddcc7d48718f48143f6e
u_01303,2026-01-20,free,FR,paid_search,0be24132baafeb37118308c5ea9320c280067d255146d6e2da8bea7e4dd73b81
u_01304,2025-03-28,free,DE,paid_search,3aae51872a2384481dfa4da562cadd20303aff0bd34ba8c2f94f97d9a1a04164
u_01305,2026-02-26,digital,DE,newsletter,769890bf3fd2a9ba75bd8bcad8266627f8ff8de638bb13a2552f201a6522f9e3
u_01306,2026-05-09,free,CH,referral,b1a6e1d820568a8137b6ec49c6724f58d43ef5bdfe27754fc195b3c2a110d79b
u_01307,2025-10-22,digital,CH,paid_social,10647c89bcf219f710dac202940f9d358645674772e9d8fa08d66fe77ae8aa65
u_01308,2025-12-12,digital,AT,paid_search,8037e70b9c2b685972247daab3afb9aa6c0f21cdef1bcfac02fc85e28dcf99f5
u_01309,2024-12-08,free,CH,direct,c20382cdd4857dd95b6b2cafd710fbe60364c50b87431f6e3a4c1bd5a8468f69
u_01310,2026-05-22,digital,CH,direct,a16dff588b2447ae0ca21c6452654998a4e1aecd34b0cc8baa2f2f1d43ef745b
u_01311,2025-07-03,free,CH,referral,ec31ff2e63232dbd2cffbe1b06867ab2bf54de7277d8056f3d4be5bbf526e94f
u_01312,2026-05-07,digital,CH,referral,703cbb8a19e9507c3a59520f1cf59172ecc8d617c82579668c98368ac7add9f3
u_01313,2025-10-09,print,CH,newsletter,a2eea1eb4a110d535f861e15dbe4aaffca0ce67ac74f654a66eea16a68388bcd
u_01314,2024-11-04,free,CH,direct,1fabaf8a643f4f029b6a273be621e6bfc7119c170e6771e8e94f5f4658e2da05
u_01315,2024-11-28,digital,CH,organic,683c6630eb93d45d379feec64e5ca79220453db361de3c67dd6cc0ac9a78106c
u_01316,2025-12-20,free,CH,direct,6df43d7f1d8753d2b6e49f86cd2291d0cfad37fc732df289ace958e6d3a94ffb
u_01317,2025-09-29,free,CH,referral,5f7be63d7ae8b120e0de5a23882285971335ecacfef303bd2110f4573e8ee1e5
u_01318,2024-11-20,digital,CH,paid_social,fa7f8287e2ae2ca38bd527914f7862050619af2a31c73038ba87169ca17fa592
u_01319,2026-01-16,free,CH,paid_search,446f5017c12f68a74299698722a8d065c3588835e2681293a81a8be58063ab32
u_01320,2026-03-16,digital,CH,paid_search,72077b5bc390b9e1870b08d5f69eb135143ebc04c8eaca2c57e2a1b9378dbcad
u_01321,2025-09-07,free,CH,newsletter,d312e4e81e0cbc057161c2c8b6e185ac0137505e8b4b50eba874dea03806dd3a
u_01322,2025-08-24,free,CH,paid_social,ccf3087279027297efc2ecb6c11ecdc10c647a9a0fabf5326fc5973a24845240
u_01323,2024-11-04,premium,CH,organic,98adf4a47ec4e752ca883dd8615c24d03fe39e8a9b595db726d404242e798736
u_01324,2026-01-30,free,AT,paid_social,d30e3985373ee00aa9e5daa597d383f35388f3425d6224c6ecbf6c3e92e272a0
u_01325,2025-05-20,digital,CH,organic,32ceffd9265ec3af78064d0408bebc468853e6730218719572bf0cd0c10f9fac
u_01326,2026-04-05,free,CH,paid_search,94dea25d019caf252d81e12720ca90422fccfeeeccc87de4bbf8af2c532c7cdb
u_01327,2025-06-19,digital,CH,paid_social,0eb9b35a36c39c2b3a415625ca1d4e2cb96a07b81302fa206315ae9616cacf3b
u_01328,2025-09-30,digital,CH,paid_social,34f8d0e4509edcf9cba2caab99d1f8b955c15440198e5dd479c67acf9c981d0f
u_01329,2025-04-06,free,DE,organic,b7304a04683feccd29dcf9ce899ea07d72c591a2bc2c90735e9fa0342ec6c409
u_01330,2025-01-25,free,IT,organic,e2977eeb80e0d427183e94214bafb5cdafd8ff16ce5028d0f9b830868dbc1792
u_01331,2026-01-26,free,CH,organic,3d881de4d5825bf3c2386edb3355b9a0b7deb70ad75a7f1d5160333e56b76a2c
u_01332,2025-09-07,print,FR,paid_social,12a9df562029bc012a6a60fe046966cf6a82e87a83e0cf2e8480d0e9478e430e
u_01333,2025-09-20,free,CH,direct,8fab67337de6a52a05157e6b8149f40901a232fe59c908c6923054612ad39266
u_01334,2026-06-06,free,CH,referral,278312aab9e2ce3ecef32056d308797f5abcd3dbc5d2da00a1980f5d6c42b1d1
u_01335,2026-06-04,digital,CH,referral,3a9082e03fac55ee7193e5e49f15452540dc2ab90f5eb6cb0afd04f6441848bf
u_01336,2026-03-19,free,CH,paid_search,a44a1a89d2aa5d0e6d67d22809d980efe3312b76f109b7d7150fd603b6c0f87c
u_01337,2025-02-06,free,CH,organic,a2c14e8c3cc4964971d5020f70f8ed48e146659fd6e6e0ba924d76ef78cf79ea
u_01338,2025-10-20,free,CH,newsletter,e6fef9d324724238b34be60feba8095929ba9ac7f4c3e04d3f922f3f9fb8da6c
u_01339,2026-04-04,free,CH,paid_social,5b6f8e592ff4c8f85069f4c8c317c61aa68576e20f09c7de0c41c45474df5ead
u_01340,2025-06-20,digital,CH,organic,34af2676a68bfca23fd3ab1aee112533f90ac36fdbf2439ad222465e73630f8e
u_01341,2025-01-06,premium,CH,paid_social,c3ba2957ac273b80b6ee89e268921f6512ae29f8b5f060d89201e5b9f3ec232f
u_01342,2026-02-15,premium,CH,paid_social,ea344eecc810b8ad8820fe13f2808c445e4c9bb9fe78118b5af615ed2555ae76
u_01343,2025-09-03,premium,CH,paid_search,44d8694b88b61aa6d94f85f236981dc73b5488360762c97f2deec28334c53a7d
u_01344,2025-09-29,free,CH,organic,47d07bc03a12b4d801deeb1dde6ef3a0e4f7516599b0164e3607df1f4e2cebf3
u_01345,2026-06-18,free,CH,paid_social,02421950a11f54aca6b794d346050479751006d344ae51a11c907e4af4ea1731
u_01346,2025-10-29,digital,CH,organic,ecfafbd0a525434eafa10a34e97d3ad772c7bf75b3c71e63616e4c9a66075778
u_01347,2025-07-26,print,DE,paid_search,eb956bce1eea8647a705e309c8f96eb39482f3c9558c770b1879a4b1bdeb569b
u_01348,2025-06-17,digital,CH,newsletter,22b0d68c72d2c2674e4d0eaf14a26f4e327e0700315e592a205d03240a8ada81
u_01349,2025-07-21,free,CH,direct,a12bdfe4ba7c6dd42c9b967db096a39056731e77d89eb2187f3d1707b4e05cfd
u_01350,2025-01-11,digital,IT,paid_search,a0765b4a09ea076995522782d5cee8e4fc170df1a14c37a96abb4127a38daefd
u_01351,2026-02-03,digital,CH,organic,92f14388d795bdf5a32f7de621435d28e64dc09fe8519b59bf2f69c25a346a22
u_01352,2026-03-06,premium,CH,paid_search,0d6af016da1913f70f14b8c3d1ca158f3f999db3ded97d8078a85e48a7a92ee2
u_01353,2025-04-16,digital,CH,organic,8d0a15b49f9b028f903c8b28d0e3bfa8495b05c87e7a3bde05025313bdfd8f74
u_01354,2025-04-30,free,CH,newsletter,a878292689327035cfcf6a14b5f98cd80b41daa201df802b85c8b0d15bc75bd3
u_01355,2026-04-01,free,CH,referral,ebf1f5bae80d1cdb3b26c4a04118f2cf790b6f734537313b7bf451a49b608a1e
u_01356,2024-11-18,free,CH,paid_search,e27851cdc994270b101ff5f9fcc37553bbb9acaa147e32d6d36fa2c4a68a15b0
u_01357,2025-09-15,free,CH,referral,fb4e42b3d6a388d25e8da0e22d0f2461d6c89e34e65cdfbd7f379ce970973e26
u_01358,2025-08-23,premium,AT,paid_search,4b385e6c2d05fae965dee5d92da7631eebc011f35e96bfd7d9319fcb673613fc
u_01359,2025-12-27,free,CH,paid_social,af1cec7eac1172832636713901f747f4a6067f6b9dadafca6e30365f15263fac
u_01360,2025-01-26,free,CH,direct,f961c484f701197153f54aa3c90d4b047f3d8e677f24badd7a46a29b254bda96
u_01361,2025-12-12,free,DE,organic,7c1dc99b23022ceaa2dfb9ac63253f7d477c1fc064ae80cb0e23456912233f1c
u_01362,2025-06-22,digital,CH,paid_search,6601e88522eccf0d04d10095a540f1c4ced04054b603a234348d88985a3265c9
u_01363,2025-11-06,free,AT,newsletter,71cda5bf5cf09af9ad0268ff02227345ac215a16f5ab7e15b12b8a3a6a4480cd
u_01364,2024-11-29,free,CH,paid_search,519ca1f534d04a66096abb3d930817f309f349ca7710a0cc39593104bf9c3601
u_01365,2025-08-22,premium,CH,paid_search,585860bb97ae7ce47abcede989574b32638008d471f9bf0ee2d6d5afa6feb98b
u_01366,2025-09-16,free,AT,organic,94fb2e9c9426d2bb99fccd0b160779c1ccf14a568ea045a4d7e3fb8205ea3f88
u_01367,2025-02-25,free,CH,paid_search,eb8e18fc4b3baf90f990f3da9126cec51c0f8f3b2b2c1bc259d2f144f559d2ee
u_01368,2025-01-18,free,DE,paid_social,808631802c1e9a375d38556bb09bbb31a627466ab0a88bfb37cdf67fe1bbf594
u_01369,2025-02-07,digital,CH,paid_search,a9fb750e946a4cd4c8dae305f31d504560e34d6a4fe0e630d90c5ea3888ef445
u_01370,2025-05-29,digital,DE,organic,64f7c6eeb0f7411ad543cd5720b138b8acd53315898dbec82af6f080692422bb
u_01371,2025-01-04,premium,CH,paid_search,f56651e2ea40797646d06c0d1cd10fba17769f0368f906b7514bab5fa5cd3be5
u_01372,2026-05-24,free,CH,paid_social,c0d0ac2ababbe0d9fbdc98a4070798cb2d77be2a7ad2e7c2724a70a78bccb175
u_01373,2025-07-12,print,CH,newsletter,4fda5ca6a34d4fddf344221210d77e86ae2018a5e5d1461ee0ca16a8cb0d9fdb
u_01374,2026-02-13,digital,IT,paid_social,b35b077dc28bd7500174447d9ed5a4d272a6e295b581af381278b644dc067d22
u_01375,2026-06-12,free,CH,paid_social,3a39e06f24c26a69d5b4d374bda31cbc98902aa0a7830eb15a8a1efd2fffc38f
u_01376,2024-12-28,free,CH,newsletter,bda4b198fc5589c45db2e29148dd974a53df641620a9daa4adee402f3900321f
u_01377,2025-11-30,free,AT,organic,4fcdfc6b2523d47eb0aaf977efed69d9d7f6889b85874f9505206fa35cf697dc
u_01378,2026-03-30,premium,CH,paid_search,3f5dcb020ea67f4bd493d7761298f2ac34490b3d84d28d0d5e7c62346079d9f0
u_01379,2025-11-17,free,CH,organic,69dd313a743df7588c32722fd75337e71e033c0ba4f8ba9e40c072b18b88094c
u_01380,2025-07-29,free,CH,paid_search,6306b178efc8d74114ba75476263a5e99fd6e7150f442a4feacee1c2db314369
u_01381,2025-07-31,digital,CH,direct,cbc9ab60f69b1bcad993275c0e25245deea3f7f94922b014ca0f79e6b798f65d
u_01382,2024-11-26,premium,CH,paid_search,170971adad84648395dc856f0cf9c433e56b0b5b40f402d78ce8559cadae65ec
u_01383,2025-09-20,digital,CH,newsletter,089195e67818287b4ca243d6f7e571f7af7c30e192c8ea8966eabb00a62ca946
u_01384,2026-06-26,digital,CH,organic,c9ae8d4260ac61de4a31a49a676afef1e93e9900db10aaace2b411c382688c74
u_01385,2026-06-01,free,CH,paid_search,0b16b8e948fdcc6838d92654bf2ad6060bf2fce5ac9c82ca7c0ae197c6d9e1f7
u_01386,2024-11-29,premium,CH,paid_search,4fb5624188a68b8bb0808842097c71d53238b9dc7a525009992e6606b6d16159
u_01387,2026-01-04,free,CH,organic,4444a2c15d6a64de6a0bc19d072303dd4bcc0abce120982c699347e83593801f
u_01388,2025-04-29,free,DE,paid_search,3afa3e901ec4c297d7bb70d07bd6303893ea5a775979899b2b873763e729d1b0
u_01389,2026-04-22,print,CH,paid_social,3786239175b5aa0647fc72676b2956b284b852a8d05065c74c06de901e1bfc2c
u_01390,2024-12-03,free,CH,paid_search,79cf20ceafa7265f88fec4835e94cffa724f2a364b387f404f7cf744364fc647
u_01391,2026-05-15,free,CH,newsletter,df425892c4defea4ca9536189b08b1028d306f78be646c4e53804318c87ce86f
u_01392,2026-03-06,digital,CH,direct,f041061169be32f608d9370e707f4a29e54c0a0ee157e0150977094b3d59d39c
u_01393,2025-01-11,free,DE,paid_search,e1daa079d93e81a4e489325b3d1d3644f42c64d8cc9ae9a149783b86083f9ee6
u_01394,2024-12-13,free,CH,direct,3ff1461585a1b51eb22a8fac93fa8ad3581f9de01728715f38a95aa45be6e5b0
u_01395,2026-03-04,digital,AT,organic,5dc3cfc46541ede5e56ffd285ab30ea2a2a6fc05b51d29bf0c5fa9452b1af2b5
u_01396,2025-01-24,digital,CH,organic,6a83cab7c838c49cef9ccafc807bc7687a710206c7bc936705ef4aff66d15fe2
u_01397,2025-09-20,digital,DE,paid_search,fac2a838d322dcfb419b1ac4a0efcf71bf4a126ce901dd3ef08b7ce40539c20d
u_01398,2026-05-01,free,DE,paid_social,eb257997e22ac4452abd8064a07e067315c628476cdcffae0bbdf4752d273286
u_01399,2025-09-30,digital,CH,paid_social,1e28e88fef36573ddb8ffd818042b1fec9cf64f529da688d44919d7014bbfe4b
u_01400,2025-07-06,digital,IT,paid_social,2a3f1d7e11bdca924e36bff785c1aaa8544920597063f22bbb9b2b167b4c49cc
u_01401,2025-08-10,free,DE,newsletter,b8cbecb0263348fc51a023c93b7b006ff16132bfb72f7f3fff788476d0b7572b
u_01402,2024-12-16,free,CH,organic,c6a2aa71cec9a223f010c7d4ef7becffd12bd16a85fa5fed7fe4c752863e5b02
u_01403,2026-06-08,free,CH,newsletter,fb44793f539cfbd454d63169b6708263cd31e4652e6c1133784a2f23cac03757
u_01404,2025-05-05,free,CH,paid_social,02b1e26c9c66f8b487f62b35f2029949c79831765185ed7225d1550e21ec479c
u_01405,2025-02-07,free,CH,paid_search,eea95eaba654dab5d73c683107c637b9d5739cfb0d1f0b9e9214d05c36f48f1b
u_01406,2025-04-18,digital,CH,paid_search,28787119a6c872c059a4c272a9c11cfd01c3dbd4ba9506eb8b3cc5ea0e656e30
u_01407,2026-06-05,print,CH,paid_search,5871cea41faad37f123874f9e8929cb72425b96fd0689e4d78995b93691b0988
u_01408,2025-01-04,free,CH,paid_search,435773a92a02f55a3039471cde4349ab6aef99a4b1515b3344a8b2d6f327ff00
u_01409,2026-03-27,digital,CH,referral,25e9bde7f4d7763be58b35ef2d80949ab5181fd3c9b236b0963fdf61df4125c3
u_01410,2026-01-04,free,CH,paid_search,16cb0a1917d77bd33046dd97f911f77dfa5dc60ff9043c8cb4d489a076592b88
u_01411,2026-03-01,free,CH,organic,684f5d7460efc60a08edb1e62365de7259508114f5de3c83af89d0986d4bbcfd
u_01412,2026-06-13,digital,CH,referral,23d15034b64016e3cc7b700a44a33a9a36c037f47c57700d976d45ce989f2252
u_01413,2026-03-09,free,DE,paid_social,af0cc5ac4ac89c36c732537ca383fdb0d13c7fa4be5f3a06ea6731c1a0edf35c
u_01414,2026-05-21,premium,CH,direct,d2300b2294b5230cdb4ba22bc0ad2184d6f6f103398e12789257d1b4504d5b9b
u_01415,2025-01-14,free,FR,paid_social,0e2a9ed0d89fb0dd38179b3a246f344b2c5a16b9e40bc2211ebdc168ad9d469e
u_01416,2026-02-04,free,DE,paid_social,34b0e6244a1709916afcc1575f9e86af4451fd883ae4b6995a55309b3cb548b1
u_01417,2025-09-23,free,DE,paid_search,18e94fa61ae9d846c7826fd364a0aa8f334103dbd60c1ae4717220b40e1b065c
u_01418,2025-09-23,free,CH,referral,87f4a72b3ceb27e60c58f4604ad1f1145e2769f936c3af2abc003efcdcfc4633
u_01419,2026-04-19,premium,DE,paid_search,c6a5e9314057a08be211d91d7c4fe11d08fe9d63bb481283b8f338bf8452fbdf
u_01420,2026-06-10,digital,FR,organic,96d8cdb4e57c92d9ed3924cba32cd6e2203154113c97b438aafd1821e7955648
u_01421,2026-01-03,free,DE,direct,ff8c3235b448b2f0768369b92ad3ccc625c2f76ddd9cb84b22d573786f40ec6a
u_01422,2025-09-03,free,CH,referral,ec04c3b5d3f6c034f4def3793dfc7c96986d1c548db477066b1676214180c54c
u_01423,2025-08-18,digital,CH,paid_social,055036c7d14927b0cd3c2b2c26165edcf189dee248c84b024303c74bc5ad5036
u_01424,2025-06-28,digital,CH,paid_search,94808aaa4b41afde4e11700deb9de0e49e0dd7649b2493810ac13bb23ae118f4
u_01425,2025-06-11,free,CH,referral,2e53b5c003298e19000dfb1049523be9f45a63ebce13fe181167868ba8f69206
u_01426,2025-07-02,free,CH,organic,e45353dfa10d7adfd94b3b7eca7a280f82a4b0066c000b18da8737aa67d85137
u_01427,2025-01-02,free,DE,paid_search,7b5a15df2bd6951e7322d4c340a4e32ab4611321e2f5e88d32b346a3d095b89e
u_01428,2024-12-26,free,CH,organic,3793d5f977d477b92b7d8e6e54cca00f508d3b10e75a232c95921acca772b7c1
u_01429,2026-01-28,free,CH,organic,42e29533d9350605f209c99795cace02e78f1808c6ce13209c00428cd7feef42
u_01430,2025-08-10,free,AT,organic,070388882cb19c05a2a96e71a022ca385295c4cbb778ca9795e4f5f26e5f6353
u_01431,2026-05-12,free,CH,referral,c1aac4569080b23471c1c6b7d612243df7998323328c25114aa59ef8a80032df
u_01432,2025-11-02,free,CH,organic,b8060ffc9dab431f3ec9d5357c8ac684f76a82078599e44f17f3c2e49d4e34a4
u_01433,2024-11-26,free,DE,newsletter,fc7e90f99c6a785228e41492eb078fcf838fcb2a6f6b8c5d1b37e00beecbcaa4
u_01434,2025-01-24,premium,DE,direct,7c4d36deb4ed0c3e6a4ec4d4ed94f6e9967c83b35089b876de0c43994273e243
u_01435,2025-02-19,digital,CH,organic,caf65620068a49458808dbe93527c4bc7d51ff28af4a79990f9dea89113c931b
u_01436,2026-06-13,free,CH,referral,6b6ac0ae0cdb9772a5a4a3c7e570754b8e5480df3bcae9650b9716d0ebd3e64c
u_01437,2025-02-28,free,CH,paid_search,48b0af26a6fa00f7eb949258c2b1ff610cf04477944166df2e934dafa15eece5
u_01438,2025-09-14,free,CH,direct,c852c52a11b23b174583fc2e58ef58e3c93635627f03646290d616dd0eca18a8
u_01439,2026-05-16,premium,DE,paid_search,d917647cc2b852b95619c68458ba13d89591b69122eb33181879a38ae3f788f8
u_01440,2026-06-14,digital,DE,paid_search,7b54c36ecd9dbe2f087c9760b32748e7f2130af853c2f0af9d61b72dafe85233
u_01441,2025-03-13,free,CH,paid_search,090da288f53270d29a376d5e1adc450d3ae598316abe95b361dc5abb37a49b17
u_01442,2024-12-06,premium,CH,direct,343fd3c02c9cab410d7991c157594fcc23c3ecd13377e6e8fdac21fe2bb23cb5
u_01443,2025-01-23,digital,CH,organic,be17efadf6268be8fde04b4ce294ca83d95d7fe91dd77ea1221581fb8c9db7d1
u_01444,2024-12-16,digital,CH,newsletter,34e7eca92ba2ce9c1a97b57a0442aeb050655a2dafb1d18cda4cdc95fe358e61
u_01445,2025-02-11,free,CH,organic,fd6fc7e3dbba0d83de8a00343e235074a0d7a7371cfe5d6bc451bd25973a0dfb
u_01446,2025-10-01,free,CH,paid_social,d560a8003c9528bff9b81e83f7842824563bddea74e9ac3457ef032cc7447820
u_01447,2026-04-29,digital,DE,paid_search,db374787efa762cd357422820121b26fc8eebbce14e57aa8a03b99654fc65205
u_01448,2025-09-21,free,CH,organic,2e5d9db0895341f6166754200e81906a20920e5598476dc4c9146cc4ff9a5951
u_01449,2025-11-11,digital,CH,organic,89e34f5c3971f8a1bd5f6b4b2e55e49949fb7218a2d59380e06bf02472183c68
u_01450,2025-02-16,digital,CH,paid_search,dc32fa7904801baf13268a9df99b9e9c8d201d8e2f8375c45f9de8ae735fd52d
u_01451,2026-02-07,free,DE,referral,3e4a438325fbf750e2af7e5ecdc1b061af3fc0d393000a13abb25d6f296a8bd1
u_01452,2025-11-06,free,IT,referral,cdc53152236cfaeaaecec29bcea4f52fc0585a2ab4991cf3ede9be6dcb69a389
u_01453,2026-03-25,free,CH,organic,48750edd48ddd41a2b0a82b5c9a2e8ea2e4e3e0da2e09cf7a7182b88d4f5996a
u_01454,2026-05-25,free,CH,paid_search,754eca5580648f69559176cae2012397017c4f80bb8532bab9c3ffa9111c063e
u_01455,2025-06-01,digital,DE,organic,181498deb3c109b14ae57df3019054a919b566e618c0c609f0e7c27043190bef
u_01456,2025-01-02,digital,CH,referral,0e0252f9a8100c7a77bbe5ce79368a11eae5657c404cdf51a32a03c3d5c44d5a
u_01457,2025-03-05,free,CH,newsletter,2d1ee21be63380d7ff51f9203ae2eeea3ffb76728a8a43a6bba10a9c97b1f9bd
u_01458,2025-08-04,digital,CH,newsletter,182854e25ea4573af7f1e63464f0a7829cf9f5b2f13cd96eae3f256d671bea1d
u_01459,2026-05-23,free,AT,newsletter,684389d147cbe3edc1df4cf9b347727ba60243f6b53f72fbeef8f0cbf0641f9f
u_01460,2025-06-23,digital,CH,paid_search,669eea0407ceedb2288911812f9d91ad9d645f8b296e06c2bfef4ad012a5087a
u_01461,2026-01-25,free,CH,organic,4f4c7d154b9eb9c51e8e40fde94658195990c5387fb6d9698f0390c859a294a3
u_01462,2025-09-22,digital,CH,newsletter,315ac1367b55fdc0028b37db6bef9be5f7f37cefcf778314378cd538bec7c2d8
u_01463,2025-02-02,digital,CH,organic,380b95935458a55cd637bf33ec797402858331e70ac3af22f4825c92654be49a
u_01464,2025-05-12,free,CH,organic,c31c43311f0970bf21c4d0cff83e168aedd09cc17c2bc0a5f1b01040a6620b45
u_01465,2025-12-01,digital,AT,paid_search,64c84b0144d9fae97232d5c3b5a2496ac6534bc66fda4a7c2d5c5a69c0abe15f
u_01466,2025-12-15,premium,DE,referral,557f5e9da2d7d8bb79e843849ce3c349afa48eaadd6d4c5ca4aec8e4571b91c4
u_01467,2025-08-02,free,CH,referral,160164fa2b16a3676e05be7c4a81d6fb25033f34baedfdac9386f7b283bc7dac
u_01468,2025-03-07,digital,CH,direct,73bef08db8ca87749f1cd8b7addb4d71e4ad5d436dced643edbbca9093e99d57
u_01469,2026-01-09,print,DE,paid_search,8ad7664613c7bd4ac2439ca4e75c842e1e9572e6b229e2c6756d425a577c6a38
u_01470,2025-01-28,premium,DE,organic,8bff2134df751d4a3ec803c92c29681af43592fa4f734284f4f6929cb4b64510
u_01471,2026-05-16,free,CH,paid_search,c4e51fabbcc4ae02f7efcd4072854ed3eec35ae6dfad5cf7fd07f9c73c6e5f4a
u_01472,2025-02-06,digital,CH,newsletter,471bb54d75e3ac3ae9e2e586bb770c404f43e8f157effe521d397835ebc1dd68
u_01473,2025-01-08,print,CH,organic,242b5c2df1f288e122a4d8be199378269ff0211e5beb2b3bd007071ef2d6a700
u_01474,2025-09-08,digital,CH,direct,623506944338e5b8061d0a93187d5ff293b4d8e320bc13f2fd4fc5fc6aa86ee8
u_01475,2025-09-15,free,CH,paid_social,478a31cb7fa541a1952258aaf58166b9474eeb6e8176c20ab21a962085b47040
u_01476,2025-09-11,free,CH,newsletter,f395a3ba2220ca2e268cca6b350f85e1aba9db3e3bc9021e7efe889949c85472
u_01477,2025-08-04,digital,CH,newsletter,6802fa364a9478c484a7394c0967dc031f7e5acd8b0b1db729e8d41fe4277b12
u_01478,2026-06-27,free,AT,paid_search,1d3fd98543e3192ff396f50d2addbcdcc6816618fd854795e9550118920eb74f
u_01479,2025-09-04,free,DE,referral,ee1848e26a88c606dae72c1d77e6bcb0f8f4fe636c3e23ca5ab3734e7204536f
u_01480,2025-09-01,free,DE,paid_search,b2fe8d779e9dcdbf7977e05c4f71b45a7ef40729b0123a4d6f333ce99e1c27e3
u_01481,2025-07-24,digital,CH,newsletter,5d3fb4f7ef16a2bdae8d968dac4d476868ec17f8810eb83aae34bc043780120f
u_01482,2024-12-18,free,CH,newsletter,0e36cbcbb68cf1f0b31bab42e9bcc92a66697817be3eed128c4b5995a5006661
u_01483,2025-10-19,premium,CH,paid_social,5fa152d53ad19c0b9e7d02d86212fbe8ac04919e427ef22b7220ace17beefef2
u_01484,2025-03-07,digital,CH,organic,6d8372a6ea93ffcd4a5aa9cee104aa0dfd98cb67d0f287249bad326bab1da1f5
u_01485,2025-11-20,print,CH,direct,8f322f77403bd388d407e389d6477de842970a2048526414630a5f8ee6e6b743
u_01486,2024-12-07,premium,CH,direct,e957dc7dd577d7a710ec25c99f7a407e9ce1ad98dc05f2e6f671556c8b72643c
u_01487,2026-06-17,free,FR,paid_social,c6874d9651db951c549a1f1a9499f4fbc66e8f9a0fc6c26f531808598e7e12fc
u_01488,2025-08-27,digital,AT,direct,17fad8ec82e93e943a459ebe9d7271a1519df2f5c5644c0e79f81fc5b9740a96
u_01489,2026-04-17,free,CH,paid_social,5634f0c0bcd1f3e186c7eae87bd47b62f2467bca1dded6d1a72d48d6cbe397b1
u_01490,2025-08-31,print,DE,paid_search,b734ecff2ef6a6557a8e23de15918b8964c42d1f3c43b89685197903db31990f
u_01491,2024-12-14,free,CH,paid_search,ddc2840223849f675f47a8c702327fd9af4bb9e836c4494bc8bce002e5d870c5
u_01492,2026-02-23,digital,CH,organic,9a9c4ea2ef8164cedec9e7861b6c7c807b47e06b09862dd2617f6fec917cf920
u_01493,2025-11-27,digital,CH,paid_social,ea832daebcd0f30e969bb7a923ba95f14311c47f670f4807399ceb063404fc4a
u_01494,2026-01-29,free,CH,paid_social,2a3e4b2d2a6461363da6065c2b6525b0ce7bdfb7614566089aa18fee8bed4b3a
u_01495,2025-07-28,digital,CH,organic,e36077161870ad925f730972192e052630c1c9a0e588e90e389d6c3abdeb06da
u_01496,2025-11-20,free,CH,organic,9ee874e97c36bbd7cb618181e55648b3dbe79d44ea8a0f2491bb818ddc496f91
u_01497,2026-03-19,free,CH,referral,14c12bd35773e98313cc7c1179d7ee0626626f856c7ef967b616e9cb62055b17
u_01498,2025-11-15,free,OTHER,newsletter,a1f382429a91310eab23dbe0ecae7b0da8d0c1bbeb6e2322e25dc83272797f49
u_01499,2025-06-01,free,CH,direct,40f9b448d84da3893f84941380d8eb5a78770c1dd662dc04704c46429b3be45e
u_01500,2025-12-08,digital,CH,organic,610c4ba682bce710377c049108d0956c8a4c0f823dfd266f428cc4e5711d71ae
u_01501,2025-12-14,premium,CH,newsletter,43b68397f81c26e0254191f5a0a9104bd78c06d5f30cecd3877cd8575e26672f
u_01502,2026-06-02,free,CH,organic,52bfeaf5b7fdd930bcb84767cd8031706aea5e5ea567f8b9b471a8057c2b39d8
u_01503,2025-06-17,digital,CH,organic,c9762f98479b0815d45eeeab72b87218aef2665d2790be11681fe70969f22aa9
u_01504,2025-07-26,premium,CH,referral,3f39c44a7080eef53c3da9c45a7929d6612b48b55893a3ef44ae2cdc2bec0293
u_01505,2026-02-16,digital,AT,paid_search,cbbf721a22aa910f9c3b18a4d55985f005ddabc7815109979ddf22e8cab8072a
u_01506,2025-09-10,free,CH,newsletter,ce95bcc4af92761271de88121d5347ae519cf113b32b40f597414788f94f9fdd
u_01507,2026-01-14,premium,CH,paid_search,310db523362ff1d1b6231e564c65b6288e62a71a8c3c165c5c60fed49906972f
u_01508,2025-08-20,free,CH,organic,b6f1b5a510edcaaeccf420fedd776f4f39d0a0922a0a63ba632b3bd374e41f6b
u_01509,2025-02-26,digital,AT,paid_social,b0866a1d7f24fab9d84421c0551693ca620d3534831d25b5b38b4e94c3432219
u_01510,2026-01-17,digital,CH,organic,c1d5cd91f1dce21d610274981fa7d5cd3c8bba45d85892fa0df5d1249a393f7f
u_01511,2025-01-16,digital,CH,organic,aba3573671bcf6c884b5a25158d983875f08aed4b83d480b48985bf9239c8dca
u_01512,2025-02-14,free,OTHER,organic,b2d29a890b99242f6b32cd9d3872ad78ef444944086b4c1c5c572c53a33dc7ae
u_01513,2025-11-12,free,CH,paid_search,60c57dbaeb7a31253c66902c6b83cf21d22a69a3ba265946def649f61092eace
u_01514,2026-01-17,digital,CH,referral,49183e129e716f55501358c251540a5ac9ddeb8580a729ea325e911ca415ba6a
u_01515,2026-04-16,free,CH,organic,9953cceb46b476bd211bdec2ba12ec444e3d3a713f3ee4a3ebda77d0e3fd7245
u_01516,2025-04-08,free,CH,paid_social,1023f7821f1e75b252f540c7e48f6bc0e59cde81c3d1fa0ab40f0ddd2a4c3822
u_01517,2025-01-09,digital,OTHER,paid_social,505b4e9cacb292974831e3ef91fd0ad0fd00bb190213fc59c05fda19fce26e9d
u_01518,2026-05-30,digital,CH,paid_social,c3de5b7d4868eb398111f0af8621b7e8805f7973f1ab69d590607ef42a981994
u_01519,2025-01-23,free,CH,paid_search,892cec9fdf7634addf7cc777ae2e7d4fa8b3ef26da3844626055e87cc24b485c
u_01520,2025-02-13,free,CH,paid_social,85d06bdaf9c45c4225b5c32c6f0018ae0bb46033d24176b2273f1b8c0b90ad43
u_01521,2025-04-21,print,CH,newsletter,8e9b149908c3797c64d4346cdb8fbce7f4b6a4406d577f9591e3ea440a0b31c0
u_01522,2025-09-18,free,CH,organic,78ffab23e93037faa11a99dc6eacafa2723057d3593b826799f5c938e4773a20
u_01523,2026-04-07,free,AT,newsletter,ce1272d7bf44fad62f708458561d2ca1233e437f3d77413714d683c86470c970
u_01524,2026-01-22,free,CH,organic,e322240622c1042635dbf3afb0402fda4de7316475731b71058fb53303ea08fe
u_01525,2026-01-05,free,AT,paid_search,d8f168a11d9ac11f5b086e596038a6fbac0b2051cd66cdce2d6d4c428d1b0793
u_01526,2025-01-30,print,DE,paid_social,85aae78e862b0f727a5bc86f7fd03612aa4345d1f496a5471e5d11fd35a1d7b0
u_01527,2025-06-08,free,CH,organic,8faa6ce41bf7c5bcbf75017889a922b0c55d1e223859ba94692ce9663862890f
u_01528,2025-09-01,free,DE,organic,fa80fcca0e37d9c7489ac245fd544be3a40cd4ca18f02aa03a77cd2cd8f2c029
u_01529,2025-01-21,free,DE,organic,6f5ed13a00b4fdebd394929fe20bb392a0826baf50b06f93085fdb117101a115
u_01530,2025-04-08,free,CH,organic,ed227522547aa18ccf47f26fddaca8cadb14f206afccd03fec5de02eb338204c
u_01531,2025-05-03,free,CH,paid_social,98186f220e9fa0e9099a2a4e87408365f43d7ac753613b214507c97e46b75774
u_01532,2025-01-14,print,CH,organic,800f6a6f1e884921a770a8694b25d35f22434af13a95ae64aec5fa99aeae25d9
u_01533,2025-09-25,digital,CH,newsletter,786d8daba97dce952d1b0c6a3f0c67cacdaea0f99eb958979782e7d9515e451d
u_01534,2026-01-03,free,DE,newsletter,478f07b65e1b0139e01fb868b8cac6ae18679f7b97df0ff0d11d5e73c9675721
u_01535,2024-12-21,free,CH,paid_search,f7aa8ba32b311c84a386da8b2966a7cae875f622cbb13254be541dd1bc3be88a
u_01536,2025-09-02,free,CH,organic,263416c3bf8deb3e8e06d3a393b25566f608f89510e34cc7b6b17c69e4830405
u_01537,2026-01-29,free,CH,paid_search,2d73bb89f60d6c4800699fc881cbd2e3e7abc1fd20730b8e3a5955ce80469eb8
u_01538,2026-01-18,digital,CH,newsletter,28be1bb4600da29588d187b884d08250f87902556afbbdcb7fc64e16720128e1
u_01539,2026-02-18,free,DE,paid_search,53b85effeb2a33cc3e185fe2848c6553c03451919e5f56b35bcf1f7fa45fd015
u_01540,2025-08-12,digital,DE,organic,455384d508f12ea70a205eddcfd1f65e4498e9700b9f70a9bf4554326d4e4831
u_01541,2026-02-22,premium,DE,direct,edc972cbe24e2ff01369338f93139d6d7341bcf8fea5f9d37af4838740a91bec
u_01542,2025-03-16,free,CH,paid_search,a0aea52b76f949d4d6bfdc715c73f7f24b408978fedb7045cbdd90745593562c
u_01543,2025-06-10,premium,CH,paid_search,c2c1cc9d4db677b6db19075c9a74eed2eeae498457e4bccc191260140cca6dbb
u_01544,2025-01-30,free,DE,newsletter,a8e0ac3ff0bc845e149a7e061ac04d1a71a6a2a85645ece78baa1ed5324ccf27
u_01545,2025-08-26,free,CH,direct,8eb8c9c92cc601b56fb4bf1317e2b561c3ef602721903e49e50d278eb7ce589a
u_01546,2025-07-03,digital,CH,paid_search,b2906a41018a661746357d6a5f3cc732a29a0920a7144d6aa30879ed52c695fb
u_01547,2025-03-16,free,CH,paid_search,cd71049cb4ef76c19034e8b9bb60e0fd79b80eb1ce97b53e2883929b38542f1d
u_01548,2026-01-19,digital,CH,paid_search,27b836afb5e660e232552efd8ab6d500aa467a6d2e59d19fc033b2254f40196e
u_01549,2025-05-07,digital,CH,organic,eb2706c1d2c080e0db5f44276620af605f383b3edfd3777fe520b1a749e1964a
u_01550,2025-04-08,free,CH,paid_search,a302d9cb73f62abd97120e12f0ca0561bc135ff7a2026c2741a35006bfbec5c7
u_01551,2025-01-15,premium,CH,organic,a6cac8486ce48e88e5fcf2a9d9f2fe4089da3202d9f330d48522a30cfe1a8dd1
u_01552,2025-08-05,free,AT,paid_social,8a1bf1d02a3cae89496974dca1bb17345ed62a14cb812555e7ce609fa2b1ff7b
u_01553,2025-04-30,digital,CH,referral,3225ae9c540bd271e78d70de1036c0068b47a40588401b47332c414c2799f679
u_01554,2025-06-16,free,CH,direct,9eede97a286660e273295ffa90e15cd49b64b9bab83cdd039acbbfa7e6ba06b5
u_01555,2025-03-13,free,DE,newsletter,2ea2b31975e9c78736a90e303876718098e3806db909d54fb5047baafba71ec8
u_01556,2026-01-22,free,CH,organic,180982e9cb420d3d6f3c6fb425a676d9002957269a14724a001e22cad66b4fa3
u_01557,2026-05-11,premium,CH,organic,b75acd47c6686e8aaa910eb5b9cd57cd0856a329f98d59cb08a492952090287d
u_01558,2025-09-08,free,IT,paid_social,31a9f7f6c7fe001dd6e7a03ac3467ee73362d5c13dfac36cbc332844789dd8bf
u_01559,2025-11-24,premium,DE,organic,06309902be8695a11e88eeb89b9624b2b71197c957089f4ade61af746d830647
u_01560,2026-03-27,free,CH,organic,3dfe6be5d570dbd9021abc2cafa3e786963c3e26eb0f6bcdfd07740c90509017
u_01561,2026-06-30,free,DE,referral,c280e87a71b1694f6367ce30429a2936a0a1051a05ff465964e6f5fcc16fe930
u_01562,2025-11-02,free,CH,paid_search,c7ed2f9240a0792c12d2d6bee65a69fa6a05a3e31954214a16916f1225969cbc
u_01563,2026-04-12,free,CH,organic,a1257971b9fff5d82c6816591e03e427bbde3aab4817e2dfc0a0459e1cf1bf83
u_01564,2026-04-26,premium,CH,paid_social,e3d132afd508593ca94ba721fb9cbb83f85d53491d5d7bf96674302ba97d5dc2
u_01565,2026-02-01,free,CH,direct,6defca3af2e8831917c3415e155baca6165994c4833a234836f6a6bbc4f0412b
u_01566,2025-08-21,digital,CH,paid_social,7b0d32423a6b4690ba66b3ef692e4dc7ca9a11716d75ae19ff2e47d4da8bd8d4
u_01567,2024-12-29,digital,CH,organic,e562019a9fbc7a443b75fb6b76fb40a47cdf6f388f7d0a19aa3888519fc90e50
u_01568,2024-11-12,free,DE,paid_social,e4992db08ec31713d7417cd313bf33f85d470b2ca9292ad8c726f9ea19112131
u_01569,2025-09-01,digital,CH,direct,b3ddeea35f81ab7797002ad46973fede2e6687226af1973db73c3b9f959fcc79
u_01570,2025-09-07,premium,CH,organic,97a21c301c2d14d3e8341d67f41c9dd6a4283254b9d4fc11e14db411c2d8c706
u_01571,2025-07-14,digital,DE,paid_social,0fc3796ff82c0e6b9b102e9204a3205bc33090c30d0979ff82116fd4a0788dfc
u_01572,2025-10-01,free,OTHER,referral,6a2c385f79099d368e45e36f15b5d5f7fe5486ac7e6392e8665a4b4264c5caaa
u_01573,2025-09-25,digital,CH,referral,7b2602bd9e8f30681b08674b87ce28d6bd021de16c3c65d7e01b0bea50f54069
u_01574,2026-03-05,digital,AT,organic,ea722620dbf847a167583c52bb856253337c6e384c272ab017f66ab9fb331bbc
u_01575,2025-01-08,free,DE,direct,168ad61c32844e1fd1a5cbcfd9ac2974b56891024acee20f515c95826f3fdac4
u_01576,2025-03-05,digital,CH,paid_search,af18c1941ff87b92644c4c62cd3885feaa28e66b972a7dd37ea6916aa6cbd43a
u_01577,2026-02-02,free,CH,organic,22d9361554581bd806dd4dcd58f5ad4c765b34e84a1a4176b81b36d59c9fa02a
u_01578,2026-03-13,digital,CH,organic,edb65ae7e925bedf15f751e838d058a8cdce5aa2806c910f4a0af5fde89c04ea
u_01579,2026-06-27,print,CH,paid_search,3bf1d2e41ba69926972a4cd16fd9c7d4e8de6072a652fc2e8036fba36faf70dd
u_01580,2026-03-31,print,CH,organic,c6ad7e88501e6840d122f952865cfac48996eb3517ccfde19dc1ee19058817a0
u_01581,2026-04-13,digital,CH,referral,4a7f62af6cd34895f4e973fda5662139efd9165a115b2f0386edf4de66fb2fbe
u_01582,2025-05-08,digital,DE,newsletter,c57376baae7129b54df9912cbe0016842aadfee1aafd995ff997d28ce55f7cd0
u_01583,2025-07-09,digital,CH,organic,4b6a7f4182f3994bfebb92f90075de3f49849f8d6395b8b76318ec0c71e53ae1
u_01584,2025-04-05,free,CH,newsletter,dacd1a4f13cc2b30b053740d80c29ff2f88f20de5d5e7bb5dc3c4eeba1dd2c59
u_01585,2025-10-28,free,AT,direct,5c0196792e45d8de0807e7ad3e4b76afc9db3100463ee9ce520422841b9bb940
u_01586,2026-05-18,free,IT,organic,f57b1709d06ec98bff407fdb578365c3556894aa42029e5840a3a7725287e6da
u_01587,2025-05-30,free,DE,referral,afcab6e3597470bbf9c85d731f5f1d75f3f4099eea3c80d5d02d2ff0b4f1a0b2
u_01588,2025-09-27,print,CH,direct,5fcfe9f6ceef4cb11b8b75d40edadc53129427b03757cb755c5a44ad54c3aace
u_01589,2025-04-25,premium,CH,newsletter,4898deba453893664d37d64e5b5fb4dc90ade82333b2b4d27c03f71e0484104b
u_01590,2025-01-28,free,CH,paid_social,3ef62e016f99cf98fbc1e01a7eb8a3dace86788ce978a92cfbafe77222cd450c
u_01591,2025-02-11,free,CH,newsletter,71e2d6cb6f52fb8690299c4d35a9f6df64bfd479c9089d1cd96e1024a7e8c2f0
u_01592,2024-12-12,digital,CH,referral,5ed48bca4bef7ec0b621c45ef322677ec34abf4cb81d2cbbf3a53447a92f7ede
u_01593,2026-05-25,free,AT,paid_search,5935141da7e6af32816f0b496563b559d2ac6a57dd373dde113724e76f45566b
u_01594,2025-07-10,digital,CH,organic,84f7965b4aee08d4eee53bd114f7f282a80a93c3b14a7e8e8101f08a743806c2
u_01595,2026-03-03,print,CH,paid_social,b32054101111fc59078a774a787d18280e691bb5ae09583397d4e8e7df494501
u_01596,2025-12-21,free,CH,paid_search,ab3352ad79e1c1a1dc05b17967cef1b875fef8d1bb13bbff114191d7ab6750c1
u_01597,2025-02-09,free,CH,paid_search,32f3d0ffa4cc7d9b65c0ee7a787fc13869c69ad310e09d3abc0d0c138f7cf394
u_01598,2025-01-30,free,CH,organic,38feeb62ed7f733de509095d3736834985b6d8213848557992c79a15c3d78b36
u_01599,2026-02-16,free,DE,newsletter,ae9220ccbd679b89728b9d0e6846059724f86fc513382527561bf84571989065
u_01600,2025-04-02,free,CH,referral,f9b332cfe91f4ae0dc910271b693aeca1e44f0dc02e4da0178cac2044c707b1c
u_01601,2026-04-29,free,DE,paid_search,d56d59865eef4b5bc7d35663c479eb1f23660b129c12fc208ac1c3b3ba348813
u_01602,2025-01-18,free,CH,organic,8aa368a8057f91c4ef918b719e2f83d46c355a5ec0befc3c105cd395a9b54dbd
u_01603,2025-12-18,free,CH,organic,494f1f2d7a6555b8be9b2e3a2f966402f1cbaf1036cdb3df7f4d0460ac7e3a18
u_01604,2026-02-17,free,OTHER,organic,72f2fcb856330ac00b462edcef32bfd5584e82a0ef181a5f70c7ffb0815a9b7e
u_01605,2025-03-12,digital,CH,paid_social,240ee41d11bcce6af7e5858392ff7f030bd46e1f7d572a5e8c1328be2c265bb0
u_01606,2025-04-10,free,CH,organic,1df2cc64332c21e90217309a11eecff09526e16d2207b1d599390bf027cddc6d
u_01607,2026-06-05,premium,CH,direct,1674f688b597e28cd38a0af94927c42b173dbcacd77332c3ff27e4867359e935
u_01608,2025-04-02,free,CH,organic,7466969403114b8e004ac88879e339218af465dbf4a69207d80f8d393b810eb8
u_01609,2025-07-30,free,CH,organic,541a6babcfc6cb1af6369d9f10eb0a29a815c7db148e2a40f0df0be393eb5f53
u_01610,2025-08-01,free,CH,newsletter,9a5941241e9fbdc8737f59642526f0102686d77f9f53c455096175872aefe925
u_01611,2025-03-25,digital,CH,paid_search,038414fb836c8351c6ff16d5394283b81ad53514c6227b346a785f92b22d5115
u_01612,2026-01-27,free,CH,paid_search,4a8eea20e76599890b48d334b31243df23f9741beca799634835a3542c2816ad
u_01613,2026-01-25,free,CH,organic,92d31f0831f75d3d06d54761e8b126f7664c2140a216baa0df31344111103a70
u_01614,2025-06-23,free,DE,paid_social,c4c6131e242d0a19e78a609626fab31db7e3e7a004af9aa97f46ab3ab69f7f33
u_01615,2026-03-04,print,AT,paid_search,02c302e182ad2c4d97822280650cf6122e82c70ecc94932dc623d29bc3826a0c
u_01616,2025-02-24,free,CH,newsletter,07b472daba639edcf9a482d8da8fd17d19febe2aac7a88b31c0108ce95576486
u_01617,2024-11-04,free,CH,paid_social,96282db81774ff20ce7cc4f517e59a880344778b59353cf839282667e1deec8f
u_01618,2025-10-03,premium,CH,newsletter,1606e18575e83ba0d19e0de51dee7ad6522c443f9b25556026a6093a92b341d3
u_01619,2026-06-26,free,CH,paid_social,2755b7020aa4b55e1bc5d50862f6d82734b1f210234545e9373f8dac7d1d0409
u_01620,2024-11-28,free,CH,referral,b14e6ab430d27448b91526fc2bbd5e8cbfd110512661ad678b8a6805e26e5190
u_01621,2025-02-21,digital,DE,referral,21e116935b02aebb2da7b807202232ca183589083f800ab90e7548d14553aad3
u_01622,2025-09-15,free,CH,paid_search,51c8af58d164d0c726dff14a2223533418fe5d84084530039b53ea243fc42eb8
u_01623,2026-02-14,free,CH,referral,4fa189e0a1d3feede396cc81df157fc5c0405421b66cae217273689c48060885
u_01624,2025-01-02,free,CH,paid_social,c1d57bec46a73145b79723fc1b091f48d7ad1e1230092f9cd8b0fa9c9d6a1806
u_01625,2025-07-05,free,DE,organic,0603f3407b9bc31d3ded0fbfac53e6b017390bd742b249125221c6f41bba65ee
u_01626,2026-01-17,premium,CH,referral,53ff129b1a438b63f950db11f7e52309593341e939ee4c59694137b1b9332a3b
u_01627,2025-06-18,digital,CH,organic,eb51be30344204dbef27b5ebff928a270d8a4759d9cab445f841e28cded9b6c6
u_01628,2025-02-07,digital,IT,paid_social,cc2b003fb2f5f3d3bf624d64a1cd77c544ab299b74dd7ec6ab853d9a3250f3d8
u_01629,2025-02-12,free,CH,organic,3ae8017b6748fe107b101fda9676cb13c5a38f4364aca87feba348e11e02f39f
u_01630,2025-07-15,digital,CH,organic,85d265e9a569d5e26bbae735bb4eaf23140f9ee5c001c71216bac07ee44efcf8
u_01631,2025-09-02,digital,CH,organic,ec188a4896e2c132a6068bc7d6291f541d40912ec485270994b88ef995efa28c
u_01632,2026-03-23,free,CH,organic,931f06bb73cfbd1b719a2af46f1dd9187c42646d31bda27359da180ce1bd3db0
u_01633,2025-11-23,premium,CH,organic,1c8d7ce4aaf8550d55d2ce1d687f2071d3280dbdcdfe17a376ab6a4c62d6c953
u_01634,2025-12-28,digital,CH,organic,3a7ad548d5aef0895bee142696d3f943105bea337632909065c346084b5c48db
u_01635,2026-06-18,digital,CH,paid_social,8144b984a4533bfc86284d5a2388f437cda03fc58a9c31b0e0074aa6219bab39
u_01636,2025-07-17,free,CH,paid_search,d22b7010f99177d7fbac925cb803193c763193b06fd309f7cb02c47941cc5dcf
u_01637,2025-07-11,free,DE,direct,2e10ec28f2902bb497ea5394aa455e88df767aa0d9868c78a190ccc1148a155c
u_01638,2026-05-07,digital,DE,newsletter,5afed9c12201e5d00e43e7d01729a9358c1f7ea7b4cf8e1dca0a50b117d1abfd
u_01639,2025-03-20,digital,AT,organic,92f311bbb6b941715ef21a22c5b7dec81b71e086cae999b087ae854a279f4818
u_01640,2026-01-12,free,IT,paid_search,84816c7861255c79f9afe98d5d85600191ff4a41429d4a5de2a084991786f274
u_01641,2026-01-20,free,DE,paid_search,1fce80e5b962dde87e5d2e56fa8f8185ebde8e43efb8558e4a273fc9e76eaca5
u_01642,2025-01-05,digital,CH,paid_search,50ddd72dbb39ce586640822bd51aa0657f5666f0ae48193d8124311b1a372e8a
u_01643,2025-08-26,free,CH,paid_search,464def33fa27a82a03887b04c314ab83b853241a3428de62f4ecae85bfb88cf3
u_01644,2025-02-15,free,CH,paid_social,5a3dbb19d38dddfa236de162f629a247a3f9396ca3c108b1b86dd146d66651b3
u_01645,2025-02-04,digital,CH,paid_social,4055d8506306c7b74da121c6b8f6b94b53398111a3ea5a623ec0689eb5ef06a8
u_01646,2025-08-23,free,CH,paid_search,2adb0808302c3403cf83cf53e66b8dd15ed04e49469cea3f1cd8eccf8f8601ac
u_01647,2025-04-20,free,CH,referral,74cb3ff6c7890bc5e4196a0914e6db07a8c4ded2555493c12d7a490be6e601ef
u_01648,2026-02-04,free,CH,paid_search,c26d32b6180cde99cf11b8b5ea9398295614225ba270a6820f1a12ca5fff10b5
u_01649,2026-04-25,premium,CH,newsletter,37eff9c6cae838fbfe4e1fdec603ddfaddb0f42cda09ec5e4a8dffc24b817f3e
u_01650,2026-02-09,free,DE,direct,8d977908944e2fcc8df2fbb66ba44ad33b026ea477ee0a2e2794f94acfe97992
u_01651,2025-04-03,digital,CH,paid_search,b4a29ab3c3cabf8fc88b5ae1e96feae499a43cbd7566c9a1c38133e7bee9bd1d
u_01652,2025-04-09,print,CH,newsletter,ec21225ed970c7bdf5d7c3bf066507c839f934aa02bdbb06bc5a7f1989a57887
u_01653,2025-03-26,digital,CH,newsletter,841389c0ea08bf9514d001cc333401d642b5b4d440649adc0417ef222c225326
u_01654,2025-01-17,free,CH,paid_search,7012208db9f4364accae0399fecd23ad0b086713da0e6c87f5363ad3ae72a436
u_01655,2026-05-21,free,CH,organic,a6d5b255545eb89ba67d4830ac2a6974b3e1671d005de07f0c21a4b1c0f500e9
u_01656,2025-07-10,free,CH,newsletter,bb4d11c4bc46287769693c48cf989e3a587d9dd09a8642901d2b25f1d9285eee
u_01657,2025-03-04,digital,CH,paid_search,66caa93cf66495beab07396bf0ac7f265bd524e1bd117c84e3e05549376e7491
u_01658,2026-03-13,print,CH,organic,20251087514fe311c20cfeb21550dcd56faa157fe5eb61f75563635366b84a4b
u_01659,2025-07-08,digital,CH,paid_social,9503fdc3db929f86dec2db21be91b2b854254c16e5d599c6da6adebbfbe861f2
u_01660,2024-11-26,free,OTHER,paid_search,7c815e7af9a48f32ab3797fc71b513d347771237017a21d3c6a04f5c836a17b3
u_01661,2025-01-26,free,DE,organic,0f72b5b4ca50ce471809c1a5ef48585703915b664a85698db8a8ff9f6c7d9f88
u_01662,2025-11-21,premium,CH,direct,f5b37a9b7ec018a968c696d47e3a586fe1c615f4ee47c6a21819d8fbe065773b
u_01663,2026-01-29,free,CH,organic,6a3e54000c18ba75614646db01b1ca3c9beaf193c555906d7b26597cfc3aa11e
u_01664,2025-02-23,digital,CH,paid_social,d173ca47c93c6d55ae313074a027bf894b572f2193aed3c36152c15da9dc3add
u_01665,2026-05-02,free,DE,paid_social,720b748c5da7669f6ff0eeb8de88b0ed6a1243713cc754895d55844e1dff36a9
u_01666,2026-03-16,digital,CH,organic,317fbab469284d3f3db67c9a051996da8104a4974402ff0cfc70921dd986d9e3
u_01667,2026-03-14,digital,DE,referral,dba152972fbd3d8ad6de4f4b290efa433908769fc479deab15c8bae354b1e25f
u_01668,2025-03-07,free,AT,paid_social,39cb38d00651501dd4729d7483acdaf2d4930e2877dd18f79d67fe13c8fae762
u_01669,2024-12-07,free,CH,paid_search,d80328dbecba0ab61e74f8a57a6d991e598430196f976d15450ee22b5ced87be
u_01670,2026-03-27,digital,CH,paid_social,58e8968e0397256a15cff8611d51353df2f9b0b2fc45800180f5c48dbe2f4b00
u_01671,2025-05-02,free,CH,direct,0cad7bd0c90c53985d8971b0436ab4f5248f54d87fb3daec9563846ad51a3f81
u_01672,2025-11-06,free,CH,direct,50cc1de3f5dfba668813a9f6757549a8f2eac7645a2345680dbe04ced9be090f
u_01673,2026-01-21,free,CH,organic,50af8578eb497e15ef45f1650a01a33a42b4af7681e9792172553b6f81e65f1b
u_01674,2025-01-15,free,DE,paid_search,9d19d18f4fde713b9c3720ee8b99fc1e9834d677ab297a7a1db2d71e45300b43
u_01675,2026-01-28,digital,CH,paid_social,9e56c6d7ca31332671230c4d21b6e6d1af03737ff67e620c0491be20d53188b7
u_01676,2026-05-17,free,CH,direct,3f3ba1eacdc871e93e787e9a3fd720e819fe579ab5f49ef1deb46b13db2eb4d0
u_01677,2026-01-11,free,CH,newsletter,c0eb7551bab57d33a899616bbcfcb5442e7012547eefd43ed30e71aa9f0ed570
u_01678,2025-08-07,premium,FR,paid_search,3463af639ee5cec15f9772603cacb2ad7423c9cded50b634e281ac3feb82bb87
u_01679,2026-04-03,free,CH,newsletter,e760d8b3f859db8f664d3738463c369e6403aef2aad49b7a0cc684a6ecfa6f52
u_01680,2025-09-17,free,CH,paid_search,b4022baa067f6f218fa9ed95ed7e783e49d10c9b77c8beb99f74194b9350b8e0
u_01681,2026-01-16,digital,CH,organic,f310fa61ac9012982714f6acc7b8cbe8640ff4479f770c1030aa4b66861ac347
u_01682,2026-02-22,premium,CH,paid_social,af8df346fa94994b4669dcb430e29557569d02ae5b033fccbf45f9a32d156ab7
u_01683,2026-01-18,digital,AT,paid_search,e1c455edd3fe2a5a98e56bb3c5fec26439adde305a22166b5b99a9d13b44cae3
u_01684,2025-04-19,digital,IT,paid_social,b903536622216f2cdcd0577acb814d6edbf40a5dc99fc4ce3ab03ae8d743debf
u_01685,2025-01-11,free,DE,paid_search,f831627364cb57c143d917eff7821eded6891f23fef2d9555b23f40a5f29b529
u_01686,2025-03-14,free,DE,newsletter,e3d14eb083bf52bf1054fcbe3ea90d96c2b9f3726949e5217ef7fdd63ce7fadb
u_01687,2025-09-09,premium,CH,direct,fd9def7f3fcdf2b1083f9e866eb44b51f259750ffe033b495a71cc52f517ca0b
u_01688,2025-09-10,premium,CH,organic,2d098efbbd8df48fc47d5f8edc71e2921c555c9de656d45d886f21f8b676a75d
u_01689,2025-10-11,digital,CH,paid_social,28ca660e4a3fbe30cd41aee62d41874c91cb471ab125edb42bf5706eb915600f
u_01690,2025-07-05,free,CH,referral,b9ae05fe84a9e5f04b928a84f52d1ab6ef7c42c4b8b6e7c0becc1959fe96441b
u_01691,2026-01-30,free,CH,organic,959ef223c92c1fe3c7a29836a61b02ff798971b9f1d47b1fbd7bafc7602f883f
u_01692,2026-04-29,free,DE,newsletter,acd2f8465b5dfc4c5cb6a476a1b707b1dc6baea2a17e477db9271c745b4882e6
u_01693,2025-03-20,premium,CH,paid_social,398f72cc55e3b14bdfcb19cec697fea38fe396c44574517af936561956a83643
u_01694,2026-01-14,digital,CH,organic,5d6d9f11739932943233040425f2d45d353833962b5790d705b15a0aa0e8a425
u_01695,2025-12-19,free,CH,newsletter,dff5e3ae69ae33c94b9cc9b98823ad0c1ee297f89333c9508a4d00f515efafa1
u_01696,2025-09-16,free,DE,paid_search,bea80a892b85c40235a516fa44ed0618ed67670548e531175e3b567770ab6bf4
u_01697,2025-02-07,free,DE,organic,301f969598672ee63ec0d4abbe0960fc80a95d89aed057a726d9b20a14b9cbab
u_01698,2026-02-04,free,CH,organic,71df39de36e09675540c68bb826b1eae151d064425e43f899c78e7b74b165857
u_01699,2026-06-02,digital,DE,newsletter,df1d5e4a5b74a4133508dd5bfd425ae36281431d9dbc0651141f00e97ade4979
u_01700,2026-01-09,digital,DE,direct,c5effa42de64b2fe2901e30b0d89f211e89e81667cb86374c2d2c211d5335c89
u_01701,2026-05-03,free,CH,paid_search,b322fb7f7ab8e9ee31d706b4709944ec2c28005c2b511978f93304747068a6bd
u_01702,2026-06-19,digital,DE,organic,930f9dbcc0746877dcd253fc1119f69d6d46ac15a4e7ae97f9eea3016e07bb3b
u_01703,2025-06-04,print,CH,organic,1c351141797fe5d35f38ff8c8d88884bb6d77ed26e4a237f3da7d4916635c801
u_01704,2025-11-20,free,CH,paid_social,d55ce5b75d42b0cd8b12d5eefa6baebb7e6102b02bad356b1aac58d0aeebb3b1
u_01705,2025-08-30,free,CH,paid_search,1529d439f64db741cf105bdf580b462720d947fe476cd389fef117777ec5b33f
u_01706,2026-06-21,free,CH,paid_search,42e54ac7c64c92ecbba7d853b9e326866dea3abf9390dad24fa42954338c21b3
u_01707,2025-01-03,free,CH,paid_search,8b6368e3251179aaf001a93e9906c388245b82468be86a962383c6cb90b67302
u_01708,2025-07-17,free,CH,paid_search,0ae3a4c557653a4e3139389e57f29355c3641d80d1ee8fcb83e5cc8793e35411
u_01709,2026-04-02,digital,CH,paid_social,67e902c7b104243ef50daef30ce1cf74828a0e40e7b8bed1f0fc75c9cf1ff15e
u_01710,2025-04-16,free,CH,paid_social,f57867923b94c0c95ca238c3de4e13d3b8e2f9746ca1394e6bac67763ec3900e
u_01711,2026-01-30,free,CH,organic,5318ace1be68bd0d86e55514bd14b01f5f8384134fb1cb5b192d8e478cc1775e
u_01712,2025-06-26,premium,CH,paid_search,5d82f814649c43488c0eeaa52ee9362398fd418a80167ef64a627c9280d924b1
u_01713,2026-06-16,free,CH,paid_search,4ed8515181261f32a6985abc7e62d8658ca95986f3cbc3f71cb12b53277035aa
u_01714,2026-04-08,digital,CH,paid_social,fca9d7ce70ce9e0b85e0ee7ae53f87197699d0a19b128785fb426a58f28a8b48
u_01715,2025-04-28,digital,DE,organic,b3869c0e6e8fc3312faf2a6dfb82fbf878bd2e4156cf92f6fc4e5e164cbf8038
u_01716,2026-01-25,digital,AT,organic,f6f3d92f20c9e8e1d1b11daa6a7b33fcb36abcedb1ac66319ae6a4e4acb05075
u_01717,2025-05-24,digital,CH,paid_social,e533dfcbe2ea67547d55843a85e453ae658786e01d1c81ac8180583f7273f90b
u_01718,2025-10-28,digital,DE,organic,b6c320546df8c31ae22196e8be324e55856076d6efe6c73c61bcd77161b9a3b6
u_01719,2025-12-05,digital,CH,paid_social,833d6a1cc00cbebf649ae808df88049ffa18968b1fadc232e531e202400de37c
u_01720,2026-02-28,free,OTHER,paid_search,fc1b8677002a8bec880431e1fdde8ada2234ec4b252c211f9345051ab29c6b39
u_01721,2024-11-18,free,CH,organic,c3bd1b728a93cb2b4e8c85348ec975d627fef4fca72ec194898fcc76efbd4d06
u_01722,2025-03-01,free,CH,paid_social,14f40b02191ba5dec96fc8f5de39f30db14fc68e92f5318f85804b78b8d43d79
u_01723,2026-01-06,free,CH,paid_search,964b2c4082e1ddbdec8d2339d88769094429b7a69b2b26b8cfa27185b652e145
u_01724,2025-09-29,free,CH,organic,35cf6d9e8a1c3a7626c9f3cb5057f3c92f92d4aa5a4b571c17252640e1cd2472
u_01725,2025-09-07,free,CH,newsletter,b5739cf2544c2e635efa34cf7e9e740255dd27696bd1b7b525d45b3e094c57ff
u_01726,2024-12-10,free,CH,paid_search,10ea871172977585f60a5ad846c8ab118df7c0d87c93b8f8fb1331ad38dc8bd3
u_01727,2025-06-01,free,CH,direct,aaf9d4248113e2b23eccd7e6109901f562decd56c1f7a848ed9ca22a52d43bba
u_01728,2026-03-26,free,CH,organic,89d54f596937e6e25dad5231388159b3187ad4bbeaa41224496922133868cc1c
u_01729,2024-11-23,digital,DE,newsletter,aa788ff093a5c248a35ac1bfd4ec7fd329940c57ce7b4b19077169c6a2a8588f
u_01730,2025-07-06,digital,CH,newsletter,0dc70c5e8ce454f856df0df0902e5c7a5630c48e22dc12416474d5f71e4bac40
u_01731,2026-05-22,digital,AT,organic,352b41860613bd37fe886e8b28022a3d90c160fe953f313be1cdccf667268919
u_01732,2024-12-07,free,CH,paid_social,8ac38d6445c0bf5a6efed7349e438aaa9b087deac8e323d28f949529ffc00952
u_01733,2026-01-18,premium,IT,paid_social,4a31a06dc5f7f343169076445c504165affc71c8244dff7189b746e5279852a7
u_01734,2025-03-28,digital,CH,paid_search,5067f7cc0ee1a7308c740a54ab9c279ac5163cb87d1f769dbd58c1b1220bf160
u_01735,2026-03-27,free,DE,paid_search,2c1ddecd301921341b5e23d61a36b9186fe3f0e5b937fd3c7f79129888605176
u_01736,2026-01-17,print,AT,direct,7d4d11bd29103caa0342b6683b7d29bc796b940a6ddcdce4366c78d4f7469b84
u_01737,2026-04-10,free,DE,referral,c4586a63ddd7f959d3aad494a897bea9c0dfa67ff61b244bc33b6f2707dd325b
u_01738,2025-02-26,digital,DE,direct,f16c61c3051b6cf984eb2c9a35296c5fd7ef86695118d671150b8a981a099973
u_01739,2025-09-19,digital,CH,newsletter,f99dd6f83109668c78edc48037c47d804be4cda8bf8679f68e274602f1c7bcda
u_01740,2026-01-28,free,DE,newsletter,2212ac822fe89f3c7bd5975ba67d8f95d5356ede00567d97d39e1d0edabd4172
u_01741,2025-03-20,digital,CH,referral,5766d9adb92ba38b3721e456632c43d4eedafb7b8e051c6db0b4f555e4cd06a1
u_01742,2025-03-09,free,CH,paid_social,9e685a010d39561b602380de359d052bc4a752dcb87887dd93cebf91daaabd13
u_01743,2024-11-20,free,OTHER,newsletter,94acef64da10bf82eb6d75b4f08ea88a157e3920802ccacb727353b357898194
u_01744,2026-06-01,free,CH,paid_social,5acb6e9e97aeece7f995ab7b46c65fd2cc2f050d4eb0574703593d3658449da8
u_01745,2026-01-05,free,CH,organic,7e8b11757853ca0abb4fe4ead1261598b4bfa38e5ce3459db8a237d26639f6f2
u_01746,2025-11-18,free,AT,paid_social,032ecb1cf4298429d803c17b827da4febd1a33a2cff69e3cd5ff63c5b867b1f5
u_01747,2026-01-16,digital,CH,organic,70c21a2183aac7bda99e3afdf846a2cbc829a5b8851f95aa1d359b37aeda6a62
u_01748,2025-09-19,free,CH,direct,da25c1293aef356d8e1bbd05c960bc5612b97e2310949edba4229f14ec7dedcc
u_01749,2025-09-01,free,CH,paid_social,d7d2b6cdb4a4b68033b666c3faf91dd3de4ca9395324eafcfbc58004aa5d98c2
u_01750,2025-08-13,digital,DE,paid_social,f838b1a14d10e49f9bbd208da88d51a40a90e921324bb4b005cfc508843a9c03
u_01751,2025-11-22,free,AT,organic,d9a3e160707f7c9e707dadeb734d751cc8deedaefb77f02cc7c1c52e9ab034e0
u_01752,2025-02-16,free,CH,paid_social,c214daebb9f05f2b2b775ded592f0ba8c42fbb4675acb3fa0d243b2aa3bf226a
u_01753,2026-04-11,digital,CH,paid_search,f7f02da69cb88d352cc9c9152fe54f9a41c3f77098e6ee88761d3cb3413013fe
u_01754,2026-02-15,premium,CH,paid_social,f46da5d9ebe0144afe7c5b70a6a166b98d7b5e1ae967dcf5b916e0ee3320d532
u_01755,2025-06-02,free,CH,paid_social,6cb0b315580e0adffcf841b515743a3d14b7bc1b7e968fa78a9305dad659d8b6
u_01756,2025-10-08,free,CH,paid_search,c94fa4bb9fa2ba222819fbb77b3a0ffa2eef27753d31954c75f273f93c5e9a87
u_01757,2025-01-19,digital,FR,organic,9d383afd493c3a3cdef4d661a497857568e05177cd2c3337aeb263188ac938a6
u_01758,2026-06-11,premium,CH,paid_social,1aa1955d7890a1b5dcefefb3dd38080cbc76e230b5b6949a0916524bc58d44a1
u_01759,2026-04-22,free,CH,paid_search,01bbd1ca83543ae846f9c58712c540a4f93d124f4c7470ff8b9d5c0b285a851f
u_01760,2026-05-05,free,CH,newsletter,5abd3c3971bbf0edd5c9c26c2539d3a3e0e0cd2771c035704ed98241d77491e9
u_01761,2025-05-21,free,CH,newsletter,8132501f65171c5ebc7df06ce6c6b6b6ed3972fa8da9cfab68f0dc62ef5ee089
u_01762,2025-01-28,digital,CH,referral,824de0fda51a6eb12a7826cfb06c01bfb0908ec97dfcf26844495855920ec1e5
u_01763,2025-02-23,premium,CH,paid_search,2c534ed66f8354fd66c1a15442d3b1096278fa13b5e98910e689758723ab28d8
u_01764,2025-01-02,digital,CH,organic,f8a3931762dde33518e544a07effe5af86b2c347b9de0cc34f74f72685634451
u_01765,2025-01-12,free,FR,direct,5c377736b7f59ecb6c5df8eed9ddbbffd96cbe8fdadbfb52714115cb03c7771e
u_01766,2024-12-22,digital,CH,direct,54be9071cdb1590d0bd36395db5acbf7f6faab3e11d6f85986a35b0db21da924
u_01767,2026-06-23,digital,CH,organic,116ca7f4e8e976baae0510cbf2979e5dbd6c32cd7b8390058c490aa4bc8f6f06
u_01768,2024-12-24,free,DE,referral,037ac6fe27ebe07ecca31ce845f95bd39e63e029af1eb2e72ccc17989c4f2f9e
u_01769,2025-01-16,digital,CH,paid_search,31b0833bf1f9d192c851024134add56c24ab698c5a6ffa89d5c1e529e435d258
u_01770,2026-02-27,free,CH,organic,bc6cf350aef094631f3bcae6dc681bd4df3c66af180c33a6f5acede2b59dac02
u_01771,2025-10-10,free,CH,direct,b08bf278312f5cceb8d9ed7a313a82d05947b83b9913550c944b98e362d1c18c
u_01772,2026-01-26,digital,CH,direct,8d0c617b06b9e38371855fb07c69ab0de74dbf29e3ca67fdbf04f947090a93d4
u_01773,2025-11-15,free,CH,direct,9270a936ca65344cf1fe57b026bacb01dfd799c7a21284b383202e188e080f87
u_01774,2026-04-07,print,CH,organic,8faf3edd62d5fe042878313455cb9f65a6c264e7337aa70a2d1b67a8662fee9e
u_01775,2025-11-20,free,CH,paid_search,24e285e7a2c45e7dfd12786c1db86476dc54213a0fa2cba05534616751ee6ec0
u_01776,2025-09-16,free,CH,newsletter,dd2c931e7917b1815698dfae339db62da4d4dcee5638790d03379cdf546c2b09
u_01777,2026-01-06,free,CH,paid_social,d83c61ec15aeefb14929ee5cb23197cbfcedad466b76946346fab5243ae8451d
u_01778,2025-08-11,free,CH,paid_search,1f4408c8010e0a9263e4a77ef08ce78e9237ccf4e07b6abf3613ea227ad07172
u_01779,2025-05-31,free,CH,paid_social,73df5be0c8ae1ad96a3b20a523d526eb5b8d06d1513abdec84fbbfc9a0dfef83
u_01780,2025-08-26,digital,FR,organic,6d5f428e79005149865146d758e25d61e303303775389fd7dc7153c8c429f068
u_01781,2025-01-28,free,CH,paid_social,33dbe034f6e4de215e57da74664d17b2beaea701e4dba51acf683896c29a209c
u_01782,2026-02-05,free,CH,newsletter,7d4cfd878ee2320b7ed7fba74755b5eb50d323aeaff45e5fb1154529258c298c
u_01783,2025-03-30,digital,CH,organic,157e7b2e70f4d6a62be47574ad7ec6a2032bd2b1a86a12a2de830ee62a5e8184
u_01784,2025-01-23,free,CH,organic,0bbe98ce751babadda2a29b32d757c096ca009e64467b0e1ac847f1c793a14b6
u_01785,2025-03-20,digital,CH,paid_social,662442d777429d7078caaf5f39d85fba42ef5edc05a967aeda245007e4a6fd09
u_01786,2026-03-09,free,CH,paid_social,b6d13cdbe0f8fabe261fa2c89379da4d02e253a5ef4bb2566f6a9a5d8377a8b8
u_01787,2025-05-19,free,CH,paid_search,fc94b14421accb9a96ddb5f14e26bb3dc6594942d3d8845f1f9152a964e5ff0d
u_01788,2025-12-24,digital,CH,organic,b354e7271492b7ec8a21892525a78782a620e8f3c2f18655e45c89550a5c4951
u_01789,2026-03-19,digital,DE,referral,be644584cfb1fa7d3332daece828983702c5110e3bc64f6238a822d03da9acda
u_01790,2024-12-26,digital,CH,organic,3f63fc4f3f60d365c80cf7ae7fa2737948b51bb0751239b13850e9fcac79ac22
u_01791,2026-01-23,free,DE,paid_social,d0dc6ac39e7d973f889c339de6733f408ceab939e9c9a7dd39aa71f205cfab58
u_01792,2025-05-03,free,CH,paid_social,9b8f9f7557c7a64d39920dbef3c53e8358668e5a3f91b27b685e6cb99ab5a853
u_01793,2025-02-27,digital,CH,paid_search,d3503388b5eac5ce81a2fa04315a02d5792839997be469b5595b3ff82b051662
u_01794,2025-12-27,digital,CH,paid_social,d753936b8fd1b550bdd446bc5541adf962a3e3351f8ef0230e1cd275964ae7d6
u_01795,2026-04-27,digital,CH,referral,042a2c5549761c1805d5fb35e1a7c0a9a275c4d3883927a1ac564aa48615c1e1
u_01796,2025-04-24,digital,DE,paid_social,da80655d6a7f998810ba930fa900a3cf8640cab39d96756fc26b6de3f58cb106
u_01797,2025-10-01,digital,CH,paid_social,bdd68f7ece9848570d1b5e91474dfed448f8cd2a3e280cd831d7e304c4fe0a44
u_01798,2025-04-20,free,CH,paid_search,b88b3bdfbbf70d11e8df3ba253616cc023a715372e461a0e5c2b21cea41a5a21
u_01799,2025-09-26,digital,CH,paid_search,46b6c9641a11ee6fdc5872b4bb5dc731120b843fb557bf281f6f8648a7b72a81
u_01800,2025-11-08,free,CH,paid_search,06a21d97ae205b33b7ba9ceb940026e45a517236e5a068795bd867de87051686
u_01801,2025-10-31,free,DE,paid_search,c441fc062c43f2075ca15a7111f10b016e69f960551a6c2f49887d3153a15427
u_01802,2025-11-10,digital,CH,paid_search,c0a67a33163c8476125bfd4d45bf91404a9dc4f6cf0167eae404a5fec669fa6e
u_01803,2025-01-17,free,DE,organic,fe809d9d4d74e391da877de663c2eaaf3b05d68519c570c506b0def544d9510b
u_01804,2025-12-30,free,DE,referral,3bab7465481e7d45ae64ce4fc53413cc67a56d291f00831764f417c5f909f09c
u_01805,2025-12-16,premium,CH,organic,d827bb09a7b7c2c3a5a4085a7995ba7ca2416d59bdd97c55338b6017bc826e80
u_01806,2025-12-22,digital,CH,direct,c2ac967ccc8a1eb5094511d980d127f04b91af86532d5d3b9c8fb092f9ba1a94
u_01807,2024-12-24,free,CH,paid_social,2c37b2d0898f23639db6777804915085ce0c2eb89f2173eb9b2973b61ffaa955
u_01808,2025-08-11,print,CH,organic,113ceb50a42a5fc4183921a1fd1462ab15cec43b2cca8b64f7a095fd0a164c9f
u_01809,2025-07-15,free,CH,paid_social,4304570b447e699501973c6e8b78bcbec998fe032028bd2aa7f6eee9589b3a3d
u_01810,2025-01-01,digital,DE,paid_search,fbfe02699343850c913d59355b7e5ae69010fe6c3c63d0745feadd13d4a69a22
u_01811,2025-03-03,free,IT,direct,564b000b6c3ba932fe7838bf10c7f0c2a70c2e17102a7c737044fd6b831792ad
u_01812,2025-08-07,free,CH,direct,ed14b777b438396de3d24d34aee0e7ee58fae6bcf7567383f81916762309a865
u_01813,2026-01-16,free,FR,newsletter,027dabdaba231c02efda5f18be91f20c1a4f1544ca9f312b9bf679a596ec9c2e
u_01814,2025-03-13,free,OTHER,paid_social,b7fb92b9f51160cc6537403df8616372876273a6d62d65a3e50b633e164d62fa
u_01815,2026-02-28,free,CH,direct,3b57fdc25b6e02f789788928ffa2283035456ef6c9fb433e406630ebc3edf5d8
u_01816,2025-09-23,free,DE,paid_social,2fdd406d31eb680a8ed1ab586868f232e0f6b5b25e425c168d77f914dd412230
u_01817,2026-01-22,digital,CH,newsletter,8b59238f314347244627ee58c295be4ae926d1527227f71891321fc07cfabfdf
u_01818,2025-08-29,free,CH,organic,6f8179aa39b0e8dd8c7bb90fec4d2fa142f6277d3b11cb045d31e086de1aa94b
u_01819,2025-09-08,free,CH,direct,9f84b56d0688146459d64d613cb2bfc8dc8a07415b7733e6ceaeda8f6b504c46
u_01820,2025-11-07,print,CH,paid_social,14e233431a6afa633eb8bf4f8bb6952000222b94a1b9de146dcd29f917cb09bd
u_01821,2026-05-10,digital,DE,paid_search,5f599ba5d45920901ebb36c83dffecfbae3cbe209064678b9d69f18591a250b4
u_01822,2025-09-06,premium,CH,direct,a769013e0a7aa5f84c3f34ee7bdff8b95671f261ede644c4edbcf1b7d3ed83a1
u_01823,2025-09-18,free,DE,referral,ea3119f636dbf674a43eaf111e8900b5acac939f15db270fda75b8fcb9f1a506
u_01824,2025-10-25,free,CH,direct,2d106e747e54d7ab0b1adbc30f5646febe910e42c76a1f52e11012ed041b4db6
u_01825,2026-01-14,digital,CH,organic,6c387e37f2e345771f57aa8b7f3dbe873505cf26eaf96f8c75b7430cb865663d
u_01826,2024-12-22,digital,CH,paid_social,4b188512ad06f508809f38ac369cb9dcabc37ea94f200470d3e03c2d303632f5
u_01827,2025-09-14,free,CH,referral,c25159847bb02348a4c3787aac072e4ef0423c7f1d66434307b19bf975790299
u_01828,2025-09-02,premium,CH,organic,264f859eaab707045c29525787f2dfb6860bf89ad38821bf6f1c0df0d6496f70
u_01829,2026-05-05,digital,CH,referral,6b13a777d701a97c2b7d15d257605788e8b2127226e550f87f9c7f9142d9dbb0
u_01830,2025-09-06,digital,CH,paid_social,a0dbb54b31ab4db6e439af22b9ac0313d1606424a1354ed150470e50762667ac
u_01831,2025-08-26,free,CH,organic,adf9a14a07aecde4951c6f8797ce98791272277e1188672d8945a65f8cb31baa
u_01832,2026-06-03,digital,CH,referral,bf08cb80e179089189ff3e76bd73046d0ed8712ff36ab2191471b97b14aa8602
u_01833,2025-08-14,free,CH,organic,c15edb21a352c6d1be4713428513da720fd77194e5a11b4efbdfa6f3cdbef7bb
u_01834,2025-02-01,print,CH,newsletter,2270e8b703436cd15dd4669db1e3fd72aac51dfff4a4fd225ec1d0cf42972f13
u_01835,2025-02-27,free,CH,newsletter,09c99caf07d2091fa7270d202984ae3bb9b8329a3a4789db92a7a7b7d5fb1765
u_01836,2025-01-04,free,AT,paid_search,96e197d2d6214ad5326d53f880da678964fe05de0c268f60d08261f81253c315
u_01837,2024-11-01,free,CH,paid_social,0366b68bcca9737d5c6817e5b37ac92b3897525378de6a306b02794030213ac5
u_01838,2025-07-31,digital,AT,paid_search,887f410f48611b28c83ff9361dd69016e451afecc3019335427d325b5f7e40fc
u_01839,2026-01-24,print,CH,paid_search,aa5f457fd34e752d50dc8f4e4492cb328d2700f525502426f4e1f9578b7e6582
u_01840,2026-01-13,premium,CH,newsletter,f1099a85aed8a6dd0da705c7f7dafd2e87c4208afc2c182c0ca5207057f2f912
u_01841,2024-11-24,digital,AT,paid_search,e86c9477f9730cc93880362042d6e7bc12237ca3a26902f0d4ca309cfc3cee0e
u_01842,2025-10-02,print,AT,paid_search,b4553cf0f04cc9ca1e0cf889ea91a2252ee946d0670336310c291fa10cb00e7e
u_01843,2025-01-23,digital,CH,paid_search,7ecbef0051fd0ca5e343595028adad909cf3e69c8d32f44e92dd4540e886a71b
u_01844,2026-05-19,free,CH,paid_social,e45c1646bec7ee0f1ea81d8748da83cb2d00e15b5088cd731d8b53a4451f91b1
u_01845,2025-01-27,digital,CH,newsletter,ca80fb19844106fec4f97404a9fe68f1934b90b62a75bcea605cd7d791391a7a
u_01846,2025-11-12,free,CH,organic,2e94c2820266dccc27c50b66195ffa8eabef1b44d23659796cd349b4d0ec93c5
u_01847,2025-05-16,free,DE,organic,c654745e73b4d007c3830af6365fd3fae804c5dad8e82effa167852a4bc53151
u_01848,2025-11-23,free,CH,organic,1cdd705fcf96d5edef5ebe73d0a7144718abe88b9d31df891bb01003c33d2ad9
u_01849,2025-07-17,free,CH,organic,4f82ec7dcb4fe9e33a33b264b5df4826be1042fa5e71ed61569efbdf557aa9e9
u_01850,2026-01-21,print,CH,paid_search,52ecc65c744025b6595c27c6081b17de9d872e29797c38e25c2f13e887ea14b8
u_01851,2025-03-09,print,CH,referral,2e40506a59bdfd3cfbe4590ea0fbf499eda47af3c0715c824de9c1dcbd866858
u_01852,2026-04-24,free,CH,paid_social,59a941545d3614ff8a71e8db5fb0b297b2ecf147f91c591e6094835dd4513d67
u_01853,2025-09-09,digital,CH,organic,614a95f3eed7e97851c4b6d65c5be88f2d55792fd1e3a7330bd053eb624fea3d
u_01854,2026-01-20,free,AT,paid_social,c0fffb5c25618b3f945eddee60a472fa3084c4d2cc7d0b17d881479fda12727e
u_01855,2026-03-15,free,CH,newsletter,62a51eff8b36c3887d81b874b433d71ef173c1e850cef7188ca6bb51a6946376
u_01856,2026-06-30,free,CH,paid_search,ef116e2fd6408fb7b9d6f0bb89851741e81d44a05043f85e68cc5107df160420
u_01857,2025-03-04,free,CH,organic,cdb4be04d5e41e09f42e30ff72f16a02b7d21129b8f4adcdfed71ce1f8469ba8
u_01858,2025-04-18,free,CH,referral,996f50954592ffef5d4377b77b89c8d0eacc3f9f54c9bb38600e28a47569a2de
u_01859,2025-03-23,free,CH,organic,d03a8926c03a529f8f21d7d4af9bcc8d8650e6fdd3ac57cfa44dde2c27f8d0c7
u_01860,2025-04-01,free,CH,newsletter,641ce41e0c158711c020309477eb3b43026764848c81b24dc01d4d12a7760cb3
u_01861,2025-10-11,free,FR,newsletter,56485882f04e417b092566bd2d5c01667e5d35440b23d86a34fb44f9f7c40fae
u_01862,2026-06-26,premium,OTHER,newsletter,2dced731fe1cb423d10886b056c6c6f6c4203212bdb40256c1ed37beba13f01f
u_01863,2026-06-24,free,DE,organic,197693a8a5a5d18031eaed9e5314083d7bdc16cf7aa04bf841b7d4c9fb5c2d81
u_01864,2025-09-17,free,DE,organic,d52adb3c11559f1e46f33c027800f1a7742cfa7df3ed814596a435b654547469
u_01865,2025-11-21,free,CH,newsletter,e573a9d975541cc722929d4b52ab61e6e1e77f1df88fd73a9b3d890ec67c70e8
u_01866,2026-03-22,free,CH,paid_search,df157f340e49c663e9ff74328a4d633b4eade07df62a46c16d66782c7d0eff7b
u_01867,2026-05-13,free,CH,paid_search,f0963ace169e446a0175b79acb271c3252c1ecbb5509e81245b154ef451449e8
u_01868,2025-02-18,free,DE,paid_social,e7f89d4be879751b956d25575fd6eec66ff9ba56f6fc02dc567595884e842c78
u_01869,2025-09-18,digital,CH,organic,63add93be2fbe443744f95b443478eda7edea03745c226c9042d77bea5f53e3e
u_01870,2026-03-03,digital,CH,paid_social,ecf92c78369667982697254f85777e4adfb7af46d21259ab49c4f02bc0c4248c
u_01871,2025-04-30,digital,CH,direct,10e1a222f7422dbff76bb88cb0232a00fae4e6fd8d8bb7d477aed64d605127b0
u_01872,2025-08-06,digital,CH,paid_social,60bff81e84115447af3d886cdaf0aec2e133681b263be005e4a31607b43fe151
u_01873,2026-06-20,free,CH,paid_search,ce3c4edf3dd5cf039d8d41328de8b9d9769dfdd36396754efdf3a429a387d6a8
u_01874,2026-06-20,free,CH,direct,5280a48433f6cca4689ac8ef7ccd8f71491ebe4c70294ca4db88307998d79d9f
u_01875,2026-04-24,free,CH,referral,7d90399c5de6ceaa647f95f52acc893f4ed8d0bf11b1fdf2119123fab20682f7
u_01876,2026-02-06,free,CH,organic,d9a0738dcb4dde35874ce861c233f304cf9e50b0f6e21248b490e0f71f54fe94
u_01877,2025-04-05,free,DE,paid_social,0314b1ddbfae85c72b4d012a4b9dbc0a69d5f866a43b4bb6297918610abd9d53
u_01878,2025-05-12,free,CH,organic,a1e6530f6d436b7b0a16f380bd38d784731cad98662d4b6c1425ec7272bc6429
u_01879,2025-09-24,digital,CH,paid_search,cf636409b1440f7429300a41b9ab89fac655b0f17c4eb9a49dd22be502e697e8
u_01880,2025-09-28,free,CH,paid_social,46c11983e76299c81e255097ef4de1b01dc634df2dc934c921dd78e8f4083500
u_01881,2025-09-10,free,CH,organic,7c9fc2c9c1396cf1d3562105623583f104f74490f8bf0b031c377199d778f1c9
u_01882,2025-11-19,digital,DE,organic,876adb0e6d87ae3ba0176e79ae1829b1c2fff1c60dc0a41414ca37c5e561030f
u_01883,2025-07-14,free,CH,paid_social,5b4abe9a3ef9520173ab67558b17c5531f2cd0fcc1c2c68b2db951be0573c48d
u_01884,2026-01-18,digital,FR,paid_search,0bce4e43073b5aeff80082768ae64241fe3d59071c1fd761dd5f5b0b8cb60bc0
u_01885,2025-05-22,premium,CH,paid_social,059199241f3caa603efa90e57e5d68a32ce37c4c01719873e5a0dec9730415f4
u_01886,2025-05-20,print,CH,organic,19f45b15524e9abe185cc30350eb982c70194006af7684b95aacdb7821192e6f
u_01887,2025-01-14,free,IT,referral,170047ee63466400ad7c24d4d96b7b61bf328cc928823b47a6b222b1dfd4bd6d
u_01888,2025-02-07,free,CH,newsletter,d678227754121f1a9b15a9e3ae7a4333958a4db2874ef6ed0063edbe8e75348d
u_01889,2026-03-15,digital,DE,organic,ebcfcab67cb77eb4602e7636c2fbfa5bf452fed6889876531f46d893a908e049
u_01890,2025-08-10,digital,CH,newsletter,8f5362918a8ea2784e69c8b4f953a219a04d15b66663683cc23c0eadb2f98abb
u_01891,2025-03-07,digital,CH,organic,1e7bd74c3ccea552c94812ac71c880ae1df22f95befe419484fb416e18d31f18
u_01892,2026-01-21,free,CH,paid_search,7ca44d19a6e6ba84a33afe9999a82d81d1db0315479636e180e3bfc65f726e6e
u_01893,2025-09-26,free,CH,paid_search,6915dbc32c7be87a296cb6349d9b2ef0c4148a0bd9cddd1bd1543b22b11da272
u_01894,2024-11-16,free,DE,organic,3f3770981e8a3f517bc7c029a7c4d16aaf7941c2e94709112cad42649aa6edc5
u_01895,2025-05-09,free,CH,organic,e217bde28a5ff9609ea4c16a576f89c984f28771f754cdcb565093db66041326
u_01896,2025-01-30,free,CH,referral,9e7d730449f62a7549392da2a631d5b2abdd7e7ca2df570d23c96b1ffc90acfd
u_01897,2025-12-03,premium,CH,newsletter,16419fb3c5bb0060d1a0af01b6e5e4704819068883e9750f1652cdb00e074f49
u_01898,2025-04-10,free,CH,direct,b48cd24ada7a39ed211b6231be6ccb6a51930eaf1dce6fb65fa2bbc84eb117ae
u_01899,2024-12-17,digital,CH,direct,86f7a347b3f7c34d4372e0d3b080b4f40d7c9ce6ed1b8f0b9ebd1481cab4bad1
u_01900,2024-12-10,premium,FR,paid_search,41cac94ae2992c8cd7e80ab30e55241214574f9dc158b1c09f510cce96f17e14
u_01901,2025-10-11,free,CH,organic,c92c8a8505b5e912627ef0b4edfb6bb7220c8fb3cee11f7cb6149594f621bbc5
u_01902,2024-11-16,free,CH,organic,6b98319171b653804da36c9a654a73d0b254003773755990822cf8eb830c05c0
u_01903,2026-03-14,digital,CH,paid_social,7effa4a02c4a9473bcd5041b9a842708d73b877d226eef8c72c249bd368d37c6
u_01904,2025-01-23,free,CH,newsletter,41e8299c8b82c7e24af91b0e254b058512572975584c2552b746eceb98a529ac
u_01905,2025-10-28,free,CH,organic,fed074c8da121666bad206c7c8c383627f981183302cd29eddb38e6faed7dcc6
u_01906,2025-08-09,digital,DE,organic,55d77b30816f11708fb07d4e05a6b0dba34f5b9040128c60313dc54ef6be8c1c
u_01907,2025-08-08,digital,CH,paid_search,6105b98c06cb235f548a47f4488310273790a40360c3dc68cae59d53e6076ed4
u_01908,2024-12-22,digital,DE,newsletter,1b2a2ab1c818a809fe0440afb578c601cafbd1b6d032331246ad889566fb1533
u_01909,2026-02-09,print,CH,paid_search,c56c335cc6f274d15b9f6d19d87d11309604de8708ccbb21bbb3734f010468ac
u_01910,2026-04-15,free,CH,referral,ed31f693bc99c68248d71275de60d9ebefc39fcaee87aee992b3ee8b37c5d2e0
u_01911,2024-11-08,digital,AT,paid_search,5c821459b9366b796d284be1a5f75b0151cad4afeea942056db6f50145e18184
u_01912,2025-01-31,digital,AT,paid_search,cac0a1f33c117c17833ee1f9702f3ac76f2da7fb03b3836e954443b23374f7ba
u_01913,2026-04-23,digital,AT,paid_search,ce966440b98aebf24f847de6cb29fbadd838ef1d58f95fbe62105ffe75a09e9a
u_01914,2025-09-25,digital,CH,referral,fae36bf9058574902d765f91eb17c5d4f90f4cdca2f0278918d10bab16d833c4
u_01915,2025-01-22,digital,OTHER,referral,c225b114635810939775374084f022960f245b89402642e6a3d76db403a087ae
u_01916,2025-02-17,premium,DE,paid_search,3dbaf5f2167bec9d5971d6ae36fe5fee40ecc290fd166a18ec60b546ad57236e
u_01917,2025-12-06,free,DE,organic,3afe952ccb2bd0082cdfa078dc69bc39b6d20ad1a3c9669fb6a8b1bf21a93860
u_01918,2026-01-10,digital,CH,organic,759ac8f06b5d8150d837f005fd473b29c82ea8121534765e333b2e391df7817c
u_01919,2025-10-23,free,OTHER,organic,e0873a6232c27739c3cc352c357ad79ad8d81aed93b2e487392e2073b1d7cb5b
u_01920,2026-05-28,digital,CH,organic,7db13a0d51fe7c5cc74f5ca66f9ed0f1ac36ba58dcf9e3dbe86a53cc7082d40e
u_01921,2025-09-07,digital,DE,organic,3bcb5d5b8ee87227b2efcc2c30e0d6899de1af9fe02881cda27cf468c022a4be
u_01922,2025-04-28,digital,CH,referral,d13a40736b2f70c8ad101e29b4638b961c5abcd195d012266300e5cf23e30505
u_01923,2025-09-01,free,DE,newsletter,102ac4e6fa0ee6385a293afe0bb22aab3ff66dcd1bca8ed3e142bdd1074b4bdc
u_01924,2025-06-09,free,DE,referral,66d02843cf4bf63089b47fc1c4a2ee8b44871f3521e9de06b23a1473b8f52656
u_01925,2025-03-04,free,CH,referral,a2a4d80ff53c0368393327a4882efad152e0274dbc8e608a6bab5da139a9a725
u_01926,2024-12-03,free,CH,direct,114865a7ba79bccff101d9c74f5dd24310a60167aa418a16a14776eebc107cb1
u_01927,2025-06-04,free,CH,direct,ecaa29df516d6e2246ca95295ef25b5c391acc9849e8b397c32ed2d7c19398a7
u_01928,2026-01-06,premium,DE,organic,bcadfd5383105fea68630b32c6234d47eca4c83f37fee483cbfaa2798d963bdf
u_01929,2024-11-14,free,DE,organic,6562161dbda265f444ff0bbf817228bb9f764260ac3a2314fdc102338aeb8e9d
u_01930,2025-08-05,print,DE,organic,35bcc8a1a0968dd3ae626f0f7c412a95254369afbdb0e881ed5b1fd42955c1a1
u_01931,2025-11-24,free,DE,newsletter,42e9dcc9cc660de5534d62800d3f45ecc38e853d4197a5153f06739822363a86
u_01932,2025-10-31,digital,CH,organic,7d5ed359a4beb8373b22fefba5f42774474918994fc837cb4f924325afb00a87
u_01933,2026-01-27,digital,CH,paid_search,e115003b3c7ce0b6dddda02fcb1f1361ae8b3828f4b787bf62a72a5d54aa39eb
u_01934,2026-02-15,digital,CH,paid_social,03383972ecc99be5ac010deca65fa88e96ce80419b9fc2a34b85b75f21bc31fb
u_01935,2026-01-06,digital,AT,paid_social,e7be67b874f1b0e1d62533ac721e9b39846471bd9bebd3c94192bd4df5dbac68
u_01936,2025-01-06,digital,CH,paid_social,84bfcbf94f7d8fe296bc16e9e71785b2168c3598e37a9b80ef40338f239915f2
u_01937,2025-08-31,premium,AT,newsletter,d546af9197f1e671f83667d57fde9e47a5b203a06a5755b7f2682c0fdf046f79
u_01938,2025-10-26,digital,OTHER,paid_social,aad06ff1652240309943240926f210f8154e5e2f7cc62d2c87f7a7f7178f8701
u_01939,2025-03-19,free,CH,newsletter,f46f7ff11bbb92d85d7b287c17fc43d7052b31fb0c5c6f83a6e5822eb736bca7
u_01940,2024-12-01,free,DE,organic,d1255f5a6ed2078c2b1d0c5b2847d8ad588b0bce91de364783eae536816c69da
u_01941,2025-03-04,digital,CH,newsletter,06cd1ee706f9cb7fd8e9aeb926c8fb41b881040085275ab511adbcb79cef9cc1
u_01942,2025-08-17,free,CH,paid_social,f7a0c936debcb6f24ae1dc247ec4e07dedea6e669c661095559a0ff8268708ec
u_01943,2025-07-18,free,CH,organic,7506067ad84a8c58e340a47c3bdd9fbad90dc7dcf0e37d45ec8fbf5a89030ed4
u_01944,2025-01-30,digital,CH,direct,6d3c6552504ab5b7794da265a19adf7ccf4352d2cd10bcb2ea85158903e0920d
u_01945,2026-02-25,free,CH,direct,aa26f79face24ee93d75587a46bfdfb5f7ede8547d36edd6d3a0125880ce2431
u_01946,2026-05-08,digital,CH,newsletter,69215bff4280b4c91f8ac067627280416e79f4f3442bd0462001a9430d2ed376
u_01947,2025-02-16,digital,CH,direct,69ccfd9faa2d4364b9349e83c55705bd0345fbff699fcfb52bcd99571bf2938f
u_01948,2026-05-11,digital,CH,paid_search,8b05c6b208867bd63512c4c57d9464b52f918c924f494c57f104e7216697ae81
u_01949,2024-11-13,digital,CH,organic,9b1c218010fae7feeac7db99090a29e1c0c5eb68c9d0ef36d69406e3fbcd66c8
u_01950,2026-05-08,premium,CH,organic,b95f13b43be0a30dc5ec96c27b9d9fea0c08277281bbd103a213ccad9e1b3d80
u_01951,2026-05-27,digital,AT,newsletter,1ac033ff273fa71c5ddf73e3d81823171952907f5ab4eaf8ae3bdbd150ee939a
u_01952,2024-11-09,print,CH,newsletter,07e22806bc8834ee2c664ebea1ac8b0787048a009ef9421c726f546086d95a1a
u_01953,2026-01-22,free,CH,direct,f784edccdc78f85a3dc0fe0d139037a8f547bf4d19126bc61c915d8818d0c79d
u_01954,2026-06-09,digital,OTHER,newsletter,96803706bbb1f2eb093cefb346a22884772409c87e3dedeede2f59fdad8e0fb9
u_01955,2026-04-24,digital,DE,paid_social,723a0af20859a7867f6ec71458a50c927b0939fc93be5ba3bd0017d8434c39f9
u_01956,2026-06-09,free,CH,organic,316f396bd7aa7c133be4e57bcf0df864f1db77ec43dc5fca8573cd167278bf2b
u_01957,2025-09-25,free,DE,organic,f5f728196f18aec583388dbb60843727c5a7f6d796c74bdafad55d6a28a29a31
u_01958,2024-12-27,digital,CH,paid_search,2ed6c0a179b9db9a58f4f1b510fa6202c2224ad690eecf3129a1b122bf613e49
u_01959,2026-03-15,free,DE,referral,89821e50f60909e7394794754e836bdb9505a54ab4ea2fc1e6143dc049702cf3
u_01960,2025-11-03,premium,CH,organic,2dd16cc925be8182a1fd4a7e3c6a27a482242956f5a51cf043dd0b9bfb6e0ba8
u_01961,2025-11-03,free,CH,direct,3ae7ab7a56a1c2332d564ae009b12d33e474010c59a51ad145171a8533074746
u_01962,2025-07-21,free,CH,referral,a449a07d78747d4d78f088b72a1f24b140d0e207ad6182240aaa0e5f525d8a0b
u_01963,2025-10-04,digital,DE,paid_search,286f93df5285598e2e2bb679cb379f2ead3af2531465aefd630c0e6cd47c3bf6
u_01964,2025-01-23,free,CH,newsletter,383a3a36f26d8da4c065b7baf85e20be7c06bded00f2d374d028c42dead9279c
u_01965,2026-01-15,free,CH,paid_social,9606ee0883eea1439473cd78dd094642bd6d1a418d47556780c7b3df14c1fff4
u_01966,2024-12-24,digital,CH,referral,dfa55de7138bf1506a7904a97aa048050690d65ba77d229b96885d82dce89be2
u_01967,2026-01-12,free,DE,paid_search,6fc933ef0d7713f9851a5c5400e16f73c4e57ef93295947eb0c2836950427ad8
u_01968,2026-03-14,free,CH,paid_search,273837df0ed792c11f6695172bef1934a2958aee7e59879e0bdb4f21a5650639
u_01969,2025-08-29,digital,CH,organic,75af52df57b11568bc20b6b6b9ddb02933be725d8b586ffda3c73a0d388cac16
u_01970,2025-09-12,digital,CH,paid_social,2e14c07cb033b914b184ee78f9c123c0c6692b03b9ee6a1601a6efd6a429d1b2
u_01971,2025-05-06,digital,DE,referral,2afb802ea1c6099bf8396b9f73b4d8361afe98aa58f5e213b5e3771a42b9a861
u_01972,2026-06-09,free,CH,direct,e4eec998078567db2dbb0a0aefb13b475238797808de20f1d2069f78b018cfca
u_01973,2026-01-13,free,FR,newsletter,7d3ec762fcf8bc999a3aaa734512b8b481afa3ff4f677dd2890f7ade73f26a16
u_01974,2025-06-16,print,CH,organic,64d54d89f9d1122c96d65a4a8299de5194c7db59ef4567df6dcfb4bb731cdfd4
u_01975,2025-01-30,digital,CH,direct,f97addca63febc0228daf3fae8c758255740892cc52ff15e3275a3d14b9a05c7
u_01976,2025-03-01,free,CH,organic,d39673047cf8fcbd1bfd31d107bd185bf4744194e1a40d7ecb0029de11dc1fdb
u_01977,2025-08-23,digital,CH,organic,b7c29c7acb5196a8349315879e446ded587fb86a2517a1d54f4c403b72b12c15
u_01978,2026-05-20,free,CH,referral,1142a35af3ca166e54b1ce7045e6c04204477e6ca1582f061533073eb6088c75
u_01979,2026-01-13,digital,CH,direct,3fa11d219b5ab103fc8031195f047736abab9b0e78d5ec8d4487653f8fa69212
u_01980,2025-02-26,digital,AT,direct,04d89f2b8e2b714bf47991f93747aaa65f8670f9c74c11e0486d779ed028ec16
u_01981,2026-03-22,print,CH,newsletter,6783495b421e8e2f1ab642c02e11de41161a74021345ae4da0cc59580b3d47e5
u_01982,2025-06-23,print,CH,organic,3c80b3c2f11bb942f89700cdac0a58a37925f1bceb939f2ebce1af372c719c42
u_01983,2026-03-16,free,CH,organic,afe04e351e8121ee9d6b16da23c006f8907d64f5eb351b6261af212602c611a3
u_01984,2025-03-17,digital,CH,organic,3efe270b94ff0f8061a22c0c81d9f8ef588029ed848f6d404be2222663b5f09e
u_01985,2025-11-06,free,CH,paid_social,267176f1292bf1fe42c9629c31bf19e2f701933290d925e38ee1186724de768b
u_01986,2026-05-09,digital,CH,paid_search,3e6804fed47ee2aa8a0ae3ab924a83a2c162a0c07bcc6418fa02cbf67984af21
u_01987,2025-03-28,digital,CH,organic,503875e272c698cc2c5fc912c7eda3b2fab28e1bc1a2c66306ac62d0ca2753ad
u_01988,2025-12-29,free,CH,paid_search,96b761f0845e002a871854046115d1b75ce3f6cd3f18cfd71f8d3b3063fa4cc2
u_01989,2026-06-21,free,FR,paid_social,79fec7662bab9c7bcb992654aa6293e89cd96b82f599f4a510e21d0be04c1f4b
u_01990,2025-01-22,free,CH,referral,8aa8d0de2da765d3d98c8cdad7ff9f091ce5d0ff8864effc05e26404eba0e8fa
u_01991,2025-01-02,free,AT,paid_search,78ba18de50eaf9cb4e4db7c23dea55977d51deef9b27fc764542985c95f4afe8
u_01992,2025-12-16,free,CH,paid_search,f3c85dc4fa3933afedb75e63624a7e24b499a8b6a67d21f39a4f1f2b202329fe
u_01993,2025-05-26,premium,AT,paid_social,bd9fb744f8941495124c68d434b10a802bd4d25db7264f39d333621b36aa82be
u_01994,2024-12-22,free,CH,referral,39117743a85a88f2aeb910f69f3810d82a78f6f5845376e5400bca10066bfd6f
u_01995,2025-08-31,digital,CH,organic,dbdbc3626bda7bcb46451d46448555cb677842d2ba8ef027b3696f3bed35c946
u_01996,2026-01-19,digital,DE,organic,b16dd7b954cbf66686b062d5e24dcf71b89bf6fe5ce6a0722fe017960efa556a
u_01997,2025-04-17,digital,CH,direct,5d502d24398a7be21fad45ca37e5abdf3c455710e23e0c0f7c49d07c394ac34c
u_01998,2025-05-23,free,CH,referral,7f7726c8ef1c3c30f699d5293322089a600d11e8a9358b8f702c9af6e17b267c
u_01999,2026-03-12,premium,DE,organic,eb29af36977d322a9ceb6dfe4a924b376844c79082fef5a5ebb8b223e7ed4533
u_02000,2025-09-15,digital,CH,paid_social,7b13c896ea0b1a4a4fe482eb55e75f8cc33b894af6af6bb3abff726221aab0c3
u_02001,2026-03-10,digital,CH,paid_social,dddf6f6f2c48e6048db4742d6e70e50be5f406d815ef1782aef0cc8212b94b88
u_02002,2025-08-11,premium,CH,organic,73d60c25951e2bb4295fb09fb36c45ad8e1144ffad2346fc95bbcda7aca733ca
u_02003,2026-05-28,digital,CH,organic,cc75460b2909ea3ddaccb5036475376ea79ed72379bde538c974255b89f041da
u_02004,2025-11-29,free,OTHER,direct,9dd69f2f5c23055a2816884de004904331e829905fd97d5967c7da2de77dbb63
u_02005,2025-01-11,premium,CH,paid_social,c273fde0311daeb497b528211a2bc2003b7b5af399807daf42af3ce5a5dab3ce
u_02006,2026-04-09,free,CH,organic,124a29244900036e4198cedb05a225109c1c1615ec8330b80f37dad7b37aa72d
u_02007,2025-09-05,digital,CH,newsletter,79742499cd4acf96f5454d7f9b7a7fbc7878b2e238c4a87bad930179360a3682
u_02008,2025-01-19,free,AT,paid_search,4df01e529421072fa04b02ad5b7aa7f4fef4245414a1436056f9d44fdd841c4e
u_02009,2025-01-23,free,DE,paid_social,9bdc4be222c2ae04badc297964fb90b64f6b83dcf5d3d54f7af21e75b0b7dcac
u_02010,2025-12-26,free,CH,paid_search,cbe6f244fed507b08eae125c35306a73521ba19dc01e84254e58067ff5995b51
u_02011,2024-12-04,free,FR,organic,b2a80667f509f9cfe60f052cdd46c26173efdab64e5f6d8f58e6a72acf5a519a
u_02012,2025-04-18,print,CH,organic,f3fc4f8392febdadc04677525d96968e3a9de4a50e181694ce6fa1e7bf95d58d
u_02013,2025-01-18,free,AT,direct,9cdc15220af58abbb0132ab572c38a309565cc6dae078eec01f8e3ca97a9f161
u_02014,2025-08-07,digital,CH,paid_social,6b600b794994abd5c4d189b1a24b770de9d44ea773d717a16230b32c8b770137
u_02015,2025-07-19,free,CH,newsletter,9169c9110196581b7fb776c342bb34ab52323ba8ae8491ef81ad2596bcf857ab
u_02016,2025-09-16,print,CH,organic,b7a1164e4a9f0c4446ac25641f93bfbd703d62ec8ef8676e4e063bde5163ddc8
u_02017,2025-04-13,free,OTHER,referral,f89a8fa5c444d84b6bb51ce1c09eab456a9b348afef37ae07615620a3c50b9fa
u_02018,2024-11-23,free,AT,paid_search,d500362a47f46857a711c32db1fbf73ef0d0dccb50ffcd718cfa5a2b30fec17c
u_02019,2025-11-03,free,CH,paid_social,8c4001784afb11bf01ee576e2acfe69c720ddafb4a933eb35337df3b3d6cff6b
u_02020,2025-06-19,digital,CH,paid_search,ab60d9a80bd3182d73c704d1dd742c0ba775a8de9a3ec57131431fc11d4fdd9c
u_02021,2025-11-30,print,CH,paid_social,160fb09ab28b98256f7d294dcf2ae1c19d7cdd255a9272bd3581eb414d87931c
u_02022,2025-01-08,print,CH,organic,dedeedd026cfd1fc6b77b2853b023189ec54b03032edf3e9899d9d07e9e52596
u_02023,2024-11-10,free,CH,organic,5b695282d59079f5322290ccbeca65084ef0a48cb263237533505fbea6dc3d3b
u_02024,2025-03-21,free,CH,newsletter,cd49c47e2a7d94ad662591a9b87441b04fffd73b845dbc9d29a846567bac2dc7
u_02025,2025-08-18,free,CH,organic,cce4bf79fb6b3b8b0c301c642452e06b506363a86bc27f7e77cd5c0706d05fe4
u_02026,2025-07-04,free,CH,organic,8e3a495c3bf571bbf1bf561f88af7c65f0903b10b55f4b9cc2bea855aa4e726c
u_02027,2026-02-14,digital,AT,direct,a53de177c65f1331a2fc3cddca23557eaa25834129226aa3a42b5208a91ebe45
u_02028,2025-06-22,free,CH,organic,52cc40bfb0a0c76ea04999135027f5d84210d19a4ccb2da943f72d284e88adc9
u_02029,2025-09-18,digital,CH,paid_social,446842b4afabb8c1023c5c7f86a61527ca0ce44c41ae6f3132019db3bc7acab0
u_02030,2025-10-19,premium,CH,newsletter,20302129df4017e6bd0455989601667c4fa82e266cadb2946b4d4ffb90b210d1
u_02031,2024-11-16,free,CH,referral,4f3e0c1f07699afdd092545f5ac32ae50bf005b64e84b5c9f8b437513bd4d8cc
u_02032,2025-09-13,free,CH,organic,1c6fd904ebfa59a4800d6211491915ebfc4e9b2553be4c83c1584b538861e7f5
u_02033,2025-05-30,free,DE,paid_social,7a4d8b4f35a0684860c2d196f7645fb505ed8d2d2528cd483c152ebcd168556c
u_02034,2025-07-24,free,CH,paid_social,faacffe206c264a05f63dd1ad166701674148ad09391fa2561e2a306cbeb7d12
u_02035,2025-01-05,free,CH,paid_search,85c93935737d6881b27e8b3a2e5ce984a78e72ffdf8a608037a65f1e8a6be56b
u_02036,2026-01-29,digital,AT,referral,838eebd79abbc1df556ff2146d014d98f2998baea1817f7145b6ae3c4ebfc497
u_02037,2026-05-20,free,CH,direct,398da2cfcdd36aadc44066bef7be3355b5d51dad7b0068fca8762577a42adc12
u_02038,2024-11-16,digital,CH,organic,54f59351d254b98e6429c87f5f759ffa617dd0546d897bb4ec38798394fd506a
u_02039,2025-10-25,premium,DE,organic,36ab0e493738e5456e38adde3bc083e5c9846d9096cce037218b128c8ad85ad7
u_02040,2026-01-23,premium,CH,referral,082337121b8e27e7cbc484a02a4e87bde61226e441cd40ac132ae041d6a89ffe
u_02041,2025-04-17,digital,CH,paid_search,ba3f493e5d71563d90f60d4e4981bbd6440c5667a3182c6bad94b9cfbd940932
u_02042,2026-01-30,free,DE,newsletter,054c5d3693a5da7c670344313ff737ad6c0094649cb10c62804eece3d0869a4b
u_02043,2025-11-16,free,AT,organic,52872a8904b99a91ff9e0798daef9dba020445be4bb160f667c466afbbd95277
u_02044,2026-05-11,free,CH,organic,d589f345e141c100b8657f5cdc79fd05f70ce86e38f1ae84876167733615ee63
u_02045,2026-06-17,print,CH,referral,d5776996bbe831e30c5ee5438b422552ad3a6db3eab00ff37401ea81439eefb4
u_02046,2024-12-01,print,DE,direct,b179cc160ac070834579f3ff9e1a449c0a036fa4a15a803a0bb1b2aa8a7da389
u_02047,2025-08-09,free,CH,organic,82c7ba634b1b491c9d01d822e5b681cc0701a0ae7979c35830bfbe648c3ebc29
u_02048,2025-09-24,free,CH,newsletter,f1812c6e1eb88de64cc30dac9eadd61e8627933da78174ede11370d12dfac688
u_02049,2025-01-21,free,CH,paid_search,a4c5cae01be15dc4a2fe60d1efa1b7d1d463c463f6d724ead7251ae143061257
u_02050,2025-05-24,free,DE,organic,db58ed2251586a6d2b7b18dc3a36eab25b247c719146155f85ec71ee72cca4d0
u_02051,2026-06-22,print,CH,paid_social,e9cc9c0267e8253de0337a96f0d04bb4a18392638531af313d8cc4b5ffbd7166
u_02052,2024-11-12,free,CH,organic,885d2a2f9ab9ef795f32588e3159dcf1f372c1e22f903e910bae109a35031a40
u_02053,2025-08-15,free,CH,referral,20d652ae40b0a8bcaefb5c4e5dc79794b324427d40bc09dc7529d33db9da206e
u_02054,2026-03-10,free,CH,paid_search,ba30c795eac2d2236a537313f906b4d0432607b765bd65fdaded580e89820540
u_02055,2025-05-15,free,AT,paid_search,95e8baca4d10e255bfc881c3e0a0ab4f19417f53d10539c7146d44dd205df28c
u_02056,2025-09-02,free,CH,organic,fb92c31bac9e492b4f1685b094432d6d1724b67de4b63e991d38bebbefbeaf18
u_02057,2026-06-15,premium,CH,newsletter,c73100f987fe367dcecddc187a4a943ef32e41949c955dffc73bb0a3c7ec7600
u_02058,2025-08-31,free,AT,direct,4ff0379d2fe3d63b6a89768114e4e10b0ac4a00aca3e6a2cd1ec6af4ec4a8203
u_02059,2025-01-15,digital,CH,paid_search,a1fefdcedad5a7f979a718d6ddde7f622c34306901b1fea709004892a6db29e1
u_02060,2024-12-08,free,CH,paid_search,688ad16cd793f63cf183c007c617cf552422ade62f2d9f50e2333475cd5015a2
u_02061,2026-05-22,free,CH,direct,a2c3a467eac1995ca80910f8bc8560fcaa53fff6953980f4f9ecf51c7357ae52
u_02062,2025-04-03,free,DE,organic,857486d364dd5bb1c98368f0e6ae67fe9eb3016ecb716804ed82b56a2026f385
u_02063,2025-09-10,free,DE,newsletter,836505d4f830e98d993f320e1222e6b0e724971c3ab54a557d38535368652169
u_02064,2025-01-02,free,DE,paid_social,1ef048efbd40d26e4d38b1388fa6e4f5eb16db01cc5ed17971235e93c52f1bfe
u_02065,2025-07-25,free,CH,newsletter,6a152a82f809ae9e574436444a157360072f384bd8a3ea49dbc0ce924b1416f4
u_02066,2026-05-11,digital,CH,paid_search,5d0104e3650227550b5e41d7c719f478617d3cc77f06bebfb56b34a3f09734f7
u_02067,2025-09-09,digital,CH,paid_search,3283b4d15880b279a43cc7fa440dbb363d632d70cfae1ae99590bc9d5e5b1100
u_02068,2026-06-10,premium,IT,paid_search,d70e2f1cf8cdfe0a62157eda5ae7bff6b2aeda0208abb323d47d37809f7de016
u_02069,2025-03-29,free,CH,organic,bdff5deefbdf7bcd29a31a3ee6b2a594063d3aa73aaacd27141936962e8bdaf1
u_02070,2025-09-10,digital,CH,organic,75cb34e67c37e49074fbe7c4c8233310f6d839b62adf47ab19c4320cde2c162f
u_02071,2026-03-22,digital,DE,direct,40c389ea033da7aab7eba4c84869fbf8b87080dc26ed22fe0db43583f2f4482b
u_02072,2025-08-12,free,CH,organic,81debf5901f78f743268e486e7b462745df0b6f454f2c65497d5ee9d7260d465
u_02073,2025-04-13,free,CH,organic,e98bade9d724de9872dd882022c815e25524a2ef8fa896043b67309db487ca15
u_02074,2026-03-19,free,CH,organic,b68717dd6ac29f8b8fd1bdd529803d7c6041e10df4829bf390a8af58062366d5
u_02075,2025-07-01,digital,CH,paid_search,1364e9dd861c733ce24f1c3e14588a5d9863525299bd6bd3b596a5f8a57bf2f1
u_02076,2025-09-18,free,OTHER,paid_social,11ddcc99a0e120864e52556d49a1b15279701dcf28dccf766f18a77510ca39f2
u_02077,2026-06-14,free,CH,organic,f490eb840b5e8efb6bd783d41f676e97aa3c6a6b7b5c6fc4b6ad2be194e60a62
u_02078,2025-02-05,print,OTHER,newsletter,beefec010f25dbbd4d19201ee88d8ec1d42557ba28cae18bebfe2433620c8177
u_02079,2025-04-29,free,CH,newsletter,90cd09d2bf42f2d7cb163e4887081e9b1d3b8672c202eb1673245a5c05a4bb78
u_02080,2024-11-23,print,CH,organic,f805eaa9899b2b3259c444a67f1a72f503cf9a0d964674dad685b7b72d9c7e8e
u_02081,2025-07-02,digital,AT,newsletter,36aef6ebb2370d7625e5339fcf431ee4f9e3d68b88830b630b5e7315eb6f316d
u_02082,2025-02-15,digital,AT,paid_search,c9214b780aa4fd8d76b03d41bd293fbebfe746ba0bb1b49c6b745ce1df89257b
u_02083,2025-12-20,digital,CH,paid_search,a8669ef9f6f9cde10a1dc224dc8807025e75ad864a6b71c0b941614cd9710fab
u_02084,2025-02-01,free,CH,direct,efe9147c2a63f092c8ed863b0e551ceeb65a36bdaf1bbc1e7cac2bba73a0bc7e
u_02085,2025-12-16,digital,AT,newsletter,e1dc500466ef57221b223b3c918020166c588a0260c1fbd524a9274aa0b68e42
u_02086,2025-04-01,digital,DE,paid_search,56a030d08d34f512a2042fcfd63dfda6df5329b13051c9b121c1d351e2e2a2f1
u_02087,2025-06-06,digital,CH,paid_search,3bd3bee68457ecefe56c16493f1049c5d4453dd2cec17c3b584e86b1c6bc99dc
u_02088,2025-06-02,free,CH,paid_search,d6e6652fcf45aa8d3162927f80622587b06a2347e078a7a1b53213e8eb800525
u_02089,2026-01-07,free,CH,paid_social,dd664b48aa4b13c7aef5d348b21305ea58fa741f37bae1d0e7981bea94a2e9e0
u_02090,2025-08-25,free,CH,referral,cc245a1909f03e06ea9001df2a6c61aab1e32361e7042c4ea6e1b7a689220a20
u_02091,2025-06-10,free,CH,organic,5939b7601af2dafb12d83d8d69cbb6b4e79a6926e30fe1a047fd8e02a3461968
u_02092,2026-03-17,digital,CH,direct,a122c5b5da401544ee4dfc7744fcd2077a5ff6720e846c225a833fd9fb4ce3fc
u_02093,2025-10-04,digital,CH,referral,435260b73e9098819d799a6b666fe78783f5d6f899ddb43834f4220e119f2828
u_02094,2025-02-25,digital,CH,organic,89d90d5eff0083090ad55090eb3e58f3bf74ba2bccacae72d8b02e8948a664f3
u_02095,2026-04-20,digital,CH,newsletter,d4de5b51d4a0939b7a2913bd40b1f284c8ba7cebda2a1f27cd05c27035003d94
u_02096,2025-05-28,free,CH,referral,8d8688b154551198560c0dc1af89162830e5aa7e54fa0069ab90e4b8b8469bd7
u_02097,2024-11-28,free,CH,paid_search,98c05ecbb85786470e93068cb7f396016b08a5e682b72affb6be30801d514cac
u_02098,2025-09-07,free,CH,paid_social,82b1ee0eb2174179f2c920185d26836ef0a6d685e171081970236df5a4f2a09d
u_02099,2025-01-13,free,AT,newsletter,caf781791d3ddf7bad665827ab2a3e890816a760424892891feb9bc6a07f29ff
u_02100,2025-03-14,free,CH,direct,5ba51968fdd2041c32b25149df890c3da8ae56dc85459eb1c5fb791eab4c9e81
u_02101,2026-01-17,free,CH,paid_search,49c5c7dbd57ff45a0d9dae014cdaefae232167c8f3ddb6c34deb4cde2559511c
u_02102,2025-01-15,free,CH,paid_social,0532ab5dc11b392aff91c1d27994b686aed458623695cd3bb3a050bd39e874ec
u_02103,2026-02-12,digital,CH,newsletter,db11bb9618985d81fff311d4441905d46c564c41e5842b9ef54c0c4e26843e79
u_02104,2026-05-16,free,CH,direct,97387417abca38d8bf4ca5489c483a7aa2f07834ac96ca5985d7c5a41ea0d007
u_02105,2025-10-28,free,CH,organic,604984187912222b653d7b2ac430758683ff03418d00fb97243fe1bb4778d1e3
u_02106,2026-01-05,free,CH,paid_social,9c37a34045a8e2ffd2bad5825a0b4b393cd0ad92dd4ee5088858f86978fb3a5a
u_02107,2026-01-06,digital,CH,newsletter,98989dd3d375ba7faee3a95c9bc69ebe9de84f86f40b46b2fe67912351f005b6
u_02108,2026-06-25,digital,CH,organic,15d42928212ccc02c65ebea500e585103ed7562365c9ed0bb63fbe354706c64a
u_02109,2025-05-27,free,CH,paid_search,662a841912c9566cde0a8ecbf7df7b5c726f4d429be4ea3b86b17c9ae51fc7c6
u_02110,2025-01-26,free,CH,paid_social,eebb3e1c0fbb19620fde2406bef2b10ee737683ea3450d11ce70f73177b96a00
u_02111,2025-09-15,print,CH,paid_social,eaa608a1f1fffb32e4174196b95b99376ba3a0a5ebeead4465d8a5db1555e07d
u_02112,2025-09-19,digital,CH,referral,9b1d82f8c6e698c416b11d5cd15bdf21ff8cd34c6574e2d7fe457e9f40117acf
u_02113,2025-01-31,digital,DE,organic,196ae9213c30bd4ee5e18a91c12cb30110f88c09bee5d7a61cd02479d3deca0a
u_02114,2025-11-02,free,CH,newsletter,2be9f27b107a6e2621ef5c1e403f6d7d2b024d2164b90a33014e6db6264a3476
u_02115,2024-11-11,digital,CH,paid_search,6a05cbc447f6550cb2f5b6ccb15a4188a5e9dbcb67cea1b9b36305092d80ae4f
u_02116,2026-05-10,premium,CH,newsletter,224b81d8c0cd202274e10eddd9b483e8773451c1a75b8fe3f95f64200e7b2478
u_02117,2025-04-02,free,CH,paid_search,b8076c7793f02cfb9021959f5c6a32dbafc6f82255360fc6ea1dc377a2ff39ad
u_02118,2024-11-29,digital,DE,organic,956a4fbd3fdf4a6bba8c0277b5f27457f797b27181efebfb986a4e29a7177f78
u_02119,2025-01-08,free,CH,direct,771580a3186ccd0ad1e77ecbeba00cbdbb58b3ed41a5500f3e2180d91c897ba5
u_02120,2025-03-16,digital,CH,newsletter,db336be9e614f7709ec0b6c065ffcd1227624f962accb34c299314f1e72ebe2b
u_02121,2025-04-09,free,CH,paid_search,c040146af527ea65de5d1c03b09e304bfa700313e95c2fdfbf75cdc4bc5b62a3
u_02122,2024-11-24,free,DE,organic,6dabce89d1cbf6f858f0e706415e4083651f96b3bf6a5c66669fd944ee4eebfa
u_02123,2025-04-13,print,CH,paid_social,88bf1d780062cef8229bf7ad5286b8ae9ba4c4f1bc47f3c799a0784ee0366990
u_02124,2025-02-10,premium,FR,direct,924dfd754c4ee733aadd2102892cb385cf46025cd03d1174a39ac9e9d7769ffa
u_02125,2025-06-23,free,OTHER,paid_search,b7c6994c1c1bdf531f828badc109a10539dc56c0a56c0b32381104816aa52ae7
u_02126,2025-06-28,print,DE,direct,155d9ac6d2d2bdfd00a4991f6bd34223bff04f55790dd57f21c94ef2a95776cc
u_02127,2025-05-26,free,CH,paid_search,2eeaf8cfe5ba521a30a33034e43e5041a7d5e463ac5d030976f976316ecd1a5b
u_02128,2025-05-18,free,CH,referral,fdcbabc62e4a83f3b08f19437efc0687191bd1512ef65c22032146e4569f14be
u_02129,2025-01-02,premium,CH,paid_search,c16ea1462261275ac541de710ccf24bf561e189b380633a62c9bfac8e0e53c51
u_02130,2024-11-19,free,AT,organic,f7348f90d5b0bcadf41e3cf1887c284b1a8df0a33803b4b53aeaa120844ea940
u_02131,2025-02-16,free,CH,direct,c33405956f3b7ea0eb66bcbb424abcbd1e5ca208189b6b31d5750e851a049dd3
u_02132,2026-01-20,digital,CH,organic,08fa3ba57b1f48a46070828acaeed045cf7706c3c47db9e0dec91bee4fc59d33
u_02133,2026-06-24,free,CH,direct,a826cc1a346e3a561a3d4b49024bc339a05d7df807bc0d7de2e755486f4cf8f6
u_02134,2026-05-10,free,DE,organic,29e4ba529fc41afdeb3dec6718e3cda8d382fdce42f5f5be9055fff2d3be10da
u_02135,2025-09-10,free,AT,organic,3415570a2916e93e1195e3814ba6719b1e011118b2d6dce6e09ba22156ef585d
u_02136,2025-09-19,digital,CH,direct,6c9041e4bc837bcf1a0c9148dd8467e5c38c66a53bf2539f28c0350bba599f64
u_02137,2025-05-08,free,CH,paid_social,488a8e643b139d96b06a7b4d8c79aeff19434deb15620fd8e042b22696f251b9
u_02138,2026-01-26,free,DE,organic,240f66a2280873fcce0b76b04b62bedc44def641d15f764ba74723e659e826df
u_02139,2026-01-23,digital,DE,paid_social,c6a6e2240d3757591d4e5194218cc72bb8b181edc701dff879df882f52f124f0
u_02140,2026-03-11,free,DE,organic,bcda25140e22dcac5b9aaac5eeb8459810f3ee3e2ae8c6408940ad0efb534084
u_02141,2026-04-17,free,CH,newsletter,52b9f1647ad3e457c80dc39af771621256f0409c8705dfe0978e8e931a3645b7
u_02142,2025-08-02,digital,CH,organic,a7afd8b19706aad3ce79fa33231f1ae3b1b9f24af4b64357a8b08afea6e268de
u_02143,2026-01-24,digital,AT,paid_social,d6b34aa4c1fc8d2fce3491fbf5ea70396601891494a0ccc5b4d249af66168e30
u_02144,2026-02-12,free,CH,organic,2a39476b822998773539c7c34ab51060672918be7e2a5df9fc3f1188ef0b24b1
u_02145,2025-05-04,premium,CH,referral,b7fde82dba29cab26e838e01bd3132c4694fc14586553846e17dc29bf157a6e6
u_02146,2026-05-11,digital,CH,direct,b236ebb312af60aa85051b2749839f31c183aefe09d9660efb0299f91f1ac09d
u_02147,2025-01-04,free,CH,newsletter,188c98d376071fc865b1948abb9b2eb01498da3e8313da479882620b6bfcf983
u_02148,2026-06-26,digital,DE,paid_search,a85ab4ea1af8d500ecc58807070a167e597330535ff6df2a67011c139046997f
u_02149,2026-01-25,digital,CH,organic,4959547238d5403ad75b1efe3e434017aa0d703ab638d85d40e3973cbdffe043
u_02150,2025-01-03,digital,CH,organic,8d4dd94230f72e42504972643a248e5dedac379440fef9bf77242fa833616721
u_02151,2025-12-03,digital,CH,newsletter,c9325d5850649e6b4df2a813cf4b9895869880a4496d00ab0988d292cc9f0da1
u_02152,2024-11-25,digital,AT,organic,3882d6849a9afa4547ac8cec5bf8d6a0e98b5363423bd0c86a5a4d99f75c16c8
u_02153,2026-01-25,print,DE,paid_social,6860d6feee95563c3f59494b459fbf4d8feff3666a481c3c859aa46ef33de5f3
u_02154,2026-02-06,digital,CH,paid_search,1b631cc3ce4abfd23124ca47069799c7a995e016945a49d091c4806eead78aa0
u_02155,2025-10-25,digital,DE,direct,119d53dced84bcc4516a3c802efb4b35ef62608ddc7cdcd41a00f3b1a4dc29ab
u_02156,2026-03-20,digital,CH,paid_social,cb34eee6e8f3ab1a43491d38529e9634d55934c255ef7ceb033397331b41bcb1
u_02157,2025-01-05,premium,DE,paid_social,5a73ec43ad929a6d30ffc6ac90d09ca070ddc8ee5985187af8ced098c632a32e
u_02158,2025-04-10,print,DE,direct,fadcce762274679e92bfbd86fc1839b9976a65683321c579d80ef072c845eba9
u_02159,2025-07-18,free,CH,direct,fbd83f59064d0b58efb5b897673159a8a75d831d7ca6e5434b054b58e32e09a3
u_02160,2024-12-01,free,OTHER,paid_social,bb0b58cc2af7d358c5e5d8200353791655a03ad3ca345743ead6721507666745
u_02161,2025-08-12,digital,CH,newsletter,4f41eb4cf4d165756649bfd29051659bedaaf905753bba203aa48736a64fcc45
u_02162,2025-04-03,free,CH,paid_social,0d8f349227d1e60f9ce37e9cefd35b5b903924c5cdedae14e70d17163d2de243
u_02163,2025-07-03,digital,CH,paid_search,74c37c41157533a1033984a24dd057c7be6da1faa5a844dc27cd0123a4999015
u_02164,2025-07-26,digital,DE,organic,3de23ee670671a05b1d788941aaf895770d2291f00e37647c9dc864267a96596
u_02165,2026-04-05,premium,CH,referral,fa0e6de10611c1302da05eb1f115ce9646d079490f899101abe68b9bb6cd9759
u_02166,2025-04-06,free,CH,referral,542b89e14ccd8ce8f803e887361e374b67f90dc6ec40be740cb9f45298dee2b5
u_02167,2026-04-15,digital,CH,organic,3d659a085f56cb1ea0f27fdae6a656afb1a05d9fd8d41f4d6f73eab1cc3600ce
u_02168,2025-07-27,free,OTHER,organic,2354ad5351ffff525c71e7b14c3d8b6210216ff769b859b892a60ab026b659ca
u_02169,2025-05-17,free,CH,referral,d33d4f76e2049e69911aeb42a29a2f51f8551b4fb7fd8635a77fa77e1c11d9db
u_02170,2025-09-09,free,CH,organic,64587b2de84eb48e345a11ca888f2625e16b29adfb74d2829409dd22bb414413
u_02171,2025-07-21,free,CH,referral,74ed52ddd4ee72e8274dfa54b0ef463d0d80e70ef92e4ae51d7ad248babe852a
u_02172,2025-03-28,free,DE,referral,63ac9aa971e39ad2b60bf20af86ac7ef09dfe15331b4928722ec988c9ac75725
u_02173,2025-09-09,digital,CH,paid_search,ba97d998a8c1b335cceebe2e09d0fd1f406ac5c27bd3f2ed7dcd4deaa852017c
u_02174,2025-01-22,digital,CH,organic,942984e4b6c93b74b2773cb046343de18cc08f2da6e05b427cddac9779e07c7d
u_02175,2025-06-04,free,FR,paid_search,07dddc78a6701c22d56181bf856dcafc8012be81b51f37494da7e210fddb8dd6
u_02176,2025-09-30,free,CH,paid_search,07c1b4e604163a0f6560df3e4df85de5cde335275825c6c87296cc646fb169e2
u_02177,2025-07-18,free,CH,paid_social,3b16a335648fca70fe4e1a13fc6610d71ebb755ca855ded65fed5577c279226f
u_02178,2026-02-24,print,AT,referral,08ae69ccffda1f625fb58a2e4b17f50bb42d6689f701842a1bb3327a7c982578
u_02179,2025-03-27,premium,CH,newsletter,2b97d25df051794df9a0cf8ff788ee74ab448eb8356222ebc3761127d86f647d
u_02180,2026-06-09,free,CH,organic,75d5f92176def15608d90d94fd4dfdbab49af04bb3e522d514295d63fd4be7e6
u_02181,2026-01-29,free,CH,referral,4c4427510fba228a79c307ad0f420ae1052aacda0758be6ebca5d3d1dc109e18
u_02182,2026-06-07,free,DE,paid_search,c617fb8e87f2dbac3917da72e3a4423d59f082cbc020de405d4214dd5fe5aaf5
u_02183,2026-03-06,digital,FR,newsletter,e59eab2f65da261b5d246f0d741c52c61ae553f4e83b937f8d88c4aa4b2ca445
u_02184,2025-01-19,free,CH,organic,ad70446092325abe92e61634b0131d51bf45856001ac1e8fa3bc2cf6570349e0
u_02185,2025-09-17,free,CH,paid_social,120006d94cbd7b7212fa5b0504a088af08a874f56149dd1fa65792cffb125b6d
u_02186,2025-01-28,free,CH,paid_social,b3b3f7bc1e72e2a3609c3968738dbfabe235dab017ef4cc8a708fdf916adba73
u_02187,2026-02-20,free,CH,paid_search,7a62b82e32baec96cb0af2ab67acc5179c371444fbc41ecc601390fdc7518504
u_02188,2025-10-12,free,CH,direct,a9309bad9c2541f7ff7f85567a30322081a2da999124622a7c52704986b3eb6d
u_02189,2025-04-01,free,CH,organic,09a4e0268e580a40e73284254a2648ce833240eace4e2a5aebd5ac9daa90c1dd
u_02190,2026-05-11,digital,CH,organic,3414ae7ee5a6f265b227363b3233c94439e004a99541dcc1cdc00d36dd38bdf6
u_02191,2025-01-10,free,CH,paid_social,750e8190f92db5f284726988f9589b2454ac6e1acc66fd57eea01d23a8adb218
u_02192,2025-09-29,free,CH,paid_social,43081a713205ec4eb02a39f27252f22facf5d269ae6ef1fdcc168d3d093c2b09
u_02193,2026-01-09,digital,CH,organic,b511a57d89c0ace076b453f880b3321808db19558c397539f43f61fad97d1cf8
u_02194,2024-12-13,free,CH,paid_search,a3fc4309a9584dfa9586b7c22c3e844004085cbdcb0eb0aa0cdf8e0b4b65a752
u_02195,2025-10-22,digital,CH,organic,3085423fac21d05bb836b2be9cc9b149f7bc48959e89a256b8b385f2527bf458
u_02196,2026-02-18,print,CH,newsletter,638544def96a64f8a3abc318130b975ea03e77abf3063f9e4dca1fe74e671b7c
u_02197,2024-12-19,free,CH,paid_social,83cb676121d8fda28ba413d2455e47c628f1269590dc7f9deb08255a6b0d92a0
u_02198,2025-09-12,premium,CH,organic,8c9f153d649f1014a2a40f1af8ad38a232e61240747dc8d5b639b2c5b54734ad
u_02199,2025-03-29,digital,CH,paid_search,c566cfa5f19301aeb973df107131b5fa405ba63de019441235d77305ccdc9a66
u_02200,2025-12-08,digital,DE,direct,2431400a02f351c7138017922965d55955615453d87266c2a93bdceb773a5847
u_02201,2025-01-11,free,AT,newsletter,b768361c0e3ca13dce411aefe38a1a8dee5b0a148930395e7f52da54212d2ebb
u_02202,2026-05-16,free,DE,organic,3d1c906c6ec701d8bbaf40b76a0c7e383c1ba7d5730c23f896ec95ca6eebea55
u_02203,2026-04-16,free,CH,paid_social,89a4a6adf9cb83933f7f308c5692801b5cf0b1dcf11f802bc9c3db0b5b2e180a
u_02204,2025-02-05,print,AT,organic,2d282854e32599dc4921241500cbd7f84992300299039a02ebff0fcafa3c4bfa
u_02205,2025-05-14,digital,CH,organic,7163459e56eded871573f5708d265c569a5d0ba49190206df1c9660bd83d0feb
u_02206,2025-10-15,free,CH,newsletter,ed7a7c851137a8571ecda67820a09c37375b606fc0c04f8e71dbc6f5a5cf6fd0
u_02207,2026-01-08,free,CH,newsletter,21231b0f41ec6a7f8deb9dfa23635b7264b18ea8ca5877805aa4ad4a62ea3dc7
u_02208,2025-08-08,free,CH,organic,c469254a0e1aca59bd9ceb7607466975007cb8dc89f4fc5e5dff7261bcd199b5
u_02209,2025-01-24,free,CH,newsletter,29a5cb2ba4a8eff4682d92faf616aabc83d2c614cb3aa2e5a0196fd8fe7c4b46
u_02210,2025-01-07,digital,CH,referral,ac1e5fb998772d79ddda3dfcfb320cc88149901c71d0533ddceb2d94446210fa
u_02211,2026-06-30,free,DE,referral,098a584785e25e5522563ecb3bdf945004bbce802738b93346fdb0d25204c5af
u_02212,2025-08-17,digital,CH,newsletter,97c6a8370be2c795c05c36145b3ca9e84cfc4aaab0ed70eb8e7b26c9355e833e
u_02213,2026-03-31,digital,CH,paid_social,0aabe6ec88ab0f46169f18d4b4d0373f959d619315bbb756c4d852ad061b677c
u_02214,2025-09-03,digital,AT,direct,df0750d7aa3afd3c3fbbbda64b47ae46e41868b8f6a9f086bc55a4d59e23d876
u_02215,2026-05-06,digital,CH,organic,a3dba6a6a0b8c5a5204ed2e79efdf165adf7ea997bbdbe8eb92c807e8044f1a5
u_02216,2025-01-01,free,CH,paid_social,a2eae89fd440ce01e09c0ff3e7a4877c685c9eccb70bbda3e93b0742ec619a1d
u_02217,2025-01-10,digital,CH,paid_search,59bcdcdf99e192a202a2359e33bb3e28ac9d531b370529c55ddc14d06591794e
u_02218,2026-05-11,digital,CH,newsletter,be9cc145fe15fe6c77b74360c9d0cdc113a140869d6764f43ad68bb54f559b61
u_02219,2026-05-24,free,OTHER,organic,9532a995199362507d83b46bb2bcc88245a1cd5421a807dd1b2498e04f56448b
u_02220,2025-05-08,free,CH,paid_search,6dd76d7a31d142affcd5dee84ae50389d2beeca01139a522765b80240215b466
u_02221,2025-06-06,free,DE,referral,7722edbc44ced32329d0811978b31db305807192ba4707e30435206fbd14b04f
u_02222,2025-08-15,free,CH,paid_search,355d7646264e567a9b9404938d6f06aef1e1e01a2c401ecb27f5500231046a67
u_02223,2025-07-20,free,DE,organic,3202377ce837dc19e9cdc6578c532b3420b11752b098ee9931ca62aaf158f305
u_02224,2025-02-08,free,DE,organic,e06f0ef9b9892b4c988d83fb03d813d0c260ecc219987554f948c4c2ad01890f
u_02225,2026-04-19,digital,CH,referral,ebbc2de46fb28288de4b4dcc1035b5caa0b5c5facd7ff0094ad0afbb0b8ce99c
u_02226,2025-03-25,free,CH,paid_search,0299dd4b981262ef2cdfaf4d96f46419cb50e772f7214d898bb27e0cc18fb412
u_02227,2026-01-04,free,CH,paid_search,8738fac89ea14d317218faab9f0b13ced01afecf9602c36d402235964c5ca2aa
u_02228,2024-12-19,free,CH,paid_social,0cf4a08189709423f0ee720a4f51bbbf9162d66d751a10eeebf164e811f59cc2
u_02229,2024-11-28,free,AT,direct,221637eaf8f428b90169f426175628f2a81b741f0f4231f83885d0675497bfd7
u_02230,2025-12-01,print,CH,newsletter,f8d91bc2ec4a9f5bda4b701bd072334658342f72f0e81a810cfa45b71ccf2150
u_02231,2025-05-26,free,CH,organic,d1b891845902e7d72300a54ca5d3f92b1faa4f1d2017c41947e984a8b4a03fa5
u_02232,2025-12-03,free,AT,newsletter,9163dbf177a14ee7dc141e866ea2525fbdf3d082a6c2eb50ef0257cf4c549bc6
u_02233,2025-01-03,free,CH,newsletter,1cdc1206be3bee6fc96f13a9dfb580235f5aa20a97f218303cbe63114b415298
u_02234,2026-05-26,free,CH,referral,92d83536c8b556ac417181251a4e573bc8780e42be82cf6b61b2a00f65747324
u_02235,2026-01-18,digital,AT,paid_social,a5d424ab08a1730978bcaecfde09af596733fdfa6093576f189b65aa5391f15c
u_02236,2026-04-03,digital,AT,organic,919290476d5ed9d145762ae6150ddbde6d686255109c940cc6a39febfd968998
u_02237,2025-01-17,free,CH,referral,c958ebf029de29a5a70379dfb6d90af34e993bd1f4fbd5b48c34d84713198745
u_02238,2025-05-12,digital,CH,paid_social,07c8686a02865c85d05dd40d70dea9f5cde63ccfef10f90b8241ec8c3250f13b
u_02239,2025-06-16,free,IT,paid_search,3ed71abc4d399c9d222e9870f5bd16ea3ce053edc8934aa8bd18f07c5c2c5c74
u_02240,2025-09-21,digital,DE,organic,d050dc5134ba957a0bcaadacf8207ab671603662a184f63b232efe24e103874f
u_02241,2025-04-25,digital,CH,organic,53f59307a99846903b5c67586dbf87ddb2e7aa394d2eb41113a9f9b4d20ce314
u_02242,2024-12-14,free,CH,paid_social,8e9bf5f6cff53857879189c699436e49b93c630738f8cd32737109889d367bc3
u_02243,2025-06-16,digital,CH,organic,2066cd9900785f07098a4fce29803fd3f51da0ac67c8820a0a9ac872a08ee3f0
u_02244,2025-03-26,digital,DE,paid_social,d0bb93995989b20cc29be90a072fff6596cc64c0037e6860e7377b1a6d8ae981
u_02245,2025-06-28,free,AT,newsletter,4b40d3e96076e013ef49f7d99239d0371ca23caafa8251f432a6a4c4c5380ff2
u_02246,2025-02-13,print,CH,paid_search,9421c3d8f8e911049c6d67e08c2a93fafbe022de8580279d15b8bc69d4340892
u_02247,2025-03-31,premium,CH,organic,63ebef77d484abf2542ffed05fe54c0012b1fb8ecfaececa48a14b7ec064efe0
u_02248,2025-11-12,free,CH,organic,c98239e3c89f766e918273d8c7321ab6cc6470df4dd8d73c383e1dd7abaf5edd
u_02249,2025-06-30,digital,CH,paid_search,125b668876efc286aecef875c52882a05bf28e7f2d218da702455e1ac9cab841
u_02250,2025-05-30,digital,CH,newsletter,c904665c7b102fdb056f0a142758788ff42db3548bc64e75272a2f61c9dfa9db
u_02251,2025-09-20,free,CH,paid_social,10d5a8b505e906ed2646a7c41602032c81803a93556f131304c58d52a13f7081
u_02252,2026-01-25,free,CH,newsletter,daafae27add8cf08a9886df180a7091822a070ffadba10946f19ef91d89be58d
u_02253,2025-06-23,premium,DE,direct,93ca750b628a8bbe93db3565afc45a7ed4aa3d8b07d5d7616ef71a50f25d7433
u_02254,2025-10-15,digital,CH,organic,0f40b9cc68b8eb0809df036d86d5cf23bf47e0dfa0b66899df6348dec3ca3b59
u_02255,2026-06-06,free,CH,referral,c0c4e5cc0e005a6c87cdc3e240373ada852bc1c459544b598ee17a4bc6b6ddac
u_02256,2025-09-16,free,AT,paid_search,8a0c88deaae23425e97d61de6adda4006b941002fc5ef7678ba3b470f3831461
u_02257,2026-04-27,free,DE,paid_search,3cc9ac350f1891fdfdb2cc34bbe3e347637ae8450f31929800ce8b0b7c0a2355
u_02258,2026-02-02,premium,CH,paid_search,7b02994f6d08d5f926d900317fb2d0deed738a24ef48eb2322f034408c04d417
u_02259,2024-12-13,digital,CH,paid_search,ff2aa097c867a666e28d6a377bc52aec67f97297cb8bd14f0a608327d8657feb
u_02260,2025-07-29,free,DE,paid_social,4b32dcfcdf87ae673829441ba770f890a831c8e837220b0190351e816c784356
u_02261,2026-01-01,premium,CH,paid_social,3d6ecbef04c8c15511b6c1363f412c70a092211bae77cd9ec40fff2fce18c17c
u_02262,2026-06-21,digital,CH,paid_search,75a3cbd884c64475400dbd03e8be1efbd4c81ad36a0c9797b7d638b1e2b0e828
u_02263,2025-08-19,free,CH,organic,87bc7e2b62078118b75134f37aa04d1b773dd820f5d12918f6979d972ef45442
u_02264,2025-01-03,free,CH,paid_social,e924d30430d606552b9e58f24724b31ffe33414e2b657af6f931ae04ba22db15
u_02265,2025-09-29,digital,DE,referral,e9018f3dde9e2cbf89393104e657706aee4bdcad6ae032e7f9746fb2a83f524b
u_02266,2025-01-14,free,CH,paid_social,7dd86f54c1c452e6de4a98b75c01f163b4d6d5ca63b60116cc7308012fe4d305
u_02267,2026-01-19,free,CH,organic,2dd80f97d4841fc8c1a1bc58ebe1e73d5864f400f4e225fa9f951a216f9bea14
u_02268,2025-09-11,digital,CH,paid_search,2a29a590199a8621ff4622d950398e051e6f05fdac30cc36ef6e8904c91b77b6
u_02269,2026-01-09,premium,CH,referral,6d5286fef83b1d22a787b70dcff13c84993d19e4afcdee655e0e972ea7126bfb
u_02270,2026-03-29,free,CH,referral,0e78a7b43b15a77fffe631b5ed371d481ee778c25fedde49e92f457d6c20baa9
u_02271,2025-11-14,premium,AT,organic,1d987065eb9b9b2f9d06d4c32ec36617faa0700bdb4b947ee2de341fe1cab554
u_02272,2025-11-02,premium,CH,paid_search,15ab39136bc6bf2731720295e585d5f985171f0f17cd45e0caa046a7e1902885
u_02273,2026-01-20,free,CH,paid_search,a8a219a74779ed3576c23efbec908511608d2fdb051092487fb37ff1bdadc69c
u_02274,2026-03-09,free,CH,paid_social,7c4eea49908588896a99bd396b94f6de64c081992f5674788e3ff85a4e9ab8cb
u_02275,2026-03-29,digital,DE,organic,859fd0082d1ad6884ccd51b5515a073186612bb4970eb57fe67eaf65834d8210
u_02276,2024-11-27,digital,CH,paid_social,20ecfec092597c26f14b263f7bd4d2e1de515378cc7a2bc1f4c16f6e65bb86e3
u_02277,2025-09-27,free,FR,direct,ec08855732e58ffa20ecfc2c78cd0f9ae56f582ab81f194f242d56b6a3ba7a4f
u_02278,2025-02-26,digital,CH,paid_search,1e523f2c1c605a5f60e9ba36a16e3387d6c1ac8facc78b76e20e409da2ebeb9e
u_02279,2026-03-22,digital,CH,paid_search,0a525bc2f6e844c827eec71305b027e53ef38be56f7f87715a6b54c67adf1ecc
u_02280,2025-11-27,digital,CH,organic,2c7c00d09378f90175d929b1402cec3da781b09f73b0ab5fdece12f44b3ed97a
u_02281,2025-07-23,digital,CH,organic,0fa3d7385a232efdab0307870f4b481e41b2ecac0151d9fa7fc10fdebef2b6d2
u_02282,2025-02-06,free,FR,direct,12376732a27a6ec2b131e1c4fcd531c684acd69fd7a00fff6cd52e7a671c2802
u_02283,2025-05-26,free,FR,direct,0d534157746f31b4f87e18b98e8c2db4ebab9e00b5830640383b30f933420c3e
u_02284,2026-01-03,free,CH,organic,15db16bf3f30418a71facd4793ca3ed925f22ac3ea8c0532a675db6a4f2e6c8e
u_02285,2025-02-18,premium,CH,direct,6f0649805a461f36f22e4fa256902f71a36ce6098cf80d0a51d64e6f8476df19
u_02286,2025-01-03,premium,CH,organic,ec4efb7ec5305bad8ece89669d8c923f57ff4c46f92fc286de3b7700b806a52d
u_02287,2026-04-11,digital,CH,paid_social,3c1550e12a7749c288b55eedf1f0388fb31d636d36c63ed23afe054a68c201f1
u_02288,2026-01-23,free,DE,paid_social,bcfe2b9b2e6cf76fba4a8d4414434d7c9b45080f4fe7eca3f6525aef962adaea
u_02289,2025-02-15,digital,FR,paid_search,661be4ca11e34e104848b70c4e66a017eef43f2765e65677bb995feda5702b1d
u_02290,2025-04-22,free,CH,paid_social,7d2ee16894deb0e85782a98734ea89f71db349837c6fb8b8d8dfd31fb1a52b93
u_02291,2026-06-10,free,CH,paid_social,4d5a5d2ccfcca1e2c480fb278b0ac4f37eea9f2643483f7bfa7ce559a62b1429
u_02292,2026-01-05,free,DE,organic,8c30d3a9089c1b770205ae01a14efcb9849e123c9511813a3058c8c34c81bdf8
u_02293,2025-10-31,digital,CH,direct,9721ded9634aa4661c7921d0d18636ce69bc7518ea5cffaf1edd2c148ee71d65
u_02294,2025-05-03,free,CH,organic,b83f7820d907927adad0257c67e0e3bd55f9dfc6f85dddab78d5f3721d96dff0
u_02295,2025-04-27,digital,CH,organic,4be3c0821ae7bcbf71e3ca6bc7161ddaa51e4d705617f7111f5c9f3cb9e8eca4
u_02296,2024-11-29,print,DE,direct,256406a9311ac4ba415c9b59f4f5f913bf7665d63a118ef209ad8bc997d564d6
u_02297,2026-01-11,digital,OTHER,paid_search,e06b684700723cf52f423c49a9347569f9616acae32036e0d33f4c98268d986f
u_02298,2024-12-01,free,CH,paid_search,eee078cfe3bac47118414f84a945329e70474f31b405554cb410b693d6c1fba6
u_02299,2024-11-04,premium,CH,organic,a808776806ada7eea34a35a626f931954ba6175933f6f7bc69a2148a970cd40b
u_02300,2026-01-11,digital,CH,organic,a755e99d77043779b2cbe972e20df7e58651b87d13515b7f834c0c9b2abd7fc3
u_02301,2026-05-25,free,CH,organic,c4f2d1f912787a7413ccc95cea5b156feb7e556d87ea57ad6dfc949038bb93b7
u_02302,2026-01-20,digital,CH,paid_search,31a48f053acf656674d0de9a90175e212c3eebb63b859d5161d1b3e4b30e70c5
u_02303,2025-08-29,premium,AT,paid_social,5b200d11cf9400733ac1170b213d7e2e262194c5025f89b3b806d67597cf17ba
u_02304,2025-09-04,free,CH,paid_search,c581e0c5eac3b8dc35e93ae8c09031ab811d67886cd4595e9b19ac5ab7ce0d3a
u_02305,2025-08-03,free,CH,newsletter,4c64263539ac40a691716321b74b2c8429297f0a5ab2f8abe29661ba0ca24937
u_02306,2025-05-15,free,CH,direct,d4c1d5511ea34931821bc78696ea3a19d59c4d6a0e1e15c92a688f1505c8617d
u_02307,2025-09-16,free,CH,paid_search,ea68fc339c0aaa6d075eb51fe9e1d4d03ea690cb8e0c5877f5619f0121ca5192
u_02308,2025-07-31,digital,DE,direct,3f8a633d8a1b8953f1d9786c240acf49b6ffbec56df4028b91d9f315e8adde8c
u_02309,2025-10-22,free,CH,newsletter,fbb26b85015cffabb4a9c34622595af9da6a4fe5a2c0522a9da072e446466941
u_02310,2026-04-18,free,CH,direct,aa7419e6883bbe6b284c6470ec7819d0b9062d7586895b777e3350be9f98431d
u_02311,2026-06-27,free,AT,referral,ab2ad2dbfbb526aeebd633028e14110a27d36d37944d750aefc45d85f9f9bb60
u_02312,2024-12-27,free,CH,organic,d868006423b129255b690013dbd1d0a6a21e9f430d1e46396ba16a3218187e91
u_02313,2025-06-27,free,CH,organic,568597d1580da4f5e42dde66df6d375479c1e1ecd99c9da144f174936ac2b07f
u_02314,2025-02-01,digital,CH,direct,b055e91cefc9026ef775087652832de9cd273d7f56d2faa9a73b38e3647a3662
u_02315,2025-06-04,free,CH,paid_social,35dc2142173ce505381176db1334d20af319c9d6e88368f00d6b04fd9433a38c
u_02316,2025-04-19,free,CH,newsletter,eb306668a5214af0c92eea0b871d24cdf53ce99042c981e5a8ebdf7fcc7e4ef0
u_02317,2025-01-30,premium,DE,referral,d68aa8b5929445d9f0512cfd496d2110de986530e91f978c20e0952b36f01924
u_02318,2026-01-23,print,CH,organic,555efa22e733517612732c21c642021501ea353f3d5b9c8d1857684049935fc3
u_02319,2025-09-07,free,CH,paid_search,f58710d7f69441aca7a1550a9962b9a8f6466f604e4609f4cb848f0ad80d9afd
u_02320,2026-05-04,free,AT,direct,39a31cb362aea0c7f2f93ab25dbd6df12d8becda78400514862884c22ff0178b
u_02321,2024-11-24,free,CH,organic,b2281bbd15c5cfdeb83b917d06769bc852bcd0e064d7cd92aed0d5f6f6ecfcb5
u_02322,2024-12-19,free,CH,referral,6f90bff4d297e709b9ee1ee453f365c89e343045c04941e8c4a44ab23d6244bb
u_02323,2025-07-11,free,CH,direct,0da94dd11c5d7e39115da3a4a4d37a8950cf850954ca0e75fb2f4011639efd66
u_02324,2024-12-28,premium,CH,organic,cdb8e306c6d21e04f963f488cae440ffb4845719a36e6023361a1e2fc89a21bb
u_02325,2025-04-01,digital,CH,organic,f5d99c7616b8579c69e313be025d4f556f9da97bce1a3ae9b224d685a54c96ce
u_02326,2026-06-20,free,CH,paid_social,382a27c37142f3a28e65d3d29a6fef6d11a1c9c301444416eaf02e4fd9580d92
u_02327,2025-02-21,print,CH,newsletter,39c8712ced87cbc24959bc203819e0d7b17d780389a37e08315e16cbd0276979
u_02328,2025-02-13,free,CH,paid_social,9702a10aad0b3018579bfee13deddd90d6ae2c5e279dcdaff278f57cbab2307e
u_02329,2025-10-05,free,CH,organic,9c3a39c3e4c2a76566f01b134816fdfea8e5f2da5f505b4d911c51f8323392f5
u_02330,2025-09-08,free,CH,organic,0e54ab5f6d2483cef7cd8a78bf0e137ef92f9371da6762aeaa46592bf4ef25b6
u_02331,2025-10-10,free,CH,paid_search,5fea89c1d96247b76b3db555aee206bff0003390b69ceed9ea6b0197bef6a9da
u_02332,2025-06-22,premium,CH,paid_search,4455a9e63788b34af18d52c7b12081d16a68885584622c4e3ef6dc917a0e0104
u_02333,2026-02-26,free,CH,organic,5d8868109163cbf0e692a8f4c0919abe85297dd14e9b2542ba2d8110358d6273
u_02334,2025-01-18,digital,CH,newsletter,8048502ae949317111e1b332373e126b735941c8a6a3c855975dffb56f20e8da
u_02335,2025-07-29,free,CH,organic,67e61100c1fd27396fe26e6e2053a09a87afa774d96de5bf3eb17ebe89cae6ea
u_02336,2025-12-27,premium,CH,newsletter,73156ae0df337c1bb62991113ef2c7291dd4b27bbccb90657f1c20b5d5deee16
u_02337,2026-03-28,digital,CH,direct,bfe2747112ce178421f37fd2ebf806d1de4be656c80257c57b1d0dcd072ec211
u_02338,2025-06-16,free,CH,paid_social,0ea4294d8b16e7198624af6fb75072bae25d2ab1ebf3c4cc5ad88ea803df9658
u_02339,2025-10-01,free,DE,paid_social,2a64413229928d64cbb3af888c90b25a458798d51d2b81bf6ca62d7926c34d7a
u_02340,2024-12-20,premium,CH,organic,ac63374703f53304cb00989c0a20c092090bd932d0ce81e4a6810bc3abea881c
u_02341,2025-01-28,free,CH,paid_social,3b5e91e7c965774e0c3690491efe8032dc86710a70d4757341a45cee6f4a2e78
u_02342,2024-12-20,free,FR,paid_search,8009e559733b545d2c123f0706ae6ddd75630041976d5df90aae6237a431201c
u_02343,2026-01-11,premium,CH,organic,2f516634bc94621e4d2a0648063ff5f83b7a5046acdb033ddf54fc37518cd889
u_02344,2025-04-19,free,AT,paid_social,dec5b186be30027f64740ba9cae371afb6280846e5c2b64935992ac43bece524
u_02345,2026-01-10,free,DE,organic,8b290071e138a68a025de367860077afcbe8e77198dfa109391c875154420e2e
u_02346,2024-12-18,free,CH,organic,ece805b6f15cb3ab5d39b2b13b8e4771750cfb736b1bbbe0632269d9342b923d
u_02347,2026-03-24,free,CH,paid_social,a3ee1f3ab1c421c2c97cd2dddb67fe443ac2abb8aa4fde5e9bad57b8422c2d56
u_02348,2026-03-05,free,CH,paid_search,58b731abc03fa4729061cfec52f7250dcb28c13cdf0f79c51a883c0de888a495
u_02349,2025-01-02,free,AT,organic,b0c5dc3dc42840586fe93c5cf6a2d09d178509bc59c3d7324f45d50a41d4e73d
u_02350,2024-11-18,free,CH,organic,68db067607d41f66841ba18ab85dec060c06fc6335f16d6a2beb67ee8c0e15a4
u_02351,2024-12-11,free,AT,organic,792f32bdfac71c1cf2c4e522c57f84cd9f27957b7e3e5293ddae332a679e50ef
u_02352,2026-03-17,free,CH,paid_social,bd73323aa703c206e10a83757ed257e2b28bde9ab871e24fc9e83cb7a82831e3
u_02353,2025-03-12,print,CH,paid_social,9592e1ec8094ec64576d7c6d1319b5731ec4470fda315632b14e0cbd47b21281
u_02354,2025-09-24,digital,CH,organic,0efa7b2ca74913d37d0436894f12c76f835abadd65a47bcba09ef845dbfeb0ff
u_02355,2025-07-27,free,CH,paid_social,a0512c190e0bc12bb0c5d6433b704cde9e869333dae3b5856d0a974e0eb24900
u_02356,2026-02-04,free,CH,direct,36f1b90d57d39887d0e0f722abdf831cfe61021494dc6cfd93de55690186358d
u_02357,2025-09-05,digital,FR,paid_social,f9c6401d92ffded04142575b53446451943f2e557aa98a82f819f0c0a6d82d4d
u_02358,2025-09-09,free,CH,paid_social,88809d618212be6abb06130d5a87b2f5716639e4bbffd324111b6b47737a3d39
u_02359,2026-06-23,free,AT,paid_social,7d699f2e1e2f7fa40350beba1fcda0f1844daf028bcab2d3aac83b715d1d075f
u_02360,2025-01-22,digital,OTHER,newsletter,ed48e24082491ec2a3c006ee0ddbfdf6763ef57c638ef47628c4396ec5177972
u_02361,2026-03-01,free,CH,direct,44b07c0def74c3e45ced638d13d927b1f5b7944b4e1626adff11554019bd1c2d
u_02362,2024-12-08,digital,CH,organic,60ffc56656436dd5844873509f39a31f2e0bb5d6375dddbf71ec33b02342ba46
u_02363,2025-09-01,premium,CH,organic,4c49fed44ffa0966218037fbaecbd089d04b7036d42e61b32ab7496ae22657c4
u_02364,2026-04-10,digital,CH,organic,73bb6be18aafca89856fc7c3735e4b6130230d10742abd969722b85b6e03bffc
u_02365,2025-12-10,free,OTHER,referral,c7d1de847601a19e7d717370bd531952670f8a4e7952edfed023396c6e4ff413
u_02366,2025-12-24,free,AT,organic,babd59c71ad067380c2251da9bfe81b49cdf50b322b87577ea60c84af2da953f
u_02367,2025-04-01,free,AT,direct,80b5539ebc76501eb80a00abc6ca8237b0ee03bed748ba7a62016280259e90e5
u_02368,2025-07-22,digital,CH,organic,990e473a7f876edea789d2c692f315986f84b00086942eadcf117fea6635af0a
u_02369,2025-06-14,premium,CH,paid_social,943fe938b43ec33845424e0926585512091d4bfffb02fd7da415b7b036a97207
u_02370,2025-09-15,premium,CH,organic,75ddb1ef9f4f85d09b433438aed3d6fa06db164a48f5b93830625f8be05cfbc8
u_02371,2025-08-22,free,AT,paid_search,1ce14f541e2e2f396f060f4d1cf6aa25c5021a0f815be69f794200b436a86830
u_02372,2025-05-17,digital,CH,paid_search,af37c63cb99c16e515a2cdb8e11038ad2b4adde697f31a9dcafcc7baa4f63286
u_02373,2025-05-01,free,CH,referral,a05542640a4f60dc43be9f3a4008c0c830a795705cfd005d9e3d07f42b2f06ef
u_02374,2025-03-23,digital,CH,paid_search,0c94e7d9b74c21f4309c2c4b0369afa5e6820e86ef2a7a0fb82377545adb908d
u_02375,2025-06-13,free,CH,paid_search,bc3d62b8ed57a1dfaa08b4a0ac3f8cec0599912f8179203c104422a036bfe8d0
u_02376,2025-01-22,free,CH,referral,fc39656694630ee6999eb8518f4540707147674a7b732415e466238a6768c0d3
u_02377,2026-03-31,free,CH,direct,11746ed576717c8380bb0443e1b189929ece135e978fac2d5a9413c783227e98
u_02378,2025-10-25,print,AT,newsletter,862b01ce97fe5b927e0e58ffe90677955cefffe66e3d40a0742e9067083bd233
u_02379,2025-01-16,free,DE,referral,40d6d6f738f41d00da38e5d0764a9c0a07345f817bcefaf0c26588a58da0c930
u_02380,2025-12-30,free,CH,paid_search,a427a8f5c1f53376176a6a6ee002e9b9c72fe1764486a0a127406ab29ab67de5
u_02381,2026-03-13,free,DE,direct,71c7bfab70a9b711d31a692793d4f8b4b8a27f54de8d07403d3b24acfd35bfab
u_02382,2025-03-14,free,CH,paid_search,70a4edef20b1af242fa22ee6c7812711a8d8a454f4e1bf4cfc14a0278ae289d7
u_02383,2025-01-22,premium,DE,direct,69b30a1f6fae2a6765992517d63aabdb3448bdec026aa465f93974164a313955
u_02384,2024-11-07,free,CH,newsletter,de17d63aff9b49753228e05cfe36d554dbf28a5512a07a7a5ece5795a0457fc9
u_02385,2024-12-04,free,CH,organic,79b86ce604a66fa8c879743c3a165ec7664fa9eab40bfcf34c1b2397e73496f0
u_02386,2026-01-22,digital,CH,organic,913fb7de0c6ab2eb4760a4f64f5a5b97b6657d137e56029e3b1e9ba4a2226c95
u_02387,2026-06-21,free,CH,referral,be42b4e2b7b47d0f80da9f469139c63f48616c2d2dddaf2dd7ad4fc095b251d3
u_02388,2024-12-03,free,CH,referral,1cab97de68c552d92928f8193e70d2bfeda51c9883ef25a15070537ce61c4c64
u_02389,2026-01-18,free,DE,paid_social,507244e64a5c557e94a522c07f877929f2710a749c5cf771bc21fea365f9ef9b
u_02390,2024-12-22,free,DE,direct,405a684e53f07eb24738b1d9edf9974d5ec75c0f3f2227bf8a80bca5e84fb548
u_02391,2025-10-18,free,CH,paid_social,c8ef3fe63cb6b14ced12ec2cfffcd52828310f04771128ed4940fbaac15d517f
u_02392,2026-01-20,free,CH,paid_search,a002023ef74bd43f293a8eb478a0c622a1edf5535b07ea8c4eee398b418ef17b
u_02393,2025-06-09,free,DE,paid_social,0902c89886385e7f78a09342953afb7e8835a80f5f1db02bdf5f918ab0e6769b
u_02394,2024-11-08,digital,CH,organic,1e5ec570b51aa3b196100a4b2922b04298139f25972d41d4f123e149cd8f98f3
u_02395,2025-10-20,premium,CH,paid_social,bd5192faf106a6865c4651b5b2ffaa2186f45f6329a2c73967130bad4a3b8fa4
u_02396,2026-06-24,premium,CH,direct,cf4f0a6e6799a524ca03688c6d9a86a0c45f124e691391bc0721bd2baa0a2aed
u_02397,2025-03-28,free,CH,organic,b8ed71c5065e183642a977f5396865d4cdb4f02d9adaed6c64c7702cb5f082bf
u_02398,2025-02-07,free,CH,newsletter,55e2bc5af694b2a818b265e6d178dc866f56ff4aa83e1bd5d494282f383c1e33
u_02399,2025-01-13,print,CH,newsletter,8b2dce4982728dcb8198463a6be0cd6b34d42ed340bd0a162efee2531ff7dad6
u_02400,2025-09-26,digital,CH,organic,dbf6d852f40fa88e4c8dbf07d98ad0e80d9d3414ecfc33f2d740edb6c18e43a0
u_02401,2025-10-21,free,CH,newsletter,844904dbd7f958ac4688ea660fe68e4b2cd9e45c16b4c3b5e5a5f5800fb1c226
u_02402,2026-02-01,free,DE,referral,94eb44d9f9f45479b05b8b3e3764a5cfcf777a35b3a61e956a3447a28c84619c
u_02403,2026-01-19,free,CH,paid_search,d050472b01383340d5f72575f966fec76eb831ab2f884cee33b74dd4da86853d
u_02404,2026-04-14,free,CH,organic,d299ea2126cc021db758ef2990d5c7b9ddfdd17c1529822fc649bf60483c40d8
u_02405,2026-02-11,free,FR,paid_search,ca83412493a55dbaaed06602b2d618ff28a39f604b8a698553f847d6e6540ee3
u_02406,2025-03-21,free,DE,paid_social,16fcb0791ac2889e1a03eec4433e66cadaa4b7171ea9d315e25300538f0b9b75
u_02407,2025-09-27,print,CH,organic,0ef2b61d45b8f19831a96f0e0d637c75e035af696af8084d493a7ec9869577b8
u_02408,2025-04-26,digital,CH,paid_search,c7e1e2cd680277361274d84a86faa1461b08713c776f33a1ca68c7f3a528c29f
u_02409,2025-05-19,digital,CH,direct,122372fd2900aa689336171423d7e69572b27f00620693310c9f3a6c500a8afd
u_02410,2026-05-13,free,CH,referral,3d548aa813cdcc394280aa6cfbb21c48acce9725d39ff969a0c9f99fde7e0055
u_02411,2025-12-21,digital,CH,referral,7941bfbd89f1fd9478f048cbb303c5c289d02e6a1ce1653332283d0ec549d05b
u_02412,2026-06-12,digital,DE,direct,e8cb62ed1c195ba175110961cf4a4a88723a89b7ec05781bea1c1b75a91901f7
u_02413,2025-07-20,free,AT,organic,637f78ce44e45e17a758f07871dd28576310b284f15426b56001b32734d7d21c
u_02414,2025-09-21,digital,FR,organic,cc0ab2084cd978c692a9e209caecfe1c5c9ac7813042f0a9be609760a63aa700
u_02415,2025-09-04,digital,CH,paid_social,9223feb884d97c8e1f27b63fa43d4f0353f6bc7d67b5d97679393ba4ae2f405c
u_02416,2025-01-08,digital,IT,paid_search,d2d2c5bbd2e2e11edc9aa354f6348e2916d46b05d4af9e711e7299e83af76f29
u_02417,2025-03-13,free,AT,organic,4102d9abbb16a18829c25468c307bc5ac8b6fd6ab7e36a4684b1e200629ce759
u_02418,2025-09-17,premium,CH,newsletter,e84c775a84dcd70f0a6f1a4a61c6e7b42350d39cdd70282daa25b9bba676633f
u_02419,2024-12-19,free,CH,organic,5fa73fb243b1241e5a940dc21cd38368ca1cf01bfa2ac9ebc5890e93268d767d
u_02420,2026-05-12,free,CH,paid_social,100496b05ba17348587e7789d0a845c70c382893037d4b9b6aa93cad2ec7bb23
u_02421,2025-01-13,free,CH,paid_social,f64d482b75e413047846bda3ba0d1b56f3003f136f653b1892f5647aacd604cf
u_02422,2025-02-13,free,CH,paid_social,a9bda7462bd52859970815a1c5dc494eff5468edba1ffb443a6cdd4f1fbbfe5f
u_02423,2026-01-23,free,CH,paid_search,71267f49927000e9c2effee4c8f4d4450a2b2f8f72851136351d96e07e44e8a1
u_02424,2025-01-04,free,CH,organic,ea7df35a4898f708fe7cbecc7b72ba4534a1ab2c0124c7dbb898e82527cf2cf1
u_02425,2026-04-20,digital,CH,newsletter,6bb8d724d8c1c48545f242108209882ef4f8eab0fd4240348fb4d61fd8018169
u_02426,2026-01-10,free,CH,direct,3371e490b7b5e528f5fa7cad7c1f960b8e6e4cdd0b0fb66e25df7ef0ac101e62
u_02427,2024-12-20,print,CH,paid_search,cdaabef5aa5bfcb38a3cb9de4f9d3ea160a7e7f639be2ac7f6a3f52e191996c7
u_02428,2025-12-29,free,AT,organic,d72ad52fe0810369f3c90ae7ab1811542aa941c5ba2113727e412ab24a331375
u_02429,2025-11-15,digital,OTHER,paid_social,0a76628e41d7f5a22866b336914484692277a2eb0e774752d4b1b2d256ee60b1
u_02430,2026-01-21,premium,CH,paid_search,67641aa812d05554c0d90607f31a51da15b13962b4325ee04377f893bf09be16
u_02431,2026-02-27,digital,CH,organic,6eeead23c45bfa633a1672539378be1be854220be02593a1b20389706d431c92
u_02432,2026-01-08,digital,AT,organic,4464107bf9533db99ce75b66f77ddc53551e477f62644aa68b730e1bb76ca650
u_02433,2025-10-14,digital,CH,organic,e6384dc107be0a25440d5e6ab9e236eec112af61bcf9e24e16d43ea599f617b9
u_02434,2025-05-14,free,IT,paid_search,e241876da2e3a68ea86162aacbdf371638b78a99df265a5b178e54d1ac84d72c
u_02435,2026-01-01,free,DE,paid_search,aa6bb794f0e1ff4b555ae8b3201e38042f0ef41f12fb5b55246320fb322a5b07
u_02436,2026-05-31,free,CH,newsletter,013bc1e30dbffaeb015b2b6f83e8941cbef605cd1c6a261ff2bc57296239ea14
u_02437,2025-10-15,free,CH,paid_search,96d44c785daad445234956174ebf977f3d987d579ece2efd395fdb5d2412c584
u_02438,2025-12-09,free,CH,paid_search,bccac02035e6827ee40d7f3533b86f6fb7ed8a4cf04b0bdf3aedfe88a591c33d
u_02439,2025-08-04,free,CH,organic,26ae4eda4567c660e084c5386784b213c4208462bb48bae1075da45d539dccdd
u_02440,2026-01-20,premium,CH,newsletter,306ec4dc10e6a7ccbadf2ec32d8d886330e89b52ac51fbdcddd203bdcb993acd
u_02441,2026-06-29,premium,DE,organic,104b9c96eb478e7bad6c3ac1aa7813f197bc5c52432e19118d71c019380b5ff3
u_02442,2025-01-25,digital,CH,organic,af9b3a19f465c696f429fabd21114b0207d40efda8fdb13dbb30d01546ca1c16
u_02443,2025-02-17,digital,CH,paid_social,f71ea0623c203ce2a0bc833d327f412ecebbe008b8a774905078360158172395
u_02444,2025-09-21,free,CH,referral,86aaa8b6ddae799c2ceeea1ab4a1c16dcfd0efd99175da8ed889e45d0c901861
u_02445,2025-09-02,free,CH,newsletter,5623996a78243e8178da2d67ddb3c46e677495a0b001311dc4709768a368896e
u_02446,2025-10-03,digital,CH,paid_search,662678a10715e2dcb1c514874072ba71e1a03851682ad96ed6027f51edfc88ac
u_02447,2024-12-06,digital,CH,paid_search,f6e9171e97b3b50b9bf80bd219a1da41fea1e6fc6c0ba3c98277c69ad7241702
u_02448,2025-07-11,free,CH,paid_search,a70bcda43ad9257358074d587f01cc8f1da6da29d0c59f0061d7ee1f936b656a
u_02449,2025-10-12,free,DE,paid_social,35a08cdddc1f86850b1f0d00f9c1ec6203a9e10f4250290d4a02c0475e8c473b
u_02450,2025-10-13,free,CH,paid_search,1fb95509704fbbddf2a69b22746c47ff647cf0ed8fd738a7723613d0d98191e4
u_02451,2025-12-04,free,CH,paid_search,bce90146f6adc2b7ce45d274c651a8ce357c98f40b832ca565efce269c81f2d5
u_02452,2026-01-08,free,DE,organic,934f62f216943a343c65126bee364b15b69d3ae8e2c1f44197214c3b07bf95cf
u_02453,2025-11-23,free,CH,direct,ec0262a4e9d1d94aa56bfabcc22db78695bc81a2245d5c71441b1a7cc5b2538f
u_02454,2026-01-31,digital,DE,organic,92066ab9129e86de050f6a3dbc015a76e65a5120523808825435358b22bb8571
u_02455,2025-11-11,print,CH,organic,52f1dafbc880ec9e51b084357f31c2ea534e75c24e24b279330f50b26b646111
u_02456,2025-09-21,free,AT,direct,35d4b402e44852dd0c1cea50674107873cc0cdc7ffd5e94e6f63b614f4ae7d61
u_02457,2025-10-28,digital,CH,referral,85946af7442d8fbe5bc2bb3936f9638f14878151c7f600db1538fdbd01419bc1
u_02458,2025-01-06,digital,CH,paid_social,78eb7b7f2665836c827beb9fedf31880e4607e2587a731671f576f86983c9266
u_02459,2025-04-08,free,DE,paid_social,eae09d0db065870fc65a7a08d35d952a1cca34272972407bee101e70eb311a9a
u_02460,2025-09-17,digital,CH,organic,dc4f50d8bc54297ec1b7fae3a57785428b02a2bae33d44141532322da12e28fd
u_02461,2026-03-31,free,DE,newsletter,3c7726dc7908fe6ceef7fd368ba209e7e672c5ac947f204ef35cfa5a4fb043a7
u_02462,2025-12-19,digital,CH,organic,4ef4a34b79219d729b272031215b2a4ea93d3532d51bbbda9285977dcf3f6319
u_02463,2025-01-02,free,CH,direct,5bd0bd8fe8c788bc307d8592ca0281fc393ed5a143827a0c136111ffa4ce18c5
u_02464,2025-10-18,premium,CH,organic,afab59f95f04a1677221b1cc81b9e77af7001068ed739d6003939caf35f1f774
u_02465,2025-03-02,print,DE,paid_social,1d885137f39ea3f804564812432762d2e362a6c46dc2e96dafec68753c6269fd
u_02466,2026-01-13,free,DE,paid_social,71ecd5735879de5693532b4b5cddc1dd14eeaa18cb95763a6360fa826630b50a
u_02467,2026-02-27,free,CH,organic,a21bfb22edc05e7a41a5fd8dbc9775096bbdf3cd73cf208f427aee79a6a66242
u_02468,2025-10-19,free,CH,paid_search,967ac8201661cc26995a368be519872710f6a35942f2e0824c55e917b8fa2f75
u_02469,2025-10-18,digital,CH,newsletter,74c07569b5c86c819cf0782b99a32a6287154ed35fc6e1874c46fa082d88ef8b
u_02470,2025-05-25,digital,CH,organic,2b4b062bb6a71e8dcec0b331a78c5f1fd9709e6e54d91f971abb7c538a1b6522
u_02471,2025-08-10,free,DE,direct,8ad907b41d1e0594a66181e2dcb624bcc0136b9c6baa591efcb489faf514ead4
u_02472,2026-03-25,digital,CH,paid_search,46dc1792a5d6236e7b7d3e42e36055fb4192d174342e4e5ec39328b85866574f
u_02473,2026-01-09,free,CH,paid_social,8686244c58a722e1d634be252b37296ad0ebf21a81d03bdd9d1355a416393a13
u_02474,2025-09-15,free,CH,paid_social,4e15307fb1b98a9bcfea8b3215098b7f283ffba307b0b3c9813fafb20be6ffea
u_02475,2025-06-15,free,CH,paid_search,736cf21057fc52b2b284d8f17a743c36b17dda6a31f0f84c39376045eda5bde0
u_02476,2024-12-07,free,CH,paid_social,0f988005d3b8cc85ce0cf880db7609cd1dcf650ba543cb6b94c9f4474c26ec6c
u_02477,2025-01-19,free,CH,referral,1f9a5eda56097d822860a860aa1c67b1d9be65971251f62f257fc188f2a3e73d
u_02478,2025-02-10,free,CH,paid_social,477f5d86b0bca124f0901c4f5aaf4d94645b52f2429638c7f559460691a48e51
u_02479,2025-06-19,free,IT,paid_social,1c42a5d8a9c6bfacee3f1f319d38e620d17c5e42fad4207daa1a4516a230b76b
u_02480,2026-05-21,premium,CH,paid_social,e03e6bd7907efe232b8fdd5aa4f42073910eab3bd8611234398d0b6f1b58151f
u_02481,2025-09-10,free,AT,paid_search,a8fc0599136eef97f6592d833a0f3b95e2e6cc17c10bfc1e0ccdd84f433f04b1
u_02482,2025-03-12,premium,CH,organic,5f2403df7193c6078025cf65a505376799797e127a1789b801dc4aae26b290a3
u_02483,2025-01-07,digital,CH,organic,cb0532f6d8bc3a1b7a70eea446d9edb963a61094afc52449208938a58a68f409
u_02484,2025-05-25,digital,DE,paid_social,b3d5aee2ea90c712bfb527b53cdbf83b9cfba96c837f99434c8bc18f5a3c4318
u_02485,2026-02-18,free,CH,direct,43f09b88b3aa907f66d4d817ad68fb12f5ad1e8ebf246e04d7b8af287f628a8a
u_02486,2025-06-26,digital,CH,organic,da461630ba26a761f790fd2167227762aad151aa42f4068c8e2e456e20532e5d
u_02487,2026-01-25,free,CH,paid_social,724d3c720097961c7d2838b2f0413893cddc0bd87131ae71c8bf3e7bec63d9a7
u_02488,2026-02-09,free,CH,organic,c3ef6e9ed8932ee13491e49ac45d28335c5ae37b73d220199ad59b9da99cbf73
u_02489,2025-01-09,free,AT,paid_social,7dc87c2bfeebe9c8b8aa1215a6c0c165e8997e8d183ec3c2fa96efbabfdd915b
u_02490,2025-10-30,free,CH,referral,5aa5ea1cbfaeba18245494ce9377a3240e252c069d046054313877b1360865b5
u_02491,2026-06-01,premium,CH,referral,7e032ef53662adda91b9da6efca07f4b5bb580ae27a8e00a40908b568a21865c
u_02492,2025-07-10,print,CH,referral,1d7a4a93271a4ef63b557efa874e1ed46bb587e264e1ff9dfe44771afd0cba14
u_02493,2024-12-07,digital,CH,referral,5b00ef3bcdd45c3658082077348ba8e3d9a7b73a8805ec1cb6e116e1e95d3df5
u_02494,2026-05-06,free,DE,organic,5d9448ebc52b8a7e4186bed5fbdd1431ea33694d986b10fe3adea9a91f4e5fbb
u_02495,2026-04-08,premium,CH,paid_social,c20dc7b72bf64f7519463625d5932a61198c586cbaaf3b1ac109e1c379ae734f
u_02496,2025-09-16,digital,AT,organic,903935ba32340a1623a4b91ff9b5105db68e7abca0243bab535aa9e80f274a7b
u_02497,2025-09-25,free,CH,direct,76b0fdcb644ee7de7bcea76eba793ff785fb8d4020b56cd898dbbe7d824e586f
u_02498,2025-02-23,free,CH,newsletter,6b49fb4bea7206a25f4179b1eb5050be7153d24daefa60efc89bd427f1257bd6
u_02499,2026-02-21,digital,CH,organic,4cdae26a06f427cff2cca300905dcae35acb294f2978b72a3d0af73ad4142104
u_02500,2025-09-08,free,CH,organic,f1f5b05dd1e7d5ace343b12dc112884d4541c15ba31c6ae92d2b8e681c43696c
u_02501,2024-11-25,free,DE,paid_search,55869a9e49fc620496358915c41cb6205cdf21141dd4d4149a9beb37e9978054
u_02502,2025-12-22,digital,CH,direct,ac8e12346209cb59c35ba11e8b2dd02c3552d59581d368d89dbd43781597ef32
u_02503,2026-05-26,free,CH,organic,8ce59a0173f2c649a68919a25fa9a940561cf5107f92b75f70a43e358a685087
u_02504,2026-02-28,free,AT,paid_social,448ca8e06fbc2a658b1b9d172a88704057171e4e3cb5f0e832f5f4286610a3e6
u_02505,2025-04-11,free,CH,paid_search,f64ae10afa270cfee4b42d76dba795ccb57273ec223bce2c4ca59d1cb81abb52
u_02506,2024-12-09,digital,CH,paid_social,2d4406ca421035a94db2e7005bc3a8bc58c296c5d642cf4f211519a5392f160b
u_02507,2026-05-19,print,DE,paid_social,c674c1218d2077053b3c604476f6142664e9d61d5227afb1d9e154eabd9b3c40
u_02508,2026-05-16,digital,CH,organic,c406d0e28403145d801b2672f45a6a7610a99d13f6b5264f0db3cc44bd066e32
u_02509,2025-09-19,digital,AT,newsletter,ef3cd2dfb92915cbd73836ad22deedbc9293a326c8198f4391682af6eeded6bd
u_02510,2025-11-23,digital,CH,organic,90f27a331fdea0d24f97bfb3c07a5a1bec4cb77b4198acd4f5f9113c195d414d
u_02511,2025-08-22,digital,CH,newsletter,46602206aaf5c8f177457e2241173b2feaaf6c8ee1bccdeef0dfbc71b9b63e6e
u_02512,2025-07-22,free,CH,organic,b1ed03387ce7a3c5f664a34a7f2229fab282edc30d9ebeaba7aee1d511e6eb85
u_02513,2025-01-12,free,CH,paid_social,a2f50d8d22335f09aa2d395e65b82a7e729953ec50457bade591979b3c5b38b0
u_02514,2025-01-04,digital,DE,paid_search,8c59e6ce9cc2e272c5c38be34492ef0a5b51335ff7a6a66c12c6da3e4000d84f
u_02515,2025-03-10,digital,CH,paid_social,1cc28a9878bf717896519e737d8c8201041d868c545732b1d220c570733d88ab
u_02516,2026-03-05,free,DE,organic,04fb778bf71f70d1edae3cfe2a718c3159ea1e4fc1f3aeddf494bac265229f89
u_02517,2025-01-20,premium,CH,paid_social,3b6d11eb6abb6af54b3a0ac289bb6b06f46d27341f3f62aa25b6554098ca54bc
u_02518,2025-03-06,digital,CH,organic,7475df232718fb6354b5b7f8de4433617dad74bfdfcdf7ffd0d74d900abc4bae
u_02519,2025-09-24,free,CH,paid_search,381a48e7073e76486328d9f8bcc269fcb2af5b688e405bb908ee22a1ec78107d
u_02520,2025-02-26,free,CH,newsletter,3faa25d3924a394dfe8063038c2dd8b34003c6adef14d3002e9109f9965648ce
u_02521,2025-01-26,free,CH,paid_search,94b127500d9d1811ff9be58bfb649428a4804e4a06aa558e6e1733a2daf6e340
u_02522,2025-09-29,free,CH,paid_search,d41eae8b943b41b04663ab0a91ac655224faf1d17d579cfef2e3d6dfb1d7dd26
u_02523,2025-06-15,free,FR,paid_social,1328f01b79a2adce5b831dd60c978a92fdb5746ccc8e6e5165c5e3fffb7a1541
u_02524,2025-11-12,free,CH,paid_search,01589d998f427207d67c3a412d8843f79ad61e6c4de5bd938966a5ed461682a6
u_02525,2026-04-29,free,CH,newsletter,4cab6bd2d5cf6446a60eeaba2a8acf9678e78a652fdf934750685da2a34a437f
u_02526,2025-01-22,free,CH,paid_search,365cef34764738a11ae90752c58bf68bd9c7dfeb25eee730cd9ef9b8d28f2026
u_02527,2026-04-29,digital,DE,direct,656e337f3c78f679bdce6f020ed9b1061505ec127816d1b615d2c350c0cf5ec8
u_02528,2026-04-22,digital,CH,newsletter,4890a7209fdf13cc62f491b966143261dabaf91d986851d6bd824db7e96530b0
u_02529,2026-02-28,free,CH,paid_search,baa3d83268c191d45f3832418ac6927520799b93ea22d77e9b23e44cc56e6ed2
u_02530,2025-11-15,free,CH,paid_search,d71f0e0e2d0871df9a787bce179d2c003dc969bcfb79ea8bde4ba70430b075a2
u_02531,2025-11-07,free,CH,paid_social,1102f4515a279e8e182f10003256593dfa1c27ce445cd87811f319502daddafe
u_02532,2025-11-21,free,CH,referral,58eaa9cd3a64a8ba88c721f979b414f7ffa8c0e0e87582d978b8e14d97105bbc
u_02533,2025-12-28,free,CH,organic,034efb24aa40d8c299740587b485f6883639f1d0aec5c0a2121a748b602d697a
u_02534,2024-11-12,free,CH,organic,babd8dbc801bdbd3c91032b85382626f9c8d6d0c7f75710696730815518b01c0
u_02535,2026-05-31,free,CH,organic,7a2f3e71441ae373e371e9843fa899b3b8007c515b7915ca1ec1ee8e9aeaad7e
u_02536,2025-10-13,print,FR,referral,d0039f769323edac78bf075b40b0da5312b4d64a8402934a3aa16c3a67b2f6aa
u_02537,2026-01-28,free,CH,referral,45251c8936054b7ea67da8b921058462d5fd0979dba12a0bb1ee9d349b1ee734
u_02538,2025-06-22,digital,CH,organic,389454c3ed8165eb6ffb01df6496d71a36abf2c7eb9ae9e3b364abf2c38e6e3b
u_02539,2024-11-09,free,AT,paid_social,976b29fa92455815008c101a381df969d56f7174e646078b46f1d0f0dac91ee4
u_02540,2025-09-12,free,CH,referral,36b5653dcbd0e09f059c85ab04c2ed4fde64396707423c9014ab6b8efff29638
u_02541,2025-09-11,premium,CH,direct,081b3fd79774f033f69adc245524631c59cebe586295d14ee03188ebd789473f
u_02542,2025-08-04,free,CH,organic,9a6d3614dfd91bd9d594fd02918814efa7c5b5dc17e677a0b07c3c25e60ac111
u_02543,2025-05-26,digital,CH,paid_search,b1bdf9254f22f9c73c5ad23c9fb2aab54cb6d7a94bca1fc843fedf5f83cefb8c
u_02544,2025-03-23,print,CH,paid_search,690a0e4ce9ec77b1733b65400a2b56f0e77a022c64f55d26e601c8e0b853cef4
u_02545,2025-09-17,digital,CH,paid_social,19f6365a3ca2eb4172702c4fdc43aa5178ac64b4c7d104bc700fd8f70babfb86
u_02546,2025-06-21,free,DE,organic,d70b2cbb3f8bdd62f406564fe1b89c65bb8253ca1e6333b0a886f52903d00574
u_02547,2026-06-09,free,DE,organic,f0e2cf2ca9110218344892938006b581fca0f02380fae7c03ef60044ce179df5
u_02548,2025-01-29,free,CH,newsletter,b54016829b5d07fa5832481cc33f508173fa3ae2cff7f2f501985992b929324c
u_02549,2025-05-12,free,CH,paid_social,0884a0fdd54910f7e27c852a6bd644ec0f84a6b7fcc8fa3932e0f18baca1f41b
u_02550,2025-04-23,free,CH,organic,57a9c1a6b0e4d4e15bddd780ee66394df5798fadbdd27bf490bea756aca68e22
u_02551,2025-09-23,premium,CH,paid_search,1e9841ece58f8b05ec0dadd9b5c909c125f30cc924f021e45f692e71f7d315cd
u_02552,2025-09-08,digital,CH,organic,9c140590dd7be147b62ea67345ff7e57ee5e100af004fd671322bd97cc9720d5
u_02553,2025-11-24,free,CH,paid_search,60f034acf2d80e0ef919f4bb461b707cfe49f8f2f42237ecd8f8229dccaeae21
u_02554,2026-05-26,free,CH,paid_search,17d33bc22355b570aeb2ab45a7e94345e6d047d9a78c3ddaa4044a7b3a0da76e
u_02555,2025-04-17,digital,FR,organic,4cdd5ff4f6e7cc7bd91c94fc40094895d532974767aff1d49c1875deb51c877f
u_02556,2025-12-29,premium,CH,organic,5c37460491a93cbba8104a6368a8d7bed86865e29c4b915aff9895d3aeff1cd3
u_02557,2024-11-18,free,CH,newsletter,1c414a41caf608d5a53363e687e14445f8b97cc3e7a8271207cf1d5d7237efc1
u_02558,2025-04-01,free,CH,newsletter,4f0ad20d7c3b1e1a25fb963e61ca6be7761ff8950e23b755db3cd47313b37647
u_02559,2025-08-23,premium,CH,organic,743f033497e113109b1236306724002434d45f67b61e9831a13850dff7415aaf
u_02560,2024-11-23,premium,CH,paid_social,593d032d5348a449d5a36c89859e321b7fdddd0a5b592a5ce04fcc98bd9d768a
u_02561,2025-11-05,premium,CH,organic,85149c49df9f5f549ee36a30d7402bc184a75f0f136677a080cf152aababaf8b
u_02562,2025-12-19,free,CH,newsletter,07c654cc323d5689f348e2e45e6c4b71cac4fc406465650f78b1f852614e2574
u_02563,2026-01-17,free,DE,newsletter,27349acaeb37662185e63c9780ce86bfaa88b810c6305af01ac5b79bb9f9d81c
u_02564,2025-09-14,free,FR,paid_social,0a77c8946472e992e7e1052299e26927662b350289f134f7f683f01ab62a3d7f
u_02565,2025-10-27,free,CH,paid_social,bb69ef76ed8202e4dc6b69a286be246ff61bfd3895a76d85953c9be255de5ef8
u_02566,2025-07-05,premium,CH,paid_search,8c570eb73b00b02aa6454bc6e6fe19b81a5daf702674aa11f1348d49b0921d2f
u_02567,2024-11-30,free,CH,organic,904278bffb08c7271eebb90599cd4518438875a9e93abb3ff6aefce0fda86a6c
u_02568,2025-01-05,digital,CH,paid_search,e2512ed7a3e4fc20ba68ed04ea6a7e958c0325a6b0e5a5f9b33aa5557d42ea3c
u_02569,2025-12-02,premium,OTHER,organic,ef9ca96afdaf3d7d519b7d47069aecdade53bb3c24197e40636299d1c50a7ecc
u_02570,2026-06-27,print,CH,paid_social,69ad4ef286fe703021f9e59b14ab9ea4d0f2223144daec54d5058db6bb86137f
u_02571,2024-11-12,digital,CH,paid_search,abd99983ca8413a175cecbc466c9152aa7e11fdc9cc3591707cdb557561cd46a
u_02572,2025-09-27,premium,AT,organic,48ff7a6c51b8b6a1c824636d3477485d6fc66656eb5bc86c6b702c3791c5bcbe
u_02573,2026-01-18,free,CH,paid_social,cd20a6ac1d9c62dcd78654100d1d666e074edc9dfdb4dccd8bcd230842fbc26a
u_02574,2026-02-26,free,CH,newsletter,ff74a0c9e23a02372826095a4ecc7b500b36266c536ff2bd64ef0e865f42c931
u_02575,2025-09-23,free,CH,paid_social,18669d62d2bde67af7aa76e0898bd97d9e86e1e838dbbcf42738d6e2f9f5e77f
u_02576,2025-11-07,print,CH,paid_social,2271d8bdde2f982f97e019934a35f11052f4bd115c74fb94f76804414b42322d
u_02577,2026-01-01,premium,CH,newsletter,44883ba31ce2b792af06a981cc34a6b4cfd4864f349365af2ef463877b1f5379
u_02578,2026-03-21,free,IT,organic,9b07be9b5cc911a937ddc2ac03f4fde997bca619974808152911f9b9740257ae
u_02579,2025-01-13,free,CH,paid_social,72548f0ea60b7e20175c96880ab6ccbb8e7f8e81673c5329a665113078d0fcdd
u_02580,2026-05-09,free,CH,paid_search,45548c30a6a8435c5420505fc71a2a63af9f5190d27a7b66e99dde4aa5200f90
u_02581,2024-11-19,free,CH,organic,7be17c1a704e1c4c858a3d93707ac925541ef1befbf87f1e4fd221c3cf8b18a3
u_02582,2026-03-05,digital,CH,direct,0f6c418ad104516019a12c4b4bc35fa436cd449127b8706b031984760b7c5478
u_02583,2024-12-26,free,CH,paid_search,44097b21afde3f2dbc138c6e38029ece93fbf8108cf5202130ffb47e3dacc20a
u_02584,2025-02-11,digital,DE,paid_search,d79beae1d2c9696682f8ee3c6b768ba0f76e233f138307ae93161bf4ded90160
u_02585,2024-11-03,digital,CH,organic,801e2a53c878df28acd78773ab0ccf52133ddc5980c54903dd0bf92707a087e0
u_02586,2025-08-10,free,CH,direct,1860cece75dd9495d3e1f497305c155b02af12a62708aeab53db32722a099c59
u_02587,2025-05-22,free,CH,newsletter,c7218284dae29a3a4ae1e6c27303098263e1ea6621fc703604cd627aa8e38923
u_02588,2025-01-27,print,CH,organic,9b68e5cd0dbc54f38c85cca96dc017576e15b8577de1ceefbbd76e82e13744e7
u_02589,2025-08-14,digital,CH,paid_social,af449fba8255e756b4f4f39252218b6a6b81164952987043aa5d40abad2677d9
u_02590,2025-07-10,free,DE,organic,265dff44b0c8d79e1d297be34f8649710e087644307a9e38358f54b6d0fa6690
u_02591,2026-01-24,free,CH,referral,69b8847b83a56ea5b8c61992ebd73d5fe947b2111de2b06b2c63c51b7b488d54
u_02592,2026-04-15,premium,AT,paid_search,12ef6e29f078a08d333c2b5dff5d0404a6e7c7b7e97700f3613d8d08bb4b2cee
u_02593,2025-11-30,digital,DE,organic,dc8168d3df63fc87f9f9de8e8eeb2c9f01900f3522f4c9857eef5fbf676035a5
u_02594,2025-01-13,digital,CH,paid_social,cbf06d97a40aa1231aa4b729cc3e710937ff092237fd7a750f4dda2028014715
u_02595,2025-04-24,digital,CH,direct,3c23fa577389de66f5cde58afbf5dab10fc36f7c8bd8b850b037b2db6c03b0da
u_02596,2026-04-29,premium,DE,paid_search,8c45f23501ec790062ebb696e9c51723d223ba8b74199f60c4586a304fc15a0e
u_02597,2025-01-02,free,FR,organic,b22815a3516903d0412f7a9a5900279505c92721d749aca1c7ca559b9d40df6b
u_02598,2025-07-13,digital,CH,direct,c2538875b8c9bdcea101558a9bb810156a0f6b33c367b004a65c6819ad7c500e
u_02599,2026-05-20,free,CH,organic,4ca01a0c4267d4f7ce666eb09b0b4535915d3b86ca3a56fcce832057db03999a
u_02600,2026-05-26,digital,CH,paid_search,2233c36af2e9d4424fc845c6c217ed107ec414a6d6d3d720033d5d2a780628af
u_02601,2025-07-16,print,DE,paid_social,a1184c6daccae0ebaaa4344e0fa83a571d5e3965f0a8f671670cef56ed5e1d64
u_02602,2025-12-11,print,AT,organic,5b454bea785571cc7aded6da6ae6c20bd9751e226dd0dd9e3d4981a232a86e55
u_02603,2025-08-18,free,AT,organic,4e29e4b3b330a62b6f82e4744e0fd021c0c5dd41e904cfa0ec17b90ea98e7b91
u_02604,2026-01-19,digital,CH,organic,2c54150fab326f2266828c34c024d1df6695c12c785909b390ce6772bc735d65
u_02605,2024-11-23,premium,CH,organic,41b132e0de669fa2302fd25fefaea89ef7cbfbb125f82ef4d6e79202736654d0
u_02606,2025-01-20,print,DE,paid_social,387956d6ddab37811adbd7a54d5590d5eae9886ae106895bc99cd31382803405
u_02607,2025-11-03,digital,CH,newsletter,1f85271091d3865947e3d8a5d7ea186f0d7297a58bef873d858d6d4037bf08eb
u_02608,2025-03-10,free,AT,organic,4d9df8c9b15ce17b8d61751a638476238c56e70dff6cee2e42720aca519fb5f8
u_02609,2025-12-10,free,CH,referral,8cc7b8ad592100b00ebd291e159f7277a1876dda25f918f9dcfb8dd4ee501b43
u_02610,2025-06-03,premium,DE,paid_search,63279ef0c92d0550a443861089243ceecdfaf54209010c1a552b49a298621731
u_02611,2026-04-10,digital,CH,organic,3b3a649f3d0595039edc699c22dbff9d943566a69576133b4dc3c247ca07f0d7
u_02612,2026-02-21,digital,CH,paid_social,21952ff6c05ea481a63efa74df213dd042908745396ef4780c804abcffe994e4
u_02613,2025-09-06,digital,CH,organic,c22e1e256fca7e709695b6fe5cfd80674f39834cb2a17fb5dac47af5f7e217f6
u_02614,2026-01-26,free,DE,paid_social,fbbeb69a1521900245c61917f44365ff5dd3f400cd28ff2d380962c0c75ea04a
u_02615,2025-04-07,free,CH,paid_search,7a2b5fe59ad4eddf6fb0b94a20743f0e9a479de81cf4bf937fea95c4d53e746e
u_02616,2025-09-07,digital,DE,paid_social,7423042835a0a4df0b4173299aaf05d41bd098d595c383e94dc107d57ed5513d
u_02617,2025-02-13,free,CH,direct,d8adb29aa3f97fda9f8800152c58598446720e2028e6bec126c034f030cf4e6f
u_02618,2026-03-23,digital,CH,organic,7de3e09e4c60524f320e76e1fbeb789de4581fd2a5f1df6e42d07b5336a1b1c2
u_02619,2026-02-24,digital,CH,direct,de5c17db97fa947f205323fd547332515182e2f68256816661d1b2c18b3ce767
u_02620,2026-04-21,digital,OTHER,organic,0199b1dce1e2561296278f1c3b3739e749afcc5ac85ca4c208ce0efcf280c0bb
u_02621,2026-04-04,free,DE,organic,d93b55d0d8dad43dc59b74b860248c4b584194486e4bed51cf8384843c2d152e
u_02622,2026-06-02,digital,DE,organic,5a547d9a9500926fbdb41639e1d6e53ed66e78e250551c9ee07d4bd651afde2c
u_02623,2025-03-07,free,DE,newsletter,64e1054e53dd334451496f64010a5368d40f9e8229167850d597368854faebf3
u_02624,2026-05-13,free,CH,paid_social,535a23b54316eebde0b1834680cc3cb478efcadfee5fa8b59c7dd55a61a12320
u_02625,2025-10-03,free,FR,direct,f062ce543019c9d63bedb25f18a36621f21ba78d2eed2ae86d160a8f6422733b
u_02626,2025-07-24,free,CH,referral,12401ee616e3be02f4f2ed03135f07743e63f282d1bba0b54219b6003a172285
u_02627,2025-09-28,premium,CH,paid_search,41cce9d560ff45c2e5eff4dd30de22c0d369bd6ca123a89f5402e5abf89328c5
u_02628,2025-05-28,premium,CH,newsletter,e6b4569873ca9b9e223e9c9a99483f8bfb729a2b856cac23b8ec67d5958f953b
u_02629,2025-04-19,free,CH,direct,3224d59b5a4d07f58e526f08c726184d17fbd2ec47142d45a8d0126d511c37cd
u_02630,2025-03-16,digital,DE,newsletter,a6d94ddb5de5103ac8294986b190eeecf5f77efb8549d2a3e33da418cf30c3f8
u_02631,2024-12-30,free,CH,paid_social,c8b7883193c6561845ec952f1253871f91c35fd935c26fe31d155981f7f3d0fb
u_02632,2025-09-07,digital,DE,newsletter,804fcd52a8abe75e68db9987562b20e80a7129c1fc60d2d83c1ef5b61c18387a
u_02633,2026-04-11,premium,FR,organic,b8ab195075f46592fb3d029df8f6682850207660debd09964ed1b6774a260e31
u_02634,2025-11-14,digital,CH,direct,cfa63dc9195ace0bf678a20b9792ee9a280aa3bd5288e1cebe912062d054a0b6
u_02635,2025-09-15,free,CH,direct,ee9b3845e8d95b6ee572acc3138e93dcb2eb9778c39e70b66a89c08550972b0a
u_02636,2025-07-29,free,CH,paid_social,8e5f9e83da18e278175ca1a1114919227ab8028205bf360b1f928d3bd5722fca
u_02637,2025-08-23,free,CH,organic,026769efe2f76ce973f5dd23608473ae53b0e01c3cd7616cfc9e4dd396aa4410
u_02638,2025-02-21,premium,DE,organic,3eecb8fc84b2e31f0ba8500cf23cbaf1e87242770d2e55f2753c790bd1797bf3
u_02639,2026-02-23,digital,CH,direct,52d6eae1546804ff83893eb0b55cd68d011887c60be96277eee072e7083e326c
u_02640,2025-02-14,free,CH,newsletter,dd150b3b5c962705e5dee33fee8daf7bcb563fc43fb9488a8df619f4735ee04f
u_02641,2026-01-07,free,CH,referral,0451bbe5f65e9986fe30e6cd10798e4bcf1700037ff14fc6fd523e93f6759a62
u_02642,2026-01-21,premium,CH,direct,fb5f1ccb119548a69b87f697fad2fcb9add4fec789b2625b134ee03bbe52faeb
u_02643,2025-10-06,free,CH,paid_social,05eb765124bdd5e1d483eaaa7deb61f491617a6ad4a0990202ee7005030f642c
u_02644,2026-03-24,digital,CH,newsletter,4dcceaa525459dab7c34f8ebcd2d162a4b91b1bf6418ef509d3bf65dd66d4161
u_02645,2025-04-21,digital,CH,organic,f344d7d7c5ed0574fcc65cd0c321dd30f8d4464e71e41cfd66ae3b736e4842b4
u_02646,2026-04-07,free,AT,organic,9960e49d536a6db96946f7b3bdea0035130cf6724e17baf798de8c3b7bee4502
u_02647,2026-01-11,free,CH,paid_social,066ec48bdf2aede65dbc4949a44016149c12bd66564eef898eac1fda9a2a2958
u_02648,2026-02-06,free,CH,paid_search,d861c057e34f44727bb97adf7a4590731a71a70eb6b6694b9fc419bc205ef161
u_02649,2025-12-09,free,CH,paid_search,2fd8105a07173c922f45adf8eef2eb74249f3cd51a24cf529e3f0800d6a08f86
u_02650,2026-03-12,digital,CH,newsletter,6771e5ceab3a2554047f02f0b0002d8ceaae5944fc4ebaefd3d8b082a6f6fe6c
u_02651,2026-06-26,digital,CH,organic,e2eca93ac8aac9f33e9580c9f0fe37828148cf4babff269b91fc0896d5885796
u_02652,2025-07-23,free,DE,referral,25b71214986ff230742f41ab110cc710140da97659e51ae8d241f2b4702a769a
u_02653,2026-02-17,free,CH,organic,5a9dfab0bf31209fb016f04085ad6257d583cc51d4f9bdea6f232f88702cd459
u_02654,2026-01-16,free,CH,newsletter,5f0e410e0a7bc2ee99ad0a3a063c7416e951729881d30c3d42120c72fdb4ca98
u_02655,2025-08-15,free,CH,organic,8ff48ac06a829bfc2c65a0c78bff244cc0ba6d2dd01dcf6144732cb8f547d1c4
u_02656,2026-05-09,digital,CH,referral,b08a434f460b669e81d8ff06a6aeafdbe72399c817349e4f871947cbccd33526
u_02657,2025-07-04,digital,CH,paid_social,afa6bdc0db0745431bc0ecd33396ba15e2ed5e176621e725e9330003b9b0175f
u_02658,2025-09-30,digital,DE,paid_search,a40bdb8f08c4b9c2227630f364e511e4d348ef7f41775d72d503c4ac1a4b588f
u_02659,2025-01-07,free,FR,organic,29933652e4000bc101570cf6e78e679fff2dc3cfb6279d77d43402322ae505c4
u_02660,2025-03-05,digital,CH,organic,b0e0d56405ce1810706a0b97f8c5d0fdcc127f6d1699c4576867df0bd960d538
u_02661,2026-03-08,free,FR,paid_search,7d16641bce4a5091cb8cf47fbcf7c97da54e9692d775362192dc3ac4c6b26016
u_02662,2025-07-06,print,CH,organic,f08a84649d9808eab8df34abc7a0cf1ae804206d4fff4a0900a0e61fccd76116
u_02663,2025-07-04,digital,CH,organic,a6142b1bfbaa6414e24d49c4b84efbaffcf4b672f4f7d8532093b58a4ddba16f
u_02664,2025-03-20,premium,DE,referral,55ad2a709d3005c1e68d8d9e7c3607f4b7c1ae68dbcf062a3aab61555606abe1
u_02665,2025-09-06,free,CH,organic,4e2ef5b7880be44dd86e79551865477489de1011255e67e6cf81fd89299cb4cc
u_02666,2026-02-11,free,CH,organic,cfc50029b6e572aa5fd8fe311f43972ccd49f61d37057a15c4ac9473bd0a4ac0
u_02667,2026-04-16,digital,CH,paid_search,fc79319886dd4daaf15fe1abb6b719c764aa850b90759757e0cd37212bbaa73d
u_02668,2024-12-21,free,CH,paid_search,8f3a40ebb9d06c2dcc65a74fc8afbd8e4519cbbbc79b615713c3813c1101ba1d
u_02669,2025-10-06,digital,CH,paid_social,082b5f92319a9f7f6144600fb13f69e1ef2968366b8a58cc7d76d4230be53d0d
u_02670,2025-08-26,free,AT,paid_social,f0819045fd2cab16267655d2c0a90ed00b93c61013a2c99ba06381ef5f553c49
u_02671,2025-11-03,print,CH,paid_social,684a39d8fce0c1209183217c142aa5139471f7011948de3a9aad2900113952f5
u_02672,2025-08-11,free,AT,paid_search,eac78204eb768d8e904e3c10248a8a2488abec2eae303de27ec86d31fad295fb
u_02673,2025-07-07,premium,CH,paid_search,a749d97d3410f80eb096a791c7fde54f6d860c634e3b7dfabadeee3d9d4248d7
u_02674,2025-08-29,free,CH,organic,370529fb8159050843840c26fdd55c324f71f3bb3c9f3532399c0afdf223e9dc
u_02675,2025-10-11,free,CH,referral,13e7c66a20b5eceabf8a403b0f47c5ab853e082204227808bde8e442b625e2e8
u_02676,2025-09-09,free,CH,paid_search,6f2245a8b99e37173b04f19f648abcac284dbacb8040c5d51a0c1845ff02b082
u_02677,2025-08-29,free,CH,newsletter,e1e63d235aeb0bb322caa29325d8e62792459568e91c1a919c180a562f981b5d
u_02678,2026-02-20,print,CH,paid_social,924897e70eaae68d00ccf22ad4a126cbde57a07f145ecd7f4d4d2ea50f2c9716
u_02679,2026-01-17,premium,CH,paid_social,be012ce44c20768de93a841b6d67567ff42eb4f1eedfa1687797a5d5d5bb9846
u_02680,2025-05-27,print,CH,paid_social,5b4904cb812e887de3a4f73723b267f154dfbd9ab2e222bc23fa717df77cdc8d
u_02681,2026-02-07,print,IT,direct,461ec7a79e918bafa0f36cd3e5e4a4ec14c7fd8ad82332b4c5df2be759de000d
u_02682,2026-03-18,digital,CH,paid_search,967949296a0b5801dcfad803ab7b57eefb8bab8b15fbefe7b637cb88866f28ba
u_02683,2025-01-23,free,CH,paid_search,2558b5753928bb408f7bca662297cd14df3f82090d03cb6ab4f62fec8f32410c
u_02684,2025-10-11,premium,CH,newsletter,e8ad3d6222c0766103e3de1c6981aacb87fb5f8af781e27a0d78be1d2a7a732d
u_02685,2025-04-17,free,CH,paid_social,c5fba73b656745f2f9d2fe10ac87b08a6c9bcb48f6bfe17bafa10ae3a2366a80
u_02686,2026-01-15,digital,CH,paid_search,96125a6e577eac6f00789ef6221fc3235bebce9dbc9729b3b3ed4432c3a4cc7a
u_02687,2025-03-15,free,DE,organic,13675f2cc035dbfc63fa3463b083ff644a0b53260627acadcbf6b2e05e5547b2
u_02688,2025-12-14,digital,CH,organic,c80a611bc48a160f3e623b240fd2198781895329f472e1d3b8fc99bb68252679
u_02689,2025-03-26,free,CH,newsletter,fe8f3aa85f68e03fbb8252bfa4f160b02735bba46b4c30e8820aed396d4e31d9
u_02690,2025-09-12,free,CH,organic,6a09b9196580ff52f9f6ea8613407f1ea85863c35ebb1a08436884ecf3e9e1c1
u_02691,2026-05-25,free,CH,organic,e8d71caf7edc860bb6a732fea3ff4e8a5cdfb9b93a0e16e2a40cf848d38e9fc6
u_02692,2025-06-25,free,CH,organic,e5c57e07475be6d95a29ac28952a5fc3d0f9d0b8919ef1c0a21043500ab0b6d1
u_02693,2026-04-02,free,FR,direct,d0d73c60d9349667839ece52a84882a4f5d7ead74fed3cdc0700014e8dc75646
u_02694,2026-06-21,free,CH,paid_social,e727e2f05625efe5e23f35ec40e3ab6088038641b7d3913f3e60d2f69607f545
u_02695,2026-04-02,free,CH,paid_search,7f47fc201e57c51f6bd650747362c9f0d13b81bc718fbd17c53b6d803f195aa3
u_02696,2025-01-27,digital,DE,direct,d9aa2a23781d0240644829445723aeec46268094a0f6f40c64612b4dafc1f98d
u_02697,2026-02-21,free,CH,paid_search,1b88577893536939d059acea855551c7e19917b46a74f4c13d9b87d0070af6ca
u_02698,2024-11-24,digital,DE,newsletter,97746473b073a68e6b9655729df6f0faedc0817a44b2e4dece1f141608433e58
u_02699,2025-07-03,free,DE,referral,53bc2a487d603031cf40dc2c4ee6a1fed29f88f292509678388d8cba5a5ae010
u_02700,2026-03-30,digital,CH,paid_search,0562a24c8b378c54eccef3f0b17771bd7cb151fd7399fd86cb2edeb47eba88cd
u_02701,2025-12-26,free,CH,referral,41d1ab7e240b89e4683b49513e09b57db47e4e5eb9c0f4eb7e03e2b3ad73fe88
u_02702,2025-09-19,free,DE,direct,33085d5e60c90a360bcf43fc03d6be0ebe733010aded9e078ce16741fdd8fa85
u_02703,2025-06-30,digital,CH,organic,c3d2da4c2ab81add9b09b6f2499008429b60f38ab1ec82197ca7aedd61bf6abe
u_02704,2026-02-16,digital,CH,organic,7c044700b31329297c9db52f9164cd03ff645fdbf779118f325c59ff759b3e26
u_02705,2026-01-05,free,CH,newsletter,bb8140e780c8940f9be8c6970644192afb702605c8052cb153739918c112e3d3
u_02706,2025-08-26,free,DE,paid_search,349dc56cd004224e277806cc22aa65d35c55f2c01ba750d27795a63881cea8e8
u_02707,2026-04-14,free,CH,paid_social,58f25ef9c9a46301bf4c5e3bc6ce5e3821ed25edb0e665d5b87cdd4a17666c6b
u_02708,2025-03-08,free,CH,organic,c0024e9df621e2797b32650832a3355883b12e0ac9aaea265a084b045618fbb2
u_02709,2025-01-28,free,CH,newsletter,a74dc856f765addfe78a5a298280bc5aec9e3085f002804caed3cca952917dea
u_02710,2025-11-23,digital,CH,referral,1c45a9ec15c490687d2be9f5b722c9f438c45a9425eb010bce54d79dda279270
u_02711,2026-06-10,free,CH,direct,277509865932b280caf9b68eb72f1f8efa64cbcac2382f7d459834177ae876d4
u_02712,2025-03-21,digital,CH,paid_search,10b7c8c183317bbbb4e53fc6f5724b050d995074a1d49ebc7137816c9f80fbf0
u_02713,2025-03-22,free,CH,direct,6b2a16a5b9ed33dfe856c383fd689e1f2a8060ce4f01cb76578e317318cf19e5
u_02714,2025-01-18,free,CH,paid_social,b7e1f31aaca32e18966c3145cf65e071f8c6bba3d5c4591b04d55c1d9b8fcaf7
u_02715,2026-03-22,free,CH,paid_social,9a6bc77392226470387d704cfb806ae0395778e7c17c7671a34ac7a727f01906
u_02716,2025-03-06,free,CH,paid_social,b1e8c450afbdafbce75fda584f6103aeecd998b84b54ec520bb41eceb65a4663
u_02717,2025-09-09,free,CH,paid_search,5badad9813ed4b5e7c13b67787240e199b8be4fefaeeb0da348226a3b82cd5e5
u_02718,2026-06-24,digital,DE,paid_social,48fd02ccde34922e803cf1fbaa1a66bcce19ad897188e80d197a857c9b9abec8
u_02719,2024-11-09,digital,CH,organic,c3e813567112ae0a678441b9c905a6b35cf7f3cd045c838df7ddfaa0dc9410d6
u_02720,2025-09-27,free,CH,paid_search,652d5eb2c26f20531316e87e62fa3e1d717471f1c84ba664c87c4212f43462e2
u_02721,2025-09-12,free,CH,referral,d244c59a78c82380ad5690668b43de9d2fccc42a8b624d48de40ac378c01582f
u_02722,2026-02-12,premium,CH,organic,38507fee63963aa9a3d4e6a8945e9cec05dd6de930b2064d5914261be25d32bb
u_02723,2025-06-06,free,CH,referral,6aa6ca982696dc13e317a99049594db8baa584e80ab73103c55041c8caef5d08
u_02724,2025-07-16,free,IT,paid_search,ccad682f01dbd861283c1155d03b214b96632afd6779c1b7ab00021a29373126
u_02725,2025-01-28,premium,CH,organic,c2742897d6d75fad140bccb0830cb1efc37a95b26d19966e8594058808bccbbe
u_02726,2026-01-15,free,CH,referral,5c75e3576bba836d247c2454d7e1cb4b0fcd4b8e75517e1ed66c2f4e11d76331
u_02727,2026-01-29,free,AT,organic,203c75d1aca0967653016f09ed4c02f8bd918f6433e1e18c1ec8dd44066706b7
u_02728,2025-01-17,free,CH,direct,0384ae32f3cf671f58badea634da922dc0d83303b33eaeb1643f4bd798e1388c
u_02729,2025-07-04,digital,CH,direct,5d2da2dd4f0ae4eddeea796c93e2a7601b1323e03859105ea22e1556dd0014cb
u_02730,2026-04-15,free,CH,paid_search,4b79e6942d0447eeb4f561c660732a02cadcef482ea2d7d89a32edf0322f32da
u_02731,2024-11-02,digital,FR,paid_search,8470bb613dd0674fd9507828bed78d6aeb67353b00b765cbdeedd382f7e23e0d
u_02732,2025-04-27,free,CH,organic,cb1485ec5cbd634853eb6ca6eb0faa0849fb4e1519898e06f86387708ed8bf42
u_02733,2025-09-26,free,CH,referral,a9544efd7647b7faf7a4997f9753854b3c6cb76b0de0a222b2dc266d0578e1ca
u_02734,2025-05-22,free,AT,organic,c0a24c203500bf052d8d59cb286eeb16070dd61e8bbb41072876701677261186
u_02735,2025-04-07,digital,DE,direct,21b4eaef96c0008f93c92395be457c4211348ac4dbd81dc9b5c824c3e320090f
u_02736,2025-08-20,free,OTHER,direct,90ff58f21d0540d45adf6bf147a2de34fbb56cf6ca69b78b2b50ea8c1299b7f1
u_02737,2025-02-02,digital,CH,organic,530c6f0a1866843cb884c7df0145021181d40a44ba81e4de3edb8c92f7accb52
u_02738,2025-09-18,free,FR,referral,48808133ce0ffb1ec75594a99841f2fe59e6c4d56cf76769e92ab716dbd35959
u_02739,2026-01-04,free,CH,paid_search,47d519d5a8759f723855aef3edf8bdb2515e77ac6ca3ef0e08431825c06fd39e
u_02740,2025-10-06,free,DE,paid_social,964eac69b172b9a03c9b6b130792ce4304e5efbb5fbc951b3ca40bd566bb7c9e
u_02741,2025-01-03,free,AT,organic,c357a674d6d254813abc244539c4d07dcac3af5445f1103b7ae2850557c6017e
u_02742,2026-03-11,free,CH,referral,a9c0f0edacb31138f503617082a455a5f179b6d5cf059e919487b59fc4ba24a2
u_02743,2025-01-30,digital,CH,organic,1b5f9c62bdd355b94c982f04998667d8251f785703ce12b682b7d97f764d235e
u_02744,2026-01-23,premium,CH,newsletter,aa2d4c76bec7b14d7ff0be9b6fe64aa65d8e2df2b85c653e7eab43ea75e0bfb3
u_02745,2025-06-10,digital,DE,paid_search,e73661d59a70fd665687451d2250b7992cc46bae04537acb707b003b3c41d0e8
u_02746,2026-01-29,digital,CH,paid_social,78589221a9c800e06f1e0a6b4c17b581bb6c323dbe7b721f1f46edb47a24f3e9
u_02747,2025-02-19,free,AT,direct,683d5ebaf3bc228548b9853082f9b45e4a14acb72254776786dfea9e1a007bd5
u_02748,2025-02-05,digital,CH,referral,e869e3cf21e01a28a18d7ffefc47600b79225d1eabc89268b3d2aa56398c281b
u_02749,2025-09-07,free,CH,paid_social,61e53f9749c862a6c5b927f5fbf85ab8f83ba65c72fa165e8c6c66b8191d07c3
u_02750,2024-11-24,digital,CH,paid_search,c249fe0fc72ee66f9ab6849fa4974d9ac7ca687ae6a1191cc9dbda8a54f9c93e
u_02751,2025-03-05,premium,AT,paid_search,1133e0cbdb01576c5e6d9aafd6faf90f1af080217979aa45f664cdd296f18a08
u_02752,2026-01-10,free,CH,paid_search,b2b2cc76285eaa7b2eff8b5e5dc7babc905c5eadc03ef469e1e91c3def174a86
u_02753,2026-03-06,premium,CH,direct,3a3d9ea7af6512df9cccdaf75661eb8d403a1018dfd9eeced7dcabcf71ad699f
u_02754,2024-12-28,digital,CH,organic,cb52ec70442dd0db7b3ea87ba787cc965fbb50db60391a48b5ecdfec45b5e23c
u_02755,2026-04-07,free,AT,paid_search,9d989261b0ee7215ca4d6eb8a4dd4de4f5bc371b3f0b6cd10557c370d361d2fd
u_02756,2026-02-05,premium,DE,referral,abf05e4b2486a2754ff8fe02386eade537eacd725784d53c2ea733d1a0ff031c
u_02757,2026-03-29,free,CH,paid_search,0c639985106c929c5e95bd1a5caa32106c616cba0b03b35182891fed54b5eb69
u_02758,2026-01-01,free,CH,newsletter,ceeb466c9d2263331d6e28b1f62b1fd3e498d1a1a3afb38c722182ae4ed27ab4
u_02759,2025-12-16,free,CH,organic,39c01bb9423cdfe6efcdfe02e176c737db848c9624c8a3b7c00bbfbe8b879951
u_02760,2025-09-17,digital,CH,organic,d0e38cc8e0ee87e86f5013f930dc36c5c5fd1cd4ed8ff42dcd0d064cf79313a8
u_02761,2025-12-01,free,DE,paid_social,4217df44457110145fbc8d53480b7382ece3c840e8997500894d0c648ad9d721
u_02762,2026-05-03,premium,CH,paid_social,56c8665c83932149f2550654e41f3e5f730c817181d32f9617179a63bd39cc1b
u_02763,2025-01-06,free,CH,direct,1f12c7016331dbaff4c4d22e11b8ef19502c24a6db3e52a266cc90027f116575
u_02764,2025-05-09,free,DE,paid_search,ffd3c8d1cdc511d3d5dc8e9a188b531f7e1dd31313e264f0ce1e15e432c3ff09
u_02765,2024-12-22,digital,CH,organic,e6215bd333b386c2eebd41771a73fd6c94e2e59e69c0958dd6a54a2095e16907
u_02766,2026-05-22,free,CH,paid_search,147672a3fc4433bc985a0f1b2d04d16c4618dcf7c360f1099ed754495938d7f2
u_02767,2025-08-10,digital,CH,paid_search,3fa18ad133175d29135763aef6cf7127e67fb1564f953883a9afb18e6864f528
u_02768,2025-12-17,free,CH,paid_social,9fb683c6f12e58a6cbae4e43589d40a9f6d480d9e3c247df96a038dfd19f9459
u_02769,2026-03-09,print,CH,organic,c7a26858286acab39e8306b86403c4a2e68a89aa885742c938dfa3f4b54b7ffb
u_02770,2026-06-24,digital,CH,paid_social,0289086dc9c21239901b05312b0bbd9e7190c4921e68607ec0a16331314192e1
u_02771,2025-01-26,free,CH,direct,6c4f62a6e0f5a8b82794b1113f0f65d92b2e94381b4e55b0c3156c2986a1293b
u_02772,2026-02-07,free,CH,paid_search,607e2681f9287b68aa977feda06b27161fe6e1af454cefaa0d45f5755bb48c60
u_02773,2026-04-11,free,CH,paid_social,f6a59ee625bbf3606ea88de4ea14b3c81682caa7313ad5e96397a85e02a73028
u_02774,2024-12-06,print,CH,organic,26283eeee50eaae43cba4623e2faa1eb276b835c279af17d5cc75e2e5c6819a7
u_02775,2026-01-19,digital,CH,newsletter,8cc702eebd5575be61bb5d2ad967abbfc73de72f5dd7f7596467930db888a35f
u_02776,2025-06-06,free,CH,organic,33cf64dd5f84e06f4d9ed5f0104762ce20fb7300989f8431a2e046af03d91678
u_02777,2025-11-28,free,CH,paid_social,2d41cf2eb0acd47a5665403b4e8328ee4f4832ee010a584a6970f8ab250ef6b9
u_02778,2025-09-13,premium,CH,paid_search,b2ec78a7a7bb596dca99cc00526d6f59e461b34d9b85acc0e017439cc8c2dc64
u_02779,2025-03-30,free,CH,organic,eab84a0219ce7bd25913c569b7635383db6976de11b82ac8f59dd560316d88cd
u_02780,2025-01-17,digital,DE,paid_search,f898417f3c8dc1ab3f33d2bd5b18ade67f209205e71d5fb0c2ffdd1e1deed04a
u_02781,2025-01-11,digital,CH,organic,61f3a263fc7c1cc0d4a57f420779874060bd398adbdeb70288576aba4a2b922d
u_02782,2025-01-06,free,DE,newsletter,66604283621b3657957e3ab2d13ad63e0b333a92f6bf433a1f527ef4c7391af3
u_02783,2025-11-20,free,CH,organic,81dc2fa1cdcc61ba6ec243496633e57901188dc4853081197749221a552d8f13
u_02784,2025-06-03,free,CH,direct,61de61342fd64d453319f5bb0546768b7bda5ec4c6f4d4a44d2e0229163ab6b7
u_02785,2025-02-27,free,CH,paid_search,1a1bd0499754906a468a78f15ff2fd1424e6725e3d490ecea98d63a33f739ff5
u_02786,2025-12-29,print,CH,organic,d502384acb8f7158a076e175d9f7acc75443f4a0bc896e276b1922753e3b28d4
u_02787,2025-12-25,digital,DE,paid_search,349c3d9d0e0bc72a031dace1da03a7110b0520bcedabbb9d029fdc2f7326ce42
u_02788,2025-09-21,digital,DE,organic,fdf2c34739535db78ed7a539a88b8bed7bb7ca1ac4179e5d514650afd028cff5
u_02789,2026-05-15,free,DE,newsletter,313c3b8ac3ced25996fe892ed7e4119c7c072d1fbc524347ff800846aec4c032
u_02790,2025-06-28,free,CH,organic,443d71c2ce39152fd09673ba66adff35025f8b76a0c6bf7393b57b99beb50b8d
u_02791,2026-03-05,digital,CH,newsletter,d104a6d19b40f4054d2ed030b79b4ef3edd0603e3383df3e0b5cc6c38b9cafd4
u_02792,2024-12-24,free,CH,organic,28ef77ff8142caab68f3453049dc5ed7c4d13e9b350646d68b7298e2a25f0ea4
u_02793,2026-01-15,free,CH,paid_search,688c786128b1f56974337358768d28d73c7df55cdb1034777fdc7e2560ea22bc
u_02794,2026-06-22,free,CH,organic,500c3bfcb38d35cf110b3760a22f8335ac439c0243534ce6e75cac2c4cfadf1a
u_02795,2026-03-12,digital,CH,referral,53d01d78b6cb0a9e162d4c2bfb3fa29e4d0af89615f489b00ac270b92026c4f9
u_02796,2025-10-09,digital,CH,paid_social,b5f2ffbbade1dc9a89719f90809f8486ccaf38e0e8e297016fbf09286f2edee8
u_02797,2025-11-12,free,AT,direct,ce67df9dc2403219d618d6c481c67dd91ed574ddb5323cbc9121bd170203444a
u_02798,2025-06-05,premium,CH,paid_search,35f9ab58d22a3d362ebe04c846173ad81f215d95d2d6ec50c307bb2675475931
u_02799,2025-12-20,free,CH,organic,72da3fa708f98ebbadc01b6067084ab5dab0e626bd99960295e17e8698f1cc05
u_02800,2026-01-25,free,CH,referral,ac0fdfb9286c43220c6c6ccefa7746021f760b789d3c1644bdf582f097ca8913
u_02801,2026-06-29,free,FR,paid_social,8146a8581f202962c29f0043d52422e8a9d9a36261c6d9e12285d5020acba910
u_02802,2025-09-06,digital,CH,newsletter,a232ad27d28c63f52d83e7a5d1c41fb7d066cd686e8cfad0f6957603ec33ab69
u_02803,2024-12-14,free,CH,paid_search,4a5313080362363792ee5320f2172cb631a51f47d6920807546b7605af5a832c
u_02804,2025-10-21,free,CH,referral,60361a5fcb16609b40fcdfe4d9a5d70f14db3a7b75547bd7969501b53ccf163b
u_02805,2025-01-12,free,CH,organic,517fd9064483e25ff7aca29a8fb16a3165a9ffa54d31efcbc8ac6961ab9e2bc2
u_02806,2025-03-19,digital,CH,direct,e43c4d5d7bc0fa3c49c2871af57dfebb7c2c9222ff1e9af6a6d6ec70b4dc85cb
u_02807,2025-05-18,digital,AT,organic,c0f8ac2b3297f545c7dfe479e1856d8e7976294f491e3e4a008329ee62d6599a
u_02808,2026-01-12,free,AT,newsletter,a8f74cef3a26a23c2470bbb00a125fea4ca4a6c0a85f7847c8ee8e27d48de288
u_02809,2025-02-03,premium,FR,organic,aa8f603cde13ab680dd26658569b6656bab1241330999a331aaf420d8187cd6b
u_02810,2025-01-27,free,CH,newsletter,ef4eb1e757a29a17b3cb9ec07da4f9d796aa191e8b4a4d91ed260a7006f8faaa
u_02811,2024-12-03,free,DE,newsletter,9f2054a398f7fc6b783a1cfc0576ee91d03dec0d96d5589e329de6250e865b3c
u_02812,2026-04-01,digital,CH,newsletter,223af210b6970953f9dd2ddbcbb74c66ef2074ae5a2050b8b09d21ccd0ab8213
u_02813,2025-12-30,digital,CH,paid_search,40e4c0800f07fe6d44af61be2896d86f9149efd0caf7f2fc7107a37577555cb3
u_02814,2024-11-29,free,CH,paid_search,8ae0371a27c8e97d45a8077e8dbdc52a06d2fb19950c82a37d4efaff678b47e1
u_02815,2024-11-21,digital,CH,newsletter,b544e96d0caa0f09f49f3e5aaff1c098e5afb67b57046b54c33c71ddadc15977
u_02816,2025-09-28,free,CH,paid_social,33324cd9b4efd4b32f9fee182a338a443c5e8be3c7716e34f90a4833a8b2125a
u_02817,2025-04-15,digital,FR,paid_social,be7d9be5711c162708c6bdc49dfd8bf535376d4b64ddfb246ab237e4f9a58986
u_02818,2025-10-21,digital,DE,organic,ab9f77a91f1cecc9385a22fed047b70104bb7b63c3b09ad13e513863fc32750e
u_02819,2025-08-02,print,CH,paid_search,56cb3d812ef36ed3951ccc98565a1d177b8b326f0cf6d0ad046390e8c73a85f1
u_02820,2026-05-06,free,CH,paid_search,e2288c0392797a40d03a2b0166d1ca547fb0dfc191c8a0c3d73bb48deab41236
u_02821,2025-04-19,digital,CH,paid_social,9754240206de6e6c973baa085a49a58ddb0ecef2ff772ed99b495e942ec8344e
u_02822,2025-12-20,digital,CH,organic,daba5ab03d071bb52245944cc3fac6f8aa365738e556d9b68889e3f3fdfb89e9
u_02823,2024-12-09,free,CH,paid_search,bea1698df09678d762b81713dd17018ffe69a0f130da7af767b9aa1af96ac383
u_02824,2026-05-30,free,CH,newsletter,ec2f07d304d9f6e05fd084ace285aee5f359216e1920523ba58831704614fa5d
u_02825,2026-06-17,print,CH,paid_social,95e01e3942af257ef0780515bdd52d978dd66db750bc947fb5e9f415700d40cb
u_02826,2026-01-15,free,DE,newsletter,75e13610b271954a3b15f01b1b5a876f3815086b8f6476aa68b4a35ecd270485
u_02827,2025-08-24,digital,AT,organic,473cbd3426ae0f5d2808aad1fe7ced91d10cf4d240f54ee30b956e0d882625cb
u_02828,2025-03-01,free,CH,paid_search,1234a954def23b5172a9c85d7e537f2eb99c64fe0bf5c3ca821fb9eb5d2467c7
u_02829,2026-02-16,digital,DE,paid_social,d939936a0c7df8cbc7d212826f647a3652432262961e170d529d2db8683b1740
u_02830,2026-01-14,free,CH,paid_search,2bd7b2748ac93eb5b47a98f484a7d711e0386e3ea15a20aab8cb5b45928988ff
u_02831,2025-03-03,print,CH,referral,6d3aedb5be0a8fc6a5277e3950c8451bb5833ddf2be641d80b0d44a196c68ac1
u_02832,2025-08-14,digital,CH,organic,4fecd97881a9639ed48cd22a491cf478e3346d3c30ede3458a899c037ec2c4fb
u_02833,2025-08-22,free,CH,paid_social,2d3fd6d42bdfb56913053f27cc1c89823c53dd3b62e6a04d57040f7e70cd9f78
u_02834,2026-02-26,digital,CH,organic,6bc8746369b0fc9e343f2ace4f72349209f18644e1b69d66794a8c2d34da2e82
u_02835,2025-12-23,digital,CH,paid_social,91ec4136781e71546ea9da50af7ffb2d6fa5f37c5cdafef6a5746f21b9bd44d7
u_02836,2025-11-24,free,CH,newsletter,91a455f4ea6e10608418d0972fe4063d78b5790a660d62d268d0a98640c23fa2
u_02837,2025-11-28,free,FR,organic,55d06f1b0e05c94b8df3533afbfa48745b779b379929c715ef7800bc15e84cd6
u_02838,2025-04-06,digital,CH,paid_search,9146f28c4b808191b75b0fcca937b2e0b64d812ed7c58b4c933c356366801dbb
u_02839,2025-06-18,digital,CH,paid_search,3c2234c5c5208f1cc1aec83620789b62af2bc20ab8012480e2371eea95b8b269
u_02840,2024-12-03,free,OTHER,referral,74978bb954ce1e1c71f0b3942b6863ea4616dce87ca276287f665befbea1f67a
u_02841,2026-01-30,premium,CH,organic,94e0b059c78b918250dee24e94d29e085fc2642d8b0418224a0918c74b829ef0
u_02842,2025-08-01,free,CH,paid_search,6f73fe86362960fce7dcfb28e048fb742ea2bbd895b465b6ff809ab8e1fcd14e
u_02843,2025-08-05,free,AT,newsletter,3c441e67222e229c32f0c539d8376657d7cc94f03edd587538aac1f207d07eee
u_02844,2025-03-19,digital,CH,paid_social,2837320f2a96a2369a50444984d8655e289ace1cf8570f4fe8baa2db0055e491
u_02845,2025-02-22,free,CH,referral,7994686695d6fcaeefcfdd96909e31d698e862bd4fedbfd9b303e1e2b840920c
u_02846,2025-10-15,free,CH,paid_search,f32a0f2061bd068ee6a65f26f74cdb3fe6830d314c19364ba833408e3158f4ab
u_02847,2025-03-10,free,CH,direct,e27e02297da5b5c2b0b901686eaf55a0055f4b36c5d4b02726ef5029a8db3420
u_02848,2024-12-17,free,DE,organic,964a652e2941bf59bcd3906aec326c8ec02c01b19b41a4d086044407d327dc8e
u_02849,2026-01-24,free,CH,organic,70243c6a4096ec869ed612f437b8edea6b6c31c889cbc2973619a411ea8ca435
u_02850,2025-06-21,digital,CH,paid_social,b4b82a0c18fc8b854886d95760fe35970720c63a23e58c5bf250b5c017cc2030
u_02851,2025-06-24,free,DE,paid_search,2e91c9454a1999fc65ce89c61cc9f41cccc22727c58b423d997b6d91094b9498
u_02852,2025-07-31,digital,IT,paid_social,e818ceaa4b2ece012b6497028bd7354d461a1162a9c8597f01b8f7e5746bebe9
u_02853,2026-02-18,digital,CH,organic,0a0ee2b7c91bbfa6771d8c9597f96a66f7a3d311ff73a09752de467852b3ffb3
u_02854,2025-05-12,free,CH,organic,d8605817f2379f1578bb83fee104f40dfecf257349905b78c658fb2c1fda5bc2
u_02855,2026-01-21,free,FR,referral,3accd996a493debf69f54c06d01d4e502a379ae87df1528f1da5942be28ec154
u_02856,2026-05-18,digital,CH,paid_search,66540f1f55ba32ac1867959d56c93503ecfdc729aa9cc1a7224ca4b6009ee6bf
u_02857,2025-12-06,free,CH,referral,1cc8fc291d7183835a3b73f6b2f1df3c3361cf4f5ca7924c4f939449337f4a31
u_02858,2025-07-31,free,CH,paid_social,6fcae00591ffd7cfdf40d9eb3985ef72aa230f2b4318203d0b140c7dda33ee6e
u_02859,2026-01-17,digital,DE,organic,45df6a39cd92b91e30e914589a4b3c4fd462ef998fd1785568a48e7c4dd8fb2f
u_02860,2025-08-19,digital,CH,referral,f9ef843b304e6afe69824e859c6eae7862cd4f3d3fd3664e0356c74987f01646
u_02861,2025-07-19,digital,CH,newsletter,00748f40451d83fe12f271b19321dff709e32af65c0f567fdce673de3ddcbf4e
u_02862,2025-09-17,free,AT,newsletter,a4339d29fde570fbc57d389b7d9282716cb39b75b8983fa81f25f20f3f5aa9ea
u_02863,2025-05-10,free,CH,organic,6710a428f4a02b5427f795b555655844f1227939663b62669baca72a342392b9
u_02864,2025-01-07,free,CH,paid_social,9afb12041c8fe7a4e7935c3ad6dc9c32236b19684af62e70cbe5a18d41e1a1b7
u_02865,2025-07-19,digital,CH,direct,84e4223ef7d74f556cc05afb0dfcc56b18ee57e9dfb58454ed6a38d0feaa2012
u_02866,2025-01-13,free,AT,paid_social,11d6ed1c1c88ed1d71f226430ebbbb1067eab7f3d61a9221b977d180941403e0
u_02867,2025-07-16,free,CH,paid_search,88a704deebb1e8ca08da10ef2df76407a7b01eec7505f51c112a5b6f74d5619b
u_02868,2025-09-27,free,CH,organic,f8e1fec3b977b9cefa94404fef0b19afa9561952907e298c05adfd1b83138c6d
u_02869,2026-05-12,digital,CH,referral,dc7da63f97f8c3e559872716f41aafaee1c4cf856ae2d0aa485e0100b4f2ad46
u_02870,2024-11-26,digital,CH,referral,43b6af58270eafec1df88bfa84a71b97777554578a26a6ebbf636011eab8cbab
u_02871,2025-11-08,free,AT,direct,d896eb0b55036191076d611436b77b53cc687a67ff8c202e69afa7074727f88b
u_02872,2025-08-19,free,CH,direct,6e16345e4c9d2ea76cf1c9cca9fd157a5ac7b9c6ce5d7fd8ac8d1c6c7fb972f8
u_02873,2024-11-15,free,CH,paid_search,4d4f6de137d630932ee7a46640c1e3d0fc8861eae2da2fc880ba6ddc532c2884
u_02874,2025-03-22,free,DE,paid_social,319f6a8170c9f26847c347d20b3e21846d6965e494fd9d377d46d698334a20a2
u_02875,2025-01-11,free,CH,organic,3ed65b82fe5250d38d64711922171cc6efb207eb0a188654cf0bdb7fdad90d83
u_02876,2025-02-27,free,CH,organic,d3e46969c443589902b02aa6cd1487547637e31804bfaa4fc4f21bce91faf564
u_02877,2025-04-09,digital,DE,organic,d83489ceae66af8bb97af7328161c219c6ea1af0d1adb4c9dd1be0df3562a65b
u_02878,2025-07-09,digital,CH,direct,bd6039b4d971a2f950ac36bab87f1a8c3afc7432c52f82d9d280e5dbb5379e34
u_02879,2025-09-18,print,CH,organic,eebc80e239061b0e98659c9abc0992509021633afa8bcf0c94f813a9129a464c
u_02880,2024-11-01,premium,CH,paid_search,a70b9ff315d7e448d43c60e24c072837f8a789d0408fb892c423b7da7324c1b6
u_02881,2025-01-26,free,CH,paid_search,92548cf19b6f0b8272567c56ab10632f7630656715449020c76273518ca7a48a
u_02882,2025-01-03,free,CH,paid_search,0fb466e6a02823f3db49a3dc90bc7794718ea98f811f37b4a929f5f4cf949c76
u_02883,2025-09-25,free,CH,paid_social,1a370ff3bfc801679d0e22d60a6382211140a564b65922c5abab4d6d44d6ac55
u_02884,2025-05-18,digital,AT,organic,67bf233d72b01dc24a7f053ce8127a948b062ae1a1646781a2e888a10a4e6b46
u_02885,2025-09-24,free,AT,paid_search,a8452500fc153d81ee139936eba2113f8833699d8d55d394e795be586b7089da
u_02886,2025-03-02,free,DE,paid_search,06c68ae68068ea7be36aa3a3f17d6007f9c26a49ce6c4e29eb77f75bdb25bc6d
u_02887,2024-11-18,free,CH,newsletter,13c2bee6930d47e6c844fa726933ac20bb06ce589a41630d578e8610ebbe1329
u_02888,2026-05-19,free,CH,referral,c0a21300b6ed613d1030f64bc6c093ad46e48966e0bcee404eab7923e97b6040
u_02889,2025-01-08,digital,AT,newsletter,e428573a85bfe4966efca817e4906fc74f649a636f11977dc2e0fb95a4b9cfc1
u_02890,2025-01-14,digital,CH,paid_search,e41b29b64d213ce75adc13f60e29801aa05643ec84ea5de82e22377c886ae1d0
u_02891,2025-01-21,free,DE,organic,4926e0c8a4aabbb9af919d263729c6486388d9a675b2a4d4b973bb5e8048320d
u_02892,2026-06-17,premium,DE,paid_search,35f0586462b939e63fd759f90487bbbe7afc2f17f1256a93496e16f6167204e0
u_02893,2025-11-05,free,CH,direct,379d50ea793107833fd39184fa9c571687e3209d7feac0b201d339b4810c9d9e
u_02894,2025-10-31,free,CH,organic,abd82be2be2836e2efa630f91e1d9fe8d5c201d99b58238913a0320ed9b015c2
u_02895,2026-06-21,free,CH,organic,79ce0185d07e53ec95037e0da628a0e0a6d0a9083f6d3073a81f26b7e996631c
u_02896,2025-01-02,digital,CH,direct,f3866b45a9bd08e9c3194bafe09c54087039557efa65db38adb3fd74416ad05f
u_02897,2026-06-12,digital,CH,direct,22b1daf46b9093c3e1a2a60eadaa22730c3034abdff443dcc42db7c75690e4ed
u_02898,2025-02-18,free,CH,organic,3dfb7a18fd56842381009f9f16192a56556618e2762e544077e0c428655fc557
u_02899,2025-11-09,print,DE,referral,5b4a81ba30b29fa75c6d5ecd66ed0788ad71745b075a81c614bafd98a7acaa2f
u_02900,2025-07-23,free,CH,paid_search,be59e451692a53e2ebf0effccec70fc66cff6c057a50a6d917d3393a6e2645f6
u_02901,2025-06-27,free,CH,paid_search,2a92813dd4dcf6f5a8cf670bd8440d553a29fdcd7f39caa54df43685aa4c7a79
u_02902,2026-05-12,digital,DE,paid_search,26424acb5512b4312de11f835f2a8cfa09d8bec899ed37137cf3348f60148f29
u_02903,2025-01-21,premium,DE,direct,189496e5dea8740f94515f79910986896143c3d7f21f979f91eea91c7fa8e9be
u_02904,2026-06-28,digital,FR,organic,276268e78c4a244642a71735e2f20ced462a31499adedf92659a0693f7e29059
u_02905,2025-06-23,print,CH,referral,0130086dbddaf0fb3c7bbf76216efb3b681f2cdc80f8cf1a2db8feda717fa131
u_02906,2025-11-28,free,AT,organic,24b38d646774c4665a8591ce6bf398e37d64501b25c030be8c4c69a4994e68f6
u_02907,2026-06-07,digital,DE,paid_social,9cd53e3c4644b235021b84c3784294ba2b99eec3ee31ef7ebe7daf2f14b6d949
u_02908,2024-12-12,digital,DE,paid_social,86b42f0edb58f1e551ad6bc3067a88c540f8d4b498e74f0f02b0491e269c4aa7
u_02909,2026-05-06,free,CH,referral,a1d5c99918c8a674f35ffcf0c9fe65274a318fdd6413286f0c26b9eea0c1f910
u_02910,2025-10-01,free,CH,direct,a73abf5ddb48e8eef56f04f281af24be3a10c8f189557389dc92b3f85fd0e20a
u_02911,2026-01-03,print,CH,referral,32231bf1868d2b63ccc5c269df8be00f291e8b482d11e68f846bb7a4289cf7e1
u_02912,2025-01-21,free,CH,referral,1a7c273e48e9e8d680700dc401c0b9eda3ffe1e58ca3a35ec9dcf67b39501302
u_02913,2025-09-19,free,CH,organic,eedb462bbd411527b835ab10bb5ee4a3f4b04d23115764c7d5fe449c97935cd1
u_02914,2025-12-15,premium,AT,direct,1e5f8b2a2b7d84ac15a9744ec4decd3cc94a2a30f6bdcbde30f81d26c822309a
u_02915,2025-08-18,premium,CH,paid_search,6776888d8c9d2bc85690344aadececbb9326cb3b2d261e22014b3d6478874558
u_02916,2025-01-23,print,FR,paid_search,1866d8e0641ba8a6c910e3ce589f52b0aadeb50cab7140b0995ec7d46e961f92
u_02917,2025-03-18,premium,CH,paid_social,2ce936fee6d5d4e335b90bd4dbf88428b2e9ce9db83f58f9e3be2eb609e7873a
u_02918,2026-03-18,free,DE,paid_search,264b8b08a3a061bd7c18001dbca60f3d3c1ae8addda036bc5c5a0974a28218f8
u_02919,2024-11-25,premium,CH,paid_social,72332241e65d44f9c3713f7050cffd5b76ebead51232eee09eaea79f3ddf9dac
u_02920,2026-01-05,free,CH,paid_search,2c3723cc27597d8df949d4edcd11f1397ec6d644687a19b60d6bc8da93c89a69
u_02921,2026-06-30,digital,CH,organic,b441f94eafc8ba59e65293908eb28b1a539a02904725a2c47e2f72afeb7581f8
u_02922,2024-11-06,free,AT,direct,2061560db56016d24168a5b6ecef1adcc4ffea48f1983bf4c9f428fc46007eb0
u_02923,2025-01-25,digital,CH,direct,6f8ea5b94ab25110dd34c655beb12365ead50f32877c52f141c4b8657a19c74a
u_02924,2025-12-16,digital,CH,paid_search,36c054ba021c282e5a5db25f0c6b5ade0675c6ca076dcc821de69486e1ffdf26
u_02925,2024-12-14,digital,FR,direct,b5022064d5556972492ea0743376c2a2f29ed4b22000780d3ffdba18231d1fa6
u_02926,2025-10-16,free,CH,paid_search,bf931784be75b7c99e61200d1ed10215bda5ad56a4e5b0e048a3fe3e9caed45c
u_02927,2025-12-23,free,CH,paid_search,cc87958dd6d4b0a53e47efb2654663d94df923dc0352a5c367dedd4f4296ef3e
u_02928,2025-10-15,free,CH,direct,9adaae39852bcfe678c105fc62787a92f965418ec3438405504d37f7c9610e9b
u_02929,2025-06-13,free,CH,paid_social,eefac7706bc88d6f4966161d440de35d2b1a054a9339ad5201115aed35a8ce6e
u_02930,2026-01-01,digital,CH,referral,1faa3029bb41e22fa73dcd911f610c67827ffa41dfce4e2b6f95efbd89b03fac
u_02931,2025-10-20,free,CH,paid_search,95fcd55619f2207cbf01740554a4f64d17aa21061a2757a17de99c5c94deba4a
u_02932,2025-02-20,digital,CH,paid_search,dcee02ebce8f2b30b40243c0e23d5784e8d56ddd4a653b4c9f55ab0cfb0e3dd6
u_02933,2025-09-29,free,CH,organic,1b050274350fb0976ffa8106d6b55c0bae35ff651a45c43558f64ae9e2e93d24
u_02934,2026-04-07,free,DE,direct,e14931e8e180087d4e2639bdc4a5f9b8b0be333ba26d0864feebe46ca6331f75
u_02935,2025-12-11,digital,OTHER,organic,7254f6b1cc7785597d41dd5c0af887632308c3f6dd04b4e5d8201c4337585d93
u_02936,2025-08-29,free,CH,paid_search,e35529fb720e45086b26ed86d8a233b9a87ce066a91b5c6f3f52f9b817a8a139
u_02937,2025-05-13,free,CH,organic,fafbd189b7aa2adebd70e769a082582328f5e5e876caf2bf1927c8e843ec9cd1
u_02938,2025-01-01,free,CH,paid_social,5fb1cb7358e14609d85fae4a69ee05c562b70aa27902f80cffabc5ebb0ee1522
u_02939,2025-03-19,free,DE,paid_search,418f0119745fed5a5f0a888d9f9397ca4e7761170baa2ddcd6a76fce0f447fca
u_02940,2024-11-09,digital,CH,referral,b6b915fe4b3ed660989bf604850f77c03063951a048a6310d051df47263d400b
u_02941,2026-06-21,free,CH,paid_social,7a577b4c8aff82550c13a2bb5561e72b6365e3a7e8a0f0924522284f6c2cc000
u_02942,2025-03-03,free,CH,organic,f40d130cfddd08be1e2e086aadb562640d716f6aa5d6de7fe80b739abbf4b594
u_02943,2026-02-18,digital,CH,organic,a6e6ac0eca89b150fccfe7ca793c9ba5d504816e796a116aac5b18b28ff4396d
u_02944,2025-01-28,free,DE,organic,05bfef27627305b2d2108e3b896818f056cb78ac950ec54080e19b3842261123
u_02945,2025-04-16,digital,CH,referral,c3fe43bb2bf507707263b20d6514980cb9b4b205e9b29051e97c7dad9866472c
u_02946,2025-07-21,free,CH,newsletter,7a12a252cc273ae52c85b3499279a248ed000f0fbfe5416b9d698d34dc75046d
u_02947,2025-05-15,premium,CH,paid_search,47e1915751ae34902ecca12c17fdbd42c0994073a9ce03828c08ba642118d2ac
u_02948,2026-02-06,free,CH,paid_social,04949e6813b198d1210b8c183f047f4047799c17009f9f301284b1e2022902e7
u_02949,2026-05-31,free,CH,organic,3dc9d644b8dcd048390c85eb9f89f42a59b8fb2038910762dd12746734d2aa53
u_02950,2026-04-02,premium,DE,newsletter,c34d0085ed3f8de4d09f568b7e5bc505d784ff53621e4551843c8ffce76a4c41
u_02951,2025-01-23,digital,CH,direct,55c26771053d3390db6b2b3e05db666261acc360f8e494968e732c7274a8aa97
u_02952,2026-01-27,digital,CH,referral,27b8d36aff3d9a126fc68fdd7a972f772108924ceea3f631c64d829ddbd5ef3f
u_02953,2025-01-21,premium,CH,organic,6e6a0f7fb47291a5e8528b8521014e666907cf0ebad2244feddde83ee1bbdac8
u_02954,2026-04-29,free,CH,paid_search,adb074f9cddf6396637f2c3101cd11b319e7813192e9a2dc04a8fe9250205c98
u_02955,2025-09-14,digital,AT,direct,d9e1d5b40ab2638f84f1f6424f1721425d092371faf35730da55e2b131ef4ed0
u_02956,2025-05-24,digital,CH,organic,460ce179359806a83a922be096492c784464d39a06f3b8147ce9b46aaca776d6
u_02957,2025-01-24,free,CH,paid_social,ef40c092619053b8b55e12e9d016f0f3799b04e509647d221bf7de568589af82
u_02958,2024-11-09,free,CH,direct,2085a6fe63d0b4f8959c117a645a1b80ca1a8e8c08fc9811d69c2d3065b2fe34
u_02959,2025-03-21,free,IT,referral,55bf0bd7734f91aa722c430f5de89ff7c9d48428f369e03c0f2de120a7c2ba36
u_02960,2026-04-30,premium,DE,paid_social,ab56a82a30c72dad86ad682c51733ec179e140cef5ac7560c86579932b905088
u_02961,2026-02-05,free,CH,paid_social,bb9abd820588d1c8726d5093e479552b95fb8f4481c535d0dccee3b765025803
u_02962,2026-06-09,free,CH,direct,75082d0e7bca8ded73925609c8e2df5efbb20f5db3cd24b466f40f100bce4736
u_02963,2025-01-06,digital,DE,paid_search,fe333a9189611e316dec321607b45dd13941e5789ae1f87d109f9a5d4158072d
u_02964,2025-10-18,digital,DE,direct,4e4c431f85ef048c0e15874fe51b63b188ec1c7edc630db817ea696e79c970d7
u_02965,2025-03-28,free,CH,paid_search,af9287423406abd30f627a6d52e515e28de487ab600bb6518a056f9eb2d8bf79
u_02966,2025-09-22,digital,DE,referral,1ad13d404843051c1375c0e5bf4ec86f289ea6f49d3dc5ef6b79cf5ea2855f6f
u_02967,2025-05-12,free,CH,direct,09dbc52e96822c0e8c2602aa178fa172e274e01757a641ab35776752788ccd7b
u_02968,2025-04-16,digital,CH,paid_social,6bab0793ac10dfe98556d8d6f7050623e26e28606947ae234847f2473f912d40
u_02969,2025-10-05,free,CH,paid_search,73a4c17bfb78f905e6dbf57224eccf4ad4c62aed5d4e43351d0ceed2c2088d65
u_02970,2025-02-03,free,CH,organic,2ba8ec0e0cfe1500c267160457a0e37fd2b6dee3eca010299cb737899107893b
u_02971,2025-08-27,digital,CH,newsletter,85fb05870cb9334e58963b8040f135985d0438e748bfd2ebe47596226a8512aa
u_02972,2025-11-29,free,CH,paid_social,4bc470369bdedd84733a09c742a9624d6981e7f64c3606683dfa4da4e2430eb4
u_02973,2025-01-15,free,DE,organic,d80ae4b442037de48083d17fd75d470a214e8c7334a146bc4b94756f1a02de70
u_02974,2026-05-12,free,DE,newsletter,f3ad563893a651eff782b4ee574e4774e44545dc544a641b3a35c97f413d342f
u_02975,2025-09-10,digital,CH,direct,750453a381e2ef9c75e56ed330ad7c4d32d8aed04235310611bad17a8d94e20f
u_02976,2026-02-21,premium,CH,newsletter,f2899d3bf7dfb3cb438bb61f71891cc6907eb2caf5428b7b4d17cd7ddba386e4
u_02977,2025-12-01,digital,CH,paid_social,7754a554a1368bba40a8c3b2b7f4da5cdc0a16931d367addd233fcd640a4963a
u_02978,2026-01-05,print,CH,direct,fa5e9461e07a5edcbe77f1630b3ce1c7dc599b614e7fe73917afcf1df8c45898
u_02979,2026-01-07,premium,CH,newsletter,8c757b0dd5546f385120942c060ff8e176e723687a7fef0ff3f74aba3891a99d
u_02980,2026-04-02,free,DE,organic,8938822ecc8c24db7371f9824bf77306352b36dae0ad5741bce72a4f0589ef64
u_02981,2025-11-03,free,CH,direct,a7ef5e86fa075160decbe0d3c956db9ec7431a80545de693766b45938b036f5d
u_02982,2025-04-12,premium,CH,paid_social,e8073a5fea246dd44ab603fba7363aecaa3268c03e7bf472b812c6303a3006e8
u_02983,2025-01-05,premium,DE,direct,6676d58dee0f0cd624b4b1aab1960fcaff828997fd1a1a40068e251cbc7bee8d
u_02984,2025-10-28,print,CH,referral,01949f9e21da4dce133dd8870ab61cc6229c78dcef9930e939685a2d4ea20846
u_02985,2024-12-18,digital,CH,paid_social,56a11ef72193e8669b61070f092565c09bf4d611982552c7fb166bbb5525b6b7
u_02986,2025-03-16,free,CH,paid_search,4dad70659d1b2bd2950def3725e3a48e7e925e3f2e2042ebe7b07c08fcc4ed93
u_02987,2024-12-14,premium,AT,organic,eee2f7a7ddcc224beb28ce5f884641a2fdede557c9669ff07b69a3c1b74fb143
u_02988,2025-09-24,premium,CH,organic,1f4146657892797235778134d1653ebf2ff784dd1d7eb44ac11848930360605d
u_02989,2025-01-25,digital,CH,referral,15e4043c38feacf7ff51b51b0ff7e5eb9be39774dee484dc7f5ab5cc6abdb221
u_02990,2025-10-31,premium,CH,newsletter,329e8ea8b77d90309de08fe76b481491c448f1bda553ed27e05ca9f629401402
u_02991,2026-01-31,digital,CH,organic,f5229eedccf8b735c7435070088012a5e0bc0eaf3d140b617fe5cd35039052cd
u_02992,2026-02-23,premium,CH,organic,9c7a996a40bf8992c4235fa749f77f9eaa904b06792090e6a096c49cff1e4e1a
u_02993,2025-05-04,free,CH,paid_social,94050e7b4dfdd82df4a8bc232bc611a086f86354d59270df078879d2b4fccdcd
u_02994,2025-09-24,premium,CH,paid_search,dd1a0f5a67620063c8e96753c8118db9e3efac4621d674704d0e2abf0e3c0917
u_02995,2025-09-29,free,DE,organic,9afec0cee9f78fdd055f7416d5efbaad532c13991da352fcfc63b44d64961b55
u_02996,2025-08-30,free,CH,organic,168a47948b450c655cf5d33c14d704212e8a4ceb267a730bde70656329a98d54
u_02997,2025-12-02,free,AT,paid_social,c7a5eed3eadaa5d6c67f0a00f32bec89cf978569608184862425cb05a44d9f85
u_02998,2025-02-22,free,CH,paid_social,1660a1b1d63fb87d48fffb230c7576f8702d4eba658ff8926f38f69d74652d94
u_02999,2026-06-16,free,DE,newsletter,10c85a598d60c3415a4df7552b782fbaefb93e0d1f2822682c3331d52b31c58e
u_03000,2025-01-05,print,CH,paid_search,4cec19cb44149cbcf04d5a6a11ae1c36930b9962299bfb700b6b488376f694fc
u_03001,2026-02-28,digital,CH,organic,98ffa71d44f86ea236e8e380f269e7b6ea5ee38073245b828a17824c9e59d84c
u_03002,2025-10-20,premium,DE,newsletter,5025899c93462c314824ce677f6c5f39f83f8d68ca88e7d92ceaf01ff01b2041
u_03003,2025-03-19,free,DE,direct,94523542e6cbe4669d49bd19acff12fe36051094228ca71d5c119146f81b1314
u_03004,2026-01-17,free,CH,paid_search,b4f54f9faa4c9a0f5457de6b5897d6bf3c9dbb4f5f664f233b8a07af480cfd01
u_03005,2024-12-31,digital,CH,newsletter,768241e7f4779597d115f7f89d381194623ac326364abd85182ecad58410ae57
u_03006,2026-01-26,digital,CH,referral,0cb36fd19cb0aaa1a0c612337f0a0f1bf555802e2f7a3c3d1a6671459a5860f0
u_03007,2025-10-17,free,CH,direct,2aaa0d36c04074a5bc30fc18880d00fff0f560e4c69f751800f941b6e3698ac4
u_03008,2025-01-09,digital,CH,paid_search,ff6d0c8439e1da864fd4dc4b4557db72c34d1204b679558d5f084a97a009d678
u_03009,2024-12-28,digital,DE,organic,bc86636ee0f2d8394280997ddf77155ecc9ad5532bbff49d7bce8783835ccc42
u_03010,2026-01-18,digital,CH,organic,ab326fea2bd51613d1a966becd27c5996c74b7f00488e1719e32120bcaa3b4ea
u_03011,2025-04-22,print,CH,referral,61a9a5de3fe47c46d9460a553559630a29061d01c61a71fe78995eb356c01401
u_03012,2026-04-12,digital,CH,newsletter,60599e3fa18d4fc6975b79ce3f67d2b5489936cb9c96b3db7c502e30fe5bb665
u_03013,2026-01-22,digital,OTHER,paid_search,b536d806a36599f5691e4f94d63fd042ac738db94c8bc7346739a38445f28b8b
u_03014,2026-01-01,free,CH,organic,2a9856b8b66d3a60a870a19b7ca352afc6b8c7035553c10046f6d53fe1b271f2
u_03015,2025-04-12,free,CH,organic,c3e59e355226a15d5f1b709b6768c9e31ddd4eafde3d50411c5bdb5dd1bec930
u_03016,2026-01-05,free,CH,paid_social,eb8433b81a69ca376540e3d9638d2cde99d4c13fc0c44be132b79781da916a4c
u_03017,2026-05-24,digital,CH,direct,87fec95e1088d94250f9b2a3d960aa1b09e92344268b70049dd6690fae43f709
u_03018,2025-01-03,digital,CH,paid_search,3434cc4ccee9d9109fef31931b9b7ea7fa8f168049bc8560eb158226dbf3f9f3
u_03019,2025-05-16,free,CH,paid_social,f87ccd39eb98219c77d55ef51e8d83ace80393e12f15d44b7459aebc65e91929
u_03020,2025-03-12,digital,CH,paid_social,bc30fe47833ec9d175d26369d664c18b900723ebdf0f389486328e296d96501d
u_03021,2025-07-03,free,AT,newsletter,ab16ed203745ac88c37d2d5cd3993797d01650c9e43bb7341ad9e189d2a7a88a
u_03022,2026-01-16,free,CH,newsletter,36843ad73060701507d5b30402383f51547fa8e41867418e25cfbe3358cb0e86
u_03023,2025-08-31,premium,CH,organic,bf0f4742eea30733fa23edad9cbb9887c7def4b7d3cbf4af3cd9e24ac7ef4a0c
u_03024,2025-10-03,free,CH,paid_social,c6186baba6483284f7be532ef186bedbff98f6a88952dcad5abbf1d6319be1c8
u_03025,2025-05-08,free,CH,newsletter,a663a11187d9eb6a241cf27b752e768db524620b15795259ea999903cec27094
u_03026,2025-01-19,free,CH,direct,ccc63156fb7620e766dbfe67492dbefecbab709d9daacfe833c29f7bb6964edd
u_03027,2025-04-04,free,CH,paid_social,a7d16940a31863fd6492edf1dd788d121d58d1025e6bb73335101fd8518f7c34
u_03028,2026-03-22,digital,CH,organic,86a7b0e08028ed7627950e2738baf513fc196f320cd551644e44a68c6c135173
u_03029,2025-10-25,print,CH,paid_social,c579f9261959fae46f85c6a7cbeea205d43b150bae47ab4aca8f76dc873d4aa6
u_03030,2025-06-22,digital,CH,paid_social,c4214d8a199dd3b4d219d8b1df5a17e2850e350c756ab5e6c43c63f53924a351
u_03031,2026-01-31,digital,CH,organic,e0756a880bcddc84c8d0adb51d8fb30a3de08a9d4e79bd5b96e69d06023e283f
u_03032,2024-12-17,free,CH,direct,a8d6f44ae10684715b81cedefe5ea359fd13d6c6da5b4df246befd6f6f8ea828
u_03033,2025-03-25,digital,CH,organic,299a1937b41a015af67ec5787c746edc809a2ebcf2749fe5ae3fbab433feeb1e
u_03034,2025-03-08,free,CH,direct,622a7371dbf3d2efebb0565a86fe4d713ef1e35d3673ca6d7d8eb3da0780ab80
u_03035,2026-06-20,free,CH,paid_search,c67867766782712f55a88dff7d1585179cd061494480c66dfb0832e011250609
u_03036,2026-01-04,premium,CH,organic,16e1d5a2719364723254ce57afe3852451148de224dc136cb3ebd70b7c204ec4
u_03037,2025-11-05,free,FR,paid_social,860567d37f5459a3ff9638e244b9e0eef406e150ec4be077f1deada140b05ee2
u_03038,2024-11-04,free,CH,paid_social,8c0f598605d285293a3a39677459bbdd083663a712f1ecaf366b3fc0f1342c39
u_03039,2025-02-04,free,CH,newsletter,8d443a55edfd173349fb2a07cb6d2d2cdc91ffac7a8224a12e245ac75907863d
u_03040,2025-11-18,digital,OTHER,paid_social,560adb43a02c984495f64d13754bc5e96dff2bca0098acd5642c35d07ec4c479
u_03041,2025-06-24,free,IT,organic,fe59156ef0555fd028a6661a843153706cd1efde692fb1e2dd92d8d3e0e3cb89
u_03042,2026-05-07,free,CH,direct,a3401d7246bffbf06e6370e81832794887a7af63fbe471888121ebb1e23c5199
u_03043,2026-01-23,digital,CH,paid_social,08f5fb0828efd41c889a01e72c2bce71d332b35b26679bdf07f642cbc346ba86
u_03044,2025-08-11,free,DE,organic,cad68693214618cd3b4da2bd69fc7089a7b7dd7690b4b247a433b9d296c9e38f
u_03045,2026-01-18,premium,IT,newsletter,91d4919b0c71b3710f09460b687f45cebb4f75398e2a62ef7cc4b85a1ef4fa43
u_03046,2026-06-13,free,DE,organic,2d8dc9a9754a2f966fd9b430ff6e250afa24ecc17d11519224a2709c14399f11
u_03047,2025-08-21,digital,CH,organic,e6ca031220341134618de7cc65a05ca3f63b777c1deb0b5ccbebd4ae9dc859c9
u_03048,2025-11-23,print,CH,paid_social,d84cd657b745a125acf1a02e86f4413f57420897ffd8d00558b2a261f4916f15
u_03049,2026-05-03,free,IT,paid_social,4b4bb6a7306ba05fe02960b7d4eb527626efa2a0833d2e88b718114b3ff69c57
u_03050,2025-03-22,digital,CH,paid_social,f515dfaab12218f098c2605645617f9449f8844928ce422826018748a12cfa1a
u_03051,2026-04-10,free,CH,direct,6c7aa915cd1fb6700a4fda19091f93d5f2a223197ff8ec8c648fcf1d1ea84e08
u_03052,2025-01-05,digital,DE,organic,4246fd52d4dc814b10332a4ff75ec03e07dccdf6e1b17fcc6990071351aaff9e
u_03053,2025-11-27,premium,CH,direct,b5508e96a199b62238bf25dde5423573bd636165086ea3ed10b096e140b77b83
u_03054,2026-01-29,digital,CH,organic,f8ef601203750494760486e79fd64c0285d4953b964ce383706ecd23cad17d1e
u_03055,2025-11-03,premium,CH,organic,6bf5e2a0477003ed0825374a38fe79b26ee5dae2ce021a2b4756d0005c5e4597
u_03056,2025-09-07,digital,CH,organic,9acda64d20b1a468eef670025d977a570e4af65f7d719326c571aa8a314ae77b
u_03057,2025-11-05,digital,CH,organic,0de16de3b5d88e1d5afb4fa803081c165bd151d8d7050d48dac1658fd6fe2030
u_03058,2025-01-22,free,CH,paid_search,e8f47b8e6b5e512c3711af122349761d7d0dcfbb4b2b83658129d4683ce53bca
u_03059,2025-02-26,digital,CH,newsletter,91b14a8121e84134bb17f2d23ee76cf3fd0fab26de29337d99f992e4836f0d48
u_03060,2025-04-06,premium,CH,newsletter,bbed7f8fe5ea7bf548d16bcf993032c65a9f06ea4d573cabc7023628823c5153
u_03061,2025-10-22,digital,CH,referral,c3cdb67a5053de36030cd0e3ed0950786ece450b7af38ce1b18fb5c6b6e49d33
u_03062,2025-08-07,free,FR,organic,2ccb31b2f267199490f8f68c949162f9fa7ba18d33ce39e412b837cef99c0c99
u_03063,2025-03-19,free,CH,newsletter,f65184fae9241463a1b94e540383baf78e92e6b205ac315267b62b3b834ba4a1
u_03064,2026-04-07,digital,IT,paid_search,cec1d08b6651e8293b61af8db900d60b4012b192106e89e459ef2abfc61dffac
u_03065,2025-06-20,premium,CH,referral,c2b39ba471e05f049b016322758cfbc99539235d3598d2f23f4666ee02b1a702
u_03066,2025-08-10,free,CH,referral,2829cee0fab30488733dc6eacc7d2a963fb049038c86c451e7832fb327fc1dda
u_03067,2025-07-15,free,DE,organic,5c59806bafc14f02ef66579e0fcfada368b10a7c84cc6db757d84c5137424868
u_03068,2025-02-02,free,DE,paid_social,d40a3a2665cc6bcb1c6eb6bf49885c3641069afb620d1852a25fc4936e5c7da6
u_03069,2026-01-12,free,CH,direct,734f2cb86ff29300c6dfb86fd5b572a28422024f968f1f458cd68ef6aebf3a98
u_03070,2025-08-12,print,CH,organic,1741f841fb17afab91aee70f372857ded322a745d82991fde8b76af1a85df3a7
u_03071,2024-11-12,free,CH,referral,b56c2a97e7dc917d7566d6f8aab30c4eec5f77b93e74e9ebf8a5469185195f7e
u_03072,2026-06-05,free,CH,direct,d55e2b40baf47e6b35f81a3c7044f92397a41070918c2d46235aea70f37c0be7
u_03073,2026-02-18,free,CH,paid_search,1c5e1bb10f9811f5a306e6dbf7e9f49b568a2321b779267daaffc63268571167
u_03074,2026-01-10,free,CH,paid_search,214eb53c53d2bf2973d43bf776ec10ed0627e256f512896dfea23511b47ebcaf
u_03075,2026-03-29,print,CH,paid_search,0ee400d360c719b06a0deeca635ba7f3ebc49cd96bcd29f9e1234e288d33176b
u_03076,2026-04-25,free,AT,newsletter,a90246edfee3e8deefc3467bdfde48231374e28a8db744300bdf8ce022ff8485
u_03077,2025-05-24,free,CH,paid_search,e17913f8577597b8e485e9c2092da2915b66c93eedf35019183287c1bd9e0fdf
u_03078,2025-11-01,free,DE,paid_search,a99379a328fa12310b0c48b091ce7e191445f062049014e15bd67e3a21af5625
u_03079,2025-10-30,print,DE,organic,1309ed3288ca06e6e6f65b49d598c1b37c4db7293ae56680e2469b1c99c77c82
u_03080,2025-04-04,print,OTHER,direct,49243f50de61d6c7ecf6ad7671630becf6a0bc722e559bd854c801f75400e673
u_03081,2025-03-03,free,CH,newsletter,8ea3487a8956548edd50eb4814d4f619c4679187852b668ceb4099ac014c7c29
u_03082,2025-01-10,digital,CH,paid_social,db83af76c30e6ccc0a2b19f0e2f6457e9057b4b1f56bd2c5df4e68999bd0511d
u_03083,2025-12-05,free,CH,direct,b7e8aa38bf327260297affc9759aaaddd68d5221ef02560871b2a11ca17d14a8
u_03084,2026-01-28,digital,CH,referral,2e4975210874892ff461ac301c032683aff4d9fe5eca02b86c04683b946409b3
u_03085,2026-01-22,free,CH,direct,24317b90201920811b4fa52b07ce836399fd9b59489a5e689d24eecbd7b28ac9
u_03086,2025-05-09,digital,DE,organic,27493855256522dffaf34dcd125a143d317c86d56253809eebb3f543a7dd6304
u_03087,2025-02-19,premium,CH,organic,607b367764dcd22458a0ef85f0cdadade9cb571def3abd0bf92e4d15b979ecb3
u_03088,2025-08-16,free,CH,newsletter,009324c1d770f0d0cacb08702c138c4929c529a9d60ff6ad050b5ebd032db836
u_03089,2025-09-24,free,AT,paid_search,ce9e84143829f23ab6a604d0222538e7ec7692d283f8f3208e4301375667442c
u_03090,2026-05-03,free,DE,paid_search,a8078d26a0b87bcecf81e833468ce5c96428690cd598e1028cddd2bb2f0fe392
u_03091,2026-04-02,free,CH,referral,ed3a5aad0e0ad18d5097b423bd64a4bbc3d6af99226d8e87ad0113f9a00e919f
u_03092,2026-05-01,free,CH,paid_social,4f19bf630476b33a5eb86dd5604fa89641694b1633ef4a1ca11128bb5f7a8250
u_03093,2026-03-15,free,CH,paid_search,a3783121f6b15a29fa4122e93b343f1f327e43da531863ce27f472a75a11b51f
u_03094,2026-06-05,print,DE,paid_search,2e9ab945b9c7214abb73eed0a6e0cedd300681032690065621177c4444a64e3f
u_03095,2025-08-24,free,CH,paid_search,7107ada8803d16729924df3f725759993f873256e236f9a2e024693ef1e15ef2
u_03096,2024-12-05,premium,CH,organic,4414291844d54db86889d123f421ef4e99186b9c546930efb2679319134dd4a8
u_03097,2024-12-30,free,CH,organic,fab3e5c9aad3a1dee4c1e21ed9398d0f74d52ae809a9739cdd257e6dab2f13ca
u_03098,2025-07-01,free,CH,paid_social,20e025eeb9b38276458425c450a68acc3d52a68da5f56be20bfa90851bd3b5e4
u_03099,2025-03-28,free,DE,newsletter,dc89e137415ec932ad372ad688cc170e4ad103ac3a3f860081480a159b2a3d1f
u_03100,2025-01-28,premium,CH,paid_search,56e3babf60ff71f3cf1af0593d90ab5287a64a71ed429562b04fa4ea40dd7d17
u_03101,2026-05-28,free,CH,paid_search,2defd49b1b2e759b9cc8ae99062b79f50f4e6e2eb9d0a8638d442957453e8168
u_03102,2025-02-11,free,CH,paid_social,00466f86c01b921fc72da962254b508be279c7e255d67da9ecd74922fd758336
u_03103,2026-06-01,digital,CH,organic,98c242cc34f60129632bf78372cf22e2cd346ad85b5d49fcb106d984d343a6b6
u_03104,2026-01-22,digital,DE,paid_search,46b3a37596dcf880d706e542bac45e420f41c33e7018197c4ff90f283f1197f7
u_03105,2025-11-22,digital,CH,organic,e9c419c0ef81e79a88de27fab550fb4f7acf15d09bdb980163fea2be31ac84bc
u_03106,2025-12-17,free,DE,paid_social,abada54fbf4c8fb59aa29bf67c9b7bccf5396247f55f54a30f31490f393e6f8c
u_03107,2025-05-20,free,AT,organic,9477367866d3018a7e5f28897b90557ab160d2609820aec9dcdae15dc9b1fbd8
u_03108,2025-11-26,digital,CH,paid_search,3d27f0a6d505b58e4b7a458f1cc231f6155924fd6ac5a9f9e4ede0bc62912840
u_03109,2025-02-05,digital,DE,paid_social,a95d33ed87b311fc03a26a2e2ab0f8ce8ba56651a91ecf95c45f0545608e4cec
u_03110,2026-05-17,digital,CH,newsletter,bc23af2f9f415998d10d287c934cfced69947f6be94e5ea12aac1838ec4bb99e
u_03111,2025-04-29,free,CH,referral,2a1877eedd76b994bf609e8aa9a11a283fbba2bbd6af17335c1a979ef2ff12ba
u_03112,2025-03-26,free,CH,direct,c424f0ca062b328adf280ce21fa88049effa7b43dd56aa4bd1d8e08002065162
u_03113,2026-01-05,premium,CH,paid_social,2fcda43d8ea97345dc4c0ab5227a0d365a919ae8274b992d255e6c9781300b2f
u_03114,2025-12-03,digital,CH,paid_search,87da2a54906dfa098d3f9ec9d0e84d814fb156e7cb2afbca601d27f2354ac105
u_03115,2025-08-14,free,CH,organic,9c6eb3c14452f6815b5c481d7872c8eea535ef4c1dd51c41ba6fc90734c44333
u_03116,2025-11-16,premium,DE,organic,c8e96406a38a19cc60ed246a5d700449075eafa8f6b6319865c6ba943c1b3f53
u_03117,2025-01-25,digital,CH,organic,7413f2068c0b77671a1afbe2053672e9c6a2a056e2f17dcfbce41daf7820ca3f
u_03118,2025-12-15,free,FR,organic,51fed357386314fbd12f5fbf667a075a9823385031b362dabb1ffc69189bf3f4
u_03119,2025-04-06,free,CH,paid_search,316fc24ae2c3bae73c4746f3cccab666713fb8300f69401f90128fa81fdc3839
u_03120,2025-04-08,digital,CH,referral,822f238b23bf723492d4ddf685ddbfbda911096b9e693cd99b22625be9edea94
u_03121,2025-01-26,free,CH,referral,52fcf36ae2fe6370c30e376dc764c069e71f7ed6f0556a000771df4db7fbca20
u_03122,2025-05-21,digital,CH,paid_search,c958615f4d7fbc8363349011a322d0d8858edf44b0ea591782646a8c6e6d32cd
u_03123,2025-05-20,digital,CH,paid_social,12f59f62ab935d83906a30b4792c78fc282d95106567962ae8eb8bcb53d18483
u_03124,2025-08-16,free,FR,organic,1282ceebace502c66bc5bbb4e664c5c8aa9b09a5580b5353382c6d0cf9d4db20
u_03125,2025-02-08,premium,FR,paid_social,a35260920db063bd2e95c52a2a410270a83261e041bb35cb00ecd9462300d318
u_03126,2025-02-10,free,CH,paid_social,6fad2928d6e6f18aae8fa474cd14df7a681243f87c05cec4b67d7c6e665b1a7d
u_03127,2025-09-22,free,CH,paid_search,851816289cd21503c606c1914951c660041e88466ff38e7351fd7219aae984e2
u_03128,2025-01-15,digital,CH,organic,b4b5040d9bb24395c3ff2f74b07131afc9338a9d879822854898f9e762d90337
u_03129,2025-12-27,digital,CH,direct,f89131641afe8c2da433131b3713fd7b7326722cddadd3ab5f17bf80b7cd915f
u_03130,2026-05-21,free,CH,paid_social,a2519c22f6073a7b40cade6d668b0be859b431c73efe229a351b48a310fe6fea
u_03131,2025-07-27,digital,CH,paid_social,cc47b8c0659b4679ea11c472fa53594fa9b001ca2ebbb64d2405641def179cce
u_03132,2026-04-21,premium,DE,organic,46d497c0502f2f6b616a354c0c3240ca0f539f608fc13eb283530e0c5784fdd4
u_03133,2025-01-05,digital,CH,organic,7a773c02d87a6b2503b97cf5cbdebd190a51c4d51b755a9e194ee3b0ae9c82d6
u_03134,2024-12-01,digital,CH,paid_search,1e09fff75dc43d397db046f45e1c7f6c3a3d5f872036eb55f2b0e057197b8fa2
u_03135,2026-01-09,free,CH,direct,e01f4ab51b8e5afec18086534b2d1e127cc8f2b934d457ac33c64fa35433fd8a
u_03136,2026-01-22,free,FR,organic,9832a6b49cda681aff170ebc38c7bee87ea31f5368575984b45a7bb1bb4a7ec0
u_03137,2026-03-10,digital,CH,paid_search,e460bde58b486961745610ac5ebb6f498a85e0411c7402047ef144d9e574ae80
u_03138,2024-12-11,free,CH,direct,d5f1790e788d79786d27f721830164b86ef48863b1337259fb0237491e7fe6b1
u_03139,2026-01-27,digital,CH,paid_search,4af136b02c33dff17ee5bb7e5cc38b9e94c900427eff6e8554ae5035054498b3
u_03140,2025-06-21,free,DE,paid_search,920750a95548a5fc732381a5422d2352d741cba55e53338f96dfd28ec376e4a7
u_03141,2025-04-30,free,DE,paid_social,2d1272c8879dccc8be18b1052417c7032bb858ca3e2d2715c261aeee53e4051d
u_03142,2025-01-29,free,CH,paid_search,7e986aefca6c599bc52aec6d99099a3a5cdf6f8792a05f1a9dcc8799c6dd768c
u_03143,2026-06-28,free,CH,direct,e702faf1f96f4baf40353b48296f72b09074cfe7ac77afc8f9bffcd1f8f25b7b
u_03144,2024-12-16,free,DE,organic,7585693db36a03fac2d4258cbe750d54b14a4505a54d4161cc7a613f44683278
u_03145,2026-02-26,digital,CH,newsletter,bf32defde03b5ab9ff30d11e21d6cd8a5be981ffada9e3557ab7b62c8e25edd0
u_03146,2025-11-21,digital,CH,organic,39cb905ac2b6cf4cea29913ae3d4f3dc1a0d09297cd097e5e6b2b52c634656c3
u_03147,2026-01-13,free,IT,newsletter,9df6700b79e07b2d7ddef34b28dbde866efc0ba287d8238b20e363525d4f2323
u_03148,2026-01-06,free,CH,newsletter,b60b103716a9b9a838adb2f4689ea8512edd95f1919be59551ea32a401f36fa0
u_03149,2026-03-21,digital,CH,newsletter,6e09f5d7dc15177cbbeea9379a129d956a05229ec2f99ba61425aa016142f745
u_03150,2025-02-03,free,CH,newsletter,1a96edd59640e83895fcd11c53ad1df2bc9cba1b851a6026005b14dc3c34812e
u_03151,2024-11-01,free,DE,referral,abbcd9e4034afcc25120c9005d38b9539e3b6169346d92112b8aeca32eb43488
u_03152,2025-10-23,free,DE,organic,e5565908f518fa433c312822f683cca46578657f87d136b2cc884b0ef49a38db
u_03153,2025-06-05,digital,CH,organic,4693695b7807ff9585bf8d5fda732719e4bda6c6fc2af0e422f996bfedda0e52
u_03154,2025-01-13,premium,CH,paid_search,f77cc6361fddf75ce48e75ec1b8d36e399544e6b7b66ac6a71df06784de194f5
u_03155,2025-02-05,digital,AT,paid_search,11ecac5512aaecdbe0507a6b7711bd2244f990230d4591196ff396271076e4ff
u_03156,2025-05-20,print,DE,paid_search,73d5e9aad40bb70e8626f8db8bdc79ddfe44bec9723f66654a19d73169cd8018
u_03157,2024-12-21,premium,CH,referral,8221893fd2c566d78fe44ec120bc2e13e7aba4a48925c77a4f9bb361fa7b8e6e
u_03158,2024-12-11,free,CH,referral,e9d4772ffb7ec0b413787b5dc033a77b2ae2ef1760a3deeb0aeb1910bf614da7
u_03159,2026-05-01,free,AT,direct,18e7dfbd63dc6b3e1dfeb8beefc6eb62a11c7035a62d206d89551105a5d890bf
u_03160,2025-05-06,free,CH,paid_search,b39abdb85a22db97722958da8e843731b5034a83b1c3e4ecb0319a11740d5610
u_03161,2026-06-18,free,CH,newsletter,42ea584e1118ab274c08be6b618bff08641aee134d762962c4277d5980499fc3
u_03162,2026-06-05,digital,CH,referral,95b214698db4cababf235deba5c235db2d3301610fe1358dc0e9b885e08e1dfb
u_03163,2025-01-19,free,DE,direct,a7ad2331c4d5f0da6b079b4ebefa95b0ee5b071acd3879cbf4b71248add97d73
u_03164,2026-01-07,free,CH,referral,a06ed52337a09283d0415af5a40f55ffb1724618f63437ae308ace0cfaa89343
u_03165,2025-10-24,free,CH,paid_search,de71715254d64309d17dd90cb3046fedfced4c1b724ea4931ac268bcaab00f50
u_03166,2025-12-28,digital,CH,organic,ef0df9eec885d015d19682646d4460701b2ad47ab296b25c0fc7c0a915012efc
u_03167,2025-01-04,digital,CH,direct,13869de25b576ec25d3adf9b163c4272258a25208eb531c4995a2a1e6fe879fc
u_03168,2025-02-07,print,CH,referral,43b96fdf3d5473189ce99744f40617de04e49d03ae98321d145d5d077af38a0c
u_03169,2024-12-25,free,CH,newsletter,02ff7b2c0439bdb92d95c82b196b384812036f38e773fea979443d2dbe99bba0
u_03170,2025-10-27,free,CH,newsletter,4bee406d499419a239e04bcc9bc7a8ad7ec4e40c24bca1361f5b4b5bead69fab
u_03171,2026-06-21,print,OTHER,referral,0f326ac18e2670909ebdda7391c63c5a3282db7b518ab611c2491916d8b67aca
u_03172,2025-12-14,digital,CH,referral,8e6f6491f465dc6cc7718e7a022b1a8e0c880f9ad1bb99ce2d61f72ce3278a16
u_03173,2026-01-05,digital,DE,direct,caf6933cbce0568759c831a1f6f462cbb4b45eefe5dea96231a338433d8575a7
u_03174,2026-06-19,free,CH,direct,022552aa18adf8b962565712ad539a8e453d9ebf8dab76a78c54a3b655e0debb
u_03175,2025-12-19,free,CH,paid_search,e7097ce0754e3a4f7f65dab9c4d73d81dc08645b95441e27b7f408dde74d8101
u_03176,2024-11-29,premium,CH,organic,033adfad42e8f328365d7a86f0cb9b17786e42186a17c4428f2e178653d355f6
u_03177,2026-03-27,digital,CH,organic,db1fe72c43a48d6f7736fa43cfcc60531bf8c17602e9a76d277b28637f4bd0bc
u_03178,2025-06-13,digital,CH,paid_search,e80741a36bbe82c915ce79ea03c2060342850477e95eeee5fbf9f6d52958e0ef
u_03179,2024-11-04,free,CH,newsletter,3e9aed454aaa25fdb33dca10bd9f4203d8d4c4af220fff2ccf7518df4abac351
u_03180,2025-09-11,free,FR,newsletter,0924654082889fe92b0dc84060b27086c43b7f55fe22875f334302a232661c6a
u_03181,2026-05-16,free,CH,paid_search,1fec1463e870bf19f84aab513003396948205144aa09d229bbb74f30b3d239f7
u_03182,2025-03-28,digital,AT,paid_search,eb98218a6f426d335a88dfd56afd9b4162ffe222364b150c41a7fbfe46e6a634
u_03183,2025-09-06,free,CH,paid_social,b37b84cb8a051285f413c72a8225e8ce809f9ed5944ea8f96e08484fec7bb6a0
u_03184,2025-01-29,free,CH,newsletter,320dbb7f64d410e70ea9e3658ea49e4abb9836982f76ffcf2ffe0560b66c5d43
u_03185,2024-12-12,free,CH,paid_social,499c371dc3b4e0428e54829a40ca7a18e81d6607efe1e17c1ba84ca4ac9b12ae
u_03186,2024-12-28,premium,CH,organic,e4b3815c8a90c6f0c0f7fe3b1feb7701643ad590f9335c2602ad3ca04391b94a
u_03187,2026-01-11,free,CH,paid_search,2350b1a77b9955e6ced56f8eac0de01c7de6f07aad2664324617f72c7f798e52
u_03188,2026-03-25,free,CH,paid_social,8542df45caa4db97b3f69eb50902c62ffe3f394fd1ed0b6c86059e5195484913
u_03189,2025-01-20,digital,CH,paid_social,d4d27caec16ee1058af28b72a8d90d73a227966d3ab3a65b63eb2a2dc866e907
u_03190,2025-04-19,digital,DE,newsletter,b7f52b56150a923a7a2ae9ed3d75273c81ab95f61ba8857ed8b831fd9cec221e
u_03191,2025-02-11,digital,CH,direct,c4c6a629bdb778d67d7adf558f2dc5a70073802514d31e4d7a8984a2f2147bc0
u_03192,2024-11-20,premium,IT,organic,1312c26c0ba35d28a606d98457ede4e554f5d12ff91e7e1ced9149b8b9390baa
u_03193,2025-09-26,free,CH,organic,1d133b94d0620a84badc7e15b00b3c7ba9ddb7354f39e06f773bdac396ebf1b9
u_03194,2026-01-02,premium,CH,paid_search,1745cb04605c3963e5c43fd52d1e608ccbe943801f068217e7b518d1ac9b167b
u_03195,2025-11-27,premium,CH,paid_search,44f740f4c767e8a15a2315f65577df2eed072c1dfc0807d6a408adad3bd55cf4
u_03196,2025-06-30,free,CH,paid_search,1dd35d866cc86f70aa24c3177ba6d205a562984f7779c35c56e98bc4c169b5bc
u_03197,2025-09-26,digital,AT,organic,54d865148f69fb441ea6074d6042a2a4e3f39463a34ec58e528db161a267dd55
u_03198,2025-01-03,free,DE,organic,a79caa4fab5a87338ecbc2b8e7bcf7ac0c55952e16c87062ff05f4ff0deb124e
u_03199,2025-01-23,free,CH,newsletter,ee7479d10b721c863a973a89b0584b56fe9ccf3cceca3c5bf6169c9352434520
u_03200,2026-05-13,free,CH,organic,37a463e2326a2d768e8c79fc371f5f7380f4d4e7f3dbc17f55d2934023bb73a0
u_03201,2026-01-22,free,DE,newsletter,6c71a358982a8cf9984ed2e86c329da8c618731dbf45755879cecc23ef6c6807
u_03202,2026-05-06,print,CH,paid_search,8483a3f0a9534f8f16321742ef5c7e788e96ecf0884a4cf63660f2a1e5bfccad
u_03203,2026-05-02,free,CH,paid_search,a92c7fdc20256e81e5bf312b774be656944c52b0eece41cd565d1fa7a35c6397
u_03204,2025-11-28,digital,CH,organic,092168b8cc8f651f936cb1a9a72f94eba19ab2cf7111f9ace55420597749ac8d
u_03205,2026-05-10,free,CH,organic,6e32ae75f04ea9781c2ee8e945751a2183b01cbda5ce112d7ce2c75e1b2572c4
u_03206,2025-07-20,free,CH,paid_search,9e43367d60eadb3684d53d255b649e5745e637c55b2912bd0e37aef9903c99d5
u_03207,2024-11-03,free,CH,newsletter,c297dc2042e08bed52b3a326e1ca1091b054272ac4b84527386ffb89b1dff718
u_03208,2024-12-15,free,AT,direct,fab3178466377c840989dc782bc058a04cffe11376ccb16d2283340292ac4cb0
u_03209,2025-01-08,digital,CH,organic,0205b3a0a42c78b301f6dbdc87e10338775ddee40cdeda6cb0365af5f6008cf0
u_03210,2025-01-04,print,AT,organic,b7dc66cbca251d5ec882e108df7844e480f05f7046f36c09921448fe33ef1af7
u_03211,2025-06-04,free,DE,organic,5c4dca6f1732822efb5c6490372e1ea0c4aa70a05066ddfc22faf0638e61998c
u_03212,2026-01-02,print,CH,referral,8749df12adfa4b08e1b2b9aeaa618832e354f393d1b57d975b329e0d9b620c00
u_03213,2026-01-31,digital,CH,organic,4761befc3d72278070d813d8057b4eafc15a3e054a065267e16601ccb53c250f
u_03214,2025-10-17,digital,CH,organic,f64c6c67efb56055f7e818c0e0ee04598f801fca0c1fce36563ae278261ff078
u_03215,2025-01-21,free,DE,newsletter,bb84b5e52a0e0869ad7dd2cc6a9a21c14275c2f04589b8096fea7171e7d979f1
u_03216,2026-01-17,free,CH,newsletter,1384a9f10d91b752e0fd3a9ddc0ad421069aa603d6104863c33c6da468948567
u_03217,2025-06-06,premium,FR,paid_social,51b8a9cef6e0dcab7f23ae608b0bc6ceee625601d10d05eb2b92139b244c8af5
u_03218,2024-11-10,digital,CH,organic,17177f7116c72bc3a838a99a4291fda6b1849acb9522ca5e074bef14c80641d0
u_03219,2025-04-14,free,CH,paid_search,0e178676cda84a31309fca7381ed5f8c1fde62f19472778be000da5983244c2f
u_03220,2025-05-19,digital,CH,organic,3c3227fcdd511747114919e28ff805deab43cd19cb7e6b3506c1cf2b01576589
u_03221,2025-04-09,free,CH,paid_social,3ed6db3b2b4522a27efd7eef0b57b21fae1f29de66dc5bc56aac100e4fa227cb
u_03222,2026-02-16,digital,CH,referral,6c10ba6b52766cfc42a214192341b9cb7fdf335d0431d020a560941884a9d22e
u_03223,2026-01-21,free,CH,organic,06bc1b1b3e426f3fe13a03f0b61220fe8095d7142188878f047bf0dea43829db
u_03224,2025-12-31,premium,CH,newsletter,f55dc740610d00a759ed30a4252fd99724cd4886a21af66d6cf77efdfaf62b45
u_03225,2025-01-18,free,CH,paid_search,d95b955dcfe0e9a9272f0466028b0acfc14d0f947124c26a1454c89ece472763
u_03226,2026-02-13,free,CH,newsletter,99d9d7a79171208f118995ab3709801d0de7dad80884fabf4aa6a51e22288983
u_03227,2025-12-18,digital,CH,organic,74d03dd9cedf3b68b5bf68ab1d5609ca41ad891b09069ceb7c7348456989829b
u_03228,2025-02-11,free,CH,paid_search,9dd32095990decdb9e67e96a45ae9db47cc279d21cf1068d00c3918d7c165fea
u_03229,2025-11-27,premium,CH,organic,97266eec245f1040951ef00b238f72a6225e6f299b81253e17daf60e61c25ad5
u_03230,2025-09-03,digital,DE,referral,e3087690facd50eac6893de1f84c305251140beaae99f762df2ee8d57657a497
u_03231,2025-08-05,free,CH,organic,b3a6266998dfc8362a1a745339e4ef0167cf117a29699cdf7c45299194e9299a
u_03232,2025-01-09,free,CH,paid_search,12bcefdf7d81f3286dcb1653e490667c42d63d8d8314b4ab2d0e9e260da95cda
u_03233,2025-09-14,premium,CH,newsletter,03ff57a7bdec9908d737ad014f1cf9e5660d61bba0c771a1e4368802e90e901d
u_03234,2025-01-05,digital,CH,referral,e77f805841a0bba73b0940d9927433e0d9de7707930cfaf5b4da37a2d819dc91
u_03235,2025-01-26,premium,DE,paid_social,6a9c65c59b3dcdebb498f03c28df632e4eb4054c767e7fe5db025cf4f533996c
u_03236,2025-01-16,free,CH,referral,0a65e191b93b1ef916dd70d5bc43687314307151b628cf927232d2baa04eb8c3
u_03237,2026-05-29,premium,CH,paid_social,6af08dd8c64b56d1ee9349b3cb2806824352627701e55eacd6a5d64d11698b14
u_03238,2025-04-17,free,CH,paid_social,6f5def7b870e0367ebab6e6a78144a6e22ed95ae139ad8f71b5dc536431f6e76
u_03239,2025-06-06,digital,CH,paid_search,dc29ce6277cfd679d1637d388196164973bbe634b311105a809d2a84c8978e64
u_03240,2025-05-13,free,CH,organic,9aac992b4f37e03c539f7c07a5bd255465fa259e1e0945a625d5982793973f42
u_03241,2026-04-19,free,CH,paid_search,2b1fba45c3dcbbb4eb1f9a504703045a5f426dc821c5cdc40561fe30e4a8f6ba
u_03242,2025-09-29,print,CH,organic,de89b7d80e01916ec5fac5b1f0c9fe7f029d6614c69f60003c6d204a46e8b887
u_03243,2026-05-04,print,OTHER,paid_search,dc4f6f41552bbb8dd244f0729a7675cdc473b2d005282b06737e170b93037f79
u_03244,2025-04-27,free,CH,paid_search,e01f1b341a96f1a321d176afc9f0945b2a711cdb06e8d39a1923263a17ee4b23
u_03245,2025-01-10,premium,CH,organic,1ca96b9274d9f3725b15fbbca6671c045d6ffa8c1788d27992fe71a86ab89a56
u_03246,2025-09-27,free,AT,newsletter,ec96ea01fd15e2b46e8104678f22e89db2209aa700a92e3607c743842e0ea7d4
u_03247,2025-05-30,free,IT,referral,1a8a6d90004f91620775301a109dba679c26ae08a1e5c89132afa7fa5be6607e
u_03248,2026-02-08,free,CH,paid_social,990088c0a9b53f4d9328265d047d83171e98606c984cf2646826afb88860dba1
u_03249,2026-04-05,free,AT,direct,020ea4465bbe62f6cff365a18583f783ffec4a1cd74fb4d2e87ba6bfb56bca3f
u_03250,2025-08-29,free,CH,paid_search,e140404b5a8f8d245caec6bb64fbeaf3667de3827bf56acb5d72426d3ff2b104
u_03251,2026-06-10,free,DE,organic,3ffd3de24b6e7404ee1b95caa36de43588c3280e472a8d767b233196a86ed834
u_03252,2025-09-26,free,CH,organic,5aa8d6a37b3f7d8bf2071e5b792bdbdd2cccbb0eb47f91bdab3d0bdf750ae165
u_03253,2025-04-07,digital,CH,paid_social,f95b91ef2711b0febe3cfee45964c305aa49796f98d74b611c06276fda4db328
u_03254,2025-09-05,digital,CH,organic,29e939a537739a8b2a2ff6416115b4b0483fcf7fa6ffa73f41c0eeaa03e2af3f
u_03255,2024-11-27,digital,DE,newsletter,0560f7f87310d4044ebf3c3a5335c3ccc90c6452f2024934c5c3d61bb5ae08fc
u_03256,2026-02-10,free,CH,paid_search,173cab43a3e48040808daca9aeb38b73510a81f66f30b5cc8d18e68aafffa3ca
u_03257,2025-01-06,digital,CH,paid_search,5d27bd1583d6f174bf1252b6d2b9be21a10d8c294a24b20715f47c80a9e8af34
u_03258,2025-05-04,free,CH,paid_social,8ce1c014b6797a1d04493afeba6747fc1b580b0c8b37ec3390111a1a7e65f32c
u_03259,2025-09-30,digital,CH,paid_search,246920163366f8d5f4d4e6c6e3e2de44113020eb6b68e06ac4ddbdef6ef27c36
u_03260,2024-12-01,digital,AT,referral,ceb5e4c3006be653d407a9751dffe8088a20cb364dd63e2298c72a1591c513c4
u_03261,2024-12-27,free,CH,referral,1f5c16ebedf8c49cf9f6072fcdd2334e883ebe795a930c3a43f4d8349c824ac8
u_03262,2026-01-01,free,CH,referral,30127791de14d57028c31e7028e9dbf0b0d86814e2683730d2695248df3c76b8
u_03263,2024-12-22,digital,CH,paid_social,6643540a0ef50b003a83b3282938d6be75773b4f00b97b8937b4d5890e859db5
u_03264,2025-09-01,premium,CH,paid_search,fa7bf1c2b4a7975c837dffbbf268973774c674f2b2381a0068eed1c9bb117908
u_03265,2025-05-25,digital,CH,paid_search,55ba0b27d19713134e95329ba7bb0c73161ecdb6ccb06a59c72f25d629a3a8ad
u_03266,2025-03-07,print,CH,referral,30d45564a0b51b39d432bdb50786079c2e654a6fa2ab716a63ce2d3fc8990f9f
u_03267,2025-02-07,premium,CH,paid_search,e193b06657d58e6ce4796d5611b5855cb2e4211976804e94a4f1295d6ef0345d
u_03268,2026-01-23,free,CH,paid_search,d0e628905374e8a003c8c23db7c846dff6479d926f78a4bbfb314adad18e9a32
u_03269,2026-05-27,digital,CH,organic,600f6c7cdf436141a4b1fe054b6c9db7777b9c5816ac372c4a2dac36d5113014
u_03270,2025-01-18,free,DE,paid_social,bec2cde44c72eae7a7f888579af50773d8f2fa13e9a5cdd388701dd3f50af5d8
u_03271,2026-06-02,free,CH,organic,cf4831cc5103b926d6285685b14f09e786a59af225e93477336ab1ba84a27b84
u_03272,2025-10-20,free,CH,direct,9d3321706a44dc77113c9adbead30497084486e07cec2e8aa740a57acf67bd69
u_03273,2025-11-23,print,AT,organic,40960548352412d60f0c22840b8a5dd076a92ced0d348b2d2e513a9d6aba3f01
u_03274,2026-01-05,digital,CH,paid_search,87a38b9355ab4b50f7203e5ac8b6e19aa001a9c78bbc52432294911919e3bbba
u_03275,2026-01-03,free,CH,organic,46226b09707d1796a08a02d6d5967346341f4547279c4cfca8879942ec9edbc9
u_03276,2026-02-21,free,FR,paid_search,9e2ea029c9b963c1863ebf0d65c87d1498abbad06dc42faa0e500378ce7a7199
u_03277,2025-09-03,free,CH,paid_search,395948d24ca756c9c333685d53268665397e4b6d41f5983a202234890c104974
u_03278,2025-09-19,digital,IT,referral,5d50a6cd2c52f615d82c7cb4b63027428c688312ad98c1f30218a9048f47311d
u_03279,2025-05-15,premium,CH,organic,2a20f2f36011a8fc2e6b691b53d61a38e509301ad0b890127579ba6d67d73c9b
u_03280,2025-01-07,free,CH,organic,d797f3905049cabc8c60f33ad35e4d415388069f6fa9b7df61a04add0421df3e
u_03281,2025-12-09,free,CH,organic,5514e9b8f9176590d04c33b1dc26253e506b1771846144a4636139c71b1f9e4b
u_03282,2024-11-25,digital,CH,paid_search,0b2449e8fc13d3f0f6063306e1654b779c4ac2ae579f0555b6dac7668185d24b
u_03283,2025-04-10,free,OTHER,direct,708eb0ba948ddacdff5b7a5ae045e9cc8fdcd268a11fe87a8c31b9788e44c189
u_03284,2025-01-04,free,CH,paid_search,26140fe6c74601a65121ed44f040aa904b6c5bb56306a0d38f72d02f1d26a6ce
u_03285,2025-02-08,free,IT,referral,d903b6c9c02bcee2d442ba1c1d272487474f171b563669e1f5c43a64ea259a2f
u_03286,2025-11-21,free,CH,paid_search,ad360d08af8655324a2dc9a968962a9eaea6cd61ee45ee9eb2039a2960a1fa7f
u_03287,2025-11-13,free,AT,paid_search,60372cbcb6c9c375c455414c747684ccc058fc727753c57b1c27c246fb5c6faa
u_03288,2025-07-23,premium,IT,newsletter,bcd26714e69d127a5a8a287fe53e844a16432d69bb44bc1812967310946495f7
u_03289,2025-01-02,free,CH,organic,a8abeb6634ebf15ab6e40aa95b811b6fbe14206545600155f417d607be17d39f
u_03290,2025-08-01,free,OTHER,newsletter,5c8d27c6b12c38676c134a5a03d83b5e7a87f0bc55e22aca94b30dbb1cc3fdba
u_03291,2025-06-04,digital,DE,paid_search,ab8472047547b869110a36a18876beb93d47f8bf4d396015a617480fb05baf3a
u_03292,2026-01-09,premium,CH,paid_search,8ca765f58b2b91287bd8d8084d1e75a7bec836968f658744200415853c07969d
u_03293,2025-10-09,free,CH,direct,04ac0047d7f57aae37e46e46cd364b36e5743344eecf65c6f933082c02173cd8
u_03294,2025-09-06,free,CH,paid_search,7d69d0bf10a3d3f713cc15911de32a3b8da37319a40a9818416b5c51daa1b877
u_03295,2025-09-04,digital,CH,direct,3ca2c96258ed4e677c1d06d2078d9a23cb91bd7e7c0ffb7f01db174d0ccadd4f
u_03296,2026-06-06,free,CH,direct,2310ef6f68be370a860b63d631b6fba1fb5e6f17d78eb9c1b8898b0e72621b88
u_03297,2026-01-20,digital,CH,organic,091437225e448edf535537416a671533bfda2c6e048ed729569d45a6a7e85960
u_03298,2025-09-07,free,CH,paid_search,1a8100bf917ddbd4dd4c902691381d174e4cc3d71404dc596736bb698ad006e3
u_03299,2025-09-02,free,CH,newsletter,c6b1d2fc03c80d2733311360346eb8acdb84a2ce4af88a7595e5d025e5f6ebce
u_03300,2024-11-19,free,CH,organic,43975704e6b7283d2ad36e7771213df0dc2b137f9917e748c95f4253bbab75cf
u_03301,2026-05-20,digital,CH,referral,4a53ee9fcd2278fc92d248d04812335a2731e4c0d1dcaa1cf621a61d3856ac58
u_03302,2025-05-11,free,AT,organic,5ff82da9da33bbfd4728f9e3b5c0b708468c6adcc3dbb5edccd7d23d4f2a6e68
u_03303,2025-03-27,free,IT,organic,721c6417897aa19be6108810813529c489b7a1657ba82757e499368afec437fd
u_03304,2026-06-30,free,AT,paid_social,5f0b0cdc98c555c7d47c7c20a4a40463146fdc2e97dd70abfa37b33a4f21233b
u_03305,2026-01-08,digital,CH,referral,4a82232ae96e203e9c016fce6dbf01cd78480f4f0ae0f12864dd4064c59d3a1c
u_03306,2024-12-04,free,CH,referral,c3913cadae2f17fd3da4d8f466987c05d5b798294be30fe0ff29c30b93e705e1
u_03307,2024-12-15,digital,FR,paid_social,2a8a4670fcb888e7d75a75e5b05494e5120242f2c188fae4ce4c4905296c3e81
u_03308,2024-11-19,digital,CH,organic,b7d3a552e5546ac2bb1c03f86b40bde2eed0c94deee0e6d5ba8b9c8cc41f77ac
u_03309,2025-10-23,free,CH,paid_search,af1bfae63b6dbf1f127479bf80ffcb74096baf14622d26f4e0a75510d5d0a907
u_03310,2024-12-22,print,CH,organic,edd7a46ca9918d8250decba49cc96b497b0956ce02371fa26e31740c4d517f2f
u_03311,2026-05-14,premium,CH,organic,ac9ca729fdc5a3907aa249e701fc1a00aa9a3d4a080ba65f6a3eb6214a29c5fb
u_03312,2026-05-16,free,CH,paid_search,321bf7d95a093e52b1cfac1e05566f20af4b490a28849192aa87d779bf656521
u_03313,2025-09-23,free,CH,paid_social,09711b6936b3f5caea64f70e665ca80a5a640be4f595c785b2238ffed00e135c
u_03314,2025-11-05,free,DE,organic,3296b0b3c340fcb942494f62e509b74502f3b39c725bcd50c4b2854ff1a638ba
u_03315,2025-04-22,free,CH,organic,d09f8d78ff872ac738cff131d5cc9fde92035c1ff966e07c6e900a50ae50ed5e
u_03316,2024-12-16,free,CH,referral,2b24609fad73babf6ea4a9fcc04d767ff81bd2f21aeab15ba1c17743dd9d27b4
u_03317,2026-01-14,premium,CH,organic,84d9291dc7530931101e82bce9258334943ba546d66e14c40a79a4640c7b0fa0
u_03318,2025-01-06,premium,CH,direct,f02c5265101cc89f9410626673ea0c02155f44012f98401ad23e90a63a5d1ecf
u_03319,2025-01-01,free,DE,paid_search,af018768516d413b9a2a334d73db6cb3b957482b1ba7b90a681646dd1db3784d
u_03320,2025-05-06,free,CH,organic,6e484ff4c9fd0c80732e2b8368ff5935397af226f05bc82b6f722002762d77eb
u_03321,2024-11-09,free,CH,newsletter,f46cc444d3de101aaa9905e834cbb9822b09334ed589d5eb565349a374d0e842
u_03322,2025-08-02,free,CH,paid_social,e0434427285aff38b47406834b9d6b192eb70be94a4b051c2f4b1a2f4a622fbf
u_03323,2026-01-04,free,DE,newsletter,d603a3a16feab1a628515ababa34f7e2dc0fae3e0f5fac949d064ddde70e2781
u_03324,2026-02-08,premium,OTHER,paid_search,127151a29a987217cabe9f0b5d0926734f63a5bfe63c578a6b4a982d5a592180
u_03325,2025-10-27,premium,CH,paid_search,11b93ee04e7ff21611bdfcfcdf8f606fc7dca40caca109d36506316fdcb67ab8
u_03326,2026-03-13,free,CH,paid_social,33e12fff73d8881823d5227cfeeba7c7d06c2cfb34975d4efca37e95e90d389f
u_03327,2025-07-13,digital,AT,paid_search,1fc1e95d2b4536a95c305dc8091a24b11f6c6de581b053a2914c93465fe5105f
u_03328,2026-03-14,digital,CH,paid_social,0c9e1d3ec2cb44b82b4d47dc93658a7d97e09f449082f22167a3c0a847180fcb
u_03329,2025-09-11,digital,CH,organic,519b4de70e3e1c9ba60fe9ac1324a77f9a4c696f4b4f4cc217fe0849a331bd96
u_03330,2025-03-03,free,CH,paid_search,1e7b39353ff90af3c64de3a53a5b1eaa46a7a3fe71730034f3cdaab4d17c19a5
u_03331,2026-05-21,free,CH,organic,653648a6b7c0381b44728ee421e91c46b8178a3009340f34330e17234ac72cfc
u_03332,2025-04-10,digital,CH,newsletter,ffec850dc7d995c2d45fdd9c227f4def8135e5f32eeea6bcf0e3fb7fdd4f51df
u_03333,2024-11-19,free,CH,paid_search,d858e433811898003d1e39eed3e122e41fa642b7f2b19caae886dec46743b65c
u_03334,2025-03-17,digital,CH,direct,f00bbfd5b27b5364843a1a574e6f78396c0b42ce1744b55c977c50dcd1b52801
u_03335,2025-06-14,free,CH,organic,df08df26fb03aef6501b282e13107f9269ad8514b3ea778ce06bd387266a4b26
u_03336,2025-06-03,digital,CH,paid_search,c8807d71d8dde0193683b56164c8127831ffcc4e8c35796d0c792a74103a882f
u_03337,2025-09-16,digital,CH,paid_search,e29ed307744acc86a4cad84e15ca2b57e56621b8351ccb4377852e75f6394d24
u_03338,2026-04-08,free,AT,referral,bea1f4f5531f9ad1d82b7c119173b7691b02e8f3cbd568e515544b29e74a782a
u_03339,2025-04-22,free,DE,newsletter,1be85c21a278cfe66f8f011a9ecae137f270c474524971090c36cfa97cc6d8b2
u_03340,2025-09-15,digital,CH,paid_search,f33c784fc195eaf5e30463186297af70175f08add0e8bcb6eeb5a5c2658f2caf
u_03341,2025-05-26,free,CH,paid_search,6f47de6e3c1c28f8cf0643d8e752e58c1b75e165bba0e9f1a98e37f59e64f81a
u_03342,2026-02-23,digital,CH,referral,a01d26022d5dbb08d0743e6249393debe535a25d74417a5dff338be5ec8287e9
u_03343,2025-01-24,digital,CH,organic,93a03c588426f6a9206c419e036870e05296aeb24271482d643a8312884339db
u_03344,2025-01-07,free,CH,paid_social,ce6f9a8066bad0ddd77f343236f3568f8ba7fad93f0ce17abbe6c023eff18496
u_03345,2025-09-09,digital,CH,referral,6819b8ed086e8f0ad5b39afa793138fb2658e3c1d053e07e355a3d727fd3eb74
u_03346,2025-12-14,free,DE,organic,e59732dca9cc8a2f93a13bbf8b6495c756006ff8a5786eb52217483eddf42f0e
u_03347,2026-02-04,digital,DE,paid_social,e666d936f58a6794425d0ef09ce6b8012504d30e5a0db1de413acf460aa0e96d
u_03348,2025-10-16,free,DE,referral,067834f144e028289e160bfed72690f4d290497e51518b47acf3b3c9b27f6456
u_03349,2026-01-26,free,CH,organic,c32f21743b5901e43dbb33d4d1f5a7303db815be0be17315ff0092c00ccc9571
u_03350,2025-07-03,free,DE,paid_search,dafc8e2bf2416ce323e2c925468196b4b03da41e8787ef194e4a5716e39cb90c
u_03351,2024-11-24,premium,DE,paid_search,f642558ba3560d09241673281e1744ab6830ce777f95681c458200684e4da69a
u_03352,2025-01-11,premium,AT,referral,1b0a4d34df39e7a157758c14a31b033e78b0061bc39ce6fe1eeb681e8291bc1e
u_03353,2024-11-28,digital,DE,paid_social,6fc6a56528d12326d38a742034ef7ec336b42c45fe851305caefe5b21f870739
u_03354,2025-05-18,free,DE,paid_search,3fb712203ff599b2be8dcbf06fcbcc90ba3ea65dda67a95fade3c0dcf528e8c5
u_03355,2025-09-07,free,DE,paid_search,024a55d844aff1e02a82c4fe547c7c8f77254f5587cc8e936a8687d90a688aab
u_03356,2025-06-07,digital,CH,organic,2f7fc2b00ecbb6aea55a00b3ccccbe3d102056015b7bba465553024fc3425f53
u_03357,2025-09-28,digital,CH,organic,5d22ef7814f730d3c436962d4342dbcec8908d4c14ef1be5b8cde34ff26e9158
u_03358,2025-09-02,free,CH,organic,365deb59524f2b99b6972448fe450d955cbaa435a95e937e6cb1c94dc77504ce
u_03359,2025-12-19,premium,CH,organic,1f87582764eb5d075064e49c13b6f90c3b5af500e3b6935ff278c1fa875100d1
u_03360,2025-12-11,free,CH,organic,3a7e7cbbbdd614bfddc12c28cd84061fb6fd131e59772f73d2749d48d96fc037
u_03361,2025-05-10,free,CH,paid_social,084d07f182d6860891d604618155af630e404ecf5654379ed63355aa842443f8
u_03362,2025-05-31,premium,CH,paid_social,eaccd08f480bad93ddc6a351f392493a0b631ace647231f783a63ef2f890ba66
u_03363,2025-10-13,free,CH,organic,78b3e837d50c4e55a4a0b10d11b9c5ec6f5913436791bca45d2f592ae9abdb50
u_03364,2025-10-21,free,IT,paid_social,5915a3e220df5a50481bc3a44753d6b58a807c9dbb576e667ef605510ac7be83
u_03365,2025-05-08,digital,CH,organic,9c60374a8b616820fd66c1e34b9162d2d1ddefcb6fe7867665cd5e848f777e37
u_03366,2025-05-19,print,CH,paid_search,e19d3068be2e24b5b964a2acf5ac1778541ac1f2a75af98e514e0e133c906c10
u_03367,2025-12-30,free,CH,direct,6b9184797a811853a18944bfb580f53a25d2effd93e3af2828d7c97c36a5cab8
u_03368,2025-11-27,digital,CH,paid_social,6a245444964110c450a4aaa13348503888c79f6a627720ef555258d7a878b6e9
u_03369,2025-01-17,free,CH,organic,38873d1f87c96f2ae4db260df0eacf9668949da42f7e48e584e135ca09e6349d
u_03370,2025-08-07,free,CH,paid_search,5fecda5992a3ef9b185a0486be4422e04d3024995c6de6f274a47a1502da5998
u_03371,2026-04-15,free,CH,paid_social,a33410dc28c8d52e591d3b555559ef20d578f886e89d784c9567c3c716275a22
u_03372,2024-11-27,free,CH,organic,ab3b5c4074148f34ac17cba03dbe134e3b1cb0d67e92650359dcf1d8f0e86921
u_03373,2026-03-19,free,CH,direct,4860f5030521fce998d61807ec9e6346a8ddd0298dd384bef204c09c8f92de69
u_03374,2025-01-26,free,CH,paid_search,fd32c3763fa9c29d6a63c07339c1ba9390c38e873a58d75fbfb54197f944a7d3
u_03375,2025-09-11,digital,FR,organic,a6f72cdcf020d8ae1d91ffd97bb1aec8815536d0843c6c2fd788033d1c8d8b1c
u_03376,2025-07-26,digital,AT,paid_social,6977f42edf7ff9aa57e3d59442ece4e00a84bd3221cc7bbdcf209193b66e6f46
u_03377,2024-11-08,digital,CH,paid_social,afac86e3e51740a7f33e62410aca13a6ed76f9b7599cdf3d800a71a8077c77be
u_03378,2026-05-01,digital,DE,paid_search,4e31204664eec11cb3292660849bbeb0eb40d5c9fe9409e0dc78125fbc11c085
u_03379,2025-08-17,free,DE,direct,644afd773baca76c4d85f7837f0be75989605d2a73634038b777d0a923a3ee98
u_03380,2026-05-29,free,AT,direct,9536671b88eb9a962971d6378434c15bfd973cc59f104cd2491adef318bd5aec
u_03381,2025-04-18,free,CH,organic,18a3c3963d829199dbf82d1ecdad1198f4fd01ccf55b7edf5d87f0a1ea2f8003
u_03382,2026-03-27,digital,CH,organic,a44ce1f5d45aa04f97b45bd83d24bcad294ff2e07f21790b15bc061bc6749ddb
u_03383,2026-05-06,free,CH,paid_search,275f1ceb040b8b7e44cf5eaca134c80b79161d21c4857237a0b745df18885558
u_03384,2025-09-27,free,CH,paid_social,cea9b6f97f9ddb177c4552fcd23639d9ac0b96a48487b27a988fd7d9aeea16b9
u_03385,2025-02-17,free,CH,paid_social,c82ed8a14a4b4b00992665d0d0b45cdd7dd2084acfedb045a5286d634d9861c2
u_03386,2025-12-24,free,CH,organic,c49bb5c38c062af2bab51d4ffce823360b17de121e9bc830777e523749724c7f
u_03387,2025-09-24,print,CH,direct,95532ed31ad7afefce0fdb5822cf393746bde14bd80e4f5d8dc3af54b87b77bf
u_03388,2026-05-22,digital,DE,paid_search,aeecc29d2a4bfc697ca65d48dbd70b9150c4ad811057de1cfd9c878a0578d012
u_03389,2025-08-05,free,CH,newsletter,77962b1f5adbd58aa0e04bfda693de18cea1faaaade23dea91293ef21b25f4af
u_03390,2025-04-05,digital,OTHER,newsletter,7bcd0cef7da3384bf20bfa422b867cfe3d5d84df294aeb595d0e347bed6ce872
u_03391,2025-01-18,digital,DE,organic,59676f0215ad266180111ad09dd1e95e1f4cff864951776c9803970361bec819
u_03392,2026-01-01,free,AT,organic,53667ffd785c02601a66a5369cc694adb0028923277af51bca4015c58ad6cfef
u_03393,2026-06-12,free,DE,organic,f0b9e3e4cf2642b76c83034f21d1cc8cd4e17e3d0a56fb7ac382237d02a71307
u_03394,2024-11-21,digital,CH,direct,5b1fe2dc79dfbaa50e2fdef542acb9e34982e1489179e1e340983511c22f1df2
u_03395,2026-01-15,free,CH,paid_search,2b0934a516f3b52f111e40c183ba78c26a78be9dcd145d4dcecefce720182e2b
u_03396,2026-05-09,free,AT,newsletter,4eff94c8f6c80c10216ff254a449c27a2dece84f12e3066e4e0bc3ed671d39d6
u_03397,2024-12-24,free,CH,paid_search,dac21356f9c2cab979e542005e49a6285345b2663ce46403750250919cc8957d
u_03398,2025-01-09,digital,CH,paid_search,fbbd7bdcae457d089f9e03ff9dc36a6c87ea62492ebaa62c1ed93e33677a5d71
u_03399,2025-12-29,print,CH,direct,431bdda98d89dfd21d6a709b78d490533e49ab48d633f7afea238b2a338fab16
u_03400,2025-11-27,digital,CH,paid_search,661e219e25434ee318ec6ec19807771726871e322f6447cb0e01ceb8d07799a6
u_03401,2024-12-20,free,CH,referral,3deda5cd0e3bda4c84a455eb248a979a250a0624382159166ab530f1802d5750
u_03402,2026-03-04,free,CH,paid_search,2dc76745401fe8c4fd2f679821b3945bf528e07a24c70db50cd0f539904b1983
u_03403,2025-09-16,digital,CH,organic,44ed036f543076d250d9ad4e8108292bc5023847af39a710051bbfda93d8c2d9
u_03404,2026-04-25,digital,CH,organic,5d483aa7adbeac500469fa109d562a808e9c42c4855d54f88e7e49be1da962a2
u_03405,2026-04-04,premium,CH,organic,2d86cae5f366fae98f4a53c35649690e74d8204b55c87e50198067e2d673e5d5
u_03406,2026-02-16,digital,CH,referral,887bdd6def62acc47b87ddd1dbc14e97e613d2fb3bb30b660ca43d0edfb0ff78
u_03407,2025-09-14,free,CH,paid_search,7d03bf7cb330e59576e591b666ade3dc39ec34b557e78673e8a798c7cab1bcf4
u_03408,2025-03-24,digital,CH,paid_search,cfc7933ba083d335690e6da65f6173cfa3a1968101ba9a43afd1577488fd62a4
u_03409,2025-09-10,premium,CH,organic,acead2b62c00c302bb6378841e536763cb1b2f6c754a6b7515d5a7bf32be0aee
u_03410,2025-01-06,digital,CH,paid_social,259f8c4e97addece3782cf342849bf9cbd153ad25d81c0251d9586ed8078b051
u_03411,2025-12-05,digital,DE,newsletter,ff2dd3cdb14f4b6af7468ddcca51157e25deb9a1323c6d5fef8dd9fec69473b3
u_03412,2025-01-16,free,CH,paid_social,4f0d23f4cf8c0e66f1b7613dee8850e59413714663d5ae080fb6713c442ea481
u_03413,2025-09-12,digital,DE,direct,478368cde329272b65253006117c2732431d6d309259ce9be0367f309dc9961a
u_03414,2024-12-10,free,CH,organic,6c8abf2cf7fed5e94004128ab05b390e82bf78837236c4d59cdaa6aa4b9656b3
u_03415,2025-04-27,free,CH,organic,03b21bdb0fc1acf424e0a6fbb952319084f825603d8f37179d59b57733f966c9
u_03416,2025-03-10,digital,CH,paid_social,cafa63b14eda6e07ba6fd71db379bd4f29bb2269736eaee6a64a5554a61a41c7
u_03417,2025-11-07,premium,AT,organic,118c73c5ec76705d76c33dc46f76eb35f6cfa23703c91993571aeb6413e5a505
u_03418,2026-01-30,premium,CH,referral,5449ef2087e9d0b7c3c6b11dd7a8c2e3561589978474dc974912e31ef170866c
u_03419,2024-12-12,free,CH,newsletter,0c26b904760d45577428620c4b25b2fbdcd444cc20607745f5cb11afa2bc63a1
u_03420,2026-03-15,free,CH,organic,61c5a460b124373139957f787dc4415a06195ddd87256efdcab42b376feed434
u_03421,2026-03-23,free,CH,direct,7dd45c9582a7ff6d82b172518fbe6839822ff13283e26e0af46a62b568228568
u_03422,2025-05-28,digital,DE,organic,175dc1aec4442f429016eec8c5d02e9f6acd833b25168b877337e8d6ef077643
u_03423,2025-12-05,digital,OTHER,referral,49b1f440e2be42ca7a05d74330bbb471bb9f51b4d73e385c0336c2cbba2d2a54
u_03424,2025-07-10,print,CH,paid_search,d57499d1440a3c3b360754ce7c3ada8f398d6ae48657146dac71f58c4fccfaa8
u_03425,2025-01-23,free,CH,paid_social,ef37fa009823a902900c90adfbfb5d61b76506e237aa6a72cf267bbba90bf73f
u_03426,2025-09-18,digital,CH,organic,aa942023dd50180ab426d23e03efa25e63203681994909bca36ef36c791ebdfd
u_03427,2025-01-01,digital,IT,direct,26b258e92cd1a393a94f3ddccb6c7ca70fb3d4b61f1ac98a406376298aba5337
u_03428,2026-04-04,free,CH,direct,160aed1180d1ff74d42036c7b5a62d712ccd90e4d69dc518592cfdcd415fefc4
u_03429,2026-05-07,print,CH,paid_social,7234a2f8cc7390bbc19abd9a5bc70ece875f8b93793499dbba53cd2f62983786
u_03430,2026-02-23,digital,IT,paid_social,831699c9755aaf0b43637c80a918b27c303813e0cc2d5031d606fb1193dd64a6
u_03431,2025-09-29,free,IT,paid_social,6de95981d587e1e1428aa87ddd581cdf0a665c1a46bb77dd46c01fe330a81927
u_03432,2025-09-27,free,CH,paid_social,c4f3197a7037b424f13b6975a01de49432c7bd05395a9dffc4beb9bd61259aa8
u_03433,2026-06-19,premium,CH,paid_social,4191675c642101265c49abf3738516e24e06dfa43e4a4c4a8788fef6e5d0e919
u_03434,2025-03-21,digital,CH,paid_social,7a4a34854e5b7a9962c97e6e063551baf7c9aacede84a5e08bf3d50e37e8eba8
u_03435,2024-12-25,digital,DE,newsletter,e203ce57766662ff07ee2f2b3b08b6281fcd7d64dfa0b39c2cd1b8e033fb665e
u_03436,2025-09-29,digital,CH,paid_social,e6e0c3061d433a23555551a5642ca630f2b41c90faab926af87381c44f897843
u_03437,2025-05-18,free,CH,organic,4b74d1ed7457d42d94227276e4db2f703e9fbe859cab413845219e5e31056e88
u_03438,2025-05-14,digital,CH,direct,f0adac98070dd83b39a568aa73b067deee043b1635f8f198de11a67d65fd8f03
u_03439,2024-11-06,premium,CH,organic,6196faad45f28a4b3c51b8fd3e4a18029c49703a5b33b99651cb4bc1be025195
u_03440,2025-10-21,free,CH,organic,8a79b263ea41abe7d272fde529811f5b306fda007f3085aef5c21c3ed8807c93
u_03441,2025-04-02,digital,DE,direct,f39b52f43b1465a7d8fdfd77bd50c520c9bb4db821612958cd7c645b88b37cb4
u_03442,2025-02-06,free,CH,organic,075db6f5f4c4dfe01c073327cea5b8b8e1b553d71b1470343799f9d234a24cd3
u_03443,2024-11-30,free,CH,organic,bbb5be568dbc41db7363266075f43acf5f070945135d0f7c15038e4e5c7e0295
u_03444,2025-06-13,free,DE,paid_social,74481916cb43ffff27a0ea226b90fd496fc9a4146f89645f3b4d984ad85d3691
u_03445,2026-04-05,premium,CH,newsletter,190c8e9a2aff427cb60f4a84508b03336871111f76dffce65f7b6adac4b74981
u_03446,2025-05-24,free,CH,organic,bee08ae3a017bdada30e797ed839f4737e8b9c88e6aeb8868839dddcbdf4da89
u_03447,2025-12-19,free,FR,paid_search,505d1c0cb18f4759b56c9fb333819ac1ece3810b402f5c8af15ecda514aaa9a7
u_03448,2026-01-20,digital,CH,organic,b9276b61712727b7f36aac8ba8660f019898cc1b3a929f6f8f1baf7dfa6fb810
u_03449,2025-05-18,free,AT,paid_search,4c9f858876ebf826573a98092fe1448f062c9441b0bb6733bcce87d2def44b5c
u_03450,2026-02-23,digital,CH,paid_search,99e1b3b14739ab18c0a5bbe633cc3b1f1ebb3e001383ceac90e4ade70e15274a
u_03451,2025-12-29,premium,CH,organic,362607bcc79ba8f5cfc11a93eb727dece2ec0a5f1e0ef663d483fdefb065786f
u_03452,2025-09-28,free,CH,direct,fa5cd7bb4caa5bf60b043a15df4f89765dac51a2ef82294a9eec82e52b082d3f
u_03453,2024-11-01,free,CH,paid_social,d3eae12c6fc02f562d4f491ce30560fb43fc18f5b6d0a6c508f66a26ba03858b
u_03454,2024-11-26,print,CH,newsletter,f2e5c2ef208212a00f04313a7cd3ec84b290ed4d143079e063aef7821040e020
u_03455,2026-06-24,free,CH,direct,ade5665d78e93b0db90394fe461c67a9dc1e36fe0657ad00198be56c841fb3e5
u_03456,2026-01-29,free,CH,direct,a2d5a499e10b2b9d94567a26e4271b604504c5a2950ff5db1e7b78846bb46390
u_03457,2026-05-17,print,CH,referral,5efbe694d8b598d9bca71974a382da5166babde002fec780d34454e7e8119d1b
u_03458,2026-04-21,premium,DE,paid_search,e12d15359c37d3c213e519717acfca21d82ab356cc5d7582f3af58d6ecaeb379
u_03459,2024-11-15,digital,CH,newsletter,39485db52d2e21ecce892a183e537638fad407c4cded6fbfe5086cee19379cf2
u_03460,2026-02-01,digital,CH,paid_social,dabeecb3e57e860e40ecd33f266c62e77720c0b3d5546373f04917061cf8bcce
u_03461,2025-08-14,premium,CH,organic,34cfb09db771173355653e02a5f2116567b8c19912e35b6f113b7779a7cb3c9c
u_03462,2026-01-31,digital,CH,paid_search,37fe714bf525dd0178dc295a88988dd38177f5ee289c0df4122bb39ff199faf6
u_03463,2024-11-05,digital,CH,paid_search,3d8a9674e6f64a628682dfd87444ab42ccc707075f9b2408e0a90cf723418e26
u_03464,2025-04-19,digital,CH,paid_search,182b20d43d72dba2fdce23c673ec850974cfcef59e6b958cd6c728d309cfdba9
u_03465,2026-01-19,digital,CH,newsletter,79f7efda986b40c1381157d279a162890e5beeba30514850bae68c987e6cf5e2
u_03466,2026-02-02,free,CH,paid_search,b4bc7184d06503397da8402a776b4f9778fc40b63e04affb5e888ad5d570336d
u_03467,2025-11-07,free,CH,organic,acdac101e02c5cf19363c1a3a66974afa78237af9425c28165686cb687880704
u_03468,2025-04-28,free,DE,organic,08de78412f1639f8df53c4f2acbf29e7caeec96f0962a7013e86e51a092f026f
u_03469,2025-05-05,free,CH,newsletter,067705a3f2a53f5f04b420b9b75044d78e32f26fefb75629e9f67eb1a3191068
u_03470,2026-06-07,free,CH,paid_search,a1b73c55f0e96e895d2cb02516e0949957bed5029ff6e80474d3e4f52952c5b8
u_03471,2025-08-05,free,CH,paid_search,047e9c21b5ddb5c5e42b97aca91f5479a67454990b5c6f3d26b913ef2a38041a
u_03472,2025-08-11,digital,DE,referral,7437af69d93e519459963e749652031d1bae2608b621ca68f75458028111fd92
u_03473,2025-09-26,free,CH,newsletter,fe91d8e4ca1761f85a464ef8852c7096c33c6346c35c4cd61eaccbe94746976b
u_03474,2025-07-15,free,CH,paid_social,c01b766145a83ff8d23fc290204dabdc721ec5a2521babecaceea2cbaaa6bb20
u_03475,2025-09-26,free,CH,paid_social,aa5ec0c5f111e3b44270b4f1575d7f26eb7fe1751f10094938066b26007f5197
u_03476,2025-07-31,free,CH,organic,6bdb75a182aee3cca641ea0ccc609cbb064f1a7f60aad083c335e577424b4a7f
u_03477,2026-02-26,digital,CH,direct,a04b724f88fa70d1b9ad60f137a2e017784a21d33b4a6a9f7cf47cc5a8e511f8
u_03478,2026-04-26,free,CH,paid_social,6a2e8000118f76fd9d319e24f262aecf8f75f69cc5383cb9ffc944cbd9c50cf2
u_03479,2026-05-13,free,DE,referral,bab97edc322c2d979d32b4b2f41c40872b9470f4ddc899b75afe6ce747ef6222
u_03480,2025-09-29,digital,FR,organic,bc77f08541a4e3b175f4b0b31fdac7d322460de7a8f7b2f4e2468c87628ed83f
u_03481,2025-08-07,free,CH,paid_social,96aa0a5ae64f218da16b698f70545fac872435e4a3157a9e8532fb9a0dc1c4c8
u_03482,2026-01-04,free,CH,paid_search,e23bdfd14fa76cdde146168212b08d7bb80602311277a3296609af81d627ca3b
u_03483,2026-03-07,digital,CH,paid_search,73714a8e6fe535377fe95f0e7ab84b5aeea8a3886a6bf7eb8df3858ecbc13938
u_03484,2025-09-29,digital,CH,referral,bc860bca64f2bc8a82bf9d2c6b960a3ecdd367f524a905869bf18f66528f7ff7
u_03485,2026-01-02,digital,CH,newsletter,f00cf3b603d919029d4dea5179396ce07178e9b9ee69510da6e3ca4a52e4504d
u_03486,2026-01-18,digital,AT,paid_search,69c346c94eed97864359bcdc2fe79f6d0e03c2cdd8a79bb5bc1fc34724fb6f4f
u_03487,2025-12-18,premium,CH,newsletter,8c15c64d0c3709e1caae05afd7baf7f5b4a24fbfdcbd48e985e0a5d5d0827fd3
u_03488,2026-01-17,free,CH,organic,4921de4dc3cf2c479987abb11d4fd27222825a1dc3a453b2c8a592f29d96dbc6
u_03489,2025-02-21,digital,CH,paid_social,3681d6974edc995b001a71ebea35f3b64c49a959d1a0341d8ef053d9f31fcef6
u_03490,2025-09-08,digital,OTHER,organic,85561e09bcdbb3fc8efde4ef2a312d452ffdd20582c21aa33517d3a8e4834732
u_03491,2025-10-15,free,CH,paid_search,63d33ea3769ea014731849f43686acae6b19810d9251f99208634e00a4680108
u_03492,2024-11-02,premium,DE,newsletter,656330d26930af75726eb03d334fb13866afdb6677f5d051e4712cb0099e747c
u_03493,2026-03-19,free,DE,organic,8b5eacd29edc532113151c5372676692353391561c0344cf0c36a06db24aee5b
u_03494,2025-10-31,premium,CH,direct,af190d80a9de522b73fc56d8fc61bf104e4534abaac6a80f60d833f992f37efb
u_03495,2025-01-15,digital,CH,paid_search,2ca3d675fe42de83e05e8f0629a820a039b559d64ad570df913a40a2de70a694
u_03496,2026-02-19,free,CH,referral,973286e2723a06e428f404b6899b69561887cb364b1ff5a3a3a5fb2f5e5d0bde
u_03497,2026-01-07,free,CH,organic,030bd583bbcf5671acf0f7c75ff4ae82a6751edd89e78a94b1e8137502f8d076
u_03498,2026-01-21,premium,CH,paid_social,7ffd1171f1c1df08b23fbfe38aab793d80e16820a152ee24f4953fcc45c54aa6
u_03499,2025-07-03,digital,CH,direct,dbc179ff018cf83aa597742087137f7791404355f0fb8ecbeba2ec8fda90a7de
u_03500,2026-03-18,free,DE,paid_social,4eca262b70f6a348fecc6ba7c74991ed29caf76d44ae161dde8a654b2c3330ab
u_03501,2025-07-18,free,DE,paid_search,0b648b5668675b428e1ceab4db8350b67978b01d5c890aafc080eaf71e789e2b
u_03502,2025-10-03,digital,CH,newsletter,913e63705d8c4ce4b3d0d203ce93155e6b04e69d0883f5ffa1c883d7d1a56bdb
u_03503,2024-11-01,free,CH,referral,fcdfb873a7b75fbb62d086b32cbed079742d7dbf8bed3f97cbe21e4a8085bf9f
u_03504,2025-11-25,digital,CH,organic,835c88013f461b6262193105ecc6c6ab6ca06abda53643ce20d83d2dac8554a5
u_03505,2026-01-08,digital,CH,paid_social,345ba1b40901d5ad0f87d858b5a5d2faa1098024e4a4275525659b248a4e9aed
u_03506,2025-09-30,free,CH,paid_social,b36a1aafda5285deb955da9b4e578f18e58e03dfe7e323a1007407762f77513f
u_03507,2025-09-07,digital,CH,referral,adb9873c5bb7b110639be8b48cd928bee3fc426787d05697335a1bc5dfd702ca
u_03508,2026-02-14,free,DE,paid_search,5c9c83ab97a353b8bab59a9cd715a76906bebb654f5fad6952cf1496a1485635
u_03509,2025-12-21,premium,CH,paid_search,2f1824750d19330c7229c34e0d6728a79d8b9d9e6e12a8027d7d33e9380c4a87
u_03510,2025-04-12,premium,DE,direct,87313059980868d4da41afb28b77160be1b4a46d7ddd7c17d07d677f161896e8
u_03511,2026-06-01,free,CH,paid_social,46b532da9f8c41ac53dd06f9cb486de2db985e4387e2d0ea0f66695b8ae75655
u_03512,2026-01-04,free,CH,paid_social,25a1e3b82c8236235c7c065c2789f24b196bbdaa58f8eaeea204698bd41d5af5
u_03513,2026-06-22,free,DE,direct,6b48dd128ac190491890211245fef0aef1be0d860305e2cd61ea303f622bd2ac
u_03514,2026-06-10,print,CH,organic,a0cf8fd10f50d68e5fb26e69f3d65d7a7c8d94ccb0936accf66d7a0e1d79d658
u_03515,2026-05-03,free,CH,paid_search,5a9b112d159bb02212a06eebfcff4bc067364e9adc720da3d7375c6244d6b332
u_03516,2026-01-20,digital,AT,referral,e93a162dc06623c0810d9cedf4331a5f4798b4a5b4433fb419ce3097a139fbe5
u_03517,2025-10-31,premium,CH,referral,1838c4a1c5e95208650d71932f755c82dec137e9228e0270555ec806c8e2aec2
u_03518,2025-01-29,free,CH,direct,9953bc119a1e815f71abc16db38cd52a4b6ab9df6637aff3434f89afbcdcb101
u_03519,2025-09-23,digital,CH,paid_social,49e8b47c93bbbea8279c6434d8d862c0fcd47ed4caf4bc9d37c57ce46674ee5b
u_03520,2026-01-23,free,CH,paid_search,fd9b000e3ac2042bf3f9d2693e01e4c7a018ae68f392a309b0da30e4b94f6bb1
u_03521,2025-09-15,digital,CH,paid_search,97a6be60ac50a71a854215080c77fbb0f793ef1a13a85c6177119b87641c6eee
u_03522,2026-03-28,free,DE,organic,1b93b0fd51593bbe01ac65ea231c0067dc1d2266a064b44445d780b4c2d9c9f3
u_03523,2025-01-09,print,CH,direct,9b2565d3323534b11e51d73bfbf0cf4b8c89f08d27caf1665da2851bbe3556bd
u_03524,2025-06-25,free,CH,organic,ae298223aae092d29c1e4a3057abfa3a5348e4b7964421c84c418e06f50124c8
u_03525,2025-09-10,free,CH,paid_social,7c8ca528b5f8d63bc1e7c6812414dfabfca8e222e28ce28eecfe6ac9a86a26e2
u_03526,2025-07-31,digital,CH,paid_search,9993b1b387608e0eed8d12da2bc9ea573d7f5126e0c3ab09877a6a3a1b09226d
u_03527,2025-01-08,digital,DE,organic,2b7aa4aab363bdd6fa7eb67a26a6d4fa600383d71673ab206429a2b48ff20728
u_03528,2025-01-23,digital,CH,paid_search,84033647691c95feb8a7bc35bd81a54c732b5f5b25d82f556bb40048155b2314
u_03529,2026-03-06,digital,CH,paid_social,4a30866cd5c8d92db7a416d9f853037d5120dc357991daf1252e5d32aa278117
u_03530,2025-09-03,free,CH,organic,f4e0f09e4626d782a992d166c3236ae5f44660c2270da2f1989514afd868ff34
u_03531,2024-12-05,digital,DE,direct,2c94fcdc7609184ec85bc938941814b649f71c335f94d124cbf5a46a6323b874
u_03532,2024-11-12,free,CH,direct,4e1563fedcf7543c36e88cb4106acf36009cab93621c91c82bdeadaa5be2a3cf
u_03533,2025-08-30,free,CH,organic,04fa0560a2827494be37f96db1d2f5bb3ed85e6e3d3162b5390094ad71c0337a
u_03534,2025-01-26,premium,AT,newsletter,d8326072fd5f094853927780a468df22a30542d9b7083c1c378c94bfe6e4f385
u_03535,2026-01-04,digital,CH,paid_search,523a4392782042fb64b9ab2b6f962ca8eb7715e73d612e7f6337e7b12133ca26
u_03536,2026-02-04,free,CH,organic,904d8c9130d25386709f34a399b53fb0ecdd8aa5ba216fd1db5204efeac9fa51
u_03537,2025-03-07,free,DE,paid_search,2a6813e48ea24133243a008e2a4fd6bb3c9c0b5a496430ecbd5644dff3863767
u_03538,2025-10-18,premium,AT,newsletter,4b66ff21395f224063495311d07ac1e2a6541d613cf2258f422ac1c147743172
u_03539,2025-01-23,free,CH,paid_social,fd5a7c835f7b25a1b77a37bd93161b0f0ba82df905264a66ccc1edd24069fde8
u_03540,2025-04-30,free,AT,organic,4e277bea87a394ebeadd2f688ba4c3c9421a96a27e0f6842dba48f02a7f2aa8e
u_03541,2026-04-12,free,CH,referral,042c5e2f35da01132b5fd486f89fe0d2a51f2ef03dcf963e76e645e38c60c3eb
u_03542,2025-09-23,free,IT,referral,833b588bdb7008ba6fdaa0f0e1b08e658976eb96fef4d1cb8b09d73eba134ff2
u_03543,2026-04-10,free,CH,referral,fd71aedd847900cd4a4623c58a9968ef978f2b0fd5c1e9d9a1764367bc518f44
u_03544,2025-03-05,print,CH,paid_social,ec6e9c0e5490f21a8d905712e867dba822446797e916a24837283c6978f00acd
u_03545,2025-05-19,free,CH,newsletter,dff75d6b90e052c3bac0da0d174cd97d6215de4f23a3c202ccf60521db460ae4
u_03546,2025-08-28,free,DE,paid_social,0a3aae7f9ef6b0da5d652cae5ee0946facb29a5d8c277ad61b535cd38bae15c4
u_03547,2025-09-02,digital,OTHER,organic,4d46fbea1d2d93176cbd4ba7d8c8759196b7483f60349041cb2d72f008f36065
u_03548,2026-06-29,digital,CH,newsletter,0e5e727d98ca12f930f0a52eeb44790461385c76c061718d25b994d2c56fe5a8
u_03549,2025-01-10,digital,CH,paid_search,f1c80311f9e0086d6002eadcf232dbedc96e0e5e78cbd33c31d3f8d07f5f8acc
u_03550,2026-03-16,digital,CH,referral,8c040454c81a2ca74a31c0244cc2554144c1dbc61a806b50cf40ed24feff8177
u_03551,2026-03-25,digital,CH,paid_social,58f9e7311c342ed92a14011f64de6fa64076f6f5be5e5e75538060e380ce518d
u_03552,2025-09-26,digital,DE,paid_search,5ad98789cfdac1f98b63b06239f2e90db892505e849570b269e4c7f067a904c4
u_03553,2025-05-29,digital,CH,organic,26b06654eaba945e99299f70eec05f225d7a447339307c8d0f8ff68fc3990a4d
u_03554,2025-09-15,digital,IT,referral,8e4317c22dd4e2640266e9ecdf6dd03ac1979194f53c3b7e119d2ad2aa5086e1
u_03555,2025-04-22,digital,AT,newsletter,89e6b8017024b7944460a256d5da8a4ab4e1d80b9a3e17740cee2d897a11a0c9
u_03556,2026-02-06,free,CH,newsletter,1f40dc23ec31731d5c5ea1a5f28532e8674cb30ac9c9d97ba7c78baff9ec7107
u_03557,2025-09-08,digital,CH,paid_social,bd7a9631cad5a30cdbc96e7d7df8b80704e91e2808a6592d73ec1e3574dfee7c
u_03558,2026-05-08,digital,OTHER,organic,aa5be8b424f12e33e192ede188096b85d677713b20a8b6447fc142beeee21bae
u_03559,2025-11-09,free,AT,paid_search,bda8f6998a465b2b25afaafb84bd4746100a5a6e7e96ee810f5cea61a6d1b3e8
u_03560,2025-09-13,premium,DE,referral,775924c7db6f85c06de19050be380db8ad5efa72c73f4a10b3948395984fc779
u_03561,2026-01-05,free,CH,paid_search,d6140a75d4bcff274296165f841e9a749ea9fb34f8e9064786c3ef66e339eafa
u_03562,2025-09-10,free,CH,referral,2852738e49ee314512f70ff37b53cb7110ecb17b2c5c0c26c0f9c3be95cab739
u_03563,2026-04-23,premium,DE,paid_search,e80c8bad4eb615c2e82e4364d877e8aa9b40d7c346b6c1e9ef02dcfe673b0b21
u_03564,2025-02-04,free,CH,organic,fbb8c7554aad63aa0895347422dc763e1926cf01f78f023826bb66fc43e313d3
u_03565,2026-06-11,free,CH,paid_social,8db7f667e33675875b137cfc3d0e7a03766c84ba83985a20891cee9f79fa5eba
u_03566,2026-02-16,free,DE,paid_social,7de414814bb639bb32a3868729b3f5b3a3566d87684611e0ed33cb3a9ed2bf03
u_03567,2026-03-23,premium,CH,paid_social,ed8899e72ee05d93ed7de224be38ae81a95671a389d8968dbe53ac2ccf7e7b89
u_03568,2025-09-03,free,CH,organic,98a1cab9ef23e4757a15badd1393f1012fe254cb6d1a4cb6b162a4f1859c9ea2
u_03569,2026-03-06,digital,CH,newsletter,24e17cc4ea2205ad9c9a30a2a5b26d17a02495f0bb4d9fbd2186bf0f581abb50
u_03570,2025-05-02,digital,AT,paid_search,fd5fd27fd6c7807e2aa2d17c23b0c8fbfa8238368b54b25735d5a3b6698c520b
u_03571,2026-01-22,digital,CH,referral,ddcb111932a5d6209b63150ee488d803114c6544ccde36a77c070c7960fa1741
u_03572,2025-01-19,premium,CH,paid_social,019a09210f881742e74aab552656153ecf88f0d30173fe03e6099e5cdb8de375
u_03573,2025-05-03,digital,FR,paid_search,75645b606cb0559337564d1dde51e09fc8e66934c28d803a8eb3ed7b33de1933
u_03574,2025-08-10,free,CH,paid_social,168161a6049959d0a242b7dfcac4753c8998c96e7974991c300ab10847614b62
u_03575,2025-05-14,print,CH,paid_social,39654ae0a2de541c68c6762614734c0f75c8295d710614370c4d15dd5bd7b9c4
u_03576,2025-06-29,free,DE,paid_social,0870e98e8b23bc1e3a96418e2b6ce6a3755905f02f2725d79ef46dd657bc8f2c
u_03577,2026-02-21,free,CH,paid_social,857378f5c210979486cc67757abd9ef1a8676e0e15492730e1dead4a854f4e3e
u_03578,2025-03-27,free,OTHER,organic,91ba79d39dd56d53ce85caad44fde933c3aace9c75a42dae1a205a73e2dc67d7
u_03579,2026-01-17,digital,AT,direct,1c875684c9f5c65fc2cd6181bc65dfa5d0e1519c8c7aa3200f137a9212042bc7
u_03580,2024-12-23,free,CH,paid_search,7fdde7468803abca3551e5340f46f549f189fedcafde864b6c3007b7f928ca53
u_03581,2026-01-23,digital,CH,organic,286e93e56aaca285e2d2ca93ba64d7654a374fe731d33fa637aafca3bc1672de
u_03582,2026-02-01,free,CH,referral,96f2a7b88e7b50b77dfff13f488ef82eb6af182e36f8fb85ab6bed02dafbdb6f
u_03583,2025-07-09,free,CH,organic,ff7802984ef0c5ef8ca9656f5dc8b103d075e750d6ddc700f1c7a554fbca7162
u_03584,2026-01-09,free,CH,direct,a49ee57adbe7562bce2eedb75ced2ef842e830eff663a4008f0daee29df04d5d
u_03585,2026-05-01,digital,CH,paid_search,db0c7c29910ae22ea1b6b98d63db6e34d1fea1511f74c05b58ac8ae6b779d599
u_03586,2026-02-08,free,IT,paid_search,5673400fa783667b0f206f961adffacab5f5c527c5fc5c2a600b3cfd76f83099
u_03587,2025-07-01,free,CH,organic,e047168c52ed802ab95c006e5d5689bf2821bb46e74f1324d35b8ad87ede7491
u_03588,2025-09-03,free,DE,organic,5f319311d2a0a58b68e153d3e42f9f20c6c33c84ec7113a3e95025de404c97cc
u_03589,2026-01-28,free,CH,organic,e482289b3080638706208002d37d24cffbf8b3b3ef68b9549cb523ffb8d21841
u_03590,2025-04-22,digital,CH,organic,26b9cb7e4ae102cdc4b373c4cae7732597c5661fa60484bc3d24aa57f979979c
u_03591,2026-02-10,free,CH,paid_search,6b22457f6149f3489eeefe9992336ea39e9de7067b43fb0e52bedb466a72bc5a
u_03592,2025-05-18,free,CH,paid_search,5b4c111ccaec0ac06c95a8a46933a502c5ea35cb988a3f8b0471ad93ff335a9e
u_03593,2026-02-11,premium,CH,paid_search,58aaf74f16f48b36ac74dc34ce08a9d028ab84f0c998d26ecf617b5d820d70fa
u_03594,2025-01-01,free,CH,organic,3d86e2db5daa6d9313dce2a43943a33b4c6bcdb517ab399df0ec8e1ffa711c05
u_03595,2024-12-02,free,DE,organic,418578a4d45cc471fa0c2e22e7acb4b20a5357cdba022e4d0f0b792d12acd8d9
u_03596,2026-06-29,digital,CH,organic,1a0b2b4761aae3c523340c17f9acd86393bfbc21e9dbd07d068eb97b0fdff660
u_03597,2026-03-29,digital,CH,organic,27588785d304dbd79f1cb1677f1a743a5076a2deb770a0de19b5bbc669822a64
u_03598,2026-04-07,digital,DE,paid_search,d37af189218cf6a9856791a17745b3e4fec47eda1cc291013d8140a6bcb43afe
u_03599,2026-05-27,free,CH,organic,051b5f0f58ceb9440bbf3b0a0e5930698fb6cc71bd70f2432bd23b05cf5a577d
u_03600,2025-08-05,free,CH,paid_search,0e74b8e4c1b994f8c9714b7a46503edc0c8be0793d38d836c7b567b09f00c36b
u_03601,2025-04-18,free,CH,direct,80a5a9b50b368909a40d677c748a85003a53fa19b982115ac823ed7a5ac137e7
u_03602,2025-01-15,free,CH,organic,b3a2aec38d1c5c590e2bd90566406770e9f21803526bf1c939de6acbaea4228b
u_03603,2025-09-09,free,CH,organic,b42010554b47ef0e3e4e562b99fe8479dc95468603194c471dc631f3393f27f8
u_03604,2025-03-01,print,CH,paid_social,e0daebe204e4824dd61a648ff0554fd3b7b6cbb45382a512c474bd1bd2870811
u_03605,2026-05-15,digital,CH,paid_search,08caba44938dbe05178089aeafbbf4ec5be4e85e7f89868f27fe88365dc5b1cd
u_03606,2024-11-03,free,CH,organic,3664cbe35a07d98bb456fc2a9a4440663488a1d98a5126a9ca93a264aa653966
u_03607,2025-01-19,free,CH,newsletter,9a1354ea3bb45e1a05cf5f8c4439787edf76f4dafb2f835aa67c7bb0937ba239
u_03608,2025-03-20,digital,IT,referral,9cb63096eaad7d767d1cfc4966b21c8285bc9208810107ebbd43690f292a5dea
u_03609,2025-02-14,free,CH,direct,85f0b55ff82777e72576580b6303bb5c18f1c4b0d39cbb4975b868c8141b2bd0
u_03610,2025-03-05,free,CH,direct,8ff1602844d7dc14c6f850ccbab47a9f76b088840d368d4175e041ed40c20e1c
u_03611,2025-12-03,free,AT,paid_social,88458fcd0fce868308d7a4310d2b8e4b86b3380364c5159522fb6bde09d9ee92
u_03612,2025-05-17,digital,CH,referral,7270f2a9b7ece3330eaa647b9bbd7daf543085250275f5ff3d493289e084497b
u_03613,2025-11-04,digital,CH,paid_search,2ff81818ccb4aa7ddc6dd007230892e3dbf73a0b351a59a6226d48453234d6b2
u_03614,2026-04-13,free,CH,newsletter,6655fce3545d29336e6c715860074875aedab192907d1356dd02576204590b91
u_03615,2025-10-26,free,AT,paid_social,b4fe28007a04f189bf18f046495177a2c41871096c8a283721e63921ad2e18a1
u_03616,2025-12-31,digital,CH,paid_search,4a683ba9decd90ef495fb46a24cf80c078c757b99cde533f88f9c6c4ad604c70
u_03617,2025-06-14,digital,CH,organic,b77e144cefda5aba56110c6e4f41d7c82942c65c429f134beb33ea1d6c6dc3c8
u_03618,2025-01-25,digital,OTHER,paid_social,d398461cad4cbeb121ad432f0365fa76483457486a2d7e9d19d7dc9311eb4325
u_03619,2025-05-12,free,CH,paid_social,ea92d4ee4f99f40dd6e13e4a19da59863fbe0521facee3b68b4e65e29a3321a2
u_03620,2026-06-05,digital,DE,newsletter,c40a89fa89ca0f9c652f52b48e06b05e8c5b30ba060dfa7f9758a994b2282ebe
u_03621,2025-11-08,premium,CH,organic,f42b66f4746519cc6b63d668cf35abe2a84ae1ab072d1b8cc8f54b62d46ab1f2
u_03622,2025-04-11,digital,CH,newsletter,86c1ca21da864ed5a291d50168e96424ca3ed18a7574b12d3fe11fed68993fc3
u_03623,2025-08-14,free,DE,organic,bddf4201d6589e7cd48b80cf8da9d54f8a316f56a316dc36005c5335da21f45f
u_03624,2026-03-04,digital,OTHER,paid_social,907587db7b5063e2f3a9b0aac71439b07484ce7bc7dfc4a7301069696c11d1fa
u_03625,2025-12-12,free,CH,paid_search,961ccbe4b0b9aa1af146036e4a242df29b7d31194a0e859b552776697d30cbd3
u_03626,2025-09-28,free,CH,paid_search,fe8cd23cc2240c62f68f6da1bb73bc99a86a582de2021c2c6541bcd27251d274
u_03627,2026-04-09,free,DE,paid_search,756e073b10a3503c5e65a757c2a6ae5f4c715d1eceb12dd7a004a7752231c4e3
u_03628,2025-12-15,premium,CH,organic,3fe23a6494bcfff8e2780d486ac0f06284891ab56e0b15d8681ee79f119456fb
u_03629,2025-11-23,free,AT,organic,096fcbb20d2c75dc7dd30be6b558b05bebd50da4626159d3fcf3b25e0ea83971
u_03630,2025-02-07,premium,CH,newsletter,92d774974d87f8a3c88575dec74c3289b4acabc809cc6d169d36c49d3bd4696b
u_03631,2025-01-07,free,CH,organic,d5f0d0c1f5825a05aa3e8317dc63067b881a0a1fdd87ab92b974c00291124017
u_03632,2026-06-05,free,AT,referral,6414c3a24ad90822177188a671691a4ca184d938f229bcb5c75b940c60bf6d1f
u_03633,2025-10-23,free,FR,referral,f8eb2daf770987a7e8149d4a46c6385951c2ebceb16ef37075a253d9fa104a3b
u_03634,2025-07-20,digital,CH,organic,7c8c1fe932b08688181e40ae733f35b461f97055b3634bc4f5b20922722ab7f7
u_03635,2025-10-16,free,DE,newsletter,9d6e8373e7865e167a404a834d8aed017cbf7e345bc499a1fb1ea385b1cba3cb
u_03636,2024-12-15,free,CH,newsletter,7df3de7a91b2094155a69c7bdf9ff2612a3cbe6e83eb211a8a8faa5e0bb1882c
u_03637,2026-02-23,free,CH,newsletter,e220182984df30704ca5a22440131e86b17e365a3ff598e738e3e61ce91280e0
u_03638,2025-02-27,free,CH,newsletter,cbc145d04a159a88869ac1fd7d81d3eb829e5c496d1fb872d9da76ef29181497
u_03639,2026-02-10,free,AT,paid_social,229d91e80bc47116c0de61e7100d5996c6d0064f79adb26c8eebf91b2ab3055d
u_03640,2025-09-20,free,CH,direct,72d4c7a310d1f54bb30450952a3e3b461df2aced6270e0e44de4db22216bf493
u_03641,2025-04-11,free,CH,organic,42931df06ec8239c362f0680c26395ad2d95fd0cc0167dfcc9edf7ef6d6897c1
u_03642,2024-11-22,print,DE,organic,ad3e3a959f8e2dac5ea51b9c3f34ba77c0d44d7aab5cd6994fc0fe4515597978
u_03643,2026-02-18,free,CH,referral,9cb4e4e17460ade91269c1e653fedd586dda5465adc5f8b99585af688fb22c0b
u_03644,2025-01-30,free,CH,paid_search,555442573dab02aff602776f3b866b1401206c4d78428659289dbe3dc2d17a03
u_03645,2024-12-08,free,CH,paid_social,36687fca13f658ef8f65c4877d0662c0b93b1f76a0e902ce3ef8f17112cad7fb
u_03646,2026-01-20,free,DE,paid_search,ad385afe5f5b4f188e5b5e82af0cd57b96345e9ee438f64d48e203a58804471f
u_03647,2025-06-02,digital,CH,paid_search,7011bc1455d1ca08933326c7ce9eebe584f984ca7fee97afa7d03d922951652a
u_03648,2025-07-01,free,DE,newsletter,13befc3b263300a0ffab27c622e35288dedfc334673e1494fadb7f7036789d04
u_03649,2025-03-21,free,CH,organic,43aedd33bd8256b6391c15c1fa923b44e19647a6351033e9e6c096e50ad2b597
u_03650,2026-03-21,digital,CH,organic,64f6725d9c13309d4a43e0e0ffad31327220807c035cbd7fa74ed2706b55dfa8
u_03651,2025-04-26,free,DE,paid_social,04141aa0669a892184f96fc43ab7ea7fb75779a6b8508bc99819571afcf69a0b
u_03652,2025-02-22,premium,CH,newsletter,269c125575baabc9868c8e468f69df1340418370d82e7124996bf4641d8d8dae
u_03653,2025-05-04,print,CH,newsletter,186eaea6f3f418946ac0fec75fe977cc43200cc6bcce2a4548f1a51534bbcdc9
u_03654,2025-02-17,free,CH,organic,82daf6709eed1bbe436c0c3b225da809fc9d34e195a69b9c98aff5c22a26c91c
u_03655,2025-05-10,free,CH,newsletter,86dc0328f8d44c7c70262d0eb9f86ca2564884a62661906a1dfa469a18e04feb
u_03656,2024-12-30,free,CH,paid_social,82625949d5977008c77490000ea574f9a06da36934d484f1924fa83b0dd5ff7f
u_03657,2025-01-24,free,FR,newsletter,47ecf543f5460ae4b229da9cd1dc291182ab1d7eb3d11abcce6f39b1714ee99a
u_03658,2025-07-20,free,CH,organic,a002da47d556b899f37aef403a41435a1d9858fa8882e67dcde515c4f0acb542
u_03659,2026-04-05,digital,CH,paid_search,a865348e84c7c022df4d8e34fbec7b5585ed1faabbebcb0d6a5a945a8ec91e6d
u_03660,2024-12-12,free,CH,paid_social,c4d69a3e6bf015c9de43b07386f6242323986cca4efd27eadb478b45fc5cd68e
u_03661,2025-02-24,free,CH,paid_social,208a57ae39fc854863f4b27ed5df5c9e0068a74866919b5be14c3cf790c09049
u_03662,2026-04-26,free,CH,organic,1ce761f4f9316cffe408e574ae64a18d678a55bc2710ea10aca64e66543fe4f3
u_03663,2026-04-13,print,FR,paid_social,ec91a3046c76091b96ece21f4c3d9b7b5ec8e16d2f5035f197b59e576c376163
u_03664,2025-12-20,premium,CH,paid_social,de20be44350ba8fc87292f29a46702aa082a278aacf315094c231060510822e6
u_03665,2025-03-16,free,DE,paid_search,366541458ed7d02385a83087097a814b99000a35ce66abf5920d659c8f8595ae
u_03666,2025-07-22,digital,CH,paid_social,a5f8c4dfa2dec1d4baa392f020f37264d63c81935d2ee55437a92480004f9365
u_03667,2025-02-23,free,CH,paid_search,650acbcb467f2bde533528367249541be9a95fb76311bf2bab848e5619b600a9
u_03668,2025-01-15,digital,AT,newsletter,6d6ebb80c50c26a8db6d923cdbc44b8306d2cc36118042b39d8027c832871291
u_03669,2025-06-24,digital,CH,paid_social,8a9e2fde8079edbb6ebd3c0e5db7d42a5aa9f5d1317d6f7bec1748bee3076275
u_03670,2025-10-06,premium,DE,paid_social,6925708ef14a75ffb48a5ecacc5bc7ecf3173402ad1169a15da6c71b3abe2f31
u_03671,2025-06-10,free,AT,direct,60ecd8af9885cf2d3d2d6a1ca52d117fcbbbfd4bbbfe742875e4914a1bded742
u_03672,2025-11-01,free,AT,paid_social,8984ee2e84df4699a42c389dd1bdeb0e26644586d2d58442d0969e8a150b27f9
u_03673,2025-04-25,print,CH,organic,b261bb09f0deca882a9aca539a2429481f92389c98307abc554e8a78ca2b3e84
u_03674,2025-05-30,free,CH,paid_social,fccd41b7d13aac25ee00c1343b9aeb9c5bc1998a6c6bbac52495600a42f383c9
u_03675,2026-01-31,free,CH,direct,96236131715ef3f7605eda2104b7cdb1c6e03413c0ce0aabbca4b5d82d9b342a
u_03676,2026-04-04,digital,OTHER,organic,452c4c42946769916d6b1a35e2333c677a3ab5b7a36014dfdc5a9cc2503868d7
u_03677,2025-05-13,digital,CH,paid_social,8ce5b326c506e10d197e904b9cfa16977a79a9b0c2faa419dabb51b0107b2812
u_03678,2025-10-03,digital,CH,organic,cb77aca5ae1ee475b59dc6f960cd572b0c613536a420e26d9959075c7743c82e
u_03679,2025-04-12,digital,CH,newsletter,4327516a6ea43f88345346327955dc9934784f410932cd3d4a0fb34185501663
u_03680,2024-12-09,digital,CH,paid_social,95e9c5e3fa830480f68570c8cfac7f458d7b2b9c6bcf138b6400d47a36faaac4
u_03681,2026-01-14,free,CH,direct,226dd46a3eb72f1a97de6079e02d31fe3c3fc092828f4730869dfd22b2353f84
u_03682,2025-01-29,digital,CH,paid_social,0febdd0a8e5afe544bc541a5c854ce6361bdd102978d50092449b8980a90a81d
u_03683,2025-07-27,digital,CH,organic,9b61403f27605ae689404faa203cd78d2f173f870dd7744da9f6279079b7b443
u_03684,2025-09-04,premium,DE,paid_social,9edce274ef040754009f2e5a8a966f81150bbbc6a214c107c628888a5155cbca
u_03685,2025-02-04,free,CH,direct,7cd2c89aad12e924a58efa787c4d80c35696fae4151dfc39bd90c56092123167
u_03686,2025-01-04,free,CH,organic,e0d9e3fedf31c4b8c29825b4f29ad74b054397472ddb2cb7a3b13792956bf1e6
u_03687,2025-06-01,digital,CH,organic,ad1565bbfc2130732a1fc04cfb7521c3bcaa75f174866b0ee98e6716cd9b2063
u_03688,2026-05-27,free,CH,referral,c6c44a06a738601352b167b270d8049e398721411f4684539aca5617ec242191
u_03689,2025-11-04,free,CH,paid_social,8b49a8877e44443b38f32a9a60702c345d81e2cc46076f803e74604059e0843f
u_03690,2025-06-25,digital,CH,organic,3300b3bcffa2d1573b701d13bb33947c8305eda1a9ba36327db690bff3053507
u_03691,2024-11-28,free,CH,organic,d5143891a8c231623c0a7958527026d730b2192f33678d61383ff9544b389f31
u_03692,2025-10-24,free,CH,paid_search,248d3a2fe4a058a6258c9315bc42ffb1f4177708cfae44fcadb97f51da7b9883
u_03693,2025-01-03,free,CH,paid_social,fa4395843c7a75cc4476443eb88f93021288683b8e8b351d20b0f38102fc8697
u_03694,2025-09-22,free,CH,paid_search,69b689d80767bb35c4c8576e4bedb7a2350b1771d223ebadf9f11dfa2357d6d0
u_03695,2026-01-19,digital,CH,paid_search,7c6de1c7066d3bfcd7878baea9ea3e30ca6dd5da359ae2edb9bd9f5181754c5f
u_03696,2025-07-25,free,CH,newsletter,393fa3fc5944609e902ec2aa1b454c9aeda874ec2cbed8ed4c3b61f1bcb5a70d
u_03697,2025-04-27,free,CH,organic,38c26b2259e6771a41f699d8d4902e6d9e69b8a7b9ff36cae8629631ec564f2e
u_03698,2024-12-04,free,CH,paid_social,2df5736d119813e85325dea77f8ea27af1502842d6dba04e5d3668990bd461e6
u_03699,2024-11-18,free,CH,paid_search,4d623d86e67ffa1c8ac0cec730587c51efdba2208228c1359c7714d2a86164ee
u_03700,2025-07-30,free,CH,paid_search,832c56cd27084b09e62e58f2499a5cbf477cf639a0c17b4af4d8f0df4a24b7de
u_03701,2026-04-08,free,AT,paid_social,3af59612848f0952b044842556bc62f5b1f6d79415ff75b2753ae6d39a44ae8a
u_03702,2025-03-18,free,CH,referral,d7432aedb6b9afd868c579df1871eba4720aaa79ff48238c5e4fad95260d4f43
u_03703,2025-10-05,free,CH,direct,d95dc039da0b57b2d5a500b736cb875350f1f1015b2e00a57a3b2694e767dce0
u_03704,2025-12-23,free,CH,organic,bb94171c54dd770608670d2ce828126ff973c877c4e06d754b1ece816bb2e828
u_03705,2024-12-14,free,CH,organic,c3429e94a1529fa1e1d18a29e4c4ba4abce758c0deb88bd002cfa0ae0349fe4e
u_03706,2025-01-23,free,DE,paid_search,ac65f11017ebd1a4f7483d36317b440351d528ae04db1366d7ea8420b32d6504
u_03707,2025-05-20,free,CH,paid_social,83c1a5094a696dff670cfc149dca2f3b7b8f401e0ce8e119b046f25e12165442
u_03708,2025-12-13,free,CH,organic,de83d00d588828cc2a31289666eb399af6e04e586d19feafb71703e108384db6
u_03709,2025-08-05,free,FR,newsletter,e17dedbc50ff0319376c3a4de00e4bc9965ece9a87f475e2bfa4239502782745
u_03710,2026-01-13,free,CH,newsletter,c0431a59fd623b371103a309530e8e32a67465fa8b5221a043918ee457c49ae8
u_03711,2026-03-28,digital,CH,paid_search,42762ed3cbd107e04c6ca551ae124ae6e5b1a0842ad978ddf52b1c667b320471
u_03712,2026-01-21,free,CH,paid_search,c492fac2d54857068932e994ed151b01ddc69518de1b996b809716b9b1317fd5
u_03713,2026-06-25,digital,IT,organic,47ebb458ee1dc5c176cf61f1a1ce44b13ec6a1797780320315663869a63654b3
u_03714,2026-01-20,digital,CH,paid_social,427c6a713d297851f878009059ea660b3e05afba20a3a848016fb4792597d348
u_03715,2026-03-16,free,CH,paid_social,54683f60881fb18bdd165c9cd55a3a5053fdeb443a84a9f1de6f896033b7dc9c
u_03716,2026-03-02,free,CH,newsletter,495f4db8e2d741c7d552984c1339e3f173eb9989b65388880d1fd4ce69883eb9
u_03717,2026-01-12,free,CH,paid_social,e6fd6e043149ac21dd06949283f856576c774c01692497a32cba9bf9bebde79e
u_03718,2026-02-08,free,CH,organic,f20599e80ab777b00f5a8e441897442cfe4fc6f7650ae4707d31419b4c1d18d4
u_03719,2026-05-15,free,CH,organic,d5dddd5766c666c4f9d9277370de0e6c8a4e67876450e84360a53afa1ce44e4b
u_03720,2025-08-31,free,CH,organic,c7446425f346708753d0c78200a8aa102510a62f8fb21cdb0be6b981ebc265e6
u_03721,2025-11-20,digital,CH,direct,fde4cf2951c05cd7a54411cb2eef4826820e744566b05faae58e02a5d49154c5
u_03722,2025-09-13,free,CH,newsletter,fc3835520211715b66cec2b7308d300a80c7edbea9e4be1cf34ebb2ae5b29000
u_03723,2026-03-16,digital,CH,newsletter,d83dedf1153c392eef3995467e4163ab6d79c1eaaa8877e0ede1596be4c12e4f
u_03724,2025-07-31,digital,DE,newsletter,bbceae3aa354340e0fb3c34531621098210b848a545d9c1d3cd289df8122cace
u_03725,2026-02-21,free,DE,organic,8feec4aa7bb665a943d56a4d1e94137c0155c68ae9119b8bac4c8d43c25f6f03
u_03726,2026-02-07,premium,OTHER,referral,31df12191ac58bc263254476af9140e198600d68a66c4aad5c8912fa3d7cba83
u_03727,2026-06-03,print,CH,referral,122808b446b0d283de1b01cd334fe82dccc2526d947995a1bdceb6255819e7ae
u_03728,2025-03-22,free,CH,organic,380e2af2ebce151186785cff3fd8ff628e537309e63bb8766fd966ce33c7298a
u_03729,2026-01-05,free,CH,paid_search,4bccbb8fe4a06fca31a617c31b863a4eac34194378e79f3e6abca157ba0db891
u_03730,2026-01-20,free,AT,paid_social,7802c4f89f6e69e22daadf427df99880641eb593763675886611ad8355157877
u_03731,2026-05-16,free,CH,newsletter,1d0c4dd3645fac44e9b410d4f518cde22844e5e02de824e640472c6b95714411
u_03732,2026-04-25,free,CH,organic,9c2a9a64ff3bf10d6d1f2066ba46e04128aa07f0792d80ba0cfc015ed24d4aff
u_03733,2025-10-05,free,CH,newsletter,5eb2e4ead24279df25c7f06ea89530c6ce40c47151f29654c70141f1c24744f3
u_03734,2025-10-09,free,DE,direct,4130a9a95741561cdf48370df73b0366c037c50e52e493075fadace294b41669
u_03735,2025-01-27,digital,DE,direct,8690be85b63a08bf99708ccb1574ea083bcf9e119f98552aa2d3f4aa720858ea
u_03736,2026-06-13,free,DE,organic,b8050392abb38440e1a8384aa04ad10a67e423b7f2408a55ade34ce2c35e9ee3
u_03737,2025-03-26,free,CH,organic,12d4c1084fde9aca7f83cf1e52f499a46cd318bf3c6008a229d280d0eb4993d1
u_03738,2026-01-10,free,CH,referral,dbd49208fd4b0f85ed9b6b0046349f435f21b27e6b0bcf473e31f98673d718c7
u_03739,2026-02-04,digital,FR,paid_search,9c763a481fca6bcdaf0ad66175ce07893ce6b0e83909c41b8bae7b626c4ebb4f
u_03740,2025-08-07,digital,CH,organic,b2114277e22bbd8009bf93d040dcae83b213b5a83bb9e3154f901c7f6637e907
u_03741,2025-02-23,free,CH,referral,db63b48b760d03dacbe90bf18bba91e7e7bd5b57cd0ae3582b46278952c7a0e3
u_03742,2025-02-07,digital,CH,organic,0cb46f7001c79dd6cdd5e341b5eb02993966a4ae32e26d7f34ee63bc3a4a5ce7
u_03743,2026-03-20,free,CH,paid_search,0ba23633525036f14955398d03933cc9e9430f3277ac4b3819a34da9c91319a2
u_03744,2025-09-12,digital,DE,direct,b7238bdd1fd205e623e7ecfa8365f736ace0b6c0b063bb149b10d07c6622598c
u_03745,2025-01-02,digital,CH,paid_search,a0e7c8a54beff27712cd0707831daf222a74d455442c71b9be2becd4c18cd042
u_03746,2026-01-07,free,AT,direct,6ca7c94610c0bbbe7db25fdfcfa2aaeef9d3e34dc7388e6ead8cd747a3d70b69
u_03747,2025-03-23,digital,AT,paid_search,da0eef7091b59df351f134e5dc9dd668049d05b15f4e25e4ee74592645cfbccd
u_03748,2026-04-03,premium,CH,paid_search,d3fdb37e632b163d4d927a2e66357e83e03bd17ecac0e1fe4b1381f723039b1f
u_03749,2025-05-04,digital,CH,organic,24e7a485a759595be2860147a553f9c9c1eeea8d436343ba00c2369375389185
u_03750,2025-02-15,free,CH,paid_search,a1ee44eb4f44cb218f2513ab608682a88cb5eeecc69e588bfec764e35494543f
u_03751,2024-12-31,digital,CH,paid_search,131a028fa6b71305d754f276f4ed215052a9c74c8a0f7470c0c80f20a610beb3
u_03752,2025-09-12,free,CH,newsletter,f8c12c6f6769c56f632487f4566d7d5f2b5dec8780db50d422c43fa6d1df0a83
u_03753,2025-08-14,digital,AT,direct,ad90fc27fb64a7f902206b412d333e1c588df1e97d64595bc6c828dc1f0a7d92
u_03754,2026-01-19,digital,CH,organic,facb06082a8dc1d9f9fa5e858888594643622e68764efe8c6647a62c6ddcca80
u_03755,2025-08-24,free,CH,organic,7df5219ca24327e66046de1d03e152d14dc8a3dd23a9ff4e4bc4b1388224194c
u_03756,2025-05-29,free,AT,paid_social,ca9d2b4b05ba9a24adfbacf8704cde6d7407fefd544e9f50f51b330ebf9f119d
u_03757,2025-03-31,free,FR,paid_search,2903d27e6cc8617bfd68ecb211a1a9602b3faa36e1d440774a33a3c9a9a76cc3
u_03758,2025-04-12,free,CH,paid_search,341bbd0bffbc8568e8a4270b32822ce749123837709706434bdd04a0d7b03f50
u_03759,2026-05-10,free,CH,organic,98c4c3d1736a352efb150f332a00c3625f1eb8669c3cf274fe879502141074b0
u_03760,2025-01-27,free,CH,organic,422d0125863c9974f58af927b89605b7f0768bed7f4ba95a9dc66eadd51041fb
u_03761,2026-06-22,digital,CH,paid_social,4b8eed2792eb05bcce25bc7a8931b91fd6e2a762fec46b0d346b40708d31f7b4
u_03762,2025-05-17,free,CH,organic,c3372e47e6b1630e6b9f2b9d3e816b94e38caf1b7620871cbcf62cbe09e2d6d3
u_03763,2025-01-02,free,CH,referral,2f14afb3a4e5005973115071f8a9ed16bf1751f4f4da71a081486f6059f1dbed
u_03764,2025-03-22,digital,CH,paid_search,fe2cdc81bc2c9f4b63ac61fef24d76a7cdfc68dd5d24e4f2256975948c049ec0
u_03765,2024-12-12,free,CH,paid_search,6a5a29847c12d721018c94b0f2f4b1435ca7c50f15aef0726e2277094c6f10eb
u_03766,2026-01-31,free,CH,paid_social,ce896028bb1bf63424e6dd9e189995db14fbfdf92f1c6dc782ae6cbc86eb7683
u_03767,2025-09-13,digital,CH,organic,c4c77463ceb91ab05e041b8774bcd984277866811a4dcf2252ee0b7eda026d7e
u_03768,2025-05-24,print,CH,newsletter,64a09b710d7bd68c626a4076239c775afc5a26cb7b418d280b6c58d25d8a2979
u_03769,2025-12-07,digital,CH,referral,bb9b2f2b4c41e05603936edcb6746be32675f2ab7e0090c0b2470b884ba7fb68
u_03770,2025-11-15,free,CH,newsletter,457fe545fb8384ca9b4ccb2102c53f1bd2ba6ae73c6eb6079d625ecaeb1a42b1
u_03771,2026-05-18,free,FR,paid_search,5afb4c7dbe49ba65e447697e115b96e40306add5ae4f1243e1bf88b885a92558
u_03772,2026-06-03,print,CH,paid_search,55ec5facf9d25057b003b8f909618f457ae8229185166275abd195abe0775e97
u_03773,2025-12-21,digital,CH,organic,11870032b4a83fa71b53053f4080be9015a446db38aa9242b7c3f8eb4b7dd4cc
u_03774,2026-02-20,digital,CH,paid_social,9fd69f44e211f12ce49148e5edd525bd60315677928d95d464c9309f3803e0ea
u_03775,2026-02-02,digital,AT,paid_social,8fdf8ff14aae1212f73bf9dbcd911f06b688456dfa847fad5e755bffbfd85719
u_03776,2025-09-06,free,CH,paid_search,ea44955dceb7396ca3ce789e85d17c6ffe1a8d04da10a33e4abef29bedba8c7e
u_03777,2026-01-03,free,CH,organic,5284705c8a5fe7b6eaf4f607b4b631da979ec89f960ee3579b6dd4df395cc7ba
u_03778,2024-12-27,digital,DE,organic,aaa0829b1dcf00f9fec29a1c4139d84d7bb4e21724d5bad6cd77296058c24171
u_03779,2026-01-21,premium,CH,organic,3d62ace650c9ebe08dda697ebe6ae07b83189d45112e6dbc6a99aea45f307d78
u_03780,2026-06-03,free,CH,paid_search,0bcfb6ae89044d2e51c0198faa1e067ed08f193eb3d35f3da0d7152d01b9d3f1
u_03781,2024-12-31,digital,CH,paid_social,d5ffbc6381cc3b96dd7a5cea582fe882bcf49406e77d1339ef7ca0f4f7203a43
u_03782,2026-03-05,free,OTHER,direct,12f8f6567f38b2d3cd1c14f8d0af084ed476634eb2bdebb308f955fc666fa366
u_03783,2026-05-13,print,DE,organic,eb1fe1633bf5231e06cc908fc72b673ae175c68628d88a0e45e73997055a4d4e
u_03784,2025-03-06,free,CH,organic,af05bb1fafb5d82d63f661ffb49631fc836c4baaea2d906e3c9d4742b9c5b00c
u_03785,2025-09-17,digital,DE,paid_search,f165af2ba474ccf7b1eacb964d8802be89fc35e13121d8758ce1a730b3092f9b
u_03786,2026-05-10,free,DE,organic,cbf9b812ab487df11f165b7d0a2209bb3873edcb3865cf080d880de20f6da48e
u_03787,2026-06-02,digital,CH,referral,3925a35f7de76048da4e1f2234060313aaec6b47c6a2696abaeff7391c0b34f6
u_03788,2025-01-14,digital,CH,organic,b28266a2bee3bd82e9f899700f82a540740d54106ccdf9e763e6f5201cc4d0e0
u_03789,2025-06-02,free,CH,direct,230dc4a442cde6d00cdafedb1be95f551ddda80bc95fb6119f31ff1c46df77ae
u_03790,2026-01-01,digital,CH,newsletter,de51ceecadb43017a8bb3af245aa4325a15a2b48812208ba15628f39be424ef2
u_03791,2025-03-02,premium,CH,paid_search,415632a2932bc78dd1863059ff6b68f1fe9dfbd0a6ee1e20c455b9e9b5b9d965
u_03792,2025-05-15,premium,AT,direct,3e5282df69d3e5086df70ab3851d70687f0ad9510d70e725d07b040aceb51565
u_03793,2024-11-17,free,CH,paid_social,08ede777892142c755df64129ab028c0cfd11ded20e0e88ce408991e04cfc5d3
u_03794,2025-01-23,digital,CH,direct,c345c2e17501c3f43696d02c7d79a390c5cdeaef36ecbb7724b0592978ed4e93
u_03795,2025-09-29,digital,CH,organic,837d74e0a5fdc5e013b1f15b6a2a2489c176f53013991e420b43650789612e99
u_03796,2025-12-01,digital,CH,direct,3aa62e756eeb20afda450a6e8a50f7b7bdb874352b444e8541a0f4edff8e1f9d
u_03797,2025-11-28,free,CH,organic,7ed9dcb94a286a666fe0c02dc9e288b9060b7dc0782f9dc4da21f6bc774d6fc5
u_03798,2026-01-27,digital,CH,paid_search,f725feca7a276febad6a54b9aaf4ce274242657e485afc0830c6f50405739faa
u_03799,2025-07-19,free,CH,direct,1a359a6776037b5a1016ef442aaa23762eed5037efd31ab9efce7f6a2e386475
u_03800,2025-04-09,free,CH,paid_search,1a32d7b60dbe4ad894f6b3bc5982dd060b23b128ba89fc47be28f6e375eaf472
u_03801,2024-11-12,free,CH,organic,715559e9fd4ad4eb8fef7492eb69e3f9b32b92993c108837ed616b468fb34ddb
u_03802,2025-02-20,free,DE,organic,0d7a6f6cc88559b1333e12e6d7cbad9823d2b27b93eed1494897856e72821dea
u_03803,2025-05-06,free,CH,organic,c1d830a7a8547c777265a5dcc9d419cd45e403b9683c5039e81ec64c8ad098c7
u_03804,2025-01-31,free,CH,paid_search,0d00e60e1b595aca4b7ffdaa896ac50680191b2a352182a23c4d9e27e0190069
u_03805,2024-11-15,digital,CH,paid_search,c03983e843f38d8d06d116feb4002c52a769689d59594d39b57a94b0b9a90af5
u_03806,2025-01-24,free,CH,paid_social,861934304eee131209fe1628aaa51d6772f0ab3da4506da6e32b7e8d7f36d358
u_03807,2025-12-10,free,CH,newsletter,ea710a7a139c0629eaa543c5220c507b4c14366aec7a30b3a0f1cab4b391c86e
u_03808,2025-11-14,digital,CH,organic,8d13e03887338c3f6dc1a6a9dc9a94d995e2d0e1e71ec6f6f67d69a88ef6bbdb
u_03809,2026-05-15,premium,CH,newsletter,b9450cbf64813b67d78e7e334e2eaf29c5f61b90bcbe1ca64ae61d8bf975285a
u_03810,2026-02-06,premium,IT,paid_social,814170da18dd48750bea9e6babd53d5c0fbaa53f97fda01dcc625a048de78759
u_03811,2025-10-01,digital,CH,referral,9a8cdffd0eef2cdd09c8deee4748b295f5ed75bcceb6f426a1e2b1875ab17466
u_03812,2025-01-18,print,DE,referral,cef0194a7ff51cbca49d7387889ecd7096049e9e0ba84d9ba838f4a7ef446b7c
u_03813,2025-09-29,digital,CH,direct,042dd80e6b90343f6871531409a6a8a952a550867a88592aae2b52da8b3cb315
u_03814,2024-12-15,print,CH,organic,1b342bf3abb2aeba64eae4a61fd91fb2ccb722e10af856bb5139aa5c49f1f786
u_03815,2025-07-30,premium,CH,paid_social,d1901c8324084af9cd0a778a91eaee10fe7cefba42b46c07f0bc4e6570147388
u_03816,2025-07-01,free,IT,direct,a556b696329e00b67b632a33cc22ad6d452f9ce7fa7bf6c4b94528ff502ee59a
u_03817,2025-07-28,premium,CH,referral,43f45cf3236a420a52d49f468d4f91f118c65c09c35559bee8054617d0754dc1
u_03818,2025-04-13,digital,DE,organic,7052266a34262e83eafa753fb1a6f82b911f8bec1ffa160ea5a7174f1f5d5b8d
u_03819,2025-12-24,digital,CH,paid_social,003efd7ad98c8a74ff189f822db9e58e5d07267f3d317a13a2598665cb8567cd
u_03820,2026-03-08,premium,DE,newsletter,26fe777015b883d6e42dbb5bf3fcfce95740af83b8d10f165c00543a38757a8b
u_03821,2026-01-24,free,OTHER,organic,4a12e431b688cd1c15439ffe0ed040f3e93fff88b2ae2fe2fd22417020acf441
u_03822,2025-11-13,free,AT,paid_social,ed8a447e29255d929a03689b46173accb888ed640ea547042bd3e5df802c120e
u_03823,2025-09-21,digital,CH,newsletter,6ef2ee331ba29f80d0b2aa8f4d412b0e60e143695e3edbdad9bed31aa9ec7042
u_03824,2024-11-23,digital,DE,paid_social,2cb0ecbd4f6324a886d037b31d3e9113097aaca9daccc67da1db86dfe80a40d3
u_03825,2026-01-09,premium,CH,organic,b1eb1e33050b525311c913500b7856fb7b0551c035142905121695dfb13a185d
u_03826,2025-09-23,premium,CH,paid_social,727f6c16ade7e2169c41f5a3ae0f4010b9aabd8e8278d5266fcf73485bfa4142
u_03827,2025-04-07,digital,CH,paid_social,21150b03f1bb9bed8968d1aa16b768abd978783db257abd24d4f4daae413fb1b
u_03828,2025-05-17,print,CH,paid_search,3a26367d9659814520a5e671b51dd6a4791f1ea5336f9d5d093f7eeb69e6ac3a
u_03829,2026-05-15,free,CH,paid_social,e9e367f947e5c8088e3c5465107000dd0719359c35410b6f7fa7d34e680654ce
u_03830,2025-11-10,print,CH,paid_search,4b1e9cf39571bbd77bfd4a76c344d8b1359a96b053158632afb1926bf8fd9f17
u_03831,2025-09-01,free,CH,newsletter,4f5a8fb378a8048e0fbac56ca9cf8ed1c65b2ae0528cdb400836a1e732edfacf
u_03832,2025-11-08,digital,CH,newsletter,d07f8debcfeb90b38c3c345679c6f5b15bc56ab3bb5227b2973de9e3937af52a
u_03833,2025-07-18,free,CH,newsletter,120c1f306b3fa69230fabbe8155ebfe76801bea21262f236eb8220537167d159
u_03834,2025-08-28,digital,DE,paid_social,2bcc1a8e80b667d3a02eff142b8ce4a3d6d6070fb97b9dca720b534b21a0076b
u_03835,2025-04-21,free,DE,organic,b11fda3714d864d8d9fcaaac5dcf1c7d405242a261015eaa67c98a0449ba5609
u_03836,2025-08-06,free,DE,referral,47db10ffdd1c80076bb5138cabe59e3798e1cd6077806102ad9fcbd8c5509a3f
u_03837,2025-12-24,digital,DE,organic,c443b8e826eb322b91a601387582288722b1b8e916d7af5449a3968c52d133f6
u_03838,2024-11-29,digital,CH,paid_social,9ca592e0a0f21e2208d0cc2c7fa766fa05d24debe1f11f11e5a0965544fb0a7c
u_03839,2026-02-03,free,CH,organic,f7acd25b94c3d454ba384aa996db752bd52ffc6155be66cb1dd50f99c5e4e64f
u_03840,2025-04-15,digital,CH,paid_social,06b0d2122eda78e941ae9fc39006c063a1498b5cabfc32a307107332787b6bc5
u_03841,2025-12-22,free,CH,referral,9a7402ee0c90b61c760e65e62abbdfb391f87b3aa690fcda28f158ccbc382113
u_03842,2025-11-23,free,CH,paid_search,e282d3aaefe3a2b11ac3a92838a1d02905c0c07be0d61d3fe4ef6d78bf748d9b
u_03843,2025-11-30,free,DE,paid_search,53d693cab11e447b497826c06c6259e5f0d6ea44d6e9c540c7cd38962866537a
u_03844,2025-10-30,digital,CH,organic,c44785c8ec0952ecda416f2f250a2bcb549956e0979ef5fe35da3e0c8d0890dc
u_03845,2026-06-01,digital,DE,paid_search,e6bcef29afe40e879d1926de26c7323ac1d78f81f5a6b992b908da75b29ed40c
u_03846,2025-09-11,digital,CH,paid_search,28fa50e1f8af431f2b045584cf8753be15f97635a3aa389362f06a356c9901a8
u_03847,2026-01-12,digital,DE,newsletter,2b72b1686ea48eb231324c358362315403d239ef30243c67aa097b4f796463a9
u_03848,2026-01-04,digital,CH,newsletter,2a5b8c1e42833bdf02ca3a27525e059dfe82a1ef3001c2f42ac2cc849cad3285
u_03849,2025-03-13,digital,AT,direct,c26204e684ce5ff31d9fa1c3ea3c6d8820d5fb65ea7a5631b177f5b56023b405
u_03850,2025-04-16,print,CH,organic,f3f1416fb6908e2ed81e148ebead3e182358a0e5d383ccb0e38a41d09356d96d
u_03851,2025-07-25,free,CH,paid_search,29659a41342d1e8cfd3d2517fd5974ddead46c0944f9cb0ef966eeb5cce9476b
u_03852,2025-04-12,free,CH,paid_search,cc911cb7fee79fb6f73d9b4bdd7d1a3ae758412951ebd2941b1c502f1d98547c
u_03853,2025-06-14,free,CH,paid_social,104a5fb3c8a1781778a4b7d62df37771770bfd9811121bb37e11f9bb6cd670fb
u_03854,2025-07-02,digital,CH,referral,33f249091d9c8491f9f74325dd95878bbdf0d0f0631762d07d56e8a47fa0545b
u_03855,2025-10-27,free,CH,newsletter,f886acc2c38024b47d30a62fe2065cf220609fc8e95b64fa05e805379ab05f18
u_03856,2025-03-01,free,CH,paid_search,bcbd91ef47cf9abf629c17248928a3571ceb73019468a300682d70068b9e9b97
u_03857,2026-02-10,premium,AT,paid_social,cb5386124a19e6cbce88cad9e695d7cd1d2be328ee4fd4573da0a86921b8d556
u_03858,2025-08-04,print,CH,direct,15f91ea4ee34dcd8958dc248d1da0e4c73ee72b05f0d0ec3e4365d28ff65241a
u_03859,2026-01-04,free,CH,organic,202ec4cc0c2042d977ad6757d25b53576ba526c8c3bf3e26b4e4e0bd6d65ee93
u_03860,2024-12-29,free,AT,newsletter,12eb9664bb23739fec7e7923e71f80ff6d5264365d4a7533ecd8fd0fe6a9c7d5
u_03861,2025-08-27,free,CH,referral,74c44506ac9fd7d5456bf344f5f2e0c7e0286703ca28ab301c5bfebfee06398b
u_03862,2024-11-21,free,DE,organic,78b3958c1b2e9a755d1b4bedf16b2669a6060b55fb81136de7d1cb152ecb5fc1
u_03863,2025-12-17,premium,CH,direct,b3e90006ac0bc6a92230b858aa0aff0a570f8dc2583019fb36953c1942493b0a
u_03864,2025-05-29,digital,CH,newsletter,1dad2718f13752e482cc148eb1dc8f343824895e8d0d9ffa86db69043d4513b8
u_03865,2026-05-25,free,CH,referral,fb386d594d831967b7be336324bac6fd2626718cfb96c2aff9ef2a21d0510c11
u_03866,2025-05-15,free,CH,organic,5ac4c245911b80efd56344bac6c55952b9743307ce0f6f8fd5de051bbcc42d48
u_03867,2025-09-29,free,CH,organic,f6b31413d8b75911f1597aeccc1ab32d0e81cf08b85921d93259cbcd756bc799
u_03868,2025-03-28,free,DE,referral,2bb5e459a63212028effc48c65f2ecf83cda5098060d3e9a8e3eaf63a977df94
u_03869,2025-11-07,free,CH,organic,dce99a07ff185eebda7d2f4def58c2c5b0b46f6c3a8ddeefc90670e02bc148c0
u_03870,2025-08-25,digital,AT,organic,82267cf1d61f4d0d91a432064e2c5e4f4859eb2aabf4342026d11ec22581fc9a
u_03871,2025-06-17,free,CH,paid_search,2b16d685e6aa622ba09ed21c65c76495075ae47281d6f681ca7562d7a166cfb9
u_03872,2025-02-17,premium,CH,organic,e2a660964bac44d0d1c5ae6c44bddb2df7b141cb9a1ed1480f139e4b72cfcecd
u_03873,2025-01-09,free,AT,referral,7fa3da364ef6ff49020f277da4af2a2a05af99f7ddbabe570cb85e69ca541cb1
u_03874,2025-01-12,digital,AT,paid_social,4ef798a00029abd876b39a5111daab2699457b99ee0907a3487b7f66278fd120
u_03875,2026-06-30,free,CH,organic,5ce2fd700d7c2fa69700dfae8247b1c759afe29c9f7e62a207a3e9762150fe5a
u_03876,2025-07-17,free,CH,paid_social,65293f689cf9d2e3afc2f1458b74ca5253fc5ae73753f2fd66e45b9943ab59d1
u_03877,2024-11-02,premium,CH,organic,16f63036e624ed125ad57202a88f67ee520ce0d9d6d8b2d18d4274de8ca977f9
u_03878,2026-05-28,digital,CH,organic,b8674d1334600176d2ea4fe6afbdcce5819f42fb32614bc758b8335d71242898
u_03879,2024-11-15,free,DE,paid_search,15d9fc7c1f07d54477952b091f3b6609be9cf39e7e6cdbcd2cf83f8869417ebf
u_03880,2025-07-22,free,CH,paid_search,c1dc7fa8f938ab2dcf1a92a4bbe4c3af06aba17fc9d8a8f984c87a3ce18f81c2
u_03881,2026-01-08,digital,CH,paid_search,e1e087661ad2ee7caed2c11fd2875ddef1440c8fc3dadddf0ba0b9adfd0b809d
u_03882,2026-04-30,premium,CH,paid_social,ea33ae52e502fc0bb136ef37f7f4db771c35732e6305b11ae22327a04a1a291d
u_03883,2026-01-06,digital,CH,paid_search,4703fa4cf8a71072dc6aa52582a976afba4656e1a7cd7c0d0d2f81593141b215
u_03884,2025-08-23,free,CH,paid_social,a030dc7503a55228497c4fc73db49d427e8835b70f2d2f45ade4227c89e67295
u_03885,2026-06-12,free,CH,paid_search,8bf58addd7d22ec485e2930c9e3168b4fa6c0670599b026442d6a8fa76180465
u_03886,2024-11-29,free,CH,referral,836247fd2ce97ec3fba17b08cb5995087ef8a40e88af77320924178a3ca0f3ed
u_03887,2026-06-21,free,OTHER,paid_social,616a1e8d6ed2322bb68ae7be8983bbcff469160d91c85395bfa99da9e94393e1
u_03888,2026-03-14,digital,AT,organic,0b07d2e43d98bb5a7cf8bcc7729879d83c5572281b3f40d2f6bee27795d97746
u_03889,2026-05-11,digital,CH,referral,5c52ed8dab72e04796eb766a1aabc07ff746ad3014e317afecd30d14963b4e0e
u_03890,2025-03-26,free,CH,newsletter,766952b010f022e7e79b64d7f27855b48c392ae4f1a3a1ce4502d490a4e0f623
u_03891,2025-01-19,digital,AT,organic,758d0d99876942e6c99822a1f0043fe2bdf0eaa1b0e424850526ed2a5e6b5298
u_03892,2025-12-08,digital,AT,paid_social,881734a39fdae3b03fcba47b813c5bf5a21739d1f3963d66f2beec28a186eba7
u_03893,2025-09-14,digital,AT,newsletter,502f01e0919de98622cebaf4d1ecb62e6ecd4fb3c5a121869fffc75dac1265bd
u_03894,2025-09-16,free,CH,organic,6a9ee5a3974ff2b365a877f106988a55d1387bd8101f8c0ff3876b72b8283e22
u_03895,2026-05-07,free,CH,direct,81b8cb381707534350bc9426325b44bb7b147bf01c2f90c2ff7d7d11ea8fe8f6
u_03896,2025-11-07,free,DE,paid_search,da9c6690d170c7151e3351e74bc554a2473eee0d1a404e0cfdd6bcf6255ab177
u_03897,2025-05-05,free,CH,referral,2cc5325101ef6b94faa528611ec789544696882fd739d2fa73a9a0a3fdababe3
u_03898,2025-07-08,free,CH,newsletter,a154d2f53ff38b2b43b741184974d9dcf68a54d0685d4d8b2e010f1890755cf5
u_03899,2025-01-16,free,CH,direct,b7be353d40dc55994963d7b33fad3d88523008b92a69dc9de92e487b60361148
u_03900,2025-02-09,free,CH,paid_social,4a9af7ec162091f58ef5541d41cb6d3165f9383e861e11a65c5e3c51f15965a0
u_03901,2025-01-20,free,CH,referral,2681b30fe6ff2857e29a5ae4bfb1d2776a2d1f82f87eb142b940a2a438071e9b
u_03902,2026-02-14,premium,CH,organic,ea67da3411fd9eceb95641b15293449d6130cd1accc8e026692375177e52e77a
u_03903,2026-01-03,digital,CH,paid_search,ed3f9d89954618df464d7aaf54554a31027cf9bb13c0019a20645a72cefaca9e
u_03904,2025-09-18,free,CH,newsletter,9957ed5d1feb3c72788d0d9f3e086692d42ea8565b300228e91181f7800f9f4c
u_03905,2025-06-20,premium,CH,paid_search,d4ada49a554821eedda2e7baaf9f7b00571ade805876f1c8116efc5c8b68062d
u_03906,2025-12-12,free,FR,newsletter,9605106a8a18923f3aa5e8b04a28ba3f167a6bc7a8006bc574c54fee502af6c7
u_03907,2026-02-16,free,CH,organic,5683454be1783ed529a08821cf4f183dbd9bb1cbe1248fced6edb554ac7cf860
u_03908,2026-04-06,digital,CH,organic,4cb4677320d40674be77259cfa429e63d0e75a334bb2b92d243749e134bca6b8
u_03909,2025-09-24,free,CH,organic,c18ed8008bb9e9633c6e2f0de33d39faa4e89ea8fec6069ea1c85c62c2c72ef1
u_03910,2026-02-21,free,CH,paid_social,bed3c3be184cbe62b55a86677743ebca15645fa8375b65341f7dc2bf84d6bfae
u_03911,2025-09-12,free,CH,organic,43c22be0d52a90d54272759ac4e6a84857f17884395d1f738f540e11dfef590f
u_03912,2025-08-31,free,CH,paid_search,97cfcf174591f01608265a5c3d4d9628b9d0308e36170870d21a1cc3bf371f14
u_03913,2026-03-26,digital,AT,direct,b6962e7bdd60f084baa514c52efc88cf9d27968e611de160751e170e42a8d71f
u_03914,2025-06-28,free,CH,newsletter,cb9edfe80987df19b5d349639657cd7526de1d557ab60d178cbe6d8efb1cdf62
u_03915,2025-07-05,free,OTHER,referral,16825ffb1b17fa043b6a7344062aa6cc3ccf0319ecf19fe55c8641beaba115e2
u_03916,2025-05-01,free,CH,organic,639650954f870f08448c8cd36219536951125ed5aef6b7906d6245f91f50c3fb
u_03917,2025-09-15,free,CH,paid_search,f1894f024615a2aa62b70afbf2725267d553129715857dcdafe46b29cc1c2aa1
u_03918,2025-09-23,free,CH,referral,baed8c68e4d2b543ef5d7ab78ae59a1160fa3d02e81fc97252517ed93b2070ec
u_03919,2025-12-06,premium,CH,organic,1f440f22cb3cbdcaf998fa9b3662567781b7cc0d1f0aa52799ba7ec17a333512
u_03920,2025-07-30,digital,FR,paid_search,a96f71e545ffbf90ff4d9f458fa3370e7f287fe7a1aa9a4e08379b9b1efddf8c
u_03921,2025-02-28,free,DE,direct,a73fb667710e0fb9e329144cb71129f29fdef93baf70f662a8b6ce9b4f599ca2
u_03922,2026-03-27,digital,CH,organic,60ed724a0313f2cb33cb08ea869505bda6d27b9053311785fa57f93bf70b1ffa
u_03923,2025-05-31,free,CH,direct,6bc9fa30c1a250676a2916e6408c29dbcc781b6d0a34e107cf2408c5dcc4c146
u_03924,2026-05-06,free,OTHER,organic,d225ce46256071339cf120d1c4d4f034e894e516801fcfb3ed6dfee6312b92ca
u_03925,2025-02-20,free,CH,organic,fe06bf926be97ab297baef4df21fe737546229f3091af415cbcdde838a370326
u_03926,2025-09-28,free,CH,organic,53db0bb2a29e2dcd5a8bbcd5ab0c39d6c3a20fdc43953311a334f58eb1214e79
u_03927,2025-09-20,digital,CH,direct,3a264e8c00003947e2607518146115eda8dc748359dc13e18fca94e90d05bba0
u_03928,2026-02-28,print,CH,paid_social,f856df3a48a0fdf764585e086aa744d42be2f8c3603e110b52b922c2b3598dba
u_03929,2025-01-18,free,DE,referral,0baa1cd722badad4ba2ecfa157a7f1a79501619ed70c622b6e80374c6ed32e0a
u_03930,2026-04-27,free,CH,paid_search,d678e87beb405c7cb19d0015284f897d95faba7dc8d39e76018c2d3ba7267ae2
u_03931,2025-09-19,digital,DE,newsletter,d54686eb5088bb51cef3773096929e030442c381db7eb2d3e26372d42bf0babf
u_03932,2025-10-14,free,CH,paid_social,55c44614c9d7fe25de58fbc8413184b56c955362f5b02302285ebc99b38ed204
u_03933,2025-09-12,free,CH,paid_social,88e46b9ffea494c01e2d79978ae3548d8eca7e675fdf9e74c9cedc115ab73658
u_03934,2024-11-26,print,CH,referral,71bff258e712260dfe5d6471e5f9eaa875f2d717986c10865187a6d7259fee5e
u_03935,2025-09-08,digital,DE,referral,9eca5e357c373bf18be5e0ca35697e8ea7d62ec38d06c19826cbea4ff63fa673
u_03936,2025-04-01,print,CH,referral,9a046741556ecd38fe569ea3fd50d571c58f17f370d8efe624e28ad559e42451
u_03937,2025-05-28,free,AT,organic,79c56310f3eb4ccf653b13cf0a1dc971311a82c7c7249c2cd5e96a335befa9a7
u_03938,2025-11-28,free,CH,newsletter,3b8528706078712eed4d73b54ce913f4960285e056ccbccd0e29848bc310a096
u_03939,2025-09-08,free,CH,organic,c706120b485a187491a12d56537b195562e3d4369a6d90d64df3bd54674727f3
u_03940,2025-01-03,premium,AT,direct,9057151045550a555748cfad453916b04c60accc0557ade72f0ec793b58b7ef3
u_03941,2024-12-23,free,DE,paid_search,18b68c5a6f0e8fb28ff0f98cc828a3caa1bc078192a06c103d9bda02ab7c87a2
u_03942,2025-02-04,free,CH,organic,9f96533259bc129071edd0f4e0466d65c99c022e7748d2034746a23d91d00bbd
u_03943,2025-02-08,free,DE,paid_search,41baed60758c0399d39b51d63264a14060e98436c3d60883d1d2b0c50631693f
u_03944,2025-10-30,digital,CH,paid_social,2c3c1a456ee4afa13aa5c2bf08ba1a3fb4118c53b6947fd93dc1a9a479b45b7c
u_03945,2025-01-31,digital,CH,paid_search,fdc766e34f447d6f2abbefb70d7a16ce604e7886224686bfe13d37825c42ee47
u_03946,2026-04-07,digital,DE,newsletter,cb8f6969558cc72541aa34e6599cbd118b36ab8466385a9982f45ec48eceb613
u_03947,2025-02-22,free,DE,referral,f9df75013d05ebd66dea1562259014b15274fcc29997f43ef1fe8bdd5f8e9704
u_03948,2025-01-02,digital,CH,organic,571dc812b23405116d43814975cae5671ef65f5bbb403bbdfbeacfcf39fc1a1b
u_03949,2026-04-02,free,FR,paid_social,4d6491acca4012db9391d0461184a537361bdeb7b9b353be4228e1bebd7cb404
u_03950,2025-04-24,free,CH,newsletter,455b78a027e6aa2b0b36bf549a480f093e5b15ae8e09e4f4103045e353a2e886
u_03951,2025-07-26,free,AT,newsletter,6adfacebed3d955767ff14fbd4e978b8964bbdbd53318f96b986825deb1fc582
u_03952,2026-06-01,free,DE,paid_search,c21d1dbcd06957e28e2c4af988037d4ea329fb00cfd74443a323841fe09c5a8d
u_03953,2026-05-22,free,AT,direct,cb330d97d3e397a817a60a51981b59dbbd6efb2bc01f53ad5e5f61621ae919d6
u_03954,2026-01-07,print,DE,organic,12b1c1641b46162cf31dfd7387d2a9752cadeb2762867622f84cb0e8ed9a89ef
u_03955,2024-12-20,free,IT,paid_social,5ee9fa90a67ef8e568d6a535ef8d68628dc4e2ab9adc7b99492eb1646bbcbf02
u_03956,2025-10-19,free,CH,newsletter,d2c328c233e6d233d3d97986fcabce2d194c7ffdb88e321104ee37fab478bd53
u_03957,2026-06-23,digital,CH,paid_search,602d6f96dacb000804ab814b6cfe150ed7fb13eceec9dc49fad3223d9f4b06fb
u_03958,2026-05-23,digital,CH,organic,5ac5c5db8aa61642b5ce65ca54065e836fb596e214176bc511c269d179a0efc1
u_03959,2025-01-07,free,DE,referral,44e1d74424d4ef5b44e109a7a3c8c8b70b4d0ff1630b308ca167eca767ad0d8b
u_03960,2025-07-05,digital,CH,paid_search,b1cc99bd79bedb5d8de4cc4d802dfe2fcbd67fa515df60fb6221f507a0b52cec
u_03961,2025-05-09,free,AT,organic,baff4e2e7966c30939c988a51e1bebe425913da3814c752389c2c2011969ecb7
u_03962,2025-01-15,free,CH,organic,a4bb0c5a6594d019a7b5489fbfaaaeeeafd75aac9066659d74b767da9e047322
u_03963,2025-12-31,digital,AT,referral,e4113bd67a936e954aae4ff82f542b2b761cac226395f5d141768c7cb1b61d39
u_03964,2025-04-09,digital,CH,organic,abeecdca4729c0d356784c482685ff8d2e243cdead970a258b13bd37a6fb1da1
u_03965,2025-05-30,free,DE,paid_search,abfb79d0b8b1a226df23769f303e2cb8ec27176238f3525f0fcb53e7d1c7f4e5
u_03966,2025-01-02,free,FR,direct,e4ff14c6e0d4451c0d61370cfb485a2e643009722aabf13dc3d644feff5298b7
u_03967,2025-09-08,free,CH,referral,9bb976a06898e956945bfa44d3cd15be784fd7b0f1d8460b5b38b54901d1525a
u_03968,2025-01-24,free,CH,paid_social,06ecfb60615d144f038a883316305fad469e7b16637d431982d1a8c9c7f88c2a
u_03969,2025-07-31,premium,CH,paid_social,786882469175fc3e16b7de91d80f03e53ffbf319fb1da55ceb1745a3bc793f47
u_03970,2025-01-20,free,DE,organic,5fe8cdddd593c10f509ca976380ce21fc433116b169ce926ee8957d29c531848
u_03971,2026-05-28,premium,DE,paid_search,394aed552a0d800f56982dd4575c82abd0ac910a9a0c0ee531c4ad9dc7d52473
u_03972,2025-01-20,free,CH,organic,184ac965009568891ad8216015bdf80fbde4341d098883b62db9c161e15a79b4
u_03973,2025-09-16,digital,CH,organic,96d35937248b78de9d867d4fa280e466cedd122c84ea8ac5186696853bd1c18d
u_03974,2025-02-13,free,CH,organic,97703fe3b0da81a6e9e71f1ad7cb43fc9cd31cd0d377183b0d957144fb0c7007
u_03975,2024-12-25,free,CH,paid_social,8c31fa03ce695896b34be986929e2dc925738f531e1c50f783fe7a47fd6de470
u_03976,2025-02-16,free,DE,organic,5d7bc45efd8f673a889a2614b4b3ee0e706deea5e94053e0b57abc51a6328742
u_03977,2024-12-10,free,CH,organic,1d7ee84f1fe9ec0eed1ce992cc48ea399962b4432e0e3eb92e97921bd98ec1d6
u_03978,2025-01-18,premium,FR,newsletter,09fc35cc509eb37cf0ca2376e81bac96b648e55e4159264b5b8aa05c8434f833
u_03979,2025-09-06,digital,IT,organic,48b461e65b604206021d9cda3e6a5e09bd13d3472ae33f556e2df77d498dffc1
u_03980,2025-11-30,digital,AT,referral,5f18d1cce69c2a18b86b8588b9c703cc041486a6f34e80d495e0974bd45deb04
u_03981,2025-01-01,free,CH,paid_search,110e08d1e5efe0e9ecb84c03b4877d20deb68b68b9218878d0f9eba75ebc5b24
u_03982,2025-08-07,digital,CH,paid_social,7a617af59d8057df0d095a17dd806cfdbd0c068dbb411007e307960aa1e9008f
u_03983,2025-10-10,digital,DE,organic,d53722b84d66699b364324d2041e82ae6271fb4c0dd42c806a2dca8023417a64
u_03984,2025-03-11,digital,DE,organic,e52d306bdd775da7fad28e90d5f2a81288e06004c96711acb0ea041b1a05ff52
u_03985,2025-06-18,digital,IT,newsletter,b9842b269d8f27b6d7848bcd8dca01a450bcbc48008c0dab5c8e17ca91fba695
u_03986,2024-12-22,digital,CH,paid_search,85c966737fcf5919d097aa197e29a8c514240a4db554fcf108f4dcf59dd3d637
u_03987,2025-03-01,free,CH,organic,5e69996465cac66e869ce6e946ec68a5bf375ca87eb142eed02feebf34c7a0d9
u_03988,2025-08-25,print,OTHER,paid_search,5f8184a85b1a891f952256222dd6f4c6d834bef8f071fe456b81d557d63ba68c
u_03989,2026-06-24,free,DE,paid_social,4bcdb200c44b6a0b91c35659247b85e2d56665a208089c21d216923a655d1f73
u_03990,2026-06-28,free,CH,organic,fbaf291e33b77bc731ac4573b5182fd7c7c10865f6a9ead37be362279d223653
u_03991,2026-06-16,premium,DE,paid_social,62c9dd5dee58cfa1e311176b396c78c6ebb2fc3934478eb97399d9c91b3b4e46
u_03992,2025-07-25,free,CH,paid_social,f2a8072f46a46daf1f7358e27a3cc9e954bf9c6b2a77e331664aa7c6b6b2c4d7
u_03993,2024-12-28,free,CH,paid_social,ad67460611d4f94879a8ac22c84965a41c1e46281e5b5c3b2a2d13d4295be3ad
u_03994,2025-05-14,free,CH,newsletter,29a16fcd6f08c64e7dcc36d9b31f3bc2de0872ce536f73ae5a176e1d6e83db03
u_03995,2025-03-14,free,CH,paid_search,75221338958df68f584ea83dd59831461426e44247c2564c832988c578ffc2fe
u_03996,2024-11-11,premium,CH,newsletter,e10508640c69ec72cdc4d99f6f62a593b9b64a19583ec99597342380b66fee8a
u_03997,2025-01-04,digital,CH,paid_search,198176345d5b645a6f6e92e17c8091bdf55226daee878aa8226b80bf77d7a3e9
u_03998,2025-08-15,free,CH,paid_search,33eae754cb346891b505a06f986c854b1ca26a1e2b84190bfedcbe05025413d1
u_03999,2025-05-26,print,CH,paid_social,c5c3b1d13624a296f32da21e111080907c02df37dcb7a37493077b939f388024
u_04000,2025-02-01,digital,CH,paid_social,6b7cbb291e7b0fd21d461411f1ba2c4e113b09eb91ab193fe971bd8ccc53e930
u_04001,2026-01-07,premium,CH,organic,81d92078b37a92ca82d7b0cf47b614895efef6b22edf1d3688d04fa6b1ed834e
u_04002,2025-06-07,free,DE,direct,65b9e226fdeae0f40566c9fb1bd2d7ff004ee875c67f4d106cd784acc6e0011d
u_04003,2026-03-16,free,CH,direct,8bb452169b140ac5de861d3958624cb940519e98daa266138283ce0f9dd5f74e
u_04004,2025-03-16,free,CH,paid_search,8170f4eebd4c15930638c4732060a7f243fc229887f80894fabedef123870452
u_04005,2025-09-21,free,CH,paid_social,67b6ab4efa68892851da15be52b6a92e789d693656a1c8fa21acc2295f1f9e60
u_04006,2025-02-03,digital,DE,referral,16862b70cb2321764c88d28459ba1e4e60ed7d36bf3c0ebab51aac08c1f44ae1
u_04007,2025-09-07,free,AT,direct,6fb9f56575e173fcc75d439cfbbff5e9963508f9be5dc3c5173cd32ba8beb9a9
u_04008,2025-01-22,free,IT,paid_social,dcf4dd492b03d62d98b15d7366412dc6aa84a6f04d149108f4c583f14e37c8a8
u_04009,2025-01-25,digital,FR,organic,fe6d4adf1bfec042d76c1090089714903db2c20f2f042ba751adf89aae4b540b
u_04010,2025-11-02,free,CH,referral,1df1c1d584678b963f4f1f4b8578f7cae0dbf5f783a3dc2ec5c5da61046eac35
u_04011,2025-04-02,free,AT,organic,b3afe690dd472880dfb77f6a4c1342cfea6506e47abcc269d78f674a7d20dbd0
u_04012,2025-01-29,digital,CH,paid_social,56bd3c5b4b65734a8abcc960c33d28e808eb93e580e5d2eff9bf447698485e9e
u_04013,2026-05-11,premium,DE,paid_social,a862ae0df6f14bfbdb5f45c0202ed397fa591ac0b547c1bdd1e5f085e2b2b063
u_04014,2024-12-01,free,FR,paid_social,7de804547df253288316067018faa5b5800b491942f32b00c95a64439f857e69
u_04015,2025-09-30,print,DE,organic,04f0fa7fb76bd4fe7c428aa5a3d6015cbbb7e6ce48d64e29726f40d59fdfd296
u_04016,2025-09-24,digital,CH,paid_search,57492b83619024f8865e29a0caeb650b41e08e0ee0fc728d89f193818891d470
u_04017,2025-03-23,digital,CH,paid_social,f2d809d1b31cde61dc389440861661bbac9ac80b273ac8587e318f0bb31f29bb
u_04018,2025-08-15,free,CH,paid_search,9711c6d76fdc4ad8a34c40fa7fddab6b910c56f59af0598a6f56b80198629511
u_04019,2025-01-01,digital,CH,organic,782780588f08ba1f32013f2d0d853d3875b8c4e80d64c1c9be9251e530e63eca
u_04020,2026-01-09,digital,DE,organic,ecd64161f4b811dae2f276d6917a0142087d942a37d950ff196b45bb5e017c60
u_04021,2025-03-02,free,DE,newsletter,9d02ec1e52ea2e5f787d28bef924bca7afbd51fbb7e46ce77aacdbf68edb143a
u_04022,2025-02-10,print,CH,paid_search,c6c8ba7ed4ab8305eec8fb6747a09c64d2b0b11346c06ef035fdbfb10e4b253a
u_04023,2025-05-08,premium,DE,paid_social,f2ffca04126c6d5502e9a618daa2f825f848f86cb11f6f26d563b8fb5296e8f5
u_04024,2026-04-21,free,CH,paid_social,e4251aa863248be67b16fb59b1f7689b0149e56075718fbf373d40687712b2a6
u_04025,2026-02-04,digital,CH,newsletter,437d7e5d52fa9e40ac80259bd3d63171abd0e920258556da83c27f7fe39dc8d7
u_04026,2026-05-23,free,CH,paid_social,8add6867f6d7e5e690978227827bf819ed63cca8617ad5433da2dffa218523c4
u_04027,2025-11-30,digital,CH,organic,833fadf205c85f771b788369ed878a7ef953c1487dbca7d4a82af303d287c0c5
u_04028,2025-12-08,digital,DE,organic,834580699294f4ebd8f28827ec1bb30a1eee4685823246340862b5959c2cbef1
u_04029,2025-09-02,free,DE,organic,6ead2049ce466dcee1e59083e207a244fe1fbf6e5196a9c516897e552909a293
u_04030,2026-04-23,free,DE,newsletter,191b4e47bde789a9809fb9bd8f6b10ec9485b9d3073453a92535210988f467f7
u_04031,2025-09-12,free,CH,paid_social,52bf917b5783744f2badbbc786bd5b706b7bf24493ff6e9c1f406a95f468a14f
u_04032,2025-06-06,premium,CH,referral,7c574430fd11c78014c82f30850a94ad158fc096289dc185c422d45839b3e758
u_04033,2025-11-22,free,CH,referral,88eea883b73f60c04f4bb69e38b7f2e6becc3e9f93965e51b0dfa379417bfe06
u_04034,2025-09-24,premium,CH,newsletter,43eac914aa2bfece1d24af8e15276671419831dd16c38bfa3f6a76e3fb9d858a
u_04035,2025-01-13,free,CH,direct,4c0141aeec1a691daa68908aac2250d54d7658e51d2ba410e388c0e7aec3d840
u_04036,2025-07-03,free,CH,paid_social,9484aea0594be4de254bc8e0db2164503d5f447847e560342380c229463dd7d2
u_04037,2025-05-07,premium,AT,organic,70932dcdf65bd90c8d453a7c2310c77135f288db605dbf0f77c6e7f6b6f5edd8
u_04038,2026-03-13,digital,CH,organic,cf131484adb7ad867c31f692639bb05df31180c5c682ff44712e7da7968500b4
u_04039,2025-06-23,free,DE,paid_social,a68c04399f3238f7c8288674e3d2796f8fde05721b66faabc86a2560343ea40d
u_04040,2026-02-22,free,CH,referral,6b2a95fabed5a4532b297b8da5601a9b1f4e408e2015e92151163cb2c4d9c5a0
u_04041,2025-08-08,free,CH,paid_social,74d327793a97ecdcd687ef1c18b0589052c99f1476800fcbd5fe4c304a35cefb
u_04042,2026-01-19,free,DE,paid_search,b95eccb2f5730580bdc54b56b738f682a0af5b67a41bec7f0c3f3723c551c53c
u_04043,2025-01-17,free,DE,referral,1bf674d766c995d18b9e09e9a999108423b26821766e547d9a71628c6293c300
u_04044,2026-05-07,digital,AT,paid_search,cead51423dbb48ce85e0f371ddd12579c9c337ab07b01d6022b5dd9f3032ab52
u_04045,2025-09-02,free,DE,paid_search,53143d529940d02abfe6d62daaf7a64da91f501d0782278b7811ab201e83517b
u_04046,2025-03-30,free,CH,newsletter,67474db1fb5034cb92478327a793d09b6ff3d67d092dde54879e8bdcd2c29643
u_04047,2025-03-17,free,OTHER,paid_social,c07d931eb9b0d75b93be64a54dfd02b104f830c193ebda880c5d89820bcd38ec
u_04048,2025-04-02,free,FR,paid_search,1d394e74b2b4e7e389f62f4ff13ac9cb464854898194c416fd4f67299c6caa5b
u_04049,2025-06-14,print,CH,paid_search,807635d6dc56c8189560950df71d282e1746ee1323fd965577a752fbd503eec1
u_04050,2026-01-08,free,CH,paid_social,eee73789aef8ae0b4b5995d3d51bdc223acc84d427edaf5a25606c988e9efa5e
u_04051,2026-05-25,free,CH,paid_search,be5dcf46aabb0b1d82e6d6290ae60c4d225055db94c671443e693e077bb69957
u_04052,2025-12-12,digital,DE,organic,b2c650aaf10a12dc633826df14c4009c3e4a8e2fe53d512c784803f91ccf8b0e
u_04053,2025-09-24,premium,FR,paid_social,81ad564da4d61737dc6fe612f96c85cade89bfb2fc7e18a1d463082712ddfc5b
u_04054,2025-08-12,digital,DE,referral,9ae76ca07f59d0d167c1b3a71d3d23074bb4a7bf2e8c22601620fbee4b7652f3
u_04055,2026-02-27,digital,CH,organic,c8ab519cfbfa4880659fc9b5d1babe1289894cf0477cbc91654e068f01337c24
u_04056,2026-03-15,premium,CH,paid_social,1a5109f7e20a8d8c1d64711495eeb734e0dfbba45c501301b043f548ec9a50a1
u_04057,2025-04-23,digital,CH,paid_social,4ba6cea1620a83669e9143f7bc2e0ea7cf63522c0a8d0fed29a6a4455a44004b
u_04058,2026-05-28,print,CH,paid_search,761a6996f5e3dfc4b9370383cf8a4f3f6ee266aa0e1436438b2a62b57bc95e4a
u_04059,2025-07-05,free,CH,paid_search,6bd042439050b47ff88edbd397a3e02100563217591b95c83192014ce81a9a10
u_04060,2026-02-07,digital,CH,paid_search,219d8122d726874f6e8ca6f0e29543cbb034e51848018f0d5ba748f6fb1425cc
u_04061,2026-06-07,premium,CH,paid_search,9b4b019c4fdf8dc04cf3e021a8ae17124f45f8c2f9457e07dc259963126fd33e
u_04062,2026-01-03,premium,CH,newsletter,ab9b5cf1f8f57f2b163e4968b16bccb37e65b490b66eb45cf6cfafc8797e14a8
u_04063,2025-01-25,free,DE,paid_search,4b99f9d0ef1627d857778fb9b01efebc92072b55f5e56ffc5b90d237b2126a22
u_04064,2025-10-14,digital,CH,direct,5ba7ce0d966b38c5f8adf83b087bc8607e3f2e5f8bab76d25c21539ed199094f
u_04065,2025-01-12,free,CH,paid_search,624950b44851b27d9091067b2cbf7088463cdebc7d9f65f1339a09e4f68cb67a
u_04066,2026-01-31,digital,CH,referral,19e9541306fab98d712d3e62773a4a95a169fa2488813a7880f5a72dcd069d1d
u_04067,2025-04-14,free,IT,paid_social,3e9c0870ecbf3202f9341a0245ef894c9409119b19f1dc70bc33f623a1114ba2
u_04068,2025-12-31,digital,DE,referral,0e509ddd9a9af8b5e238690a1e6c9b8012be47844feb9bc8d472a663d973afbd
u_04069,2026-04-27,digital,CH,newsletter,0aaf8b663af86f5222421eef0aab100db238c2f61544b5a59aa9ac6c8b5c04d9
u_04070,2025-02-01,free,DE,paid_social,eafafd569b6b683831957903cf506ebb59ea3b9991e58bbda6d81d20cd2b315a
u_04071,2025-07-03,free,DE,paid_search,6ac8e9192e97b2a95690d050f7cf52354c374498003f38590d16708ecfc49392
u_04072,2025-11-27,free,CH,direct,7397a4b1d58c559bc7ba735283e6fffbe6b616d2ba824603f0d70cacab81fc3c
u_04073,2025-07-22,digital,CH,direct,ae056daa69e4a0294b51ed5bcde76f5b84bda57fc652e6afd47caa334292ece9
u_04074,2025-01-30,digital,CH,direct,c5d819905656d58ab5565d457e274ead20dc4f7fee3e1ed4538818037ba43150
u_04075,2024-11-21,digital,CH,organic,ecff4c90152a7d46a16bdf20d4462325a9b2c9d5835d6590d9c145bf7eb73be9
u_04076,2025-07-13,free,CH,organic,03784771dd7fde5b12aacf5b5840f6358b0f568ed6a0bcaec8b89cd119add6e6
u_04077,2025-11-28,digital,CH,paid_search,9a74f18cd2ad6200170116b8d676683ec1ce1b9bad8a3feccb0fb10cd554374f
u_04078,2025-10-05,digital,CH,referral,cbece8fa7fc46cc1ee968c2779d5c0a7668c22e97e880995356b093ffccf924f
u_04079,2025-01-24,free,CH,organic,a235cc0b2c55ae746ddd2564410eedbd8c134cdf53c77be649d6b3c261224eed
u_04080,2025-08-14,free,CH,paid_search,66427163bcb8704cba1e4200abc4c98fd99b5b51e5543679918ec077f8ffad50
u_04081,2025-06-16,free,CH,paid_social,2c2b4866daf80f73723d98f66b4cedd900fd90b7ee43509198c1cbcd9e069215
u_04082,2025-04-09,free,CH,organic,4822501543d9fb6213e9e3c6c4660e50d4db2f40761e8c9c0c9935df91546c60
u_04083,2026-01-11,free,CH,referral,ae3f30eaeb684f95d43f27b290df9a8962be7a68e89915e0565c46c004bbb665
u_04084,2025-05-04,free,CH,organic,e523b2627c5105b024ec581aaf1ddb01ce415fd8104c7a934a9b0b5b793885fa
u_04085,2025-09-22,free,DE,newsletter,5ebfe52e32763a9ea80c92c48bbf037c0707c383001467f1fbbbbebed3c308b1
u_04086,2026-05-06,free,CH,paid_search,39d2af0f9ef1cdf58c874ceac82eb83960e90143b14b757c0d44f8adbfcf7a7d
u_04087,2025-09-21,free,CH,paid_social,44a990d68c62655156dbc6bbd896a3f35c120d17f6040a40e203a586af858397
u_04088,2025-11-05,digital,CH,paid_social,6fe70e0ceddba1d30aaa471a7869b48be870fbd8e80a3802d6540551e0642045
u_04089,2024-12-23,free,CH,paid_search,eb5f6874e4cf049ea2656867ff4b0381960e3368d76285dbc2d2d9f3deae8983
u_04090,2025-01-31,free,CH,paid_search,aa35ad1e256a23729882abfccf2b6492bb29a6e387bf42ebb504bb205e837acc
u_04091,2025-01-06,digital,CH,newsletter,bf748aada666d2d3ac1aacc1d55749db37a90eacc1ca36cee417243d7f9adde2
u_04092,2026-01-23,free,CH,paid_social,874131af6fa599e86ec4e3a275d6d714e2a983b03946b23e4a78a8393e6989c1
u_04093,2026-03-05,free,FR,organic,4c24656df16fffc701854446959d66b0118b33cbb616f77573ad80d76551d462
u_04094,2025-02-05,free,CH,referral,19948628411ac52e32ce2a89d790fba7feb86f5672d59ae82429231bbc39fc0a
u_04095,2025-03-01,free,CH,organic,70c4569c9e1945eeaaa82c546ff152f9df5dee31c60d4ab6cf547a4c9fef12a5
u_04096,2025-05-14,digital,CH,paid_search,03a11b6a41d7f837cdf29b696f6c07193e1dfa9d9986c16f0a032ba9a93f3fbc
u_04097,2025-10-17,free,DE,paid_search,e61accbaeab6c0c9828beaaf11036d88b893e59434856e9153cf20817d4bd8ae
u_04098,2025-11-08,free,CH,paid_search,a3c1c5b08ab62fc9053e451285d735c5dacd121caa76bd1a793b826b804f4b77
u_04099,2025-12-25,digital,AT,organic,3c5a5e204164e75c263704c63c8c71265ed76afdb16f95a1f63c10b7670f18c1
u_04100,2026-04-23,print,CH,organic,91cf0b62ee748079ebcbc9843b9043a7ac6b30de5a6ca11ec022c95c63565308
u_04101,2025-04-24,free,CH,organic,3118360de218f25fb9a077bb803ac5e1573150267473e6cb1707d7a920a3ef72
u_04102,2025-12-05,free,CH,paid_search,2e75f738a2c70642dc30e1d2f70b44d9fb9caa8c37f3857b471e0b8a3c3bc285
u_04103,2025-09-28,free,AT,paid_social,a67fb5a83835e7547fd1ba26015f07880115c04af7e08f4d8f10ee3b37bb0351
u_04104,2025-05-02,digital,OTHER,paid_social,932282d468f06e59e963326ab63423571b809d92bd0ed97ed232bf75c6e3d02f
u_04105,2026-04-25,digital,AT,organic,73f3512c308ae3ce89bfb78ea00800261d29fadc51049359b7a280d6910e0d20
u_04106,2025-01-04,digital,CH,organic,b3b8698e9abbfb36401487183e680437d23d95de8270535996c95a2d64cbcae8
u_04107,2026-01-06,free,DE,paid_social,f1b686772389ea24123d0588c35e4953182c3e2d2fe81f4d8a12692ae06024bf
u_04108,2026-01-11,free,CH,paid_social,759abd557519ace2e8a406c6516ba8bdb10eb2096a150bf3d94ac05d21446034
u_04109,2026-05-01,digital,CH,newsletter,8aa2d7c2af649de5e5906c104653007cd8603330cf7573a69589af5fedaf4f4c
u_04110,2025-09-15,free,CH,organic,7b2d2df144270fbeb5dc3b502affca5f4bdb1aed6a4a68190e328f7912214562
u_04111,2025-05-13,print,IT,organic,47ed5ed1fb35cebeb9a7790e218fafded4f678282915f04d8f2e0cd848d9bd74
u_04112,2026-02-27,free,CH,paid_search,f64cbba580993d7abeb2b893ff91847747157386c48ef1853fc849b11c2b49b3
u_04113,2026-01-25,free,CH,paid_social,050b975bd12ddf4c6668bd929826e8125044a631118fff6bf0b6927a441662b1
u_04114,2025-09-09,free,CH,paid_search,3aca4efa9531871db7458dcded8761c097e69069b609a5954a7e1449208c788b
u_04115,2026-01-24,free,CH,organic,f109ac8fa2365fff861ea8dcfd831f96d73c82ca02a346ad57d9804ac563f587
u_04116,2025-04-04,digital,CH,organic,27f4b2831d646b143e0a455632f2900240df8d10db0e87159c538d9ea869333f
u_04117,2025-10-16,free,AT,paid_social,0f4f2273fa273a0cd6ce32b915f5b6f65f499f7b939a521f533cf0a68d0fcc3e
u_04118,2026-03-26,digital,CH,paid_search,53e9811eccbb868ff8b41fe12f176bf01d382e2c3adfda74f91eb966ab4ea5d2
u_04119,2025-05-10,digital,CH,paid_social,f9a26961e90dfe5e709c456bc960dd15069ff62e107e1935501fd2617e444bd3
u_04120,2025-09-03,premium,CH,paid_search,bfff7a3729bcc255a67a33b865e4ba1ffa362a428bb78ed60dc89f34adbbe70a
u_04121,2026-05-26,digital,CH,paid_search,8a5e6a5ec35b0b5dcc4f9fb8f3d9642e5f230734e1cef6005f7ba0a4e49c1703
u_04122,2026-02-06,print,CH,organic,520bd1dc3ca1cdca1203710c272b84a08f592e1f60e28321248032b8cd415868
u_04123,2026-04-10,premium,CH,direct,7283eafddd746f0a3d155ef3b21e7d94025341ddeed471e12798b12cce2fea84
u_04124,2025-06-28,free,CH,organic,c80a13ecf4de127001dede278c0cc2354a726f9cd31bdb57b59c070c09ee43c7
u_04125,2026-06-28,premium,CH,organic,9dd163b78ec84d3c7c6e46e225953f9765594be58c6ef37f7d72862c51a1383d
u_04126,2025-01-23,print,FR,newsletter,5671b03dcdadfb3fe60abab206ce511afae66194713a2876fa969fd092d65b44
u_04127,2025-09-15,free,CH,organic,da466af67b260785f17f93e84b7ad090cb654424c68eae8d204eb2088308e32e
u_04128,2025-09-02,digital,CH,paid_search,ed128811b414205b9f573112c02403f2fe61d1acd86680d48ae50bf5bcc952c5
u_04129,2026-02-06,free,AT,organic,95fb790af408e81a81e81bb6234823a32d90933d0992867134a10596510b27c0
u_04130,2026-04-26,digital,CH,referral,b8090785f0a0a81a39141207a1e5af5c95b4d7e30f79ba85ef0050cc9c2a6943
u_04131,2026-01-12,free,AT,paid_search,ab1bcca6c884a79dcf26b257fcd598722e5d7b33f0447526fd45730c9abb6c5a
u_04132,2025-11-12,digital,FR,newsletter,0b742e94dbcb4ef0499c521e29c0145cb908551ba2246ec184345c9d466a79f0
u_04133,2025-07-28,free,DE,referral,8cc23f88acf827a500399a4208c23265bb9e60ab8e44be87d04e71dd0afbc300
u_04134,2025-09-12,digital,CH,paid_social,832923ce702295b97aa5d19c5a43b26c10258a30bf6086b2b5bcaa8dc9065d6a
u_04135,2025-09-11,free,DE,organic,c94ef150eb347fd553e737b16e171fc529bcf2c8bdd3a924672a9bb0f3a361bf
u_04136,2024-11-15,digital,CH,newsletter,bc116058a70fd2235411df657ef83ca936e6eb7a3c1496a983fa8819e7590fbb
u_04137,2025-09-09,free,CH,newsletter,ff0c9ee0e4b03ff76a43a003ee6c310d9850b2ab420b5f56e71531f874fed4c0
u_04138,2026-03-19,digital,IT,newsletter,7335d179b031c42228b156225ea4dca04541fbef634eb5dd62e44a3546a37932
u_04139,2026-01-05,free,CH,organic,6182225d19240d9537971840c77771d8a5865a631be8f40bb3481079a28c053e
u_04140,2026-02-04,free,DE,referral,3f2dc2bd1a2c24ead8dffb9db821a97b5a0748dfda36eeafa2ec41710cc4776d
u_04141,2025-07-01,free,CH,referral,943f4b1faec4a54513b2d41281b8663ce24a846deeb7517098bc81913df01e2a
u_04142,2025-09-18,premium,CH,direct,6b781ea43c2f43df6eb689eea238ce063f404dd7e071e9fc752304af16bce60c
u_04143,2024-11-25,free,CH,organic,c31bb5336e7f39dabf0f7c64da0c30bed607c27702a24328f0cf6e881b76ee02
u_04144,2025-06-26,digital,DE,newsletter,15cb8e2344a2bcf5dacee88b47d84be18107740429b1f4d27a55b9b9fe1fa55b
u_04145,2025-08-31,free,CH,referral,55037be96f0ac599d0a19eddf5cdbf72cac17b557706294dfc638fa7d466c314
u_04146,2025-03-26,digital,DE,newsletter,ea7b1752bd4915adbcad329a4958911ce5ac259d2dae8b564427551ff405c5b2
u_04147,2024-11-23,free,CH,referral,b955236eaffd18b4108587c91e5f07eff2bd5662e296183a22a2d2ed80611deb
u_04148,2025-12-28,free,AT,newsletter,20856a5c09a752760169448a7999f5ab044088f26a7a0a60823ea14d1d61117b
u_04149,2025-08-02,free,CH,paid_search,18a15fa7923ea0e90cd38dbe8ff2809b2835297bf089ce99857d457cd511ce4d
u_04150,2025-07-20,free,DE,organic,26e7c13ad70ffe2be18c32fbbafafaef1e685ae05f330c7086af5869a1986482
u_04151,2025-03-23,free,CH,paid_search,fc5eba521236b181969f834ec578335604e9205ace69d8a5f956fa86f02e1d22
u_04152,2025-09-21,free,CH,newsletter,cb9dd99521160fc0092244eb9b7f9ede2cc5d86080347a3d85bcdb587cc88a71
u_04153,2025-08-05,free,AT,organic,90c6dfc2bc3455fead582be4c70f0f04f9801604b51a9c1ef6915ace75d5764d
u_04154,2025-08-30,print,CH,paid_social,2c408619cd9476d3db582098adcd2810d933806470032ce6101aa881f261447a
u_04155,2025-10-10,free,CH,direct,bbb1443e5b1af30f6fa31da535a2f057e0eacbe158c46f69b4f92a90a1595774
u_04156,2024-11-05,premium,DE,newsletter,a1e993909ade0af1613e58f08719ba55f242e1d6673cc14169f8eb3f0274860b
u_04157,2026-04-25,free,DE,paid_social,db505f3bb63ac18862bc22faff37d9ab6e4c9d6ecdd5374331d1cea7cd45cb26
u_04158,2024-12-21,free,AT,newsletter,dcd6571076aa5fb0f3af8a004d471a6175ae74fcd964b42a586bf3de6e4b02f6
u_04159,2025-08-14,free,DE,organic,e765d80aa72021b1eed26fc230c83d16f7170f4e9937b4752c591777c04e5b10
u_04160,2025-02-20,free,FR,paid_search,ae7b75307fafe8540a5e7f725a27f34ab0e5d7360847efc37bd177401f2bc7e0
u_04161,2025-09-16,free,CH,paid_social,f4106c79fc62d03b941b06ef89804b130a0026ddbdce9ce20e746ed0a210bd27
u_04162,2025-04-13,premium,CH,newsletter,413424e7ab7c53af3a9b7f1563a415edf56f86a3a8be75814cd879eaaee3b34e
u_04163,2026-03-22,digital,DE,paid_search,f8f9779f4488bb04e64173f505b3a4bc04b928cd1a192d51bfb63b58b3acba66
u_04164,2025-07-06,digital,DE,organic,4d57d1ec98a0b4f3dea09e869471451c7565ddefe24625489e2fdaac64f42bdd
u_04165,2025-11-21,free,CH,referral,f1501a73bf3d4e760d2a3a83df13beb7cb05f2e88692091b102c267130869c44
u_04166,2025-03-22,free,CH,paid_search,e44258587f9e42b3178bce790e098f4a78ca593c739e847ff71da595351d0d7a
u_04167,2024-11-14,digital,CH,newsletter,53b0a5e64792f1ff2666519d7ff887f4b400196229f8d4a6035ed6317f0aa8dc
u_04168,2025-07-11,free,DE,paid_search,f6b9cad7593c01062e6ab75e9b41038a037d80ba047ce063ab100a6bb3102287
u_04169,2025-09-20,free,CH,newsletter,827b74bc7ea3505611e25f102fdfcee6308f402b08a88ba7d246415f0daaa482
u_04170,2025-08-20,free,DE,paid_social,db80081230297efecab249aa42795e9c387bb76298a97b865f08841498c3c2a1
u_04171,2026-06-03,free,DE,newsletter,c306372e474b12079921ab8e22b72950b9fea2c5122b3307b3318fd7a5537850
u_04172,2026-01-04,digital,CH,referral,746abc408dbf812693ee962305b40356b833ef10865031c3f5e3acf56bcf3d22
u_04173,2026-06-27,free,CH,organic,ef490e2fb0f24e80678e771c6717462912ce1a1a0e3b034202de0823fa549dd6
u_04174,2025-04-24,free,CH,paid_search,3b8c137a6637bdb17e86ffc20349ee120e2aaeaa25f124d736cfa8b3a1948d17
u_04175,2026-01-31,premium,CH,newsletter,8343fe8e993e206246987324e748003e38a79b7817505d196f5f8e63ba9af999
u_04176,2025-09-27,print,CH,organic,f24177648b22621e02b95dfc560017faa7be8424c0d3561335158f0b7a69692f
u_04177,2025-11-01,free,CH,referral,ee3ea65eecde951bf51d2bc9aafe9e58e391a5139891aa3f5d4c1465fcf74e40
u_04178,2026-06-20,free,DE,organic,28f6022e1a2e25f3c577459f3d284cb9f53711e22f70502db014bd30c29cb2a0
u_04179,2025-12-01,digital,CH,referral,18371fe72c9137a32e682e4a72d18ad69f4082ceda0a8ecfbae1ed3a98c07084
u_04180,2026-04-19,free,CH,organic,81172541f94861c0ffd0423ca9d336558a6f1ca5206b203ea52df97bf71615e5
u_04181,2026-01-10,free,CH,paid_social,e0752817547699a97751fb5a31f0d0214983f7a8c5c902db70ee44fe15fc3ee1
u_04182,2025-01-14,free,DE,paid_social,1b96b5ad5d83c067e4a6ee3fefc578bb1d605fa748a7929ac06188240a6146da
u_04183,2026-01-02,free,CH,organic,7ecf11f06e4d1cf4101cbc0bd02f6bab88f5f24e23070af56522d38bb3403925
u_04184,2025-09-03,print,CH,paid_search,18c430783d86f3d11f632f81624f984cc4f8ebfc36787a1bfd9f02590def71d7
u_04185,2026-05-03,digital,AT,newsletter,9512caeb21df52a8a5121c718084a42617fcca942afa09fd453d007e91847306
u_04186,2026-02-12,print,CH,referral,63fb6892c10694b7d2c8cf65fee654f3b20df18a171ed9d387897c0f833facfd
u_04187,2025-01-07,digital,CH,direct,d8e76df4dd53768ee731312f25b21c26bd20631aeb827fad99eb6fcf3b32a5dc
u_04188,2025-01-16,digital,CH,newsletter,45a1e78938ba0a1d27e9d6d247e440e180da82fd98d0f6aa51dc04cb2ac1e257
u_04189,2024-12-20,digital,DE,paid_social,3494a4f5584828664228b2f4eb4e0329f3ad1d6632672d81574b9ee49e5440ae
u_04190,2025-09-06,digital,DE,paid_social,9cd7fa61dbbdcfd03f0deb9d71845d3f4259d78af066ea062965133a1132a0a8
u_04191,2024-12-28,free,CH,direct,a9bd2a2a7f64ca4a6567edcfb8bd873c6bc96d5427b6b03d90da5adc99621989
u_04192,2026-01-10,free,DE,paid_social,b0e7ab02a905096115f9271d173a72b32c095794832a52f37149a0b1b835866d
u_04193,2025-09-26,free,DE,paid_search,2071522d1d7b36899304cf0929d759872e16b2dc3fe538637b83b7d8cb7f6917
u_04194,2026-03-05,free,AT,newsletter,94b3673eb1d1ed0e1dab857a3ec05f34e0b8420e89799ae869fc933ad66bef06
u_04195,2025-04-13,free,AT,direct,f4e072d224821fb3832785e45743ba648616d07422d07c362259c5337ace0510
u_04196,2025-09-15,free,DE,paid_search,871aad3f458fa2135f5e8be73d90d1d12fce9ddf4190bc40b7e8f75f4e528972
u_04197,2025-01-11,digital,CH,organic,faecdfcbdc0edff25c60c7c76d3d48d530bceb94447be28d09f863234e3e165b
u_04198,2026-04-09,free,CH,paid_social,450f609e03af221887ff6fd74242c06e579d912914d008fd7b54addc428e2749
u_04199,2025-01-30,free,FR,referral,51352706421655a67e1bbe3de15f061b9fb6af846d958ef9360711b45d5b2030
u_04200,2025-01-06,free,CH,paid_search,dd186e7ac34057d8786da560048886124f204bb52beaa33bd6d6763e11cf5589
u_04201,2025-02-18,free,CH,referral,00b29af071179772b0cfbf943d5a64732990adaad0f741f121a76365a380a784
u_04202,2026-02-11,print,AT,paid_social,663dca605ff35e4c76ff579e08b50744cb1e2f2b396ae766d6e517c58d1c2afa
u_04203,2025-01-07,free,AT,paid_search,5bf0e554404c4f1a4c301ac85dde9a9c7b6227dc95687d0cc2feebce24382832
u_04204,2025-11-03,free,DE,paid_social,fa5a713b32846382197dd51ffa5bd25760e96856d6c5c8e037caafa9390018ca
u_04205,2026-01-17,free,AT,paid_search,4966bc5446c9de8ab2d2ed0c3c51842156cdedb9211e01c6180e0f081ca16d2e
u_04206,2026-01-19,digital,CH,newsletter,860de4d39d8a790ecbd029a3cee4aa38dfd6678925a2dc9ed0e69fde24d60bfa
u_04207,2025-02-08,digital,DE,organic,f45c17fe630639a89161fc4d655f3e50b2c4f5ae3172eec603a8b930c11a9913
u_04208,2024-12-15,free,IT,newsletter,8ba304f7616c2d248981b7e5aad7fa9769bbed507824fdb79ff98bbe2afd0f5c
u_04209,2025-08-12,free,CH,paid_search,9a1b7cf0fc7338e0e555dbe6acfeeabc5e3cb5415890b55378b2243b838c5f65
u_04210,2025-02-17,digital,CH,direct,90febd60174f998d47175d3741033862d494f5577a5ce5f1381255a62c561c1c
u_04211,2026-01-02,premium,DE,referral,ba1c5ddbda9513c8e5dd14f1ae76d6af600fef7f0b8cf404b73e88c0044b0510
u_04212,2025-06-07,free,CH,organic,3edc0c3326add2d953c5fe8e32a3b30f853517cfaae84f66ba2827c88f44a128
u_04213,2025-08-13,free,CH,direct,c81ab178a499360d10e3c7c0c5dc098f32bb65cf856e818468e94cf28047590f
u_04214,2025-01-10,free,CH,paid_search,5f717a4f79591ea79a96bf87be0b3fe4ab6e564de4e21288a3e5868aabed0534
u_04215,2025-09-30,free,CH,paid_social,be98f6fbb3dbff3ac733354bb8ecb5f05a5955f9128ca67a4428152c08562a75
u_04216,2025-02-04,digital,CH,direct,d2a80bae55e16c0c8c8a0d3de4341fd040282ad38cf6c5b7b234270b5b6a906e
u_04217,2025-12-19,print,AT,direct,be883bde139aa9929fe8168b1b02278c9065f0f0b437aff933a8757088fae38b
u_04218,2024-12-22,print,CH,referral,bf629cbc21ba05ce278552e823ad23fe069ca6dcb18233ae8691dc928454e290
u_04219,2026-06-13,digital,DE,direct,7f7e779d9936a476aff103f9c654e7ef04f1627e13432507c343085c6fc3453f
u_04220,2025-12-23,free,CH,paid_search,11530f0e13c49693dbc5d3ca3b890325438686eb1e1b186b0f13de2a3424825d
u_04221,2025-02-02,print,CH,organic,afe1696c51c23ab811468b31e01e93583fe8716f492d3d4d7df79a1c48b1163a
u_04222,2024-11-11,free,CH,organic,f46a58d075e1f39f938cd52d41aa5f13dc788320776737ea7e421e87ebc29cbe
u_04223,2025-05-22,free,AT,paid_search,f878c6643304ef60c75bb673b670c37c0865ab7abedffd325217f91110f6cd82
u_04224,2025-01-23,digital,FR,paid_social,9cc6ca552ee6178140ed959b074ab761e3a7814a2c3377a3d462571bba1e6975
u_04225,2025-02-28,free,CH,paid_search,d5bc7e97af140fea6407fc8640ab10e5e527f2c2b528b62612d413b1791d4966
u_04226,2026-03-31,digital,IT,paid_social,a37653a6162fd815b8dfeeaa0357e87ae27a889476d90446e0617a1ba6f520fa
u_04227,2025-10-26,print,CH,organic,45bf7577e69061e69810923bd0b34a130af66c35b89ff1a77af5536936e54488
u_04228,2025-01-30,digital,CH,paid_search,bb09712f8ede213994d3013931a2d254712e961fddbc9141b83112fa38aac0ef
u_04229,2025-09-27,digital,DE,referral,52be94e366820679971cb1b6c3d384abb421275527186fabfcfa2226ce31925c
u_04230,2025-03-27,free,CH,organic,b2937ba060a76dda285976e7a47b7217a0cafff7fc88c77f8317f4c0e91c5dfa
u_04231,2026-06-13,free,AT,referral,d4889e294717fef4f219d6e373e6cdcd4d2d82e8f6524acca0ed0b756cde3b9d
u_04232,2024-11-24,digital,CH,referral,3c32eaf60d42810a5291efc8be8e106b24481397ee774b1c4f0e4efc91424d07
u_04233,2026-01-12,digital,DE,paid_social,6ff0196bad7fdc42227a5ead589895a664ea72ed27630c3e1fc0ecba0a994413
u_04234,2026-01-26,premium,CH,newsletter,ab6fa9a6d0832758f615b59e4490ba850c25eab2639dba5f1317cf14c052a089
u_04235,2024-12-19,free,CH,direct,44e095c360d89573455c65564de2290018b94754aba546487c17e96238d5cc12
u_04236,2025-01-29,free,CH,organic,32d78c0da4fc8fae85507d64733fda23bb8ab2f8f2e3649b636c7dc71d0bb18c
u_04237,2025-06-27,free,FR,paid_social,ab881f3f17a9e6e7c2a43d9ced30e0f8f958463cd3134ef208037e6db4e907ed
u_04238,2026-03-28,digital,CH,organic,0b585d68204718837fb8023894ffbfa743593d20c9b37768efecf98092360687
u_04239,2025-09-21,digital,CH,paid_search,06b1b1f34109eff1e96c86f1e518dcc99ba0224534c1958809ce1a571b3a02c0
u_04240,2025-12-02,print,CH,paid_social,9996777a610b2da121550258b8a131d4286baa19883d3808d4332f61d42bbf8f
u_04241,2026-01-29,free,CH,referral,e37f46c1aa07de88074b672d8e1199c8bba0161880ca40602c28f5dc4230b708
u_04242,2026-02-27,free,CH,newsletter,15ad73843a40bdf9c2231fbf15b7a5140fae63c1ce524ba4ca475269a9d74a54
u_04243,2025-09-01,free,DE,referral,65f164a9c4daec521350488415fb5091673ac154012ff5148bf296b0a7ffc758
u_04244,2025-09-11,free,CH,referral,19daa5f4d02c8b5eff650528070f34e0527db0fda49484b5bc559044af66c46d
u_04245,2026-01-08,free,CH,paid_social,c679d6808713102682ec36f7d5c12f0ad986466a89aad71b660ea8e67a71ede2
u_04246,2025-04-01,digital,CH,organic,f57d21068ea61bf329c494965a0500b2fb881b485dd9b4a25901b59bc046d655
u_04247,2026-03-18,free,CH,organic,b67636f2cb7a3f0c1be5900fd3305c44181c7e687bee97c04755091055d8fa26
u_04248,2024-11-15,free,CH,paid_social,cbe598ae432db8dfe5017bc29d66fcf88f3f1e3f1b7343cbf287d06cda0c9472
u_04249,2025-02-12,digital,CH,referral,a494effa003e178ed9f1b5cc5b89718d9dc3d0820c8df8e20de7330a35a2ba58
u_04250,2026-02-07,digital,CH,organic,08035c8908c91d1af75f0e39ca3eeb6cff783683869899bfe1c97cf055cc2627
u_04251,2025-05-26,free,DE,paid_search,a43af019d3d6aa9de99be9763cdb4679ef2ea8063c4293b4d3761b092652d6e1
u_04252,2025-01-22,free,CH,organic,e9f7d72c76e8395528f0576acff793323329a4f42c1f4e830b2c2232c5c94724
u_04253,2025-02-05,digital,DE,paid_social,d317ffb15a97d309c8a4ca620f9fa28fa2598c0b486d95ebbaa9e38b1f3f88e8
u_04254,2025-09-18,digital,CH,paid_search,4b7d065caf37927dc9ec71b65c79b412db2d776ec99f2af032ca7c37b8790ca7
u_04255,2026-03-12,digital,AT,organic,9fd375d56984858a95be1875eb1eb3fa97e2150d7088e5406f03d1c9c3f47d6f
u_04256,2024-12-21,free,FR,organic,4d24d4ab07629efe99dc082a3c3a3bfa6f44f19fd165026e8f591cd15ef98dfd
u_04257,2024-11-22,free,CH,paid_search,f3969ab445d7e8008157aa9e8e1b2f95e4128af1e15af6345335997cf518ad36
u_04258,2025-08-24,premium,CH,paid_social,7a59f605434de233dce6172d93737596a02c321c4821c5794d0a7f3be26db794
u_04259,2026-05-30,free,CH,direct,d94e0730d02ae53209b172b1457c0f8711c7888d6370b4757a44c3f4426284b1
u_04260,2025-04-12,free,DE,organic,298a3088d5dfea6055f5bc157b72fa222c6eee924bb91ab44c8d55536b668727
u_04261,2026-06-01,print,CH,paid_social,e44413ad6b0a201e6ca8bdab6a759dff438292939014923be09e4f309122d672
u_04262,2026-04-11,free,CH,paid_social,61743eb4f313f38903fffcfae9f23b291124e9e8f197cb02ef16d895d842e990
u_04263,2025-04-15,digital,CH,paid_social,1080635162bf676ef20f0a4494f5214d15aafd74223d6af5aeda7b3ad8b18cbb
u_04264,2026-02-19,premium,CH,paid_search,2bd65df91558f19992877defc0fd667b41905b6adb95eefd697728d3279ff1d7
u_04265,2025-12-24,free,CH,organic,199dbe501867a22f4e706c004d1d5bdd5a4685eb6e993f276699f1f3e182a4c2
u_04266,2025-09-12,digital,CH,direct,945308f80efe3c1dc00d95c62d694c215605d886a2b0898ddffcba82e5f7805b
u_04267,2025-07-25,free,DE,direct,88ec604e4882879cabd0d95bec61058469f6cec83920ff4d64421f69f1d8e484
u_04268,2026-02-18,premium,DE,paid_search,f25e9da826433e2b7c2c7a917287caa79f70c47896877868c7a507b4e67168f3
u_04269,2026-02-02,premium,CH,paid_social,6c43e32643383ba5dc3fc35bf3fdd6b666364d6c0ad24c106d7a51af3b804c6e
u_04270,2026-01-20,premium,CH,organic,88658ae36a355e94455bf737e763e305152731f9651ccb0fbdbc2349f83241f4
u_04271,2026-06-29,free,AT,organic,55e748e95e8b18e3a3844064863cd95614ae20c0dddb78fcf5ea4c044ea79b15
u_04272,2025-09-01,digital,DE,organic,5f69af8f64040f59c47cf5a1b7c94308fda2d17532b840d7889dc3cd7f8843dc
u_04273,2026-02-12,premium,AT,referral,251ca2d2eb49eea54180465681cc2a9f69d15390564aba7e12a69f822e718fd8
u_04274,2026-03-24,digital,OTHER,organic,80a4d6241e0c0a2dd009c8756cb45997eb9a8c5808280e0408bc137d20c45b7e
u_04275,2025-02-23,digital,CH,organic,b3aa48b1f8be0b69883747a69ed9636deeebb63772e6cd3b6fa9317682d4fffe
u_04276,2024-12-01,free,DE,organic,a0976865cc69cbc9b5d66886a77a79565465308a2383df74e357f11ba41b51be
u_04277,2025-07-12,premium,CH,organic,c3903f0fd550ae704acee39f8bf229feb6a49821b1fa1239dfbbad7df98deae9
u_04278,2026-03-20,free,CH,paid_search,ce2f7bc418193ee6688da84bed8c81d08944f6aa476fa217c62a6e91670458ec
u_04279,2025-04-20,free,CH,paid_social,eaf82cf442f5e37d340e1c36410f36e1d923827ceb33a16dddf13124f6b725a1
u_04280,2026-01-02,premium,CH,paid_social,72fb8c1e152dac5f8a17c60227f3b51bf70c6a9522826822b4592a3ec4469f34
u_04281,2024-11-06,premium,CH,paid_search,4268d6322f0aac27459842abcb9cfb6af14efee0383407e6b98f1d24169b67ae
u_04282,2025-06-06,print,CH,paid_search,3720bb25b92f404d20a1d9b65ba41dc9118158361af1b9150927c7b549d4cbfb
u_04283,2025-11-04,free,DE,referral,7b9a8fd1d4ea9242f41d16cfda0f269ac282578eb5fa4c09158ddf85b80165b8
u_04284,2025-01-15,free,CH,paid_search,850b3845f2a8c62a2a1b9905f944423fb4c5a61c188b230feff2872bf703e992
u_04285,2026-04-17,free,CH,organic,80db32801fbfdaa7b3345e2e14d55f98e8f32fde5fe2beb691e5d0eecec620fb
u_04286,2025-01-24,free,CH,newsletter,a547fb60e829657beb07ae38402e113c806d72e7c123c5aaa6340aedec79f25b
u_04287,2026-04-27,premium,CH,referral,e55acccc0d6efb87a386ff74e823b846a44c0a2b4c2beb9cf448bfaca0793381
u_04288,2025-02-27,digital,CH,paid_search,dd8a17e9d08e5bc83e93cfdecfe92ce7796a410aafea18d8a60e9587df16ec6d
u_04289,2026-06-26,free,CH,organic,42cbe6a754c7f8321af765a75d083bc5fdd12108276465d3f8f44714a2b07a50
u_04290,2025-10-27,free,CH,organic,9bdb4f2a49d3c31d17b2482a06ea5e4cf0552a5c6775f943049d327e03ba02a8
u_04291,2024-12-31,free,AT,organic,583178400ee331882e9d9be4cddb1b45de11fef297672205fb6769f96ef9e540
u_04292,2024-12-17,premium,CH,newsletter,d153940af10228e57d985ac61684747a5679ca95f8934008d05bc6a6bc3ebee6
u_04293,2024-12-24,digital,CH,paid_social,2fb74f72d0fea00ef23d3cc2c7cc5e8c4a2b64e00b676580fa649ddc446c916a
u_04294,2025-10-16,free,AT,organic,d0f3670326a5b82cff24aaead786cebc387e62d1a62cb23a7d19e2fbc2ec61c3
u_04295,2026-02-14,free,CH,organic,dabbf303e44e714769bff45dc7b87ca54f61d581298141fe9ed3b74e45c5996c
u_04296,2025-07-10,free,AT,organic,8241ce2ef090d659a0977736bcea8c630ff9a5f33ed07ce6cacaeb8d2a622271
u_04297,2025-08-09,free,CH,organic,568188d6fc11329928ad806f2465e8a9f2d2be506a9dad56d789369d5a1360dc
u_04298,2025-10-16,premium,CH,paid_social,7b42f8fd42681c551044bb5201f3592aa6690669bad54faaea02c3bb8b205d9a
u_04299,2025-09-19,digital,CH,paid_search,30eb48ccb7a0d572c09a77e088e58ae3b72225bf8c22a292d04ddb7fd7cc3718
u_04300,2025-12-26,free,CH,newsletter,56d2b86286d53794810ede2808208c5f6b23af6ec307c51dee70413d4f60bc1c
u_04301,2025-08-29,digital,FR,referral,c3df699c60d5cd05bb49be01061bd16ca2fec6de8ecaafe4bf44fffaf3a87c63
u_04302,2026-01-06,free,CH,direct,f94cc7c343f42fa9034f547a14493b60da8b9ce41fce5dfd3109103c1531735b
u_04303,2026-06-29,free,CH,newsletter,97b8b0d51f916f7ae3d3bd30acfcc6478c50ec2a089229c68f8d35470c5cae9c
u_04304,2025-06-03,digital,CH,direct,cd327a82429f4ac60eb68b583d94ae57fbaeb33f75f82d0141a9c48d473e3934
u_04305,2024-11-09,free,FR,direct,94d56c41467d3a5fbc36d02edf1288b185b0d5005d4dd5b4342b02a0552c259e
u_04306,2025-01-14,free,CH,paid_search,fb37a07dbf2b0146eb0412f48cd7554d2ee30307b4bd964b8f32c815c04da999
u_04307,2025-09-26,digital,CH,organic,43b76e19f8b8ef419ebd5b52727715b109d65139bf3610d23e104fb55a3c92ae
u_04308,2025-05-29,premium,OTHER,organic,c8a49a1430b046794e46dc15951b2634e13fb64c8d59c4097dd9c5f80a655e33
u_04309,2026-05-18,free,CH,paid_social,699bdab3e6bd9b0188e257988517eac40e23a24ab2d7657061c06ffc1da6a9a3
u_04310,2025-11-12,digital,CH,referral,c4fec11f94caf78768b008c88ec7cc13f874b9f20e2db63c0bbbc1d478ab127e
u_04311,2025-09-15,free,CH,organic,b56d058754fe4f63b6fc4dd26992e8f5eb2c8710053176805a7fe3fa63e2a3c4
u_04312,2026-02-06,digital,CH,newsletter,da663b8ab93ce6d053c2701c41dc386cf26549038aef1d48d76556be51560e53
u_04313,2025-03-29,free,DE,newsletter,bb93d5b2eec48cea5465b99af5aef59543debdfa854354196176c22016facd50
u_04314,2026-02-21,digital,CH,paid_social,f10345f65133aa2305ba2b231e34b6dcbbf79ed54c9ddb3b0d8f480e7309a96d
u_04315,2024-11-03,free,FR,paid_search,f10f3784235f3fb5637fe346fbcf36acc482f5a2c82a1dccda66267aeea2dff2
u_04316,2025-11-07,premium,CH,organic,bc477294cfcb46a72aecebad639c7984c7147f12527dd8294f134483a0ece561
u_04317,2026-05-15,premium,CH,paid_social,2dc52c1a8727e3245fb60b3c758a319f49578bb600dbfe330b5c4dad2944d671
u_04318,2026-01-31,free,DE,organic,015e31707c1f1acfd9a1c08e0827298457b9652138ccc9ec3cf0b4dc52088982
u_04319,2026-03-17,digital,CH,paid_social,ceddc36f22b6c6cc23a55c3f16003c834ec14fba8cae95480412c2c84e855dbd
u_04320,2025-07-06,free,CH,paid_search,f8b5eb6fe17c5aa1aaabebe4c7d745d8f63d56fa3333834200a7d492d2a914ce
u_04321,2026-02-24,digital,CH,organic,19fb7ecea34517efdffd8bd5ac4ab776bf131fc34b46282f770ac6d5ad759a73
u_04322,2025-09-25,free,CH,paid_search,88b80ff32082d90a3cbf6b2351be23d9608616b6943f4c7148ea043538fadd24
u_04323,2025-11-06,free,AT,paid_social,2b1062bd0f71ace75bfc16d7e5481bd9c9cc6b88c16bf429696c3f0732a75dec
u_04324,2024-12-13,digital,CH,paid_search,8471f9a8998551ca727949237f86c52429f59ba7f4661fc9f6d0c3b9c677f6e8
u_04325,2025-02-16,free,CH,direct,5360e3852c9afc59373f56559b2bbc08ce41f0d64536f65537790158369c4936
u_04326,2025-09-25,free,CH,organic,02af99fa52acebc626862dacf2a7625c06bea0646998c9aa1e99c577e92a2d05
u_04327,2024-12-13,free,CH,direct,2ab7972fc0e747017f016f47d8e6b7dcbfa485e5cfebdc40b56ef8d180400b7d
u_04328,2026-01-15,free,CH,organic,d84ba317ec2d57201b3ed610995123191c754bc37c65fdd9e8c8a29cc87a8194
u_04329,2026-03-08,free,IT,organic,ae70a34416c517c1bc6a689029c33acbc98e0829998f550380098066ef73a565
u_04330,2026-05-04,digital,CH,direct,dd6ae62e93fe9d9d7756c1bf0087207e524ee8f14c557792df0551bbb408474e
u_04331,2025-01-06,digital,CH,referral,c520c627f5e27d8b0ffe078a6fb7c810e60caf8c955f7f8ce417dbf9bbbec849
u_04332,2026-05-18,free,CH,paid_social,b4c008a0b466f31e52ce4f95fea92937b46e5789e3f4920ed03d609c2ab8f9e1
u_04333,2024-12-19,free,CH,referral,87d2136736f5dde1abc29a4873de0756527e25210ca66765e0b763462984417f
u_04334,2025-08-30,digital,CH,paid_search,e239153b3724d0667fe8e7e7cc49a514c8b1b0797253986a8865083ef0b8af16
u_04335,2026-03-08,digital,CH,newsletter,d29b4b152e3cd9c8b9aa730f6b62dd668793da038a65e6fa2e99c5a5a1bd3f27
u_04336,2024-12-21,digital,CH,organic,40315e7c96d3569f17d27bff05cbbdae3ec711efafdd14693419fa6ba7bfb959
u_04337,2024-11-14,free,CH,newsletter,03976d192ead0234997c2aa21703b1ceec79776138f905c2bef93110aa2f0ef0
u_04338,2024-11-18,free,DE,direct,ce4360a9efb94f83fcc5c41f31152d26c54c4396cf944abc192a80985cb0ceb6
u_04339,2025-09-12,digital,CH,newsletter,84628f25bb09d82c843cf14a1d7bb32907785c3759722652da773281b9a7dcd8
u_04340,2026-02-15,free,CH,referral,91eeb81a1bdc1e20799c86ddf364b16c93376a1c3a3b4c986d086973a13fb49e
u_04341,2025-01-14,free,CH,paid_social,f7fec26f333f740d56f27ff7e4883a38ecf2347e4a46c568955bb75e1fa6b1a8
u_04342,2025-01-13,free,CH,paid_social,ff1479b14eeaf83eb6c09d16e67abe10c6f5f17823acdaf7920f44dfdf96727a
u_04343,2025-10-01,digital,CH,paid_search,ed527f37c7911118623f4b54b5b0d6032df2eddc93d4ec6703bbc490026b9b30
u_04344,2025-03-11,free,CH,newsletter,e33470afb890abed3298ddf489c6ef73ca41066876fa90a77e9953945fd67797
u_04345,2026-01-12,digital,CH,paid_social,ba58a63611a7f1a43b873a8a682c663652b5a055755d415f960d186b8efc3085
u_04346,2026-05-25,digital,CH,paid_search,dac535d08729afdcb7193245dbbfe34dda9330de0f791b5eae8dfb8fccc849a8
u_04347,2026-01-23,free,CH,newsletter,8a26fb47b2008053a3f2d7c3d1ba1e43e1dc415f96f532cf1050a9b6037e829c
u_04348,2026-04-03,digital,AT,organic,a64d003978a7b5ca0b8a648efa06851ba6d4d01fa7663671d4f8964a06e46c0b
u_04349,2025-09-15,digital,IT,newsletter,a701d8d22fc7feb5a9822656434021c40b9f6b1511b18411900ed9dfea4a9b92
u_04350,2026-03-02,free,AT,newsletter,6c4f1ebb4f5e6ea613756001ca3c828aef5e2efab864b0bbe11c0683fccc5447
u_04351,2025-02-03,digital,CH,organic,51ef5815e4728d3392e8d42ca8b3fdd10a7b5288bb4d10c22246d5a8faad7c7d
u_04352,2024-12-20,free,DE,organic,0ff2a6c8bc55c87d9d24f34ef53d2da13b357254338ba620d3d4a87f61f36280
u_04353,2025-12-03,free,CH,referral,340c8c7e882ea21511868e11276d3464f3d5a645973a5a8555869f733b13f77c
u_04354,2024-12-08,digital,CH,organic,12151e985f0ac13bf6df3323f872b4bf897effea94ee6f35d81efc4b09a8c3f9
u_04355,2026-04-14,digital,FR,direct,cccd163da7083c124453d9a3b9054f611ce05a1230854902fd2114fa6329b62a
u_04356,2025-12-28,free,DE,organic,cd64139869b0b90c7877885247b81d0824e7b857944ef21d97808dbb6fbd9ba5
u_04357,2026-05-27,print,CH,organic,1a163e0c014c44b8ba5fd5421c81defca2f618f016813241c0f9c2ff0b3a49bd
u_04358,2025-05-07,digital,IT,organic,9a0bf4c55274d64b53c6b4ecce8e1812e7d4d3eedec0fe8d8318a6880e8aba9d
u_04359,2025-09-04,digital,CH,newsletter,fab042b1823c780bf6248376e0c22593835a6a0a9a5827507cf862b1808e8f1f
u_04360,2026-01-15,free,CH,paid_social,1f0f039da8ba63d4567805f1942a2734d25c069a010cb8a65a66e95043202395
u_04361,2025-03-17,free,CH,newsletter,1a394b8d653a535cea552e015622015b928c2cd5be804a711d47dc4793a7dcc8
u_04362,2025-09-22,free,CH,direct,c2c0bba5eb31177bd95b6b95d60d8fc3c3605bbd4b8beb1addc0f2aa3dc20cdd
u_04363,2025-12-05,digital,IT,paid_social,bb78097d7bddf10b07ee0912328cce0614f364474a941902784ae885a9ebef2d
u_04364,2026-06-15,free,CH,organic,cc0aa5524caecacf5cf5d4ac26466109791bf3b8bbf5b4547147dd9928f1c223
u_04365,2026-01-16,digital,CH,organic,767286a8daeda0b8fb96a58ff6557c556af757508b94ab206fe9ee20eb6090e6
u_04366,2025-01-11,free,DE,newsletter,b9a3e83c1b02d5720360d5a9a79c98ceb748867e8f974967db84c0ea16c69af3
u_04367,2025-08-31,digital,AT,organic,e0ef156f293a4e4c83357dcca894e75562dc3283329b0aaf5f3de9d1b82473f7
u_04368,2025-10-16,digital,AT,newsletter,d687b33dbee2a8b737810fa705f3b5e814476c2c64529f2acc249afc6858dd35
u_04369,2025-01-21,digital,FR,newsletter,0773a104657fd60af81fb13e06678b95ff94c528118655bc2f17855e6ee87f43
u_04370,2025-07-31,digital,AT,paid_social,781c35fe3c1cba68ee7ad390262ba4b1324d07d0901b50f521f0e006335ce7fd
u_04371,2025-04-16,premium,CH,paid_social,f72e6946fb27512f7b0c9a2ad5f4196bf68f257e4b54fd271f86a90ab2211af2
u_04372,2025-01-12,free,CH,direct,399598d195aa3b9ec355041a502b607a847affc02f38afe34a733ba53fbc1e83
u_04373,2025-09-12,digital,AT,referral,66c37f82e6a1f68e20ecbaa5fde26d39f5210ab23e47df7aa82dbba950ddafe4
u_04374,2025-01-27,print,CH,referral,63eac7094e84c772b13bc15133cef67833e94397e728944aa9f45a02e1ccfc19
u_04375,2025-10-17,digital,CH,paid_search,d58111fd1ab2f6b64bf3493038cbf9a34dc8f2ce4ebe6442412b7dbdd77122e6
u_04376,2025-01-28,free,CH,paid_search,8e439eacb4b1a3c5f971072e148a28659417905d5b08fc2e409b81bcba13be16
u_04377,2026-01-10,print,CH,paid_search,ec9d0a2b72d2f0e6d19bc97e899f190f60cef3950390268ae9185a10ab0e7a36
u_04378,2025-02-11,free,CH,direct,20dd551d014305a11601e3b3603f0d594a3c1fbe1b7466f769c3d9584b4ac6ca
u_04379,2026-04-17,free,AT,paid_social,89aa3c94cf6b0b4adb781c96024216930848243f9f3b78167ec04c392ccca180
u_04380,2024-11-19,free,CH,newsletter,b6835c6da3ca349856895b568cc5736d76000b39bd6d59166e5d1051f28a95e9
u_04381,2025-09-16,free,CH,organic,3c836d407bbf8767104673f9ee7f9e4049a805323fbd741bbf0b3e78331aaacf
u_04382,2025-05-12,free,CH,newsletter,76138c264d54384f5a61aa9e02ca435914348f9a47f35fd7eb3d49a74a556473
u_04383,2025-03-05,free,DE,paid_search,e88f0960635c7b8d4175874340898983ff164ca46182c9ac9eb1763b1f7e2b81
u_04384,2025-08-29,premium,CH,referral,10519db96462a0a45c94792789f0da834129d7300a0132bd3152d2f62f5b8751
u_04385,2026-03-09,free,CH,organic,38af086a4a3e88c353dfc72ae06fd476e2544d6f8429793f3c161c5be8ac5297
u_04386,2026-05-01,free,CH,newsletter,deb9fb13a06fec43427707ec81d530f6ca2561499b8c8dd9443420076595b8c1
u_04387,2025-04-30,premium,CH,paid_social,71308ebcd85caa6b5735c865e563caefad3b9e919c130a9dbca90f72fee482eb
u_04388,2025-01-23,digital,CH,paid_search,784ea813d791f880d9d444922c88fc40b618f15a5010fe84a2563d2b915e1310
u_04389,2026-01-08,free,CH,paid_search,c8410e906f9b3599087b045ddfd7b09d2fcb102bca73ba96d30fc11a64e52dbe
u_04390,2025-10-11,free,CH,paid_search,10312066c14350e2605a68e03ef4da1aaa38049027cbaeb18d994cbc8b14af4f
u_04391,2025-02-16,digital,CH,paid_search,2320c5f1c858a0406321f0e3a182f0f6691b950035148802aa92838d449fcdc1
u_04392,2026-01-22,digital,CH,organic,339ae9917029d4a7f568e2568e3a7b97d0d2a2b7f1d57ba9b1a79801dbeb3346
u_04393,2025-09-15,digital,CH,paid_search,7f16834f93e7c2d953ae03cb91738745c00e9c89425394278e82d369ecf56f65
u_04394,2025-12-01,free,AT,paid_search,c83506f9d5502d2cf3d66924f34c8353a378d5dc56409c1cbf5d760c33d9bc72
u_04395,2025-06-09,digital,DE,paid_search,465dffc69330426a715f40e4956007dec3277844da3b59cfe4a6d2f9fc49e3ac
u_04396,2025-08-05,digital,CH,referral,9cf1a085d2089fb41601c23761ef46c7ee965929df4961b213f0ef77544b63fa
u_04397,2025-02-01,digital,CH,paid_search,4083fcfdd6e327b0b3ddc9bbd640966631668a3d783c019227a1d183bf6e25e1
u_04398,2026-01-20,premium,CH,organic,fd43afdb57c622b73923531f8e2bf718d550d5f4f7ba4ef5b35713ef8a06d74d
u_04399,2025-01-24,digital,CH,newsletter,cdcd552c30ea870c3adeb3481aff9d9722d9d6c5f3c68dc7ec0705bdcda157ec
u_04400,2026-01-27,digital,DE,paid_search,eee7363ec7a78f2aea0775c5fbc63ff0c9e1e83d137a75bcf90238af7fbaaeab
u_04401,2026-02-06,digital,CH,paid_social,1d2ec4187a984c2591d3ff6ec7d590ae18820ec4bc91819cb9eedeb19963a321
u_04402,2026-01-17,digital,CH,direct,8d209da505a1f47eb9d731e0c1d830f0bdc64cd62d463b162597a23ad711ef37
u_04403,2024-11-14,free,AT,referral,50c4b534fd53041b38abe6fe5bca25997c2392c046d788a07b169779f36d7ae7
u_04404,2025-04-08,free,DE,paid_social,ef4bc633ad5bc9f048bd977c93a8f1f7c8256083b311a11f2a8e3cc6fbcb88d0
u_04405,2025-08-26,digital,AT,paid_social,350bab7871d776c89f963723c026061452f349886a3f7a126c9d0109895d0f89
u_04406,2025-10-21,digital,AT,newsletter,4650fdc720fbe58c65c4c2006239c1b8f1cba7bc84a97202e40427254b7c4259
u_04407,2026-05-04,free,CH,newsletter,e27ab0fccc54e9013f03b187ef586d88536945827b9d1a62f9aa6bd8f0f5d2be
u_04408,2025-06-21,free,CH,organic,48c5022408ce6a8d2704b4d2a031a472754b9f30eeef3550791ff33f8d3ad45b
u_04409,2026-04-02,digital,CH,paid_social,0d5666f1471a41b549d6a06a34da43f032bf83301086f6dce0fa228a8e6d3d47
u_04410,2025-01-26,digital,CH,newsletter,95891f347629a74085e16d2a48a0bf34a0a9b2b2eee7e7e9dfda07def63be93f
u_04411,2025-06-18,free,CH,newsletter,1b701413ca8c0a3991510a7c1c604ea226745dd67bd9ba6ebc5c09bb8f97358a
u_04412,2024-12-08,free,CH,organic,584e19f7caf2d2be7a87027b4947771a7d1aab1d5948dcd53be009d5e673fb72
u_04413,2026-01-16,free,CH,paid_search,bd63d11b10da6d65723dec13fd4309a5c6d87ab1f564c34ca421699a456e68c4
u_04414,2025-01-22,print,DE,paid_social,5c9d379370d4008a0bc71bf657e2685ea9a2b4de45ff6f01849902c3f273ef5c
u_04415,2025-03-28,premium,CH,organic,21f063ea14547ba83cc7f55c8685d1beaa234e8ab92c4f2ac9200d5fddb9a5b0
u_04416,2026-01-26,digital,CH,paid_social,8ebe5a0a543bbf5d343be85bdb71a40ac09c522ccfabf85a2e2c67070c1e183b
u_04417,2025-09-20,free,AT,paid_search,9cafbb0cbd53be8cfc12dc2892b4bfc0236ae5415de6016abbc2ee9dd40df57a
u_04418,2024-11-11,digital,DE,paid_search,f0d13a4071c4482e4954931aca745e7b81c52819a1ca994783f3c1f247104470
u_04419,2024-11-02,free,CH,paid_search,bd73efc58e494d90af0a6dd47956f9bfa0c58a330b7af06396382a6e0e8f4879
u_04420,2025-09-12,print,CH,newsletter,72f8e5b5a294ad23985e41dcddcac3b7187a45dbe03e32a705ed3df533ffec2c
u_04421,2025-05-01,free,AT,newsletter,bde25a0f7622bcacbbbe13110d5e485152923963ec8feafcd0a608dde07dbaab
u_04422,2025-02-01,free,CH,newsletter,53a424b6e427026b9860bdcd4e0aed5ca0f88316b4d07b45641756042203e42c
u_04423,2025-11-02,digital,CH,direct,6adf3578bd6b5bf4837e79abe088c7a0c515b67e78f342deb7892d34955b2193
u_04424,2025-03-07,free,FR,direct,0978c3c0449cb280dbdf14cbbc3f14d63fc38eabe42afd6bf52767784ee971bd
u_04425,2025-10-18,digital,CH,paid_search,b68963a9ade64e4833c0d64f2fe499df0bac52a7921a87ff78e2908ccb5440f6
u_04426,2025-06-23,digital,CH,organic,4b15d5d965a8f1cff53ceb81ec0d22e7f743f8129542d88a7f829922be499c6a
u_04427,2025-02-05,free,CH,newsletter,6a8d16102ec9dc79dc6d02be8a6ddaae5ebd469d8b28113651702cb59ab9b684
u_04428,2025-01-18,free,CH,paid_social,047a0c8d98a7fc33c806185ce3d65700e57c443db8a15ed9d3bbb1c9212a12e7
u_04429,2025-03-13,digital,CH,paid_search,9da3da1ceffd0ebe35beaff1a0c2da780ba3f82810257873f436d238435ba9a2
u_04430,2024-11-22,digital,CH,direct,e62aaf0d58994217061a38ba2aef49781b34cf1c59a369ac4a4734e904e527ae
u_04431,2025-05-03,free,CH,paid_search,95b59a0fa15317b80b2bba042736c277ace03f905b461f8b22915065d87a41ca
u_04432,2026-04-21,free,CH,direct,602b36b329a495e0aef5363a718f5279a6826c03365ccc6abb896b3ed5309d13
u_04433,2026-03-02,digital,DE,paid_social,6b3f46a2f7dee2faa65a5e62449ba90f74580edb70f34f834c80742236e4c45c
u_04434,2025-06-18,free,AT,organic,2596aa7a0b1cf2bbb12e5f35ca2ed1aac25945dffec42b9f98c34e1a68527968
u_04435,2025-10-06,digital,CH,newsletter,19680b4fccc2fbbbb1094d80ddcd10612cc5e2441d4c378d11c58a735e207454
u_04436,2025-09-30,digital,DE,referral,d2964277c23de74a5c23b70cc887f8d55327cc0d6315f0c568496e2e3827dac0
u_04437,2026-02-28,free,CH,paid_social,9a83dc920cd91a29144e0cee6fa1e7c8bd59e04bc4b87c5697257034ebd81713
u_04438,2025-03-13,digital,CH,paid_social,84cf6713b637d72a0df2f23a7dcb2eed61b3d1d3f577eb40865f071942f62db7
u_04439,2025-04-25,free,CH,organic,f13152bb0c40572915e7977d8099d3669b0b18e9561b40440ec3a539bce9a5ad
u_04440,2025-04-29,free,DE,organic,69048ce61c986cf79058d323e9ef1dbb80f931bb19d0b2e596ec7cd5b7a90be5
u_04441,2024-11-30,digital,CH,organic,2453fdecedaa34be4153a550a95ab8b8ccd5e55d7ee6da2299a604481a1a9848
u_04442,2025-05-08,premium,CH,organic,2007c23de789344630f2b7591e7cda2f191b035deea6f7f8f17ad15b21926fb1
u_04443,2026-04-04,digital,CH,paid_search,b4bc4b13b9d148b5c9a8942be318a2ce8406d9500699b0e90b2d2aba882b629f
u_04444,2026-04-28,free,CH,paid_social,39dc475a000d007755ea4cbc6f0a19e7898d8e68714efd849cb8bd1364dde54b
u_04445,2025-01-09,digital,CH,organic,38a0cfc7605bf9ba42acbb4d884d8301a500abf9b3937c112f7eb47bcaf0d354
u_04446,2025-08-19,free,CH,paid_social,460db117ff771bd2a2584bc85984ad16b57fba7248052fb4bca85a33007dac8c
u_04447,2025-06-25,free,DE,organic,a4dc0b2a9f4bfb986fb8649726020e4797bc3a09160d822de8f8ae939db09cd9
u_04448,2025-09-05,free,CH,organic,27598420718b3d04a25c5abf91290784844424b85f93f16cce07cb056482dfff
u_04449,2025-09-26,free,CH,direct,faef6a7dc539281a6c44c31dcb11d86facf89a3451d0053f5d603624896d431d
u_04450,2024-11-15,free,DE,direct,4e4d791ab1ffe57a7a0c7413754d862b6b1cb2c0beee0bd24e1a4f8266ec0e14
u_04451,2026-03-09,premium,DE,newsletter,00fb5908558a42dcbca7c5a80631d8cafb3d2df6631f4b65c06b99295202d739
u_04452,2026-06-12,free,AT,organic,61351467f9bac16c98d84f361220ff47613acc41cfc900ccb5e265b9913d475a
u_04453,2025-12-01,digital,CH,referral,278825f9c9daf1d36f907e92242c2256b9bf75a36986babd7caa38b1f59a90a7
u_04454,2025-12-06,digital,CH,organic,06344ba062d5c93151d47f0df3b1e13110c7245b8107d55964f063803721a99d
u_04455,2025-09-18,free,DE,paid_social,0ef0225351249b33a58d2d3935d025b31c0d1c3ad69868453b2e099b6723c809
u_04456,2025-05-22,free,CH,newsletter,feea8758d8827b84d1e4f5b7f5a5dd71303b4c2d3d052aef539d7db1272d295f
u_04457,2025-01-21,free,CH,paid_search,a7fe6a05e0748130da296bda089c5bd4e2a87465aa58bf42eab3502bfab6f591
u_04458,2025-10-12,free,CH,direct,04a2dab6b70fd32f2834d352a93745865adbcff26a6c2a72337687141a157e97
u_04459,2024-12-03,digital,CH,referral,0f640182be3250b2eecc9fc7d2e91cc64bdbad319fc13c69213eed2b2690f9c2
u_04460,2026-02-25,print,CH,paid_search,b34dd7403adf64a27e1c7da99ecd608a5182c401a791456e973c1e32efb0f124
u_04461,2025-07-23,premium,CH,organic,40b856f1b8dbb48444690e2be4aebe2b22e12e704e4211bfc95f5901b3e25501
u_04462,2025-07-19,free,CH,newsletter,f474739d6d842215649926e9080f3f9f5444d444f578c35e3f05175a8ca5d2af
u_04463,2025-05-17,free,CH,paid_search,1735d2ab9a653a13574fcc30b70e46a429e1f5eed6cd73c9b60c5583ea76327e
u_04464,2026-06-09,free,CH,organic,8cb29d03a3c401e2a38d79fb443395a806697e28bba37704ab724d2f928c4729
u_04465,2025-01-30,print,DE,organic,14488bc9e43a1c13ae6099648bb4048ca077043034345451a6aafe5a5d958f10
u_04466,2025-01-22,free,CH,direct,9db44a89722c50cc22c2e811512222c2639c8322063a7af16df668320f66af0f
u_04467,2025-01-27,free,CH,organic,58b3c1c982f0a83e68ded4924991307fe9558df59b898874a2a1f1f73b28f6ce
u_04468,2025-12-05,digital,CH,direct,e92eecd19d788a3479684ba8f1eea9e8cf1bc0075620da3f4077bedc9e5651b0
u_04469,2026-06-25,digital,CH,referral,61956dbb2faef79cfb4801c788c9eba45600065ccfd8b042271acf699d88f35c
u_04470,2025-03-12,free,FR,paid_search,801c984a2fb50b53c3b827a5119cd5e23860de88252a4105030d217cf351a67f
u_04471,2026-04-24,digital,CH,paid_search,8dad7d375b2847c432ace10ea4e901751228eccffc88aba2cea502c3016cea9f
u_04472,2025-04-12,free,CH,referral,2a72968d8ea642efcaa7ab7223b81f209e79d756eeb90abb3cde8ad949e02c30
u_04473,2025-11-27,free,CH,paid_search,69e51f88b357a6989d5de4ba2a81bdab5a27c29800aa6301a31c6111f783d56c
u_04474,2024-11-30,free,CH,organic,38c5d19c427c2801c043a26e1b0636fdca4278e21dc18c99893293d4a4097fe1
u_04475,2025-09-07,free,CH,organic,b3c1d937e18c748497ebebb4a94a2ff53859767267de22a398223ee3afae4bae
u_04476,2025-12-02,print,DE,newsletter,cb746b4462130dc4dd892bec0baf8e196b9ae013a8064adc68247b42b3cd1dd1
u_04477,2025-09-20,free,CH,referral,d9cacb9b09ce646341355e688571b5fb9f30fc082ad702d07eabfbcf2bf08079
u_04478,2025-03-14,digital,DE,paid_social,4986f19af978df9d42a51cdad786e2b4032988192f863a9ac9e237ca622bfd5b
u_04479,2026-02-27,free,CH,organic,f290ef9fbda26465d4f1e8f489206aa89ce3ac979c64c820653a2a92bcddb240
u_04480,2026-06-09,digital,CH,paid_search,8fd63816f0df5972f31900b9528f788ac19a1816a8b8bafc59a4905b4a68b05c
u_04481,2025-08-20,print,DE,newsletter,a0eb6158de81daa6eee12d6a53b8e9c60a0a4dfa92d9db8c322bdc438315f309
u_04482,2025-11-19,free,CH,organic,08369e400c3076f263675e5284b4eac7ca44dba3cf58d4ed74054b3a1cb3f8e5
u_04483,2026-01-31,print,AT,direct,c3681cd0b8ea01616194578e43cc9826cb739b432590f68a2be081d281ee9c08
u_04484,2025-03-17,digital,CH,newsletter,45cb10719a4d77f32bd48d53244ecc185a8ec141bee04ec8e3de61fb821661e4
u_04485,2026-03-25,digital,CH,paid_search,76acf24ba98427f8f35854e94b3b4d7b5f24fcabdec948e2c20f610784b6bc5f
u_04486,2025-04-13,free,CH,newsletter,8d13878c27743004fdcf27fe4a52d1b13d700ea0eea88e6b7bcbd08dda6f19d1
u_04487,2026-01-27,digital,CH,referral,4784048933d747c4f708448416ebc7127ee79cfe54b8161750979a59891a1d8d
u_04488,2025-01-09,free,DE,paid_social,f7343a42036bd671390f6d499eb31f79a90f82a7808d5208014ddde5a708ce49
u_04489,2025-04-19,print,CH,organic,4dbfd6a8ffac0af5a2797fc738ebfb72159192b07f57976249dce2bb3c2ae7f2
u_04490,2025-09-19,premium,CH,direct,addd14b3166470988f19abecf2823aebaf208ef62f1b71ee4b1253cad0356b20
u_04491,2025-09-17,free,DE,paid_search,12c5a3066f4f536073cbb05beeed995c8035f0301702644742ca3bd5ae4c0b0d
u_04492,2026-03-15,premium,DE,newsletter,88e970c5d1aa9ab56429c24415f9ee7611d0e4460375c0433d2ad5aab1bf30d2
u_04493,2026-06-28,premium,AT,paid_search,241db24d8e4ec25a3cf5214244eb9cc09ab0a83ecd2a2374fbdf182de3e0ad50
u_04494,2025-01-08,digital,AT,paid_search,c94981ac8dcb4e1043cdc3cabb9e4ffde5494d73d52b7b785b1c1fd427c9b6ba
u_04495,2025-04-07,free,CH,direct,d6bd490f92f2fd4f27f7a208d9955bca04719dcb825f26214bf5209f866601a6
u_04496,2025-06-08,free,CH,paid_search,14e80880c19fac66fae52ac8b2d3d93f44a63f4825018e6adc6b57c7652627fa
u_04497,2025-09-02,free,OTHER,organic,259fdbcdf76229e64b983556ac32592717c928a5384e8c9ad71c4faff97f309b
u_04498,2025-09-06,free,CH,newsletter,6020d3ba47fcc510a04ae37e55ac3a55f1c0895be7835e21148362dda17f744a
u_04499,2026-03-19,print,CH,organic,2d2ccd7e72184da6f4b5df0f0deadb67051f8cbb030d0fa6458c0724a142156e
u_04500,2026-01-25,free,AT,newsletter,3d5a3418afa57e3887ed6cd1674e4b28d918d8561dda592b62648e8244f8bdd3
u_04501,2024-11-14,digital,CH,direct,ebba3a5b895e564bef0edd0ded859fc952b9cfc8bd898eee2268d9dfd34a93cf
u_04502,2025-08-17,digital,AT,organic,4c6060a1b86e99d101242fdc6ac653d751ad85eae8989e91cdbe7f4424d4aac7
u_04503,2025-11-06,digital,CH,paid_social,30bf2ff9d85ad7d1ad268d5bc894f0bcffd1c041a3ad822f5644fff37795baba
u_04504,2025-08-21,free,AT,direct,cb510cfa1d39475e06c6e9c15603de2deed3519e13d12c17e326f720b2b57549
u_04505,2025-01-15,digital,CH,direct,0f397519c10382535da37cd750c76646c798d0fe3ed7629a8f7319405bd6e3f4
u_04506,2025-07-06,digital,CH,paid_social,f3fcadd612855443f2c914af7c0d4d3225a10bca1b3542d7af859295c75bf8b0
u_04507,2025-07-17,digital,DE,referral,5be178bfa4af2cb629b7a9f73b14076f4c79e80f79d586a8baba8822c62289b0
u_04508,2025-02-06,free,CH,paid_social,df6a89f68d3e668e2db665b618a8d0fd9e81e81665dfc753b778f434a58a25b5
u_04509,2026-01-20,digital,CH,organic,b041dbd3659d39ccf758eedbad4468a97012756af25bd1851f9c2458e9a2d969
u_04510,2025-05-13,free,AT,paid_social,580c16525775ed48a610fe0fd0e8f6400a8befa2df830947a7e826efcb68de2d
u_04511,2025-10-16,digital,FR,paid_search,376957561001b6d82e76ed2dae99a1494b3e6c82519518402af24a9482671769
u_04512,2025-09-14,free,IT,paid_search,434e30a4bd16c83646fc0f0a53f49c8378cd3e395031cce6486199ba4685410a
u_04513,2026-04-04,free,CH,paid_search,2bc665e244cfe8e7d5a9bf1277b93a544900a96b8885c9b2814bb84b869a4f9c
u_04514,2025-01-13,digital,CH,newsletter,59855550bb4eb807466dc53fbee1ee3ef15cb96cf2f4d60bb00b0a0601cce5f2
u_04515,2025-01-10,free,CH,organic,35137fd4168f0d6a3725fef498fe958363103af584c32e872764fcf6bc1f79cc
u_04516,2025-04-28,premium,CH,organic,bd9c7137f33a26b92d78190dbced4865c0f90cb4ab946bfcb66e35b183e60c4c
u_04517,2025-07-31,premium,CH,organic,a44672a8bc62dea3d2d69bf68fb2eb2870813c2d601b54dd33343d44a635cb07
u_04518,2025-04-26,free,CH,organic,80e00cc91732b8a9e827de717deff98fc7fbc4ed20ec5aefd75770b5499b5d7f
u_04519,2026-01-22,free,CH,direct,1df5108196cad7ab1ea4444f5d18ff443b9f69156a2da98f80185387f1b58fb8
u_04520,2025-03-19,free,CH,paid_search,c7cbd55dc45701ac61a6fa2f6e2f8c6e252406b4d0bd5bf65c9f75ee0eb6fc2a
u_04521,2024-12-31,premium,CH,organic,409e50026d5bf51f845ffeae95962d3e7c90208db0bcef6c7fd90c4e1d26a423
u_04522,2025-07-18,digital,CH,direct,34cf32353dafd46e21d16ae4f1cd1a46f7a4880f382c60952d18acd07c7665d5
u_04523,2026-01-26,free,CH,organic,ce2f82bbe3c2cc8751b027aae6be1ffd4eb0d3399e9eb1cdbf7e609fae21fee2
u_04524,2026-03-15,free,DE,paid_search,787df78d29d8c54223542d28f50d2f1c84d1f9032b94558e693c81072badc633
u_04525,2026-01-13,free,IT,newsletter,dccebacc19952051a78d9888b0795131cc59695cd0eff505fa1b28f1901c6983
u_04526,2025-09-27,digital,CH,referral,c2390432bd5ca7223f6bdef92923fdb2aac422193d39560dc5633d03b3124888
u_04527,2026-01-10,free,FR,organic,e8429a5d3054417f4a99022c1d816c625cec934b1c1fe5db3b3c868a3a68ad4f
u_04528,2025-12-21,free,AT,referral,71f0c178ebd7387eb472ab4135166faf5d31a6c0d39d0feb0fee807eb05d5cad
u_04529,2025-03-11,digital,CH,paid_social,a62bd5672d377d2124dd1839d0865a077c270d4ec90270b8810ce4f032735055
u_04530,2025-09-25,free,CH,paid_social,bd2e82eb176274b0f282c109c605211a56a413e2912bc8ac34ac8ca407133420
u_04531,2026-01-25,free,CH,organic,ac1369ea3d4403bb5646f271ee4467d7580a302ec974bde76f378074e8a5b22c
u_04532,2025-05-10,digital,CH,newsletter,7ad38e49fa3c4b2b69f2a62e87dd1dd3e7dbe236c86532b44e205590fdf46415
u_04533,2025-12-01,print,CH,paid_social,e8bc78ca0cf203ad36ca016b02e7a60f1f798ed9dec36fdcead802dd2f6505c4
u_04534,2025-09-02,free,CH,referral,6d5f7b69b8b5f3062fa1e95a3c75404d814506b4b31a4d6b099c7d375868dd6d
u_04535,2025-09-09,premium,AT,direct,eec9e55d93fab030a0141b67fb16ae953137ed7f7baec7432fc2722b4823f5b2
u_04536,2025-01-02,free,CH,newsletter,805bc88a1efdb13e93c79ca4f8aefeeef19ea5cfe150ee19da82bc3efc771ac5
u_04537,2025-12-10,premium,CH,newsletter,ae19958b18084d07bcc3a36faea2e6c27a45379d312a4201595e02007d7699be
u_04538,2026-03-26,free,OTHER,paid_search,23d69f59169d1d45c65bec14be773f6262b394ea431f492f4efa058b4e84fa7e
u_04539,2025-01-19,digital,FR,organic,26aa75fc72ba69f83866842e79f2783187a2729fe70935c3bffcbeda7f2659cf
u_04540,2025-06-14,free,DE,paid_social,2b4d497e2dc2affd482882ba972a522c1f586b71d86b220e0db1f7652b40bdde
u_04541,2024-12-05,print,DE,organic,4be48d35b045eb84f60080384c45bc52d27245566a74a11c57a1560a248424d0
u_04542,2024-11-22,print,IT,referral,0962c02b88a3b8370ae269774c010924034d740080be4ca433f98f3487a0be19
u_04543,2026-06-23,free,CH,referral,bebb60321e244ee15d5366a15f0b44c927538c43f9af40d4cf7ac245458db8a9
u_04544,2025-09-06,free,AT,paid_social,1feae0ee7f82336651c8d01dbc2ef1412b541d0327a3deeecab1724901dbd68c
u_04545,2025-06-06,digital,CH,organic,492014b1dddbdc13b6dc1ca31a183d03052fd1ef9fc69c34fc3c42b31db69c00
u_04546,2025-04-09,free,CH,newsletter,a0f13de9ac73d16a4258ffb3a1eb6a3f915aefe1dbf2fb09c10b33c06d221ffc
u_04547,2026-06-16,digital,CH,paid_social,f958add0f086ffecb9b1c31c9f281cb9e077ccab9adb1572d164ee08e06df371
u_04548,2025-03-24,digital,CH,paid_social,396947c18692e06d17e644dbf40e5e0e1388f49dff1ab282494d85fe3d06e4c1
u_04549,2026-01-10,free,CH,paid_social,0ea58ddc1120f693a6dfa6ccab2cf8e526fada67edf943d00e2dd06bed8896a0
u_04550,2025-04-16,free,CH,organic,62d394ee22eaae0a56ab473d79bc97ed865d0e3bcc2326029421a05825f2efcf
u_04551,2024-12-21,premium,CH,referral,c215fc51092bf7e2f857f564e66e3ad222e1c390d4148f6bff7659a8326ccbc5
u_04552,2025-12-22,free,CH,organic,1b052806e9cd9349bb75c92c5070e1a503014e011aa64bb4905d7811f95d28c4
u_04553,2024-11-02,digital,CH,paid_social,eebcf84e33f66f760da8964d1e0785de8bb1f8a505ede902c61f0b39581b6b40
u_04554,2025-12-17,free,DE,organic,aaab49b776369710cb349f973183b74c66ed33e47e2fdfe0ff7b544e5a39f19c
u_04555,2025-03-23,free,CH,organic,ab2b85b3701f17d9b13ae15a139fb9e5b3a12ad9d3e40a8d03b24eab57370736
u_04556,2026-01-17,free,CH,organic,2794a879d72504cdfc7235a85218d776894259ff4a774bb2c7256354b6d27c5f
u_04557,2026-01-25,free,CH,organic,2d5cefcc0f49f9b2f179c7b72090d37ce85df8be7b1e8e48aa2611d8ef6814d9
u_04558,2026-01-10,digital,DE,newsletter,52aa30480a110a2478ec2a2f51084437f5d0b7f82f56e500263966c2684a13ff
u_04559,2024-11-18,free,CH,newsletter,adb23fb5c732ddf3fc10d92e700f44693b0eb730ac5927d08e6cc1856c74acbf
u_04560,2026-01-03,digital,CH,organic,b32ad43a1909b9a3c40496b0444a3c49729e7dbbd80fd72cb1dce332cf3e7130
u_04561,2026-06-23,digital,CH,organic,a3f45be7129f2a2a6bc845c94e5935c36c25ef56bb4eed8f4ad820ed8b56b5a4
u_04562,2025-03-17,free,AT,newsletter,3289876755a4738558d82e4f9e6cef68d353f5eb9c5f1e2788103ffd3a94dace
u_04563,2025-04-09,free,OTHER,organic,07e9eccff27b7fe8fa47ffe0e1d8ce148227763f5146a0167fe6f34f5182aad1
u_04564,2026-02-17,digital,DE,paid_search,34f529d677955bcad6e12ffdede88a23f8f152b88c7b94cc632aad47f85e0cc2
u_04565,2025-01-25,digital,DE,organic,66cd5d2d3295e0fb90ff62f38b17040de6a989f1685a51bc261e8442d3b7819c
u_04566,2025-12-06,digital,CH,paid_social,abf54b8f37857d9666b1652154032d0adc678216923889ab010238abdb4e995e
u_04567,2026-01-20,free,CH,direct,456605206d7feb3c14e790f6dadd8bc9e0d538a61d02f8d4a975a8f82df5f76d
u_04568,2024-11-27,digital,CH,organic,c111b2ed5ed9db4d3fdb8c5fa4549692d396c32a1544cafdf0866df315555ce8
u_04569,2025-09-26,free,CH,direct,35df6f84d2ddd1a34117e626b5d2003d1ad263077691e1ed25647e901d6a8efd
u_04570,2025-10-06,digital,OTHER,newsletter,c4dd5fb083e69f8f942441cfb0672f8fd9a01124877124d49508e1159628dedf
u_04571,2025-04-30,free,IT,direct,7dde26fc993e7f0a963e81ad7c99537e28c8f7b0c32a8639fd438f6809799ca9
u_04572,2026-04-03,digital,CH,referral,f985b6caaf9e9a457aa3901e69d25db56213a35c6117f8690987d5ca5185ff57
u_04573,2025-01-26,free,CH,newsletter,c9132847b115c4f4528bc098459cb38b206070ad4f22662f72024e86d88b600e
u_04574,2025-06-13,digital,CH,paid_social,908405b599c3dfc59ca35a166054f39e272c6d914e3356462cc4f99afe86a592
u_04575,2026-03-14,free,CH,newsletter,9fe0b51b52d1d508b67b7678001f836b0d6f48ae49bee8dcb2e43c67297c6b79
u_04576,2025-02-08,digital,CH,organic,a90daffa8e92aac4cf4532c480bf7ae2c28dbe5c103e75ba6e164e871ec0a16f
u_04577,2026-02-22,free,CH,referral,77dd05c0d2639f8f1c47778c9cc465b184dd3ff61bcbe2904e579e5a96c17025
u_04578,2024-12-27,digital,CH,paid_social,b903503fde65e1ef001d437ec107f85a19e6944f237dd74e0cba4ef23a880942
u_04579,2025-09-05,free,CH,organic,2bfd6afec5ed23b4b2c14a8ed2ed833230d236371e09b9c5984e5db5d04b265c
u_04580,2024-12-25,free,CH,paid_search,c134a7a9336013417c2e399214c623148d6b36471593c170124beb641808d43e
u_04581,2025-12-19,digital,DE,organic,8f5a89d66e9a349ce46f5b4520f18e65857e9ff257b3a19e8e409e256e1e1d92
u_04582,2026-01-31,free,CH,paid_search,02d70f3fb21b7027c3ea7e2bb969fc013b65a011b12e3f9d35caecdcc8b09cbf
u_04583,2026-03-15,free,CH,organic,5e490a12323bf967bbb9b2929b3f3bf2d994e1585aabd928a679428229f3fcbc
u_04584,2026-06-17,digital,CH,organic,6d17c260b2f417948c574ef9cc5d2d7f489f33b4ce1cdb5f48aa463fff0e0fe4
u_04585,2025-12-14,digital,DE,paid_search,3b2c90601bba3a65c7a80304144a852f1d0fbb617311fc8682e7873cf2476b57
u_04586,2026-01-24,premium,CH,paid_social,c4625071d08c1af58758e7a64f0ecad340608506ca5ba26ac2eb76b22b417d0f
u_04587,2025-09-10,free,DE,organic,45ecd821926867b31609fb5682178acec9e517adf91a0c79f553b8a98fce96e5
u_04588,2026-04-29,free,CH,organic,89b72477714891d08c458ec139b01aa27901265a92a2851d3df267a99c1d3e96
u_04589,2025-11-24,digital,CH,paid_search,7bf10d977d8a5125d6c678fcfe9186af231d89b8a7326e42d06c01252367ed6a
u_04590,2026-04-08,free,CH,paid_search,815d3749241a998334faab72d6e0ee070fa1e9ebb14e040f296e90b4193efa8e
u_04591,2025-03-12,digital,AT,organic,dcf1fac30229d700a8958c35eebfc7c2797c4d5e499eaff67bab89c83ad2fb49
u_04592,2025-09-07,free,OTHER,direct,0b7ad592d042906de6264e9dee88844a4bcf16668a5777f5786c7cc6062529d5
u_04593,2026-01-12,premium,DE,paid_search,770713a603ae7017da1412fe9c43cc129751233b88aafc6a690c6ef7cd2c61a9
u_04594,2025-02-17,digital,AT,paid_search,3e7ea0a99f9fda904e389790119a7fd1137e92758773f08f22b90bcdc137ce61
u_04595,2025-02-23,free,CH,paid_social,715bb6ddbf66d64c30150439e5b4d6c1a1b2deb1c96a450de99fd81e4793f561
u_04596,2026-06-15,free,CH,newsletter,32dae9e38b7379188489327d6dce99b84422e24e695fefa328cd525b0a0d1e97
u_04597,2025-08-02,free,CH,paid_search,8f26ac3dba0b875c421155654043cbcb4bb2b679f83313a8ff6be755c0648328
u_04598,2025-02-02,free,CH,organic,7eab798492552e41b78ef59ee9282deef165e17a05b48ddf9ae6457ce337f9e0
u_04599,2025-05-20,digital,CH,paid_social,f05c4076fe3e29cb4516a9f55ac8a9502ea99fffeaae28417617f561b3e0831b
u_04600,2025-07-06,free,DE,paid_search,ca44e95e60801d07ee46520fb2da392e1bcac29b26a2e48f0e00ea73c1ab1482
u_04601,2025-11-09,free,DE,paid_search,d867e742530a948c892b3855daeda11ecd457ff289f52bcd09a6a39fa8cfbc0d
u_04602,2026-05-06,free,AT,direct,d29ea428c0e7ec4ef0409a9e0717220c3082234b31f08b06899a9027d3f7f74a
u_04603,2026-06-21,digital,CH,direct,03f9707a722998fe2993edc41309b96ab72ce8cfa2d45332d5eb36c763d7b41b
u_04604,2025-11-30,free,AT,paid_social,e51c78b5149020eb83ec36b063e6d20540dd665d44c2635dae786171cc82aded
u_04605,2026-01-02,free,AT,organic,69e3c0077c1b78c84c382e470b228dc2e9c648a3a5da3f852582ff8eef755c39
u_04606,2025-05-13,premium,DE,paid_social,4b933b6610f268106100dde90c3cf22706348f8dd16f3c20c0e0fc9f35b3abc0
u_04607,2026-03-20,free,CH,direct,ae7899d6a04523f74f8224246e5ed9b0ec7b11ef52c6be705ac8d9c969381022
u_04608,2025-02-28,free,CH,direct,aa8594b42dfe334da8a9682e3e36a7e8b320132d69932aad00cfb0df8403e358
u_04609,2025-01-07,print,DE,organic,898b6faf8863de29d13bb52461d504de697553df23d45089a904cadc97504821
u_04610,2026-06-11,free,IT,organic,427c44f35deb27b0c9f9a17e9db1e5678ffc9bb000fb31413df8b6850cd74e8a
u_04611,2026-03-25,premium,CH,organic,a42364ce6828f26db1bb1d28f515624f9cd9133f7b69e69ed599fb9ce5141610
u_04612,2025-04-30,digital,CH,newsletter,e6b5a25f867c8ca3cff7a1319d2b2a6e2d1bcecc5a5120db214d3917eb6a095d
u_04613,2025-12-17,digital,CH,paid_search,43e77c91c18a0374552df7ca106b699baf3105dfde56b205025ffb1d81700960
u_04614,2025-08-25,free,CH,paid_search,dece60d51d1898cdcfd5dd81d9965772690ec776452df2bccdb657b58a482ae5
u_04615,2025-05-14,free,DE,paid_search,3b3a9bcd969ee0a305aaf9f691097883073df92cf30921a8fc2b9e85810e67dc
u_04616,2025-04-18,free,CH,organic,c786f9810b6d49eb7a9c04ce2763d50e9466c6b9db418824817a16077b48347e
u_04617,2025-01-17,free,CH,newsletter,7cc1fd3d196629a7720e1063c93d2459b9ce2fb78c36b11e5f11b2706d039587
u_04618,2025-09-25,free,DE,paid_search,43ffae5d1338ed0ea56228fbe21bc7dfd636983a511592afb13386b329ff88f3
u_04619,2025-08-11,digital,CH,organic,3140348acba9f7fa5d34b66e6771b101c168e59ef04f6d826bae00d90e9a4109
u_04620,2025-09-12,digital,CH,referral,967ee03b2e476ccbb9d5c62c95e391a0622a0f4f75499bf5bf80b0ee1d6eb0c6
u_04621,2025-02-26,free,CH,paid_social,8fe1adfb2482ebb83010097f24b3dffd68b152ca31dd077728fd37c3cfecd728
u_04622,2026-05-17,digital,CH,referral,9b197b7481cf0cd92169fc3afe65e2e69b2801358860fe1922614d2accde3f6c
u_04623,2025-11-20,premium,OTHER,newsletter,b04893e34b626e4b3aff0c92225d0a6f535bc6d0785cfc6b56f1d803bd0c7ed0
u_04624,2026-04-19,digital,DE,organic,1ffc344089d6cf9517312e2f9f52b595e860ba82589f7fa2491cbf925e4cb2e5
u_04625,2025-01-08,digital,OTHER,organic,da5438561f21c37b73441f103d1813d463033e996be24f06c5b355e97dd31f57
u_04626,2025-11-09,digital,CH,organic,185011b58a7deddb3852ad7db5f687b3f3499409351e46ddbe0d7c75a5c99eb0
u_04627,2026-03-15,free,DE,referral,7da34042d479408f73706187e4521ec23b5f1720d4c18d5d95c6b4d2db258d90
u_04628,2025-05-20,free,CH,direct,9cafff023a7c608162234fdaf120f2643c6e51884b7652f4a239d0a9a9140e45
u_04629,2025-02-11,premium,DE,paid_search,5ac0f71e0191c6a40196ec686e5bbded5bfbffd346b9b030d95595624b3fe39d
u_04630,2025-04-02,digital,CH,newsletter,c7a8d09b9dcf6dd942034094451e8a2ad3f025ccdab0a0df4dea4b29ae11f0eb
u_04631,2025-04-08,digital,CH,referral,d41dc771d290b92c276507694423912c2da7bf9a515232c8ce6b08978bdfb7fb
u_04632,2025-08-11,print,CH,direct,bd47cc42e208d1bcb0c770de37a85f008f78ab81745268f40adc44a590bf0063
u_04633,2025-05-16,free,DE,paid_search,a5ee1056f008f5c5eb8bf7edd7390e9605c931483cdd81d6a873456543a212b6
u_04634,2025-04-07,free,DE,organic,6842890dbcbf6a7856ff8b0dde166b5d5e38a0ebd360aec2d2bd5ca97a6a2a9f
u_04635,2025-11-28,digital,CH,referral,1caca847da8f8d03270048e80849c940ee9df65fb302b529a7c1fa5c2161deef
u_04636,2024-12-09,free,CH,newsletter,aa25a3d64104f078316ac4e905c31e0fe6f3b470f2ffa3ca6570e9667c132e04
u_04637,2025-05-26,digital,DE,referral,4694ecfe2c14830fad08ce50eb79b692f1dfa125aa6ec7f1832b02c8487042a9
u_04638,2025-12-27,digital,CH,newsletter,9d2af6bdb728ba04c17f465d780141cacefba96fe1ec20a4450cddc84bddd4d8
u_04639,2025-01-30,digital,CH,paid_search,8b679b02effe2e826c7a57d4f4ca6c0ad1ae7843911d9312282379f72255e429
u_04640,2025-03-02,free,AT,referral,647302fa1470314b5496f06ceb627a4e104ab650f00c69a337c93f9fe4bcec87
u_04641,2025-02-15,digital,CH,organic,e2fde8e222aac60a9e07737fe2ce049f307c793945132ddf0ac828f1740fc11b
u_04642,2024-11-01,free,DE,paid_search,d1367aedca4dab55f3ba7471f906e662b2e6dc4fa1b1542652c5614341abcaf5
u_04643,2025-08-30,premium,CH,organic,d39179f91eca9e9faa4e8ddd0b8fb706a96514be7cbb6c218c1072437f82eddb
u_04644,2024-11-28,free,DE,organic,18f7403f54ffd271715517ab09c39232c05f2365af3c2488c10212ce82880e06
u_04645,2025-04-08,premium,CH,organic,dec916dc06851c7398d65e03deadef885b6b83cec671bbea750c655dcc838ecf
u_04646,2026-06-27,free,AT,paid_social,8fc2844cad01a1b97903b25113ceec3f72bd6a4e6a21f0f2be5e83b53a54e621
u_04647,2026-05-03,free,CH,newsletter,8b80bf5e2ebec07016df9d7f838e43f211cc058953cd567860a8259878f818f5
u_04648,2025-02-26,free,DE,paid_search,f129196dbbdd5ce46e7312e3d1a1092fb2d710c96db996be6d442fe1733dc481
u_04649,2025-05-05,free,AT,paid_search,e6aebdbb44362fea4519d7feda81df0d73457da63a51f08a461481be0d2193e3
u_04650,2025-08-23,free,CH,organic,0ceb9e4933e58df19f85fe8c4620e17ad407648f6ee9c186c746d7739b45537a
u_04651,2026-03-11,digital,CH,paid_search,ae7d203fde51413235cb0400b32936ed6d30684c0930cfceee2e343de7cbe8b3
u_04652,2026-02-09,digital,CH,paid_search,3302010bc2985adf9a186fc440ed9d130663af4d181ef7bb0c8d0ea198fbb85c
u_04653,2025-01-14,free,CH,paid_social,c670aee301a57d1731e798ded70522247f6639af3eed811a39d39334c1d2a523
u_04654,2025-01-13,digital,CH,direct,feb323676fe1d9823ba27a6be5c27d16077f1d20ccabb1a58789470e889ddf38
u_04655,2025-07-20,premium,CH,paid_social,a67c65b067e47a57a5b4cf95e74e600022063b24f1ee6267e4fbf5dc34136d12
u_04656,2026-03-29,digital,CH,paid_social,15b054acb4b31c0455d4717e7c1be5ebd2a017995d24ea0df5f8397009f3424c
u_04657,2026-04-07,free,OTHER,referral,e489bba944e8b185cb460b45baa1f8b016ab46e853cdd702fa594196c160c288
u_04658,2025-01-08,free,CH,organic,9e41b8a312400fea0fbcf8e7dbab3bc3cb352fe0ba91abe9149abd95458822e0
u_04659,2025-10-05,premium,CH,paid_search,63488747ce575dc3cacd61702ad50e7bf8d06e4ba23e211ee9970e206a7c2bd2
u_04660,2025-01-24,free,CH,organic,26ef709746f1be21834fb62bf710aaf6707e4dd330269f5b2310c378d5e62e7b
u_04661,2025-12-25,free,CH,paid_search,503bc968f5ab445d2438d53a4e3abaf7863658533e40621c13e3fa2aa79ef61a
u_04662,2026-05-02,digital,CH,newsletter,afc506bb502cdbdf675be9d67abd87e933ea67d68909f26a4921ec74a3a8b0e0
u_04663,2025-08-17,free,DE,paid_search,0fb43e36028f632d09f4b8c65114ab88bd89b21961de464a2c76618e5b993e68
u_04664,2024-12-30,digital,CH,paid_search,4a9a2890da425e73eedc61d1b2c8ef785f69dbb69a5e64cd59e45db84e22521f
u_04665,2025-10-09,free,CH,organic,e07818a7199723f06ff8e390705939d881f2b4434d9d2d157f5be8dcb3c0ba95
u_04666,2025-07-14,digital,CH,paid_search,b37c891e1dedf36f09c559670185b98afbe704d13b931311fa18a822f3f5ef20
u_04667,2026-02-15,print,CH,direct,29f69bbea6b993cb841cd33821dfc390eb419c9bc93765974781ab6bd49c7ddf
u_04668,2025-05-26,print,DE,paid_search,33139c6a1f6993b0afa0242522560ae8f627386687118ed82b8e263cb9dbe640
u_04669,2026-04-02,premium,CH,referral,77bf3cbdbb98f58d1f776ccee918b793ddd0abbffb8ab99138cfeb467d6bdb32
u_04670,2025-04-09,premium,CH,organic,365a7545b331d1c28909390f6acf0d3fd88819b49d9b99801bb2c69972478b78
u_04671,2025-01-24,free,CH,organic,1063ecbd3c38e9763d55612703bcc26cdd1c51dd1d8b02657dad5b433b051609
u_04672,2025-05-02,print,CH,paid_search,23158919f1370b8c9ddfe12d7362e340c0c86a133cc2f4de29cb5e7360ac0bd9
u_04673,2024-11-26,premium,CH,direct,fa936eb90a81d602fc353a05208b3daba8e83ec0ceb56ef236e94c14d6b7839f
u_04674,2025-04-14,free,CH,organic,4197fda274b1e959462cf44bc975996a56f71c8f88787e118416da779756a025
u_04675,2025-12-06,free,FR,referral,7f2c13bd5237a0d961ce6b388fa67bc0b19342e32bd72afd502fb4c895ebe94d
u_04676,2025-01-19,free,CH,organic,2f3e392537e7e60f9aafbc08707c0b12ed42947a101d91a1b9a26034a6155858
u_04677,2025-01-09,digital,CH,paid_social,8d5f088a04c7adbf92e1891ad51244668fe120191ccc918306e772cd743ebcb0
u_04678,2025-01-16,digital,DE,paid_social,eb25019174a7ca47c7836e2f55f07a25715a09744b387cc4ea6ce53b1028750a
u_04679,2024-12-26,free,CH,paid_social,0cca3793e9d37ea70c63111919352b9c5455616f0795aa16a86f2985baae5eaf
u_04680,2026-04-02,free,CH,paid_search,b38e3669f1e0c7436d9785ad42c7bbb0b84a56e9ce1af20f00b000b86bf54a24
u_04681,2026-05-21,digital,AT,organic,5ead6946dc8f8d01a0132213e06341d919ef65cabd9a5dbb87dd82e870c00a76
u_04682,2024-12-04,free,DE,newsletter,5f94ad70038fe390ae7d2dd83500ad2a450760d392e6718a94ca5a2d2603cee9
u_04683,2026-01-21,print,FR,paid_social,35084c93911b65b51e38027cb513e83c44b044dc108bfcfdc0d2a5aa126e3d89
u_04684,2026-01-14,free,DE,organic,857a3e3e5dd86f81f7f151830a90bf54f418a0a665610f5cae36e3c824189161
u_04685,2026-06-28,free,CH,paid_search,91c3de3ed19684f1e0c932c5393ddc62fd5614be91cbd0e48c4652c9ac0bd977
u_04686,2025-06-01,free,AT,organic,eb029ff20525a3bea58818617ce7093f199edf08a37c4f9e6efb186e16f84b13
u_04687,2025-04-17,premium,CH,paid_search,c3d130b3f381f3dd3093dcffbbc514206bb5e36cfffd813c3cb02ad52108ee75
u_04688,2025-08-15,premium,CH,paid_search,b6e86ab7dc7701c44ba550aaab477e7bad8c4d874e18e0714dc7e69698990c55
u_04689,2026-03-20,free,DE,organic,a92cff4377da7fa1ac39c37b982da271ef224e14c729e47dba4c494cd46b757f
u_04690,2026-01-11,free,AT,paid_search,58d63d677fbf2edd898681ade61e4a378d7ef59db6047548c6bdf11ba134e003
u_04691,2025-08-29,free,AT,paid_social,10e5b9b99ad877024571c64748da83a05d7b97c8aacca3f24f3bb8d4300e9950
u_04692,2025-03-19,free,CH,direct,914419d50b11d4287795b3d2011602dcd4fd616cb896b0ec2a57a265d6885a0d
u_04693,2026-01-11,digital,DE,referral,76599724571a41c0431f2f6880b56b874f98736a500370a40077627fdb123957
u_04694,2026-03-18,free,CH,paid_social,9cd2863aceb2e080987ebfb0ee52ec85a852b9310c1e9d7cdc65def9e3de9c73
u_04695,2025-07-08,free,DE,referral,f077b4ed4c0a7a94c7027841f3bdbf16a33b595591713414045f45c08cb5b034
u_04696,2025-12-12,free,DE,organic,3340aa11a3f8213e730cafa2c8e18cb7e16d28c50635e7fbacaca1dbbd3950a8
u_04697,2025-07-08,free,CH,paid_social,49338ada65541949f5217e4a03ed61a0d9cd432bd3b885ffb29e97a98e839652
u_04698,2025-09-01,free,DE,organic,df841a496bf5af49f6ec8acb800e8c719fc3a523fa0af6a07b3056d4be393ff8
u_04699,2025-09-17,free,CH,organic,0ff3543deb2de527891f0153ab66054bf496f1b21b03b2c9c4b893126b50191d
u_04700,2026-01-27,free,CH,paid_social,1daa2a15ad937f49d48384ce30b5a49fa3d3950e6097c975c03d78436e97ec86
u_04701,2026-06-14,free,IT,organic,210841d75b354b4f590250845dc7290c3529aa8fa462cda6e649181bb412dc7b
u_04702,2025-08-09,free,CH,referral,afc496c3294fe34387fd248fafbde49d1e0d46f665b49af41817c64fc63aa2a7
u_04703,2025-05-28,print,CH,paid_social,e499b53e139e8fbe89ce57cbaf6e0da109ef3c70a2ccaca7bf0af85be2581e25
u_04704,2025-06-19,free,CH,organic,8e6a7f5b525178cc3ac38c510d82842d60c3b3e54c98b7cb864e56207a7f4f27
u_04705,2025-01-16,free,CH,paid_search,f86c94193bc3b8f818420bafa1ef96cdb3c7497bbe6002a08679f4e7905d8375
u_04706,2025-04-25,free,CH,paid_social,442b58071d4c50afd05ac82be4c403e0924c8427a1de55ef5bf93321f4c6b511
u_04707,2025-01-01,digital,CH,referral,4ad1194d549c21e804f5875e9630120e7fedc01552aaa30d42d1385becc63c83
u_04708,2025-07-28,premium,CH,newsletter,1b2465638cfeccc1bf168b291a8a6c532258b2b37695ecf23c8fe4f74211a9a2
u_04709,2025-01-27,digital,CH,paid_search,c5fcfb619ec854efad96b83000babd17d467f221dce5f17bb7b4543ac78c807f
u_04710,2025-05-31,digital,CH,newsletter,6f1c2184367a9167392947ed478db8f71077578661349d56cf0e86c58d795f4f
u_04711,2026-02-02,digital,CH,paid_search,b06401dee1e41bbce4e77d1af1e49e2c7086f188b64edd097a027ed2bb94a3bc
u_04712,2025-03-20,free,CH,organic,4216f2059dc17435a01021d563a76f2fc1f4446db07df555448ab9ac494a0e5a
u_04713,2025-11-01,premium,AT,paid_social,7ef862e024fa08724610db8a282c2d692c1ad173429da1b548fc4c424fa749fc
u_04714,2026-04-21,digital,CH,organic,c5a927298345bd056e02a990a820f431d8681b7cd53828acd8713709b560a0dd
u_04715,2025-09-30,free,CH,organic,d35e33f195cb8937294ffbd4d78d67d60d283e4be63eeed9be6848e8af55b464
u_04716,2025-02-10,free,CH,organic,7c17426a04c92ba3ff032af43b943141cdd95273f93153175573a229d31c4f61
u_04717,2025-05-30,free,CH,newsletter,4607b791718d624aef183e40b24f1c8625bc2745f3a196c7ab8bd93b0cb27456
u_04718,2025-10-17,free,DE,direct,7f344311c013f1cb34dac8322aa10de9a0a35bb781e65b74fbbbe8820b9edff1
u_04719,2025-09-11,digital,CH,direct,e7fc071986f0fa5eeea6499c763b23ebf0a9c835d2af59c2ab64a793e63f1422
u_04720,2025-01-21,free,CH,paid_search,cb461154ddccdce3dd784c9596b4b44dd8670e9b0fe03c97ef58c54eb8a605f0
u_04721,2025-08-11,digital,AT,paid_search,f9e51ee17eabbe05176b9a6d96db1e333738c666f30061e99768dd186b8abcd3
u_04722,2025-09-22,print,CH,newsletter,2a4459935c152f34822cef2615c77afffd62c3a6940f6be31200a8f0da02ecd2
u_04723,2025-04-04,free,DE,paid_search,fbcd2c265d36ed7ff70fff03155b707757521091f1cfcdf655db25f9e8c5f7cf
u_04724,2025-11-02,free,CH,paid_search,be0714c7ccd54ec14b8cc2a41bb579707ce9c74d4fbf70ba4686ba2dfb90107d
u_04725,2024-12-21,digital,CH,organic,03c22e3ef35cdbd78e6d9da50af32c1f67fdd120bf05f862bcd01d2c82a9fb83
u_04726,2025-05-24,digital,DE,paid_social,0108fb20901257309220bb88ab311b65c0d09e8b3b3ce7c3534f32a00e81d599
u_04727,2026-02-10,free,CH,paid_social,ac3d05d23e97837b32fb35e33f4c16482df3100dbf63393cbefe67c5367cbebe
u_04728,2025-03-29,free,CH,paid_search,b9573aeb94e75df902134a2834f8a6c40862647ddc8986ffa4999b49b6811ba0
u_04729,2025-10-27,digital,FR,organic,7f079a9926d273d5dfa55b645acb3158ce742038dd6b9d5a0b45809a3e7c006f
u_04730,2025-07-15,premium,CH,referral,02596322d81de4903f04e4eea6fc1bde000f8ce6181ef4bd83de776c33793991
u_04731,2025-05-09,free,DE,paid_social,3722e537c054dd12497d64daf9675b70d54dee5d5f58829efbaeaa97c9d8645b
u_04732,2026-05-01,free,CH,organic,18fa5c48e96efa15650c3a1d435b8242ed64cbc549958947fbe6fd51a364ef32
u_04733,2025-05-29,print,CH,paid_search,0acd74585f9a1df6f3c431de01f83f4ed6a351a112daf03043dde75156c99e19
u_04734,2025-03-13,free,DE,direct,5499f70ee4df087bd45781215d81d3a7d55bb6aa69405c5dc081ca88a0b26114
u_04735,2026-04-26,free,CH,paid_social,7c0d04de984c099214dd8a6f5408dafe69f24a2bec5f28b797f6e0a8f6cc08f0
u_04736,2026-01-17,digital,CH,paid_social,9a31999dd9348e927ba7041728b4c0a0f917d170ae59b65b1d19644d40b1915a
u_04737,2025-12-21,free,DE,paid_social,d16b564bfeaec00c810a6fa95cddad32754960a73b4c96ad113d3b87bd5a4acb
u_04738,2024-12-06,free,CH,direct,b1e95d48f89a7fbe31f38dc50e27ca05097d4c99471f7ecad2f5d85aa17a2d28
u_04739,2025-01-16,digital,CH,paid_search,e0952f4e71ddd1c20bd2739dbd31cab1460bfda43010587cd7fd07c9f4371762
u_04740,2025-11-20,digital,DE,paid_search,f913952c31c9faf4ec247af0ed6f357e9cf0a44711e389276e5fded874bae4db
u_04741,2025-02-22,free,CH,paid_search,357d2dd877ade8c3bbae454659bfdabf8407509f2131666a9a78aa95e84a2638
u_04742,2025-03-05,free,CH,newsletter,cd03fe35701ee5630efade9f1795093af35e44308f31e214c095f6087056cbcc
u_04743,2026-01-28,digital,DE,organic,86afe537923240244b3fb2d07bff37991e0cc172956e64f558eac15393109aec
u_04744,2025-04-17,digital,CH,organic,0788629a87c4c88e77d02777ce6c5fa91aef3aca101bbb12f93db9999c37b72f
u_04745,2024-12-22,digital,FR,organic,c3809779136c2dd1822fa513cefc206c15e0105c0e40e0959867ae6533c64b64
u_04746,2024-11-27,digital,DE,paid_social,c1c974c94ee7f9d5d958a58da48d9a4f7c263c74440924f30371d5aa8dfd220b
u_04747,2025-08-08,digital,CH,paid_social,ca240c8049ac6f2ec9d873442e1d59ed4ddc477f88cb8c1e6e857a6809a963b6
u_04748,2025-11-05,premium,CH,paid_search,1d985e77998835d5d2d114e42ac3fbee8537773c3e32c163e0b955dedb4439f4
u_04749,2026-03-28,digital,FR,organic,405b8562848fd80856652570a5e682d32658f324587d5d91845ca6ac127dac55
u_04750,2025-01-09,free,AT,referral,d93085088c4ca40a290d75d1fac327aeb386e3e30dd249090a6b7ff4323f43cd
u_04751,2025-02-12,print,CH,organic,3d13cf9ae719608672d4ab25e8ae9272cb560bdb0679038f6347b48bad93ce12
u_04752,2025-09-18,premium,CH,referral,24c99e2afe897978ed4c9c3c4db54bdd4cdca5dea4630126124cbbf6080bffe5
u_04753,2025-06-13,free,CH,organic,be5c13283b642bd1fcc83294e373845014ecc830461195bb1ef35e86cf2429ec
u_04754,2025-09-03,free,AT,direct,8eb429da30cb76d7767798538b441d8776e1b4b0a42746bf82121fbb208303b0
u_04755,2026-05-07,digital,AT,paid_search,a864b31cf489d42666ee0b0f2efc53b7dcc821acc2adc0ef12b28886e5db5cfa
u_04756,2025-09-23,free,DE,paid_social,918c11e1ae07249c786f75714b8c47a68f1fe14d57f9b525c21d892704ecf762
u_04757,2025-07-19,digital,CH,organic,14b8470e254f8597ce2411a10d1db4457a78ebf0eeda6294b6c23bd46ebd9ee7
u_04758,2026-06-23,free,AT,organic,54e2090c73ffc755ba76972564bd2f55d7420c0c873b14361c0324f59aaf98d7
u_04759,2024-12-17,free,CH,referral,27ea8b8d1e7d0436198c4332b206fc46d1e7e5e07e99e9e896a4a63d1c3c73af
u_04760,2026-05-13,free,CH,paid_social,ed710b30624ce438c503ca076dfbea64bc3deb8757c075ec1f5ca3b7335d92ae
u_04761,2025-09-09,premium,CH,referral,7950483d92f6221591d0f434acd10878125adf7e6c8ad814f32b5a8e239ea503
u_04762,2025-09-10,free,CH,paid_social,48a8ba2abb96c8ec0fb81002521c4718928e699c089680d1eae4b09753c94062
u_04763,2026-05-06,digital,CH,paid_social,4b7b254cf81554a6ffa54eee0fca24f62114ffc8015005a260158cbe483191aa
u_04764,2025-09-11,free,CH,newsletter,b1afdddc308333700c037e62c94e5615797e3aa907124d207342b44b573cb807
u_04765,2025-08-05,free,CH,paid_search,10636d1db8d1400ef0e98d38f9d33aa5cdda2897d1f28c3a6d1348a352afb4e9
u_04766,2025-04-08,free,DE,newsletter,ef0205f8b00aabf088d7160323d1496fa5e71acb1a4cbe90d9e4b4b76e218036
u_04767,2025-12-05,free,CH,paid_search,14f7ce5371e6ef191b1b369c6aefbc88bef98d25695ead50557c1138da222809
u_04768,2025-10-02,digital,CH,paid_search,096263ff1c0e1a75f5dcb0585aabc4d440551f74791dc72fe6d10c844e1e1361
u_04769,2025-02-25,digital,CH,referral,d3970b53a9d3553361d280124b17325ef701001e6497e3f5253342c5ffea84f5
u_04770,2026-01-05,free,CH,organic,5e100204e707c7aab0b7175437e2082663022be42afeec30d4591e61310bf67c
u_04771,2025-11-24,free,CH,organic,a7d32238ab0020f3bbc5f37904fdfd23eb79cee8514efa7c004620c15ff49d1c
u_04772,2025-07-06,digital,DE,organic,e534476cf87dd08011f7c8886d65c297b3319cb8d68f3ee280987c8bd4494f93
u_04773,2024-11-04,digital,CH,paid_social,ba90b1a447be720368180ba5c6b4b85659c996779eb1bc6b06cc78ea4c7656a8
u_04774,2025-08-11,free,CH,paid_social,9bbb030f641dae1c3d32835430c80bda57addb06d46b02af34439c230283f5b1
u_04775,2024-11-05,digital,DE,organic,2788f1693026d05684c366ae0ec9c5ebbe0e6a1a769ceecdaebfbb4f1697f6a4
u_04776,2024-12-24,free,CH,organic,e66e8a0caacab08ec5e5fa0b4447dcb7a45802d65fad31d34f83ade0b1294442
u_04777,2025-07-30,free,DE,paid_search,7067ff956f53ed15fe22577467ede8d01c3f3b43b2f076e3fdcd3cb038a110b1
u_04778,2024-12-29,digital,CH,paid_search,b44462ce66a738b481b0fe748713b892dd7538f074bcbe0085659abf10682954
u_04779,2025-04-10,digital,AT,organic,896bb26a5a9b8ab89cfff14fe514e5a92f676f8f589efa8b0d517bb16ed4d0ce
u_04780,2025-12-03,digital,CH,organic,fc75ae8b018baee7e0499feda30d1435d164f7f9bf8fa65305581a26d307374a
u_04781,2025-05-04,free,CH,newsletter,0afc409fa2e5bb0c8c87ebe9fb7d8e8596822f20e98d484fee23afc6b3a1da76
u_04782,2026-06-29,free,CH,referral,43d820eb872f14cebbf129d8d92e610837879ba75735809beeca9454fc75b82f
u_04783,2026-05-01,digital,CH,paid_search,efa1162032a954de85d61874f42601bcceaf7e62af3c7b6dbb9907d99221d31a
u_04784,2025-10-13,free,DE,organic,39fcaa1f5d6ee2875208e10e7ce52edfbdb925106288d630eec0487642d51918
u_04785,2026-06-07,free,CH,organic,a1066c68447e1cf326c08603169078718a36932bded42463d3e7fcd629b86865
u_04786,2026-03-28,digital,CH,paid_search,04727c5f0eb3d4f6d6418e1beb20b30899d0a8ded2b6f4fdaeb3a4eb6883e543
u_04787,2025-05-11,free,AT,paid_search,d8a0804c1fda25e44dcb76b38e7b797f9f6e7317d6cd8a7c81fb98dba89d1a18
u_04788,2026-01-18,free,AT,direct,c999dda6ab338ee042ad7e605ddef309904004d0a7ee105945580ed961792eec
u_04789,2025-01-17,free,CH,referral,ccce59288df9ce3b4d2aa458686fc014216dcb94e47a205a7e1660f2f96f48e9
u_04790,2025-12-23,premium,CH,paid_search,e1c800178726f8916af7794b956b4a82e5117110fbb71199ed6a4a5a02d297af
u_04791,2025-09-06,free,DE,organic,12d59d6639f5a39ddbd2d56008bd9459d02dae6d11ea048dae9b366355fcd8b9
u_04792,2024-11-13,free,DE,paid_social,05c3fb9106200329fcfe47ee1b98b9b5999d051955d1656a43f0dcd92cd263e5
u_04793,2025-04-09,free,AT,direct,21c7c7a068f54903f35681bf84640a83746d13de0bd2ba3087d338c1654356d4
u_04794,2026-05-29,free,DE,organic,9e93cc5d0ec4691e0c55f32489770a1d51a83a3199eaaf1f3cfb8f299f1dd09b
u_04795,2025-05-09,free,CH,newsletter,64ca0fc187dd36f84fed1bac8fa8e70ddd71af98cb3003ffd6e396d265c1b69d
u_04796,2025-02-01,digital,CH,organic,269d2a0d2e9795068b8ea6ec00a1f69a6ee2c48984d661d93aa1f1c5d27d8333
u_04797,2025-02-06,free,CH,referral,888c27e3000ba1020ee346a9fe2267fa59a1296b6b84dc5e1d80aa14dcf85f24
u_04798,2025-09-02,free,CH,organic,20345cf6b0a191084ba6dca665f17197c3086ee6fbdcf22311da0892f4c30af8
u_04799,2026-03-10,free,DE,paid_social,f37e3f41644a8be86636b385c3aa9f2440c659e3a4ebb4feb7651a9baa46b70e
u_04800,2026-01-21,free,CH,organic,57380275a6f52e35b034a09794d38175b5d401c4cca486c8205c0dda9196e7b7
u_04801,2025-08-04,free,CH,paid_social,ade4c29bddd7b8298a2e02e7c5b0a9dd78108a1873ba112c5df40ee8a0a8a7ac
u_04802,2025-02-21,digital,CH,paid_social,db5319033fe5b85173abf12e8a199d09eb7e29174eb847326693aa233bf79ef8
u_04803,2024-12-04,digital,CH,paid_social,f14e497aae5329be90a33cd3d77f4c2b5085dc5fa61a5de5ca0b457947cdd851
u_04804,2025-08-22,digital,CH,referral,a4d0450fba3f3023ea36cf7782ec33ea6007bfa07b805db6fc61c43106c61480
u_04805,2026-02-18,free,CH,organic,99e363883f57d2b0c3a7c3cf6d9dc671ab9eb98d7071041ea0accbe2fdcc723a
u_04806,2026-01-12,premium,DE,referral,c746bd9f4799748470a7ca8bfd83abdfcbe69499804c4d050569f7528be5ae0b
u_04807,2025-07-14,digital,CH,organic,20c064c376ab7e8a48a66a41b53b2f33157b82e0aab795963be2e7d0fcffd21b
u_04808,2025-10-20,free,CH,paid_social,021e290d96bab597dd3f34da7071e92f7c2de06b170879c68ad781003e0fa4bd
u_04809,2025-08-03,free,CH,organic,eaff609bd6baf9a863103277726759e471a91b022a6f981c2a516dd007423fe7
u_04810,2025-10-09,digital,CH,paid_search,8138a50f0a0a987f86eac9fe1f852cc9a83879dde2d907591396c1e8fbfbe725
u_04811,2025-09-14,free,AT,paid_search,9a7b090fbcadf8adbd0822f31eb61901dfc3bd4dae6786749404b68a7a7171d4
u_04812,2025-12-21,free,CH,direct,83103bf17fa4e40685b39f42ecbbf6468eb2079f777e11fe1fdd1fca50bfa09c
u_04813,2025-09-11,digital,AT,paid_social,5c5583787515cd408aba7a35683901e6d8e4900ee5123dbc3e6b09bdb817e741
u_04814,2026-05-19,free,CH,organic,90152292bf4f327cbd0568f109932382cd12d22899e031dbccfb621f798336f5
u_04815,2025-07-28,print,CH,referral,67dded82960221d7eed19b89cdc0a94f0755e67587993286da8f0f5a71e97adc
u_04816,2024-11-12,free,CH,organic,d7c06baa4d2bb4fd670536ab4c277fd77fce9c3b4f337931fc43ff9a2c89d986
u_04817,2025-03-13,free,DE,paid_search,6aec6507f47bece2a4cb34e2daeb864a89f08dd8f723d397116dd968fedc8fa5
u_04818,2025-09-09,free,FR,paid_search,75122242cfb168e1534fb31a0c4f9561a5cac5469ef781eacbafcb940c0dc4a6
u_04819,2025-09-22,free,CH,referral,55cd439b1461f4efd0b30445152f1d6f1ca7430e0994c726b0247205f37c3611
u_04820,2025-09-26,premium,CH,direct,2a8364044270c07449a2178f415d931b1ee46017f7be20c522db741f57694bab
u_04821,2026-01-07,digital,CH,direct,1806ec52e673ace9036f25c3552190873e7145a4012a87d2814be8a4a2c598ab
u_04822,2025-04-09,premium,CH,organic,cbfd0fc71bd06443ea0b16764581554646c91e3106b63e5b0bebf00d752b2e05
u_04823,2025-12-09,free,CH,organic,31dbd0c7c1be3f785a73a891977373b187625ab3f2e5e0d379f5276ab9e0ffac
u_04824,2026-01-03,free,AT,newsletter,8e57debed88b293b42c5dd2dbf84cb7580f26ea09708df084250d2c49b287688
u_04825,2025-07-16,free,CH,paid_search,57280ee81a9f3111bc4021878c82e66350fd6a07b764450a8c9235374596945f
u_04826,2025-07-10,free,DE,paid_social,3e66022b987d3464939bca61c660c5a47cded0ce85d34631ae98abd528bfdf4c
u_04827,2025-01-31,premium,DE,direct,01ae54cfedae418c2588c2362184a77eb023638ec59de95532beaf9e86c39339
u_04828,2025-07-18,free,CH,organic,eabae56d4a67ccdb39451b34029f7e9a7a30d2851fdd5dc333e38c285e401d24
u_04829,2026-01-30,free,CH,paid_search,ac476730b757d132ae1567f531f99afa75327731b57a20039fa45b8cb0033f35
u_04830,2026-04-26,free,AT,newsletter,e3a27bba307548d729a03d46e16fa11a1e21dee6bc19435abc6bd85719e908fd
u_04831,2025-10-19,digital,CH,paid_social,a0a06dbc4bdb9050965d81d08a4d7fbae3deaf319a98a334e16a08b1a3f32e07
u_04832,2025-04-27,free,CH,direct,19770656660dd62cca6b1b674cd1c5cbdeaaf544ab2cf9342629605f41371e2f
u_04833,2025-12-22,digital,AT,paid_social,ef97427793d8b6531904ac3391f12f6174918e2738baf5a4c4b184d17ef5ec35
u_04834,2026-01-15,digital,CH,paid_search,e2d7e2ff3317a05ff2b38915e2ce73e7fd3856dbc3a8d0309f28ee46f84f4659
u_04835,2025-05-21,digital,AT,newsletter,04f8685a27320e0153b5c5fada14a3a709657705ba44b59368c2db4df5464b25
u_04836,2026-02-26,free,CH,referral,a0f91f7d02e92a4d56f4bdcdb37dda850b4ee1524aa92394691429c026c0ed24
u_04837,2024-12-23,free,CH,direct,1ea5a09abc619e3f1f105e5c6e8b4f0d12710649e40aa4c37c79dbf2ecfa57db
u_04838,2024-11-08,free,CH,paid_search,8f1f8a80bb7bc5ab27b1c9a9e9f7ae78572fff41dcba9490ea84123afaa12c6c
u_04839,2025-01-13,premium,CH,paid_social,aa9effb7376310e3e79c3ce900f1799d9bbd93af5d95c50894d26541e0bcb89e
u_04840,2025-01-24,print,CH,paid_search,e4d53c8d7638de6ccadb81d2b9c210dcfb81b73a13768c87465aa2bbb31c327a
u_04841,2026-04-05,digital,CH,organic,2839a3d75486d008340a0d8f486cb6c778f7c92e91d4f31e65fa556d88c16f2f
u_04842,2025-07-26,free,CH,direct,e91ad13ed8426d3f083b1eb3e31eddabd8a56ccb3cd5329b3fc4c6bcee6f81b2
u_04843,2025-04-10,free,CH,direct,c4753cfc55877d73947dae1c96eca5e2e9c149d3bffc196cc2ab3626af591512
u_04844,2025-07-29,digital,CH,paid_social,bc5c013587b3910f3abd64e6f4ab2b26701af50f9da9bb14c9175787cc70ea91
u_04845,2025-07-05,free,CH,direct,1d4fc8d30cd4be3325a93e5cd51dcd107f8233b62ad8c798acfea2061f130f7c
u_04846,2025-04-29,digital,CH,paid_search,a91b918148042bece27d26212cb9d5a5af9fc5a9fc922dc69581eb370203bfd0
u_04847,2025-01-18,digital,CH,newsletter,c4e2f357c9236eee07a331f2067dac05db05110afbe77681cdb8fbf9b9a5ad59
u_04848,2025-12-03,free,CH,paid_social,9434641bc37c357cb397f1bfef8b0b5ae0e2e65f94a2b9fccb4dbb8163633b68
u_04849,2025-01-17,free,CH,referral,bb190fbcc14cc46e4f85c03448df6c8bbcba4906b5163784bbe154f4b0f993ee
u_04850,2026-01-26,free,CH,referral,2fb713b4b3882f865df9a08156bdc4558e9110b4b2ed2320dffa12966435e2f4
u_04851,2025-02-16,free,CH,paid_social,e3d704979803592a59a20885c00cf12e4e224d524445a68f5c801fa92ff3fae6
u_04852,2026-01-12,digital,DE,newsletter,fa85bcac9465e6cc21a8913aa58aa69f0f84ba1ec360612088a36623eca96b0f
u_04853,2026-02-11,free,CH,paid_search,bcf7612f76a3dbdd8325feb2afef75af3cd1307d063abf56bd2935fe8555f75d
u_04854,2025-01-14,free,CH,newsletter,3f46287e22cca72216dec1e9ca70750ace1f4aca587c4d5f10ad57243e1423a8
u_04855,2025-01-01,free,AT,organic,84601721cb28ce906d483fe7c1a675274cf931b168b256defe4785542747d4b9
u_04856,2026-05-25,free,CH,organic,3f4b398ec178245508b6f308b1247f84c62f1031c47473c67f06878761d6eed5
u_04857,2025-08-22,digital,CH,referral,b88e30e90193f8c268e4c9dd67a45eac99b9ee330aa1edea1164a46df14bfec7
u_04858,2025-11-14,digital,CH,referral,e5681ff064c76bfb4dfedaf15ef24b7b6310b73e0fb6cf69c8cc67ec249b87ec
u_04859,2024-11-17,free,CH,direct,618ce397979557fe72b734df53fa9c515d95dea8f42841f601ea7e9648df02b8
u_04860,2025-04-12,free,CH,organic,5dc9bb2b37ad782c0912f7f1230e55971d7f11cf1716f192938057e631f58716
u_04861,2025-09-10,free,CH,organic,afb47bd145febeaedc8894776db767dc2ff6e0ab809cc03336bcd4881330b2b9
u_04862,2026-04-10,free,CH,paid_social,c17c3fc3cc6a3d01e345c57ab4fa082f33609ce865ddb1a511c27691b3488f2b
u_04863,2025-04-07,free,CH,newsletter,d6f66497ec716512aae4838770ffbe7686807592f1b815e29b7101c6343bd9b1
u_04864,2026-01-26,premium,CH,direct,dbb3a4848e676b722174e50151c7177af5d5aa04c4a77c6bebc8a883a638d2fa
u_04865,2025-12-07,free,CH,newsletter,15c355bb8d1695c50207243c5a587e6e1648e156a7ab2c0c93d6e9eec38036ba
u_04866,2025-01-10,free,CH,paid_search,5787a3f04675a4b41af4a1b156fcba1af8dc03393e665aef4710ad17d52ef127
u_04867,2025-04-23,free,CH,newsletter,1a702364dc172913f7b0038216aefbefde4c80889320953ca28561dd68ee314e
u_04868,2025-03-14,digital,CH,organic,69c071a74bc3f89d2e2e1ab7919910025ff7a31111ccf4d5e25b4fe5013246ca
u_04869,2025-08-08,free,CH,direct,f417845a34a763f4802fe618c3f4c501d1d17bd2a44b0c7083509712eedf67db
u_04870,2025-11-18,premium,CH,paid_social,9a2281d542931c0fd4a66f002a90d974d79143ae5e111f3f6ac9203c36073248
u_04871,2025-08-01,free,CH,paid_search,1d87e9d72b41f5f5e3f341a7864acf12ddd5f72f5109e7a14d447149fa81bc6a
u_04872,2025-03-19,digital,FR,paid_social,15e01709ae03506bde2b3328da447fa77d9be1382df8cb310c00690c2e57152d
u_04873,2026-01-01,digital,AT,newsletter,6eb81d2b9af5654cac18b5eaa5fa4aacd2a0b2eafa9e6d8caad60e276969fb2a
u_04874,2025-10-13,free,CH,organic,c8f19aaaae630aacafc3b0a871a93d2468d442004a2dfc6a07800746f695ee72
u_04875,2025-09-15,free,CH,organic,182dbc2e871d1532da25cd475141d5ca2d8d8fb03521238e4f8cdd2d5cb04b60
u_04876,2025-09-26,free,CH,referral,5d310ac54ef295281494d0d010dff1b398d4f020d6e18464d45c899f129cac6a
u_04877,2025-03-02,digital,AT,direct,c47a2137905c465a0e01dd23c628b1cca8e614005e3978740b499bf44f58dc1e
u_04878,2025-12-20,premium,CH,paid_social,68a8a6f1a31deac9bb79a76cc2d87b5ddc989fbb1f31677a38062a1fa46e1303
u_04879,2025-06-29,free,CH,organic,503d205c2e8a3b2e9e499ec4bc71ce097436fcf7764a5a748ef0695af2b98d6e
u_04880,2025-06-12,free,DE,paid_social,c1035b42886122280bebff535f506ddc229724bc8f729d402d5e3005b046db29
u_04881,2025-01-22,free,CH,organic,27ef36d1d409edd834ae76b52968bc5d29f8db770cfca723e252823ac815d609
u_04882,2025-10-21,free,DE,paid_search,bf77da173a705f9ccd89c0cce8ceef12c33d365d954d0034edd4c614f1864358
u_04883,2025-10-26,digital,CH,organic,76f269ee78db3c94137712437f006ed8dbf9208c20db6f5a027b545be9a7d05e
u_04884,2025-05-26,free,CH,paid_search,12c1557fb2b03a6635199bb79ee6401d6694219e290ccf249670057643f54e31
u_04885,2026-03-22,free,DE,paid_search,17412df21f35fd985767c12e5486aee5efb61fcf919cec519161d18c1fd6afa5
u_04886,2026-03-12,premium,CH,organic,17b931a39572164e166c23d838c754403568f6995c344b8826070e7d460ed2e3
u_04887,2025-01-08,digital,CH,paid_search,f4317e8d5236b240f4025589fadfd00d32724f39c996edfcc141a8f5594e59dc
u_04888,2025-12-31,digital,DE,paid_social,50396ed8331602db27eb38bb5c487dd0e18c1aeef78033aff22aa08d56f89fc7
u_04889,2025-07-04,free,AT,paid_search,4b2a0198cc71f5df32bd29b6c1d6ed144e4b9f6049573aed9b456788c0c91bca
u_04890,2026-06-30,premium,CH,organic,4a352bbb8e683640282a3bb15f75d0def60f33c8276ca9e02ac0da9b73a0e04c
u_04891,2025-03-05,digital,OTHER,paid_social,167400c068e17934f9f6a415e1daf37f632c503d997420901891f436b4ff3244
u_04892,2025-04-14,free,CH,referral,65c00d7cc8ce329dca59848c7935ab012867d59c7fe626582159ba763e31fc4d
u_04893,2025-08-07,free,CH,newsletter,98c9599e2eff83d5c9a791bf7160b25f219c93222fcdbb8de02b8383379eaa8f
u_04894,2025-04-05,premium,DE,paid_search,5b741e240583c9a745976cdd45628d5c1d51375c29b4cb49668a6cb1b3010f42
u_04895,2025-12-29,free,CH,referral,c489454cf35911bd6638ead6aee4d3af1497fe372595346a606ef5989d1fb7a3
u_04896,2025-09-02,digital,AT,newsletter,4f677670c418a0ab145c2b80aed543f96c68e21ba4d0d3289ce8e820960c8282
u_04897,2025-03-02,digital,CH,paid_social,f29547baac3efd8e490c94468b61bcb2eb9d4d6d470d9c47f81f45a429b82280
u_04898,2025-09-11,digital,CH,paid_social,9983a97771dcab8dd6d0a458fefe83c01c0c31bcd3a070d66e827b030c16dceb
u_04899,2026-04-12,digital,CH,organic,4778225bf3e53e1a9d5e1b0834cc438df14d20f4367818f42b926f1a5f1bc6f2
u_04900,2026-02-02,premium,CH,paid_search,a02b95f682a13c25dd3cad51bfe00d39cd79b5d1bf08c604a549ee10491e3b10
u_04901,2025-09-08,free,DE,paid_search,2640cad8edc9c8fee2db53f21268959b6ff540e7432a9b713428afb10961bdad
u_04902,2025-04-19,free,CH,paid_search,a1f73d584aa5db48a3172800926c904ea9039fe644147c10cddfa764308d0149
u_04903,2025-01-31,digital,CH,direct,419b168b2bfb48756d735af858fb31e222146442e2efaab6c66f16b8ebef0533
u_04904,2026-04-04,free,CH,organic,0050fe0538ca8c8472ab5f4ac55e343a9ee43a2e188a501d738bbc9a48660748
u_04905,2026-01-05,digital,CH,paid_social,faac47f223b3882b28e41a9ae4b1d25483157ec6b0540736d49277b8b580f91a
u_04906,2025-10-04,digital,CH,direct,aa2baee9f849a08e9af8e2fa846559ccdfb9337571e2d2e9897c015d562aa2aa
u_04907,2026-04-05,free,CH,paid_social,58607186210636a61dd268a05b9586aeb7bbdb10359b335face62e5cfc3c8a3a
u_04908,2025-01-12,digital,CH,organic,f8d94e6cce7d7769f83e4f9e4d41782f41264d3479ef3a1ff3e20d4aa0f02f5c
u_04909,2025-12-22,free,CH,direct,6e0cf71975a108005e06bf863b30fde7f3623f14881541ba44f2ad9721141c5e
u_04910,2025-02-27,premium,CH,paid_search,5721b75a61d62384045f653a44eaba3d2f3cdf75d70fef4deca800c08f96e7c4
u_04911,2025-01-12,free,CH,organic,d7e670d1355ee17a8e8d904a7d11fd3e126ea8ea6739ee85180d08562d396622
u_04912,2025-08-24,digital,CH,paid_search,893731ede60e44bda6e8b78a39ffdabf9d6052e80fd6d459bcf1c11e49151020
u_04913,2025-06-29,premium,CH,organic,0988522f1407b4e5842885a2c4de3c810d3cb518df595cb7f3f57a74165631c3
u_04914,2026-05-19,free,CH,newsletter,ca443ff774440c6a6e50795b5bbc61766cd93d129efe78868cac9f3ce417827f
u_04915,2025-05-15,free,CH,organic,8934d588e5f495ab76aae2da822d6db004e48faeb968ba507a59883319727bfe
u_04916,2026-02-18,free,CH,newsletter,dca8011e51249023234dd12a4440103240da6c88f9b3e664265cb2fa8cad0138
u_04917,2026-01-18,digital,DE,organic,01e4c989ccb3079d71503e5565d739093503a857107e8dad69c083ce68d37726
u_04918,2025-12-11,free,CH,direct,6196cee98a309bc5437d2b21eb6ee931ffec5d0a96ada13f81cc70ec2387939d
u_04919,2026-05-04,free,DE,organic,0a4d433761d7164593ef6a7894e05e30b0d88513b8c36f0e251eec3276d32ea4
u_04920,2025-07-14,premium,CH,direct,888dd67c2d7b1681c8a508588390d647a767fd6ab744fa2ff10be88824cf083a
u_04921,2025-07-01,free,CH,organic,ed98f847137034ffe9817d6c4fd486acd1d733aab6999ae19fa9b869730c1c56
u_04922,2025-01-25,free,DE,newsletter,372feac8d739ff63c460a013ef9153b5b9fd71ae9e7948ac811b955277788f53
u_04923,2025-04-10,digital,CH,newsletter,76dbac92ab6e90c128b15a70793b2885b0f5016e4fe6db317280a74cd712a86f
u_04924,2026-04-05,free,CH,paid_social,5cfe564d8bb2d8343e5a9db79ad83c2067f2063e6472c4b211aabac0171a9349
u_04925,2025-08-31,free,CH,organic,c591d57efa0d1b02323f25cf4c47db1b6ec10ea11526f9f6312260ebfd3dcc58
u_04926,2025-05-27,print,CH,paid_social,8f3a562413bf469329cbaa3cca894522a649194081757ea2474856c9708c31d5
u_04927,2025-02-26,digital,CH,paid_social,a0b5cac1581492f29dfb736b52dca8c7ac9fd61338474cf3c59d4876c226b5ef
u_04928,2025-09-04,free,DE,paid_social,85b6cfd6d32c184e61bc19b7fb4c556e8c9441f6ba30004cbcf4a912bd20ab6d
u_04929,2026-01-07,digital,CH,paid_social,a4b399f90e4f10c157563656bf6b91222b3c162ee6fa3bc8e9ef189fceb9c1bb
u_04930,2025-04-18,free,CH,direct,8fe893c8b5dae6add40d49bce99a819a1428e774350eb60079abde8bbc732b16
u_04931,2026-01-21,free,CH,direct,399f434df0978b2d0699fbb00c393928a06dd06b42118cbd434c3fd7c9574fdd
u_04932,2025-11-14,digital,CH,paid_social,f1fc2d8745ea061138967e32ea08ffb0f09492e324bc26887f71cf4c4971e89d
u_04933,2026-01-30,free,DE,organic,c189375fa232a8416d8491c48501196ce813a99979ed2d169bfbab9797e0456c
u_04934,2025-03-23,free,CH,organic,acfac51a56040964ae804d13ee7b76f5021fd6f04698adc0d05d6a5c5a6ba8e8
u_04935,2025-11-15,premium,AT,referral,58acddd6ca1f750b595628d2f1334bd39a352bb935986c8d5d49e8292bfea583
u_04936,2025-01-23,free,CH,direct,f1ff76d08dd801241f92f4e5298d29461e56385baadc79320eb0a177b4856a60
u_04937,2025-06-12,free,CH,paid_search,81cb10897938ecd0eb90c90e54d92b25cc8b7635d732c2f429e7597339f9e866
u_04938,2026-01-10,free,CH,organic,297335e7bd5371cf4c6a9a380a57fe81627103f5dd3146e2ae9be2afc10a2491
u_04939,2025-11-15,digital,DE,paid_search,8c75b0d80f810139418fb94755452616ff857855cf7e20a97ccfee6fe3853406
u_04940,2025-02-06,digital,CH,paid_search,9bc7e6ea675b835d2ccc136a4b6f82fa701c24964b1a033a61df4b4e284eed64
u_04941,2026-03-21,premium,CH,direct,80ac75632b9b5a24f4111b0e1fd7d43a3b74760552262850a05b0da4669e0d94
u_04942,2024-12-09,free,AT,referral,5dfaf2a785fee8607bfa1b2ffc922b8f7ccdf60e7c45e7de31016a59f5f0f043
u_04943,2025-10-20,digital,CH,organic,701724f487de176848c4cf876a2d70eddf3b6173ea2b8243443a33d64172f7a3
u_04944,2026-06-19,digital,CH,paid_search,12f484c1ae32599f549ef479cca7792cb97c1170a687731f24c0d3fa6d917417
u_04945,2025-09-19,free,DE,organic,5b78265831b93cfecb125018a0fa376f32868498bef5bcbb69807d19afdcac41
u_04946,2026-02-08,free,CH,paid_social,024abda78f14a7ff077406107692ade1690e56b6e8c135a4a655deb79f26245f
u_04947,2025-10-20,digital,CH,paid_social,cb8c217e14e44e762b109bc3ed5c4d464c9fbc4e6989b2ad97b8aefd110756a4
u_04948,2026-01-29,free,CH,organic,3c4026e9d3f487b3cd2afb43e8dd2d9cc946ffeba37c104e43c07aabf865d0e4
u_04949,2025-12-03,digital,DE,paid_search,c45ebfd24ad5602e75d88d5ead8337841ea685c9824625be4033673ad212f0e6
u_04950,2025-12-28,free,CH,direct,48361339724c9ab03fef5fc12c7fa1bdc1096d72d9c2ed77b5858b6c07538a12
u_04951,2025-03-07,free,DE,newsletter,871cd59dcd1decda6d8897423ee15147be21532b9e7de28de2f4f9b54b4a55eb
u_04952,2026-01-15,print,DE,paid_social,24b04118b77c7eb905883188fce6296c40b18f87e3b34f690773c2fe527047e1
u_04953,2025-03-14,digital,CH,paid_search,e721f81bf63a195924621b2580abdda85c8d48e73dcdcc6babafddd13ed2f560
u_04954,2026-06-17,free,CH,direct,6728204bf772e4f39132aa4953c10ea6023f4f53aa49540bc99496245d61f60c
u_04955,2025-03-07,digital,DE,referral,4efd553ddf6d88ce99a0d4bbeeaddc1e1edcbd7a2f8591a80472bdc6f3e60617
u_04956,2025-03-13,free,CH,direct,ccd81a93d61354760a81147cd96ad9fa7160b115a768e07786d99f0b2e97ec73
u_04957,2026-03-21,digital,CH,organic,09b0c9a033fd5f2a14da40ba216130d48cd37ea6ad8fb1c365dd75879d63f235
u_04958,2025-03-18,free,CH,organic,a611d899a124e1bc73c8a332488beb17c28e119ddfb88d58a39c3d51b0ae5775
u_04959,2025-06-10,free,AT,organic,22043783306e162550ff5d9c9f2a85833e7bc7e81592ba32fdbc7302a7048d7d
u_04960,2026-01-07,free,CH,newsletter,92841abc0adc80850a6c1142b4f46739358a5a62c15ffb86215b2b310c06970a
u_04961,2025-01-25,free,CH,referral,81da85f6d36799d6e10b2bcf00dc34f86817035e8e88c09d504f255281773730
u_04962,2025-01-25,free,CH,organic,50eb65796fd6b6b2cb3713e08e29b95e4d29d3e16b7f3994b2f36d8d713c3d37
u_04963,2025-09-04,free,CH,direct,aac2f9f54d74f7e6a7de95d606521a45b03768d56e2ddb6732f45fbc06215149
u_04964,2025-03-18,print,IT,direct,2c3af50d411ad6dcce8eb6e68d6dedb19d1007d1d445ed20302c4e9b87c85e22
u_04965,2025-03-12,free,CH,organic,f4c2d4a022da885b4056847c1db86f2b5f88c7a3d7eb26bf354bc03d1303e4af
u_04966,2024-11-07,free,DE,paid_social,e303137ddc3f3f771d123178d073d300904176d0068a1b60bc555a335c2e936e
u_04967,2025-06-17,free,DE,paid_social,5dbccf3a5f5b54a97c0381da896a893ca059e147141e8497350207b77fac931c
u_04968,2025-05-11,digital,CH,organic,cd9a94a651e3e2c3b9e8000f686911ac2a59406b227e4724c1c5d6049f67c7c7
u_04969,2024-11-23,free,DE,referral,43acdc194c585c065a7fa4edd09166b167ad84bebd24d084c5ffcfee90e46b94
u_04970,2025-11-08,free,IT,organic,dcff96ff3146ec04edaa1d785759aca4335f9f6663570705ef222ee9c596fe79
u_04971,2025-11-12,digital,DE,direct,3ac795f83e839324f08351cf169a50cfb651c1c870bfc93d50017264c0afc27d
u_04972,2024-12-21,free,DE,newsletter,c56dcb846e56a041c785b807c703bba54ee0f1fcd2d94497f1002bf2a71e0f04
u_04973,2025-05-10,print,CH,direct,ee88941d3a3836b583abeaa346e3e781719add70de676880274903e4ec83ff15
u_04974,2026-03-31,free,DE,referral,ab7ac9904235716868ad14ac39eddb7dd0bf57a0dc56dadab10303708a792e15
u_04975,2025-10-11,digital,CH,organic,8f0d72224d88ae673351dcf3e90cb4081673a9b308db03d37dfc88657adeffe5
u_04976,2025-07-17,free,DE,paid_search,ee928d8211ca64204a6dc0443d19236d8e6a46c391278fd248532f415d215145
u_04977,2025-08-24,digital,CH,referral,1d58e2c941df0b9ce0e6eaab48db7d8796136a8767d31c17dfd608e5b610fac0
u_04978,2025-02-21,digital,CH,paid_search,2d69512cea233c3acd6e3a66750a8ff7defe4c26dbcd31d7c7b961cd2b0a18d5
u_04979,2026-02-16,free,AT,referral,1fd0c3e2f2ea503853ad1c54854720c570f99242000ad3e2bd4dca995b0fa24d
u_04980,2026-04-30,free,CH,paid_search,bacdc29bb572fe9bdea777940aabd28a71ed37d1b8adcc4e30a45774d5d32028
u_04981,2026-04-27,free,CH,organic,c4f8c813041d080d687a4bc85a7c9bd06c91c33d3a37e9945150a9c6bd6d36fd
u_04982,2025-03-04,free,DE,paid_social,447c5eccc4bd3410f3e6cf200d6a010b96fb86a45a951454dde88b65c2c63baa
u_04983,2025-05-05,print,AT,referral,246bc5c238abef752f211e82622d2bbbed4de79309e13c7fb33c3b4fd9182073
u_04984,2025-01-25,digital,CH,paid_social,74a4abcc653f31f4f37adea27757ae53ab4acbae561d0f9dbe92f8398feb96dc
u_04985,2025-05-03,digital,AT,paid_social,c9e85b18c1353b6c44cbdcf41536ae15d5b4ad6a432aefec2c1c4924764867c2
u_04986,2025-05-21,print,DE,paid_search,8cf852b2910e6cb3a714f9ea443189225143f20ef8aa8cc145462034e7af124d
u_04987,2025-11-16,digital,AT,referral,9e48109475f91d207bfdff4a3adcfbb35ac4c20c1e24c4b9a74d5787a90a23f3
u_04988,2025-02-07,digital,CH,paid_social,bb90d31f674402c2754c52ca69e56aee63076516504c684ed26f60e03e349f85
u_04989,2026-05-04,free,CH,paid_social,aa44d698c0eb0ec317ba39f92b826e87db28174918692d5cba640230b242ea33
u_04990,2025-01-06,free,DE,paid_search,ff3d6192cf7477e118acdb96fd03935c1d753d3ae9129164e95ee16f75726dd1
u_04991,2024-11-05,free,AT,paid_social,2f97a16ebbb12a02d8c26429d8605deb5a12a30361d830980fcbe09add6ee956
u_04992,2026-03-18,free,CH,organic,ca97d521bb4a1692fcb697d95f28fd898e5fde7060faac87db35e5d8f7971e2c
u_04993,2026-01-03,free,CH,paid_social,36444a85024ec989464f0f423e4c9843f0556ecdb9940bc50ac9a24caf1383b0
u_04994,2025-06-06,free,CH,organic,cdb801d04abfc99616e80e5da68f4dd1f5c3d0f8a32d6e489c2a84124b9b6a56
u_04995,2025-10-21,free,DE,newsletter,11f9610fa3c9d8bd25d01f40dd329095a05da6ba4e238b5465e304aa58e931ad
u_04996,2025-03-04,free,AT,newsletter,90b6cc9599a28f089513b9f7c3f41cb621a0218c3e6c7337198fbf860f304c24
u_04997,2025-01-28,free,CH,paid_social,67dc058201ceaee78102eb9d328937408749fe1d98d6e9a4e7079f6e9f3c89ea
u_04998,2025-08-28,free,CH,newsletter,da1b0e809b06127db73cec9aa78296accec15397fb27e157db5bd02e0dd2027d
u_04999,2025-06-05,free,CH,paid_social,ea8a586b0b4f7443fbf09b5bd6d5f5c1103da84a0ec78b3ef9f5839c58e19315
u_05000,2025-11-04,free,AT,organic,93697df20cafbb692bc930da9c6ce5fcceb705ae33cfa2624a241d1a254f7992
